segment_id,emotion,valence,arousal,sentence_index,sentence_korean,endings_found,split,anger,disgust,fear,happiness,neutral,sadness,surprise
Sess19_script01_F012,anger,2.5,3.1,1,회사 다닐 때 했습니다.,습니다,val,0.5,0.1,0.0,0.0,0.4,0.0,0.0
Sess19_script01_F015,anger,2.3,3.9,1,u/ 지금 여기서 춤추고 노래 하라구요?,라구요,val,0.6,0.3,0.0,0.0,0.0,0.0,0.1
Sess19_script01_M017,happiness,3.7,3.7,1,l/ 아이 잘하시네요 아이 근데 목소리가 너무 작네 좀 더 크게.,네요 | 네,val,0.0,0.1,0.0,0.5,0.4,0.0,0.0
Sess19_script01_F017,anger,1.7,4.3,1,원래 면접을 이딴 식으로 봐요?,어요,val,1.0,0.0,0.0,0.0,0.0,0.0,0.0
Sess19_script01_M018,anger,2.1,3.3,1,아니 b/ 무슨 말을 그렇게 합니까 신성한 면접실에서.,ᆸ니까,val,0.8,0.0,0.0,0.0,0.0,0.0,0.2
Sess19_script01_F018,anger,1.5,4.5,1,b/ 신성 좋아하고 있네.,네,val,1.0,0.0,0.0,0.0,0.0,0.0,0.0
Sess19_script01_F018,anger,1.5,4.5,2,이력서 한 줄 채우려고 내가 특기를 좀 과장되게 썼지만 그렇다고 이걸 이런 식으로 엮는 게 오히려 신성모독 아닌가?,ᆫ가,val,1.0,0.0,0.0,0.0,0.0,0.0,0.0
Sess19_script01_F018,anger,1.5,4.5,3,당신들 습관인 거 같은데 가뜩이나 취직 안 돼서 괴로워 죽겠는데 사람을 갖고 놀아?,어,val,1.0,0.0,0.0,0.0,0.0,0.0,0.0
Sess19_script01_F019,anger,1.5,4.9,1,아무리 약자라도 기본적이고 인간적인 대우를 해줘야 될 거 아니야.,야,val,1.0,0.0,0.0,0.0,0.0,0.0,0.0
Sess19_script01_F019,anger,1.5,4.9,2,시간 때우려고 니들 심심풀이 땅콩으로 채우려고 지원자 갖고 놀지 말라구.,라구,val,1.0,0.0,0.0,0.0,0.0,0.0,0.0
Sess19_script01_M019,anger,1.5,4.5,1,아니 나원 참 어이가 없어서.,어서,val,0.8,0.2,0.0,0.0,0.0,0.0,0.0
Sess19_script01_M019,anger,1.5,4.5,2,그럼 나가세요 당신 말고도 지원자 많아.,어,val,0.8,0.2,0.0,0.0,0.0,0.0,0.0
Sess19_script02_F007,sadness,2.2,1.9,1,당신 나 없이도 꿋꿋하게 애들 키우면서 살아야 돼.,어,val,0.0,0.0,0.0,0.0,0.4,0.6,0.0
Sess19_script02_F008,sadness,2.3,1.7,1,(거지+악성이래) b/ 이미 왼쪽에 70프로 정도 퍼져있구 정확한 것은 가슴을 열어봐야 알겠지만 림프절과 늑 늑막에까지 전이가 됐대.,래 | 대,val,0.0,0.0,0.1,0.0,0.4,0.5,0.0
Sess19_script02_M010,sadness,2.6,3.5,1,장난이지?,지,val,0.0,0.0,0.3,0.0,0.1,0.2,0.4
Sess19_script02_M010,sadness,2.6,3.5,2,농담하는 거지?,지,val,0.0,0.0,0.3,0.0,0.1,0.2,0.4
Sess19_script02_M010,sadness,2.6,3.5,3,지금이라도 빨리 병원에 가자.,자,val,0.0,0.0,0.3,0.0,0.1,0.2,0.4
Sess19_script02_F009,sadness,2.0,1.9,1,이미 늦었어.,어,val,0.0,0.0,0.0,0.0,0.3,0.7,0.0
Sess19_script02_M011,sadness,2.8,3.4,1,수술하면 되는 거 아니야?,야,val,0.0,0.0,0.1,0.0,0.1,0.6,0.2
Sess19_script02_F013,sadness,1.9,2.1,1,아냐 난 아냐 (틀렸어),어,val,0.0,0.1,0.0,0.0,0.4,0.5,0.0
Sess19_script02_M015,anger,2.0,4.7,1,(틀렸어+틀리긴) 뭘 틀려.,어 | 어,val,0.8,0.0,0.0,0.0,0.0,0.2,0.0
Sess19_script02_M015,anger,2.0,4.7,2,빨리 병원에 가자니까.,자니까,val,0.8,0.0,0.0,0.0,0.0,0.2,0.0
Sess19_script02_F015,sadness,2.1,1.7,1,사실 우리 아빠도 나랑 같은 병이었어.,어,val,0.0,0.0,0.0,0.0,0.1,0.9,0.0
Sess19_script02_F016,sadness,2.0,2.0,1,미안해 아빠는 3년 동안 폐암으로 병원에 계시다가 돌아가셨어.,어 | 어,val,0.0,0.0,0.0,0.0,0.0,1.0,0.0
Sess19_script02_M018,sadness,2.7,3.8,1,미숙아 그게 중요한 게 아냐.,냐,val,0.0,0.0,0.0,0.0,0.1,0.9,0.0
Sess19_script02_M018,sadness,2.7,3.8,2,그런 거 중요한 게 아니잖아 일단 입원 치료하고 수술받자.,잖아 | 자,val,0.0,0.0,0.0,0.0,0.1,0.9,0.0
Sess19_script02_M018,sadness,2.7,3.8,3,그럼 살 수 있어.,어,val,0.0,0.0,0.0,0.0,0.1,0.9,0.0
Sess19_script02_M019,sadness,2.2,3.7,1,여보 그런 생각 하지 마 자 지금도 안 늦었어.,어 | 어,val,0.0,0.0,0.0,0.0,0.1,0.9,0.0
Sess19_script02_M019,sadness,2.2,3.7,2,일단 정리하고 병원 가자?,자,val,0.0,0.0,0.0,0.0,0.1,0.9,0.0
Sess19_script02_F018,sadness,1.6,3.2,1,무슨 의미가 있었겠어?,어,val,0.1,0.0,0.0,0.0,0.2,0.7,0.0
Sess19_script02_F018,sadness,1.6,3.2,2,3년을 더 사 더 사셨다구 아빠는 (행복했을까),을까,val,0.1,0.0,0.0,0.0,0.2,0.7,0.0
Sess19_script02_M020,anger,1.4,4.8,1,(행복했을까+여보) 왜 이래.,을까 | 어,val,0.8,0.0,0.0,0.0,0.0,0.2,0.0
Sess19_script02_M020,anger,1.4,4.8,2,왜 이리 약한 생각을 (해),어,val,0.8,0.0,0.0,0.0,0.0,0.2,0.0
Sess19_script02_F019,sadness,1.6,3.7,1,(해+나도) 살고 싶어.,어,val,0.2,0.0,0.0,0.0,0.0,0.8,0.0
Sess19_script02_F019,sadness,1.6,3.7,2,나도 사람인데.,ᆫ데,val,0.2,0.0,0.0,0.0,0.0,0.8,0.0
Sess19_script02_F019,sadness,1.6,3.7,3,근데 싸우기엔 너무 늦었고 지쳤어.,어,val,0.2,0.0,0.0,0.0,0.0,0.8,0.0
Sess19_script02_F020,sadness,1.8,2.1,1,당신 우리 애들 잘 부탁해.,어,val,0.0,0.0,0.0,0.0,0.0,1.0,0.0
Sess19_script02_F020,sadness,1.8,2.1,2,그리고 남은 시간 우리 행복하게 지내면 되잖아 나 행복하고 싶어.,잖아 | 어,val,0.0,0.0,0.0,0.0,0.0,1.0,0.0
Sess19_script02_F020,sadness,1.8,2.1,3,그리고 행복하게 죽고 싶어.,어,val,0.0,0.0,0.0,0.0,0.0,1.0,0.0
Sess19_script02_F020,sadness,1.8,2.1,4,예쁜 모습 좋은 모습만 남기고 싶어.,어,val,0.0,0.0,0.0,0.0,0.0,1.0,0.0
Sess19_script02_F021,sadness,2.3,2.7,1,마지막 부탁이 있어.,어,val,0.0,0.0,0.0,0.0,0.1,0.9,0.0
Sess19_script02_F021,sadness,2.3,2.7,2,둘째 결혼 시키고 당신도 재혼해.,어,val,0.0,0.0,0.0,0.0,0.1,0.9,0.0
Sess19_script02_F021,sadness,2.3,2.7,3,혹시나 애들 결혼 전에 재혼하면 애들도 상처받을 수 있으니까 애들 결혼만 시켜줘 그리고 좋은 여자 만나 알겠지?,어 | 지,val,0.0,0.0,0.0,0.0,0.1,0.9,0.0
Sess19_script02_M024,sadness,1.7,2.6,1,미숙아 내가 잘못했어 내가 잘못했어.,어 | 어,val,0.0,0.0,0.0,0.0,0.0,1.0,0.0
Sess19_script02_M024,sadness,1.7,2.6,2,제발 살아줘 응?,어,val,0.0,0.0,0.0,0.0,0.0,1.0,0.0
Sess19_script02_M024,sadness,1.7,2.6,3,제발 살아줘.,어,val,0.0,0.0,0.0,0.0,0.0,1.0,0.0
Sess19_script03_F007,anger,2.2,3.5,1,헐 아 그냥 인터넷으로 나중에 (검색하라구),라구,val,0.5,0.4,0.0,0.0,0.1,0.0,0.0
Sess19_script03_F014,happiness,5.0,5.0,1,o/ s/ 오빠 어떡해 l/ (어떡해),어,val,0.0,0.0,0.0,0.7,0.0,0.0,0.3
Sess19_script03_M017,happiness,5.0,5.0,1,o/ (어떡해+나 좀 꼬집어봐) 야 이게 진짜냐?,어 | 냐,val,0.0,0.0,0.0,0.9,0.0,0.0,0.1
Sess19_script03_F015,happiness,5.0,4.9,1,얼마든지 꼬집어 줄게.,ᆯ게,val,0.0,0.0,0.0,0.9,0.0,0.0,0.1
Sess19_script03_M018,happiness,4.5,4.9,1,아 야 o/ 아프게 꼬집으면 (어떡해),어,val,0.4,0.1,0.0,0.4,0.0,0.0,0.1
Sess19_script03_F016,happiness,5.0,4.8,1,(어떡해+아 제대로) 꼬집어야 꿈인지 아닌지 알 수 있지?,어 | 지,val,0.0,0.0,0.0,1.0,0.0,0.0,0.0
Sess19_script03_M019,happiness,4.9,4.7,1,나 심장 뛰는거봐 야 미칠거 같애.,어 | 애,val,0.0,0.0,0.0,0.9,0.0,0.0,0.1
Sess19_script03_F017,happiness,4.6,4.1,1,나 잊지마 나 잊으면 안돼.,어 | 어,val,0.0,0.0,0.0,0.8,0.2,0.0,0.0
Sess19_script03_M020,happiness,3.7,3.1,1,이 사실 누구한테도 이야기 하면 (안돼),어,val,0.0,0.0,0.1,0.1,0.6,0.0,0.2
Sess19_script03_F018,happiness,4.4,3.8,1,(안돼+알았어) 걱정하지마.,어 | 어 | 어,val,0.0,0.0,0.0,0.7,0.3,0.0,0.0
Sess19_script03_F018,happiness,4.4,3.8,2,내가 입이 좀 무겁잖아 그니까 신상 (구두 좀),잖아,val,0.0,0.0,0.0,0.7,0.3,0.0,0.0
Sess19_script03_F019,happiness,4.4,4.1,1,걱정마.,어,val,0.0,0.0,0.0,0.6,0.4,0.0,0.0
Sess19_script03_F019,happiness,4.4,4.1,2,나 오빠 동생이야.,야,val,0.0,0.0,0.0,0.6,0.4,0.0,0.0
Sess19_script03_F019,happiness,4.4,4.1,3,나 몰라?,어,val,0.0,0.0,0.0,0.6,0.4,0.0,0.0
Sess19_script03_F019,happiness,4.4,4.1,4,나 못 믿어?,어,val,0.0,0.0,0.0,0.6,0.4,0.0,0.0
Sess19_script03_M022,happiness,4.0,3.7,1,그럼 그럼 못 믿지.,지,val,0.2,0.2,0.0,0.5,0.1,0.0,0.0
Sess19_script03_F021,happiness,4.3,4.0,1,어 오빠 내 친구 은지랑 소개팅 하고 싶다고 했지?,지,val,0.0,0.0,0.0,0.8,0.2,0.0,0.0
Sess19_script03_M023,happiness,4.4,3.8,1,이야 돈이 좋긴 좋네 언제?,네,val,0.0,0.0,0.0,0.7,0.2,0.0,0.1
Sess19_script03_F022,happiness,4.7,4.6,1,지금 지금 당장 전화 걸게 내 친구 엄청 많아.,ᆯ게 | 어,val,0.0,0.0,0.0,0.7,0.3,0.0,0.0
Sess19_script03_M024,happiness,4.5,4.0,1,진작에 그럴 것이지 야 얼마 필요하냐?,지 | 냐,val,0.0,0.0,0.0,1.0,0.0,0.0,0.0
Sess19_script03_F023,happiness,4.9,4.8,1,진짜지?,지,val,0.0,0.0,0.0,0.9,0.0,0.0,0.1
Sess19_script03_F023,happiness,4.9,4.8,2,진짜지?,지,val,0.0,0.0,0.0,0.9,0.0,0.0,0.1
Sess19_script03_F023,happiness,4.9,4.8,3,아 오빠 정말 오빠가 짱이야 최고야 난 나한텐 역시 우리 오빠밖에 없다니까.,야 | 야 | 다니까,val,0.0,0.0,0.0,0.9,0.0,0.0,0.1
Sess19_script03_F023,happiness,4.9,4.8,4,나 천만 원 아니 아니지 1억 o/ 나 1억만 아 딱 1억만 주라 응?,지,val,0.0,0.0,0.0,0.9,0.0,0.0,0.1
Sess19_script03_M025,happiness,4.5,4.0,1,1억이라 음 그래 좋아.,어,val,0.0,0.0,0.0,0.8,0.2,0.0,0.0
Sess19_script03_M025,happiness,4.5,4.0,2,그면 돈 찾으면 바로 현금으로 줄게.,ᆯ게,val,0.0,0.0,0.0,0.8,0.2,0.0,0.0
Sess19_script03_F024,happiness,5.0,5.0,1,아 나 생각만 해도 n/ 너무 좋아.,어,val,0.0,0.0,0.0,1.0,0.0,0.0,0.0
Sess19_script03_M026,happiness,4.9,4.7,1,l/ 나도 너무 놀라서 이게 꿈인가?,ᆫ가,val,0.0,0.0,0.0,0.8,0.0,0.0,0.2
Sess19_script03_M026,happiness,4.9,4.7,2,생시인가?,ᆫ가,val,0.0,0.0,0.0,0.8,0.0,0.0,0.2
Sess19_script03_M026,happiness,4.9,4.7,3,싶다.,다,val,0.0,0.0,0.0,0.8,0.0,0.0,0.2
Sess19_script03_M027,happiness,4.9,4.7,1,내일 날 밝으면 이제 고주홍의 시대가 열린다 이거야.,ᆫ다 | 야,val,0.0,0.0,0.0,1.0,0.0,0.0,0.0
Sess19_script03_M027,happiness,4.9,4.7,2,두고 봐 내가 이 돈으로 세상을 깜짝 놀라게 할거니까.,니까,val,0.0,0.0,0.0,1.0,0.0,0.0,0.0
Sess19_script04_F001,happiness,4.0,3.2,1,b/ 우아 맛있다.,다,val,0.0,0.0,0.0,0.8,0.2,0.0,0.0
Sess19_script04_F001,happiness,4.0,3.2,2,근데 자긴 안 먹어?,어,val,0.0,0.0,0.0,0.8,0.2,0.0,0.0
Sess19_script04_M001,happiness,3.7,2.8,1,천천히 먹어 햄버거 어디 도망 안 가.,어,val,0.0,0.0,0.0,0.3,0.7,0.0,0.0
Sess19_script04_M001,happiness,3.7,2.8,2,아이 콜라도 좀 먹구.,구,val,0.0,0.0,0.0,0.3,0.7,0.0,0.0
Sess19_script04_F006,anger,2.1,3.2,1,아 뭐야 나 말 안할래.,야 | ᆯ래,val,0.7,0.0,0.0,0.0,0.3,0.0,0.0
Sess19_script04_F012,happiness,4.3,3.7,1,(바비큐를 하고+우아) 맛있겠다.,다,val,0.0,0.0,0.0,0.9,0.1,0.0,0.0
Sess19_script04_F016,anger,2.3,3.6,1,하 하도 불쌍하고 보잘것 없어 보여서 해준다고 한거지.,지,val,0.6,0.3,0.0,0.0,0.1,0.0,0.0
Sess19_script04_F016,anger,2.3,3.6,2,내가 당신 처럼 어리버리한 남자를 뭐가 좋다고 결혼하니?,니,val,0.6,0.3,0.0,0.0,0.1,0.0,0.0
Sess19_script04_F017,anger,2.4,2.8,1,아 됐어.,어,val,0.6,0.1,0.0,0.0,0.3,0.0,0.0
Sess19_script04_F022,happiness,4.8,4.0,1,l/ 아 오빠 너무 웃겨.,어,val,0.0,0.0,0.0,0.9,0.1,0.0,0.0
Sess19_script04_M022,happiness,3.6,2.9,1,아 이런 선물 받으니 어이가 없지?,지,val,0.0,0.1,0.0,0.1,0.5,0.1,0.2
Sess19_script04_F023,happiness,4.9,4.3,1,아이 그니까 젓가락 100개란게 우리들 만난지 100일 되는 날이라서 준비했다는거야?,야,val,0.0,0.0,0.0,1.0,0.0,0.0,0.0
Sess19_script04_M023,happiness,3.9,3.2,1,n/ o/ 미안해.,어,val,0.0,0.0,0.0,0.2,0.5,0.3,0.0
Sess19_script04_M023,happiness,3.9,3.2,2,하지만 다음에 만날땐 내가 꼭 멋진 선물 사줄게.,ᆯ게,val,0.0,0.0,0.0,0.2,0.5,0.3,0.0
Sess19_script04_M023,happiness,3.9,3.2,3,내가 지금은 비록 중국집 배달부 밖에 안되지만 열심히 일하면 제주도 앞바다에 있는 그 멋지고 그 좋은 펜션을 짓고 우리도 멋있게 행복하게 살 수 있어.,어,val,0.0,0.0,0.0,0.2,0.5,0.3,0.0
Sess19_script04_F028,happiness,4.7,4.3,1,대신 같이 살아야겠어.,어,val,0.0,0.0,0.0,1.0,0.0,0.0,0.0
Sess19_script04_F029,happiness,4.6,3.9,1,b/ 자 오빠는 젓가락 줬지만 난 좋은 거 줄게.,ᆯ게,val,0.0,0.0,0.0,0.8,0.2,0.0,0.0
Sess19_script04_M028,happiness,4.0,3.7,1,이게 뭔데?,ᆫ데,val,0.0,0.0,0.0,0.4,0.2,0.0,0.4
Sess19_script04_F030,happiness,4.3,3.8,1,l/ 으이그 이 무능력한 남자야.,야,val,0.0,0.1,0.0,0.5,0.4,0.0,0.0
Sess19_script04_F030,happiness,4.3,3.8,2,여자인 내가 반지를 준비해야겠어?,어,val,0.0,0.1,0.0,0.5,0.4,0.0,0.0
Sess19_script04_F030,happiness,4.3,3.8,3,오빠가 당연히 준비해야지.,어야지,val,0.0,0.1,0.0,0.5,0.4,0.0,0.0
Sess19_script04_F032,happiness,4.0,3.6,1,오빠 누가 선물하고 누가 프로포즈 하면 어때?,어,val,0.0,0.0,0.0,0.8,0.2,0.0,0.0
Sess19_script04_F032,happiness,4.0,3.6,2,난 오빠를 사랑하고 지금이 행복해 우리 둘이 함께 한다는 게 중요한 거잖아.,어 | 잖아,val,0.0,0.0,0.0,0.8,0.2,0.0,0.0
Sess19_script04_M032,happiness,4.3,4.0,1,여진아 사랑한다.,ᆫ다,val,0.0,0.0,0.0,0.9,0.1,0.0,0.0
Sess19_script04_M032,happiness,4.3,4.0,2,정말 사랑해.,어,val,0.0,0.0,0.0,0.9,0.1,0.0,0.0
Sess19_script05_F003,anger,2.2,3.9,1,(해보자고+아) 지금 생각할게 뭐 있어 지섭씨는 여기있어.,어 | 어,val,0.3,0.0,0.2,0.0,0.2,0.0,0.3
Sess19_script05_F003,anger,2.2,3.9,2,일단 내가 가서 보고올테니까.,니까,val,0.3,0.0,0.2,0.0,0.2,0.0,0.3
Sess19_script05_F021,anger,1.6,4.7,1,(해야지+아) 지금 뭐 (할려고),어야지 | ᆯ려고,val,0.5,0.0,0.3,0.0,0.0,0.0,0.2
Sess19_script06_F009,anger,2.3,3.3,1,(해석되는군요+팀장님) 말씀이 좀 지나치신 거 (같은데),는군요,val,0.6,0.1,0.0,0.0,0.3,0.0,0.0
Sess19_script06_F012,anger,2.2,3.1,1,너무 공격적으로 생각하시는 거 아니에요?,에요,val,0.6,0.1,0.0,0.0,0.3,0.0,0.0
Sess19_script06_F012,anger,2.2,3.1,2,저도 고민하고 심사숙고해서 낸 아이디어인데 뭐가 문제였는지 뭐가 부족했는지 n/ 물어볼 수 있는건 아닌가요?,ᆫ가요,val,0.6,0.1,0.0,0.0,0.3,0.0,0.0
Sess19_script06_F014,anger,2.1,4.0,1,(그리고+아니) b/ 오타 때문에 아이디어를 탈락 시키셨다구요?,다구요,val,0.7,0.2,0.0,0.0,0.1,0.0,0.0
Sess19_impro01_F006,sadness,2.8,3.5,1,(생각했었는데+아) 당연하지.,지,val,0.5,0.1,0.0,0.0,0.4,0.0,0.0
Sess19_impro01_F006,sadness,2.8,3.5,2,누구야?,야,val,0.5,0.1,0.0,0.0,0.4,0.0,0.0
Sess19_impro01_F006,sadness,2.8,3.5,3,또 김 부장이야?,야,val,0.5,0.1,0.0,0.0,0.4,0.0,0.0
Sess19_impro01_F007,anger,2.5,4.0,1,(되는지 모르겠고+내가 이놈의) 김 부장 내가 당장 회사 찾아가?,어,val,1.0,0.0,0.0,0.0,0.0,0.0,0.0
Sess19_impro01_F007,anger,2.5,4.0,2,엄마가 한 소리 해줄까?,ᆯ까,val,1.0,0.0,0.0,0.0,0.0,0.0,0.0
Sess19_impro01_M007,anger,2.2,2.5,1,아 됐어.,어,val,0.4,0.2,0.0,0.0,0.2,0.2,0.0
Sess19_impro01_M007,anger,2.2,2.5,2,엄마가 찾아서 뭘 어떻게 해.,어,val,0.4,0.2,0.0,0.0,0.2,0.2,0.0
Sess19_impro01_F015,sadness,2.7,3.5,1,아 난 또 김 부장 얘긴 줄 알고 맨날 너가 그러니까 그냥 그러려니 했지.,지,val,0.0,0.1,0.0,0.0,0.2,0.4,0.3
Sess19_impro01_F015,sadness,2.7,3.5,2,얘기해 봐.,어,val,0.0,0.1,0.0,0.0,0.2,0.4,0.3
Sess19_impro01_F017,sadness,3.1,2.5,1,엄마는 요즘 사랑이 뭔지 뭐 이제 사랑이 뭔지도 잘 몰라.,어,val,0.0,0.0,0.0,0.0,0.3,0.7,0.0
Sess19_impro01_F018,sadness,3.0,2.4,1,근데 어떻게 사랑이 그렇게 행복할 수만 있어.,어,val,0.0,0.0,0.0,0.0,0.4,0.6,0.0
Sess19_impro01_F018,sadness,3.0,2.4,2,아픈 것도 사랑이고 힘든 것도 사랑이고 다 그러면서 배우는 거고 성숙해져 가는 거야.,야,val,0.0,0.0,0.0,0.0,0.4,0.6,0.0
Sess19_impro01_F020,sadness,3.0,2.1,1,근데 엄마도 돌아가신 아빠생각하고 나니까 그때 고맙다고 한 마디 못 해본 거 미안하다고 먼저 손 못 내밀어 본 거 그게 지금 가장 후회가 돼.,어,val,0.0,0.0,0.0,0.0,0.0,1.0,0.0
Sess19_impro01_F020,sadness,3.0,2.1,2,너는 지금 그럴 수 있잖아.,잖아,val,0.0,0.0,0.0,0.0,0.0,1.0,0.0
Sess19_impro01_F020,sadness,3.0,2.1,3,먼저 다가가서 미안하다 하고 고맙다고 얘기해.,어,val,0.0,0.0,0.0,0.0,0.0,1.0,0.0
Sess19_impro01_F024,happiness,4.0,2.8,1,이제 그만 울고 엄마가 맛있는 거 해줄 테니까 뭐 해줄까?,ᆯ까,val,0.0,0.0,0.0,0.7,0.3,0.0,0.0
Sess19_impro01_F025,happiness,4.1,3.4,1,하 알았어.,어,val,0.0,0.0,0.0,0.8,0.2,0.0,0.0
Sess19_impro01_F025,happiness,4.1,3.4,2,오랜만에 엄마가 솜씨발휘 좀 해볼게.,ᆯ게,val,0.0,0.0,0.0,0.8,0.2,0.0,0.0
Sess19_impro01_M023,happiness,4.0,3.0,1,알았어.,어,val,0.0,0.0,0.0,0.7,0.3,0.0,0.0
Sess19_impro02_F009,anger,2.0,3.6,1,지금 나한테 대드는 겁니까?,ᆸ니까,val,0.9,0.0,0.0,0.0,0.1,0.0,0.0
Sess19_impro02_F011,anger,2.2,3.6,1,(거죠+그럼) 이걸 누가 책임지죠?,죠 | 죠,val,0.6,0.1,0.0,0.0,0.3,0.0,0.0
Sess19_impro02_F011,anger,2.2,3.6,2,대리님이 책임자 아닌가요?,ᆫ가요,val,0.6,0.1,0.0,0.0,0.3,0.0,0.0
Sess19_impro02_F012,anger,2.1,3.7,1,저는 그 프로젝트에 전혀 관련이 없어요.,어요,val,0.6,0.2,0.0,0.0,0.2,0.0,0.0
Sess19_impro02_F012,anger,2.1,3.7,2,저가 왜 책임을 져야 하죠?,죠,val,0.6,0.2,0.0,0.0,0.2,0.0,0.0
Sess19_impro02_F012,anger,2.1,3.7,3,총 책임자는 대리에요.,에요,val,0.6,0.2,0.0,0.0,0.2,0.0,0.0
Sess19_impro02_F012,anger,2.1,3.7,4,얼른 책임지고 사표 쓰고 나가세요.,세요,val,0.6,0.2,0.0,0.0,0.2,0.0,0.0
Sess19_impro02_F013,anger,2.2,3.2,1,떠넘기다뇨?,다뇨,val,0.8,0.2,0.0,0.0,0.0,0.0,0.0
Sess19_impro02_F013,anger,2.2,3.2,2,말이 좀 심하네.,네,val,0.8,0.2,0.0,0.0,0.0,0.0,0.0
Sess19_impro02_M013,anger,2.2,4.4,1,이거 누구 머리에서 나온 거예요?,예요,val,1.0,0.0,0.0,0.0,0.0,0.0,0.0
Sess19_impro02_F014,anger,2.3,3.8,1,누구 머리라뇨?,라뇨,val,0.9,0.1,0.0,0.0,0.0,0.0,0.0
Sess19_impro02_F015,anger,2.3,3.9,1,허 거기서 전무님 얘기가 왜 나와요?,어요,val,0.6,0.0,0.0,0.0,0.1,0.0,0.3
Sess19_impro02_F027,anger,1.6,4.6,1,제가 다 책임지라니.,라니,val,0.7,0.0,0.0,0.0,0.0,0.0,0.3
Sess19_impro02_F027,anger,1.6,4.6,2,아 어떡해.,어,val,0.7,0.0,0.0,0.0,0.0,0.0,0.3
Sess19_impro02_F027,anger,1.6,4.6,3,내가 독박 다 쓰게 생겼어.,어,val,0.7,0.0,0.0,0.0,0.0,0.0,0.3
Sess19_impro02_F027,anger,1.6,4.6,4,아 미치겠네 진짜.,네,val,0.7,0.0,0.0,0.0,0.0,0.0,0.3
Sess19_impro03_F004,anger,2.4,3.7,1,아니 당연히 올리브오일이죠.,죠,val,0.4,0.3,0.0,0.0,0.2,0.0,0.1
Sess19_impro03_F006,anger,2.2,3.4,1,뭐가 문제죠?,죠,val,0.7,0.0,0.0,0.0,0.3,0.0,0.0
Sess19_impro03_M008,anger,2.0,3.2,1,혀에 문제 있다니까요.,다니까요,val,0.0,0.7,0.0,0.0,0.3,0.0,0.0
Sess19_impro03_F007,anger,2.2,2.9,1,맛있기만 하구만.,구만,val,0.5,0.2,0.0,0.0,0.3,0.0,0.0
Sess19_impro03_F008,anger,2.2,3.7,1,뭐가 문젠지 확실하게 설명을 해주셔야죠.,어야죠,val,0.9,0.1,0.0,0.0,0.0,0.0,0.0
Sess19_impro03_M010,anger,2.1,3.8,1,여기 보이는 거 이거 안 보여요?,어요,val,0.5,0.4,0.0,0.0,0.1,0.0,0.0
Sess19_impro03_F009,anger,2.6,3.7,1,하 오일 양이 많다고 말씀하시는데 오일양으로 훨씬 더 풍미를 강조했고 또 느끼함을 잡아주기 위해서 청양고추로 더욱 매운맛도 강조했다니까요.,다니까요,val,0.8,0.0,0.0,0.0,0.2,0.0,0.0
Sess19_impro03_F010,anger,2.6,3.7,1,그리고 이 음식 언론에도 주목받은 대단한 음식이에요.,에요,val,0.7,0.1,0.0,0.0,0.2,0.0,0.0
Sess19_impro03_M011,anger,2.5,3.5,1,언론이 요리를 만들어줬으니까 이런 맛이 나지.,지,val,0.1,0.9,0.0,0.0,0.0,0.0,0.0
Sess19_impro03_F011,anger,2.0,3.8,1,지금 말씀이 좀 지나치신 거 같은데.,은데,val,0.9,0.0,0.0,0.0,0.0,0.0,0.1
Sess19_impro03_M012,anger,1.7,3.4,1,지나친 건 미윤 씨 아니에요?,에요,val,0.5,0.5,0.0,0.0,0.0,0.0,0.0
Sess19_impro03_M013,anger,2.0,3.7,1,아니 요리를 요리를 이렇게 만들면 안 되지.,지,val,0.4,0.6,0.0,0.0,0.0,0.0,0.0
Sess19_impro03_F013,anger,2.2,3.9,1,허 지금 싸우자는 거죠?,죠,val,1.0,0.0,0.0,0.0,0.0,0.0,0.0
Sess19_impro03_F014,anger,1.8,4.2,1,지금 내 요리 무시하는 거에요?,에요,val,1.0,0.0,0.0,0.0,0.0,0.0,0.0
Sess19_impro03_F014,anger,1.8,4.2,2,당신이 뭔데 내 요리 내 요리를 무시해요?,어요,val,1.0,0.0,0.0,0.0,0.0,0.0,0.0
Sess19_impro03_M014,anger,2.2,3.3,1,이런 김에 한 마디만 더 합시다.,ᆸ시다,val,0.3,0.5,0.0,0.0,0.2,0.0,0.0
Sess19_impro03_M015,anger,2.4,3.3,1,이게 탕수육이야 튀김고기야.,야,val,0.0,0.9,0.0,0.0,0.1,0.0,0.0
Sess19_impro03_M015,anger,2.4,3.3,2,아니 이렇게 좋은 재료를 가지고 이렇게 밖에 못 만들어요?,어요,val,0.0,0.9,0.0,0.0,0.1,0.0,0.0
Sess19_impro03_F015,anger,1.9,4.1,1,하 진짜 보자보자하니까 말씀이 굉장히 지나치시네.,네,val,1.0,0.0,0.0,0.0,0.0,0.0,0.0
Sess19_impro03_F016,anger,1.8,4.2,1,그래요 뭐 대단 당신 뭐 대단한 뭐 그런 사람인 거 알겠어요.,어요 | 어요,val,1.0,0.0,0.0,0.0,0.0,0.0,0.0
Sess19_impro03_F016,anger,1.8,4.2,2,뭐 백종원 이런 사람들이랑 견줄만 한 그런 사람인 거 알겠는데요.,는데요,val,1.0,0.0,0.0,0.0,0.0,0.0,0.0
Sess19_impro03_F017,anger,1.7,4.3,1,당신이 뭔데 내 요리에 이래라저래라 참견이죠?,죠,val,1.0,0.0,0.0,0.0,0.0,0.0,0.0
Sess19_impro03_M016,anger,2.2,3.8,1,성질납니까?,ᆸ니까,val,0.3,0.4,0.0,0.2,0.1,0.0,0.0
Sess19_impro03_M016,anger,2.2,3.8,2,분해요?,어요,val,0.3,0.4,0.0,0.2,0.1,0.0,0.0
Sess19_impro03_M016,anger,2.2,3.8,3,뭐 짜증나나요?,나요,val,0.3,0.4,0.0,0.2,0.1,0.0,0.0
Sess19_impro03_M016,anger,2.2,3.8,4,자 자존심 상해요?,어요,val,0.3,0.4,0.0,0.2,0.1,0.0,0.0
Sess19_impro03_F018,anger,1.7,4.8,1,성질나고 짜증나요.,어요,val,1.0,0.0,0.0,0.0,0.0,0.0,0.0
Sess19_impro03_M017,anger,2.4,3.5,1,b/ 말은 진짜 잘하네요.,네요,val,0.0,0.5,0.0,0.2,0.3,0.0,0.0
Sess19_impro03_M018,anger,2.6,3.4,1,그럼 다 해결된 건가요?,ᆫ가,val,0.0,0.3,0.0,0.0,0.7,0.0,0.0
Sess19_impro03_M019,anger,2.7,3.2,1,b/ n/ 뭐 그런 말실력만큼 요리실력을 좀 높여봐요.,어요,val,0.0,0.9,0.0,0.0,0.1,0.0,0.0
Sess19_impro03_F019,anger,2.2,3.9,1,당신 오기 전까지 저도 이 가게 주방장이었어요.,어요,val,0.9,0.0,0.0,0.0,0.1,0.0,0.0
Sess19_impro03_F020,anger,2.0,4.3,1,당신이 뭔데 지금 여기서 이러고 있는 거에요?,에요,val,1.0,0.0,0.0,0.0,0.0,0.0,0.0
Sess19_impro03_M020,anger,2.8,3.7,1,l/ 아 진짜 재미난 친구네요.,네요,val,0.2,0.5,0.0,0.1,0.1,0.0,0.1
Sess19_impro03_M021,anger,2.9,3.4,1,아니 그렇게 자부심이 강해서야.,야,val,0.1,0.6,0.0,0.1,0.1,0.0,0.1
Sess19_impro03_M022,anger,3.1,3.4,1,아니 제가 좀 도와줄려고 하는 거잖아요.,잖아요,val,0.1,0.5,0.0,0.2,0.1,0.0,0.1
Sess19_impro03_F021,anger,1.6,4.4,1,당신 지금 수석 뭐 어 주방장이라고 내 요리 무시하는 거에요?,에요,val,1.0,0.0,0.0,0.0,0.0,0.0,0.0
Sess19_impro03_F021,anger,1.6,4.4,2,이거 인격모독이에요.,에요,val,1.0,0.0,0.0,0.0,0.0,0.0,0.0
Sess19_impro03_F021,anger,1.6,4.4,3,내 평생 요리를 당신이 지금 짓밝고 있는 거라고요.,라고요,val,1.0,0.0,0.0,0.0,0.0,0.0,0.0
Sess19_impro03_F021,anger,1.6,4.4,4,알겠어요?,어요,val,1.0,0.0,0.0,0.0,0.0,0.0,0.0
Sess19_impro03_F022,anger,1.6,4.1,1,지금 말 다 했어요?,어요,val,1.0,0.0,0.0,0.0,0.0,0.0,0.0
Sess19_impro03_M024,anger,2.5,3.0,1,b/ 근데 이거 하나만 말하죠.,죠,val,0.0,0.7,0.0,0.0,0.3,0.0,0.0
Sess19_impro03_M025,anger,2.6,3.5,1,당신이 지금까지 어떻게 요리를 했는지 모르겠는데요.,는데요,val,0.1,0.9,0.0,0.0,0.0,0.0,0.0
Sess19_impro03_M025,anger,2.6,3.5,2,인기로 요리를 하니까 이 모양이죠.,죠,val,0.1,0.9,0.0,0.0,0.0,0.0,0.0
Sess19_impro03_F023,anger,1.4,4.9,1,당신 말 다했어요?,어요,val,1.0,0.0,0.0,0.0,0.0,0.0,0.0
Sess19_impro03_F023,anger,1.4,4.9,2,어떻게 한평생을 요리해 온 사람한테 인기로 요리를 하냐고요?,냐고,val,1.0,0.0,0.0,0.0,0.0,0.0,0.0
Sess19_impro03_M026,anger,2.8,3.4,1,당신이 지금까지 어떻게 요리를 했는지 궁금하지도 않아요.,어요,val,0.2,0.8,0.0,0.0,0.0,0.0,0.0
Sess19_impro03_M027,anger,2.5,3.0,1,근데 다만 인기로 요리를 하지 말라는 겁니다.,ᆸ니다,val,0.1,0.9,0.0,0.0,0.0,0.0,0.0
Sess19_impro03_F024,anger,1.6,4.8,1,당신이 뭔데 이런 소리를 해?,어,val,0.9,0.1,0.0,0.0,0.0,0.0,0.0
Sess19_impro03_F024,anger,1.6,4.8,2,나한테 이렇게 자존심까지 다 깔아뭉개도 괜찮은거야?,야,val,0.9,0.1,0.0,0.0,0.0,0.0,0.0
Sess19_impro03_F025,anger,1.5,4.7,1,당신 다시는 다른 데 가서 이런식으로 하지마.,어,val,0.9,0.1,0.0,0.0,0.0,0.0,0.0
Sess19_impro03_F026,anger,1.4,5.0,1,나 오늘부로 요리 그만둘 테니까 당신 알아서 잘해 봐.,어,val,1.0,0.0,0.0,0.0,0.0,0.0,0.0
Sess19_impro03_M028,anger,2.9,4.1,1,예 잘됐네요.,네요,val,0.3,0.5,0.0,0.2,0.0,0.0,0.0
Sess19_impro03_M028,anger,2.9,4.1,2,그만하세요.,세요,val,0.3,0.5,0.0,0.2,0.0,0.0,0.0
Sess19_impro03_M029,anger,2.8,3.4,1,저로서 참 난감하네요.,네요,val,0.3,0.7,0.0,0.0,0.0,0.0,0.0
Sess19_impro03_F027,anger,2.0,4.0,1,됐고 이렇게 하죠.,죠,val,0.7,0.1,0.0,0.0,0.2,0.0,0.0
Sess19_impro03_F028,anger,1.9,4.3,1,당신이 직접 그 맛있는 짬뽕 만들어보세요.,세요,val,0.9,0.1,0.0,0.0,0.0,0.0,0.0
Sess19_impro03_F028,anger,1.9,4.3,2,그 짬뽕이 진짜 맛있으면 내가 입 딱 다물고 당신 밑에서 개처럼 일할테니까.,니까,val,0.9,0.1,0.0,0.0,0.0,0.0,0.0
Sess19_impro03_F029,anger,1.7,4.6,1,근데 맛 없으면 당장 사과하고 이 주방에서 나가세요.,세요,val,0.7,0.3,0.0,0.0,0.0,0.0,0.0
Sess19_impro03_F029,anger,1.7,4.6,2,알겠어요?,어요,val,0.7,0.3,0.0,0.0,0.0,0.0,0.0
Sess19_impro04_M018,happiness,3.1,3.0,1,왜 웃어?,어,val,0.0,0.1,0.0,0.0,0.6,0.0,0.3
Sess19_impro04_M018,happiness,3.1,3.0,2,(뭐 어디 아파),어,val,0.0,0.1,0.0,0.0,0.6,0.0,0.3
Sess19_impro04_F013,happiness,4.5,3.7,1,l/ (뭐 어디 아파+아니) 아 여보.,어,val,0.0,0.0,0.0,1.0,0.0,0.0,0.0
Sess19_impro04_F014,happiness,4.2,3.7,1,당신 그때 생각 나?,어,val,0.0,0.0,0.0,1.0,0.0,0.0,0.0
Sess19_impro04_M021,happiness,4.0,3.3,1,아이 또 뭐 연애할 때 얘기하고 그래?,어,val,0.0,0.1,0.0,0.5,0.4,0.0,0.0
Sess19_impro04_F016,happiness,4.1,3.7,1,나 아파서 며칠 회사 못 나가고 그러니까 응급실 데려가가지고 의사선생님 붙잡고 우리 은미 좀 살려주세요 살려주세요 하면서 그랬던 거 기억 안 나?,세요 | 세요 | 어,val,0.0,0.0,0.0,0.8,0.2,0.0,0.0
Sess19_impro04_M022,happiness,4.0,3.3,1,o/ 아 됐어.,어,val,0.0,0.2,0.0,0.2,0.5,0.0,0.1
Sess19_impro04_M022,happiness,4.0,3.3,2,그만해.,어,val,0.0,0.2,0.0,0.2,0.5,0.0,0.1
Sess19_impro04_M022,happiness,4.0,3.3,3,아 뭘 그게 좋은 기억이라고.,라고,val,0.0,0.2,0.0,0.2,0.5,0.0,0.1
Sess19_impro04_M022,happiness,4.0,3.3,4,그 여기서 얘기하고 있냐.,냐,val,0.0,0.2,0.0,0.2,0.5,0.0,0.1
Sess19_impro04_F017,happiness,4.5,3.4,1,왜에 난 좋았는데.,는데,val,0.0,0.0,0.0,0.9,0.1,0.0,0.0
Sess19_impro04_F018,happiness,4.2,3.4,1,솔직히 내가 그게 그냥 맹장인 줄 알았으면 당신 그랬겠어?,어,val,0.0,0.0,0.0,0.7,0.3,0.0,0.0
Sess19_impro04_M024,happiness,3.8,4.2,1,아 당신이 진짜 죽을 거 같이 아파했으니까 아우 진짜 죽으면 어쩌나 o/ 해가지고 그랬던 거지.,지,val,0.4,0.1,0.0,0.0,0.4,0.0,0.1
Sess19_impro04_F019,happiness,4.3,3.4,1,그러셨어요?,어요,val,0.0,0.0,0.0,0.9,0.1,0.0,0.0
Sess19_impro04_F020,happiness,4.4,3.4,1,내가 죽을 u/ 엄청 놀랐던 건 아니고?,고,val,0.0,0.0,0.0,1.0,0.0,0.0,0.0
Sess19_impro04_M026,happiness,4.1,3.6,1,그건 맞지.,지,val,0.0,0.0,0.0,0.4,0.5,0.1,0.0
Sess19_impro04_M026,happiness,4.1,3.6,2,죽을까 봐.,어,val,0.0,0.0,0.0,0.4,0.5,0.1,0.0
Sess19_impro04_M027,happiness,3.7,4.0,1,아 진짜 그때 심장 떨어지는 줄 알았다니까.,다니까,val,0.2,0.0,0.0,0.2,0.5,0.0,0.1
Sess19_impro04_F021,happiness,4.0,3.4,1,내가 그렇게 좋았어?,어,val,0.0,0.0,0.0,0.9,0.1,0.0,0.0
Sess19_impro04_M028,happiness,3.4,3.3,1,아니 안 좋아.,어,val,0.0,0.3,0.0,0.0,0.7,0.0,0.0
Sess19_impro04_F022,happiness,4.2,3.4,1,왜 내가 그렇게 걱정됐어?,어,val,0.0,0.0,0.0,0.8,0.2,0.0,0.0
Sess19_impro04_M029,happiness,3.0,3.0,1,아 몰라.,어,val,0.0,0.0,0.0,0.0,1.0,0.0,0.0
Sess19_impro04_M029,happiness,3.0,3.0,2,o/ 아이 봐봐.,어,val,0.0,0.0,0.0,0.0,1.0,0.0,0.0
Sess19_impro04_M031,happiness,3.7,3.1,1,아 왜 이래 갑자기 또.,어,val,0.0,0.0,0.0,0.2,0.8,0.0,0.0
Sess19_impro04_M031,happiness,3.7,3.1,2,하지마.,어,val,0.0,0.0,0.0,0.2,0.8,0.0,0.0
Sess19_impro04_F025,happiness,4.2,3.3,1,나 아직도 사랑해요?,어요,val,0.0,0.0,0.0,0.7,0.3,0.0,0.0
Sess19_impro04_F026,happiness,4.1,3.5,1,아 뭐라고?,라고,val,0.0,0.0,0.0,0.7,0.3,0.0,0.0
Sess19_impro04_M033,happiness,3.4,2.7,1,사랑한다고.,ᆫ다고,val,0.0,0.0,0.0,0.2,0.8,0.0,0.0
Sess19_impro04_F027,happiness,3.9,3.4,1,아 뭐라는 거야.,야,val,0.0,0.0,0.0,0.7,0.3,0.0,0.0
Sess19_impro04_F027,happiness,3.9,3.4,2,나 사랑해?,어,val,0.0,0.0,0.0,0.7,0.3,0.0,0.0
Sess19_impro04_M034,happiness,3.3,4.0,1,아 사랑한다고 사랑한다고.,ᆫ다고,val,0.1,0.0,0.0,0.3,0.6,0.0,0.0
Sess19_impro04_M035,happiness,3.3,3.9,1,o/ 아 그니까 빨리 가서 자자 이제.,자,val,0.0,0.2,0.0,0.3,0.5,0.0,0.0
Sess19_impro04_F028,happiness,4.1,3.4,1,아휴 엎드려 절 받기네.,네,val,0.0,0.0,0.0,0.9,0.1,0.0,0.0
Sess19_impro04_F029,happiness,4.3,3.4,1,o/ 그래도 좋다.,다,val,0.0,0.0,0.0,0.8,0.2,0.0,0.0
Sess19_impro04_F032,happiness,4.1,3.1,1,l/ o/ 아이구 또 걱정됐어?,어,val,0.0,0.0,0.0,1.0,0.0,0.0,0.0
Sess19_impro04_M038,happiness,2.6,3.3,1,아이 갑자기 그렇게 말하니까 당연히 걱정되지 이 사람아.,지,val,0.3,0.1,0.0,0.0,0.3,0.0,0.3
Sess19_impro04_F033,happiness,4.2,3.3,1,다시 말해 봐.,어,val,0.0,0.0,0.0,0.9,0.1,0.0,0.0
Sess19_impro04_F033,happiness,4.2,3.3,2,나 사랑해?,어,val,0.0,0.0,0.0,0.9,0.1,0.0,0.0
Sess19_impro04_M039,happiness,3.3,3.1,1,사랑한다고.,ᆫ다고,val,0.0,0.0,0.0,0.0,1.0,0.0,0.0
Sess19_impro04_M042,happiness,4.7,4.6,1,아휴 그만 좀 자자.,자,val,0.0,0.0,0.0,0.8,0.2,0.0,0.0
Sess19_impro04_F037,happiness,4.2,3.5,1,l/ 아 알겠어.,어,val,0.0,0.0,0.0,0.7,0.3,0.0,0.0
Sess19_impro04_F038,happiness,4.3,3.7,1,아으 우리 남편 너무 예쁘네.,네,val,0.0,0.0,0.0,1.0,0.0,0.0,0.0
Sess19_impro04_F038,happiness,4.3,3.7,2,내가 맛있는 거 해줘야겠다.,다,val,0.0,0.0,0.0,1.0,0.0,0.0,0.0
Sess19_impro04_F038,happiness,4.3,3.7,3,뭐 먹고 싶어?,어,val,0.0,0.0,0.0,1.0,0.0,0.0,0.0
Sess19_impro04_F040,happiness,3.9,3.3,1,잘 거야?,야,val,0.0,0.0,0.0,0.7,0.3,0.0,0.0
Sess19_impro04_M045,happiness,4.5,4.0,1,아 왜 이래 또.,어,val,0.0,0.1,0.0,0.6,0.3,0.0,0.0
Sess19_impro04_F041,happiness,3.4,3.7,1,안 돼.,어,val,0.0,0.0,0.0,0.6,0.4,0.0,0.0
Sess19_impro04_F041,happiness,3.4,3.7,2,나 지금 너무 좋아서 이대론 못 재워.,어,val,0.0,0.0,0.0,0.6,0.4,0.0,0.0
Sess19_impro04_F042,happiness,4.2,3.5,1,여보 빨리 말해 봐.,어,val,0.0,0.0,0.0,0.7,0.3,0.0,0.0
Sess19_impro04_F042,happiness,4.2,3.5,2,이대로 잘 거야?,야,val,0.0,0.0,0.0,0.7,0.3,0.0,0.0
Sess19_impro04_F043,happiness,4.4,3.5,1,l/ 어휴 내가 진짜 저 남자때문에 못 산다니까.,ᆫ다니까,val,0.0,0.0,0.0,0.8,0.2,0.0,0.0
Sess19_impro04_F044,happiness,4.4,3.6,1,여보 나 얼만큼 사랑한다고?,ᆫ다고,val,0.0,0.0,0.0,0.9,0.1,0.0,0.0
Sess13_script02_M002,anger,1.4,4.8,1,아이씨 그러니까 날 말렸어야지 술 먹어서 운전 안한다고 했잖아.,어야지 | 잖아,train,1.0,0.0,0.0,0.0,0.0,0.0,0.0
Sess13_script02_F002,anger,2.1,2.4,1,지섭씨 일단 112에 (신고하자),자,train,0.0,0.0,0.5,0.0,0.2,0.0,0.3
Sess13_script02_M006,anger,1.4,4.7,1,아 그러니까 이 야밤에 돌아다니다가 내 차에 (치이고 난리야 이 씨+지섭씨),야,train,1.0,0.0,0.0,0.0,0.0,0.0,0.0
Sess13_script02_M010,happiness,2.3,4.3,1,아 아 아이 아 그래 그래 그래 맞아.,어,train,0.0,0.0,0.1,0.6,0.3,0.0,0.0
Sess13_script02_M010,happiness,2.3,4.3,2,야 거 고 고라니였나 보다 그치?,다,train,0.0,0.0,0.1,0.6,0.3,0.0,0.0
Sess13_script02_M010,happiness,2.3,4.3,3,고라니였어.,어,train,0.0,0.0,0.1,0.6,0.3,0.0,0.0
Sess13_script02_M010,happiness,2.3,4.3,4,너랑 나랑 술을 마셔서 고라니를 사람으로 착각한거야.,야,train,0.0,0.0,0.1,0.6,0.3,0.0,0.0
Sess13_script02_M011,anger,1.6,4.7,1,그럼 그럼 뭐야 이게 어떻게 된거야 사람은 쳤는데 그 사람이 없어졌다는게 말이 돼?,야 | 야 | 어,train,0.7,0.0,0.2,0.0,0.0,0.0,0.1
Sess13_script02_F008,anger,1.8,4.3,1,아우 지금 무슨 소리 하는 거야.,야,train,0.7,0.0,0.2,0.0,0.0,0.0,0.1
Sess13_script02_F008,anger,1.8,4.3,2,지금 어딘가에 있을거야 우리가 사람 쳤는데 당연히 찾아서 (병원에),야,train,0.7,0.0,0.2,0.0,0.0,0.0,0.1
Sess13_script02_M013,anger,1.4,4.9,1,(병원에+우리 술) 마셨잖아.,잖아,train,1.0,0.0,0.0,0.0,0.0,0.0,0.0
Sess13_script02_M014,anger,1.9,4.2,1,u/ 그냥 이대로 가자.,자,train,0.6,0.1,0.1,0.0,0.2,0.0,0.0
Sess13_script02_M014,anger,1.9,4.2,2,나 이번에 들키면 공무원 시험도 못 봐.,어,train,0.6,0.1,0.1,0.0,0.2,0.0,0.0
Sess13_script02_F010,anger,2.1,2.5,1,아 자기 무섭게 왜 그래.,어,train,0.0,0.0,1.0,0.0,0.0,0.0,0.0
Sess13_script02_F011,anger,1.9,3.7,1,이건 사람이면은 만약에 사람이면 이러면 안되는 거잖아.,잖아,train,0.3,0.4,0.3,0.0,0.0,0.0,0.0
Sess13_script02_F011,anger,1.9,3.7,2,당신 이런 사람 아니잖아 (대체 왜이러는),잖아,train,0.3,0.4,0.3,0.0,0.0,0.0,0.0
Sess13_script02_M016,anger,1.3,4.8,1,(대체 왜이러는+하 야 너 내가) 망가지길 바래?,어,train,1.0,0.0,0.0,0.0,0.0,0.0,0.0
Sess13_script02_M016,anger,1.3,4.8,2,내 인생 바닥으로 떨어지길 원하냐고.,냐고,train,1.0,0.0,0.0,0.0,0.0,0.0,0.0
Sess13_script02_F012,anger,1.9,3.7,1,지섭씨 사람 목숨이 달린거잖아.,잖아,train,0.0,0.0,0.7,0.0,0.2,0.0,0.1
Sess13_script02_F012,anger,1.9,3.7,2,일단은 찾아보자 어?,자,train,0.0,0.0,0.7,0.0,0.2,0.0,0.1
Sess13_script02_M017,anger,1.4,5.0,1,o/ 야 전화기 내려놔.,어,train,1.0,0.0,0.0,0.0,0.0,0.0,0.0
Sess13_script02_F013,anger,2.1,3.1,1,아 지 지섭씨 왜 (그래),어,train,0.0,0.1,0.7,0.0,0.1,0.0,0.1
Sess13_script02_M018,anger,1.5,4.0,1,(그래+너 자꾸) 이러면 나도 더이상 안 참아.,어,train,1.0,0.0,0.0,0.0,0.0,0.0,0.0
Sess13_script02_M019,anger,1.7,4.1,1,너 사라지게 해줘?,어,train,1.0,0.0,0.0,0.0,0.0,0.0,0.0
Sess13_script02_M020,anger,1.3,4.9,1,(건데+지금) 니가 나한테 하는 짓이 더 이상해.,어,train,1.0,0.0,0.0,0.0,0.0,0.0,0.0
Sess13_script02_M021,anger,1.3,4.5,1,나 지금 망가트리려고 하잖아.,잖아,train,0.9,0.1,0.0,0.0,0.0,0.0,0.0
Sess13_script02_M021,anger,1.3,4.5,2,우리 미래 안 중요해?,어,train,0.9,0.1,0.0,0.0,0.0,0.0,0.0
Sess13_script02_M021,anger,1.3,4.5,3,너 입만 뻥끗해봐 너도 똑같이 만들어줄테니까.,니까,train,0.9,0.1,0.0,0.0,0.0,0.0,0.0
Sess13_script02_F015,anger,1.6,3.1,1,지섭씨 무섭다.,다,train,0.0,0.1,0.9,0.0,0.0,0.0,0.0
Sess13_script02_M022,anger,1.6,4.3,1,l/ 진짜 무서운게 뭔지 보여줘?,어,train,1.0,0.0,0.0,0.0,0.0,0.0,0.0
Sess13_script02_M022,anger,1.6,4.3,2,오늘 있었던 일 너랑 나랑만 아는거야 아무도 못 봤어.,어,train,1.0,0.0,0.0,0.0,0.0,0.0,0.0
Sess13_script02_M022,anger,1.6,4.3,3,그러니까 입 닥치고 있어.,어,train,1.0,0.0,0.0,0.0,0.0,0.0,0.0
Sess13_script02_M022,anger,1.6,4.3,4,오늘 우린 고라니를 친거야.,야,train,1.0,0.0,0.0,0.0,0.0,0.0,0.0
Sess13_script02_M022,anger,1.6,4.3,5,어차피 죽었는지 살았는지도 모르는데 알바 없잖아.,잖아,train,1.0,0.0,0.0,0.0,0.0,0.0,0.0
Sess13_script02_M023,anger,1.3,4.9,1,그리고 너 똑바로 들어.,어,train,1.0,0.0,0.0,0.0,0.0,0.0,0.0
Sess13_script02_M024,anger,1.3,4.4,1,넌 차에서 내려도 경찰에 전화해도 넌 죽어 알았어?,어 | 어,train,1.0,0.0,0.0,0.0,0.0,0.0,0.0
Sess13_script02_F016,anger,1.9,2.9,1,n/ 알아 알았어.,어,train,0.0,0.0,0.9,0.0,0.0,0.1,0.0
Sess13_script02_M026,happiness,2.5,4.1,1,이대로 가면 돼.,어,train,0.3,0.0,0.2,0.3,0.2,0.0,0.0
Sess13_script02_M026,happiness,2.5,4.1,2,우리 아무 일도 없는거야 우린 전처럼 그냥 돌아가면 되는거야.,야 | 야,train,0.3,0.0,0.2,0.3,0.2,0.0,0.0
Sess13_script02_M026,happiness,2.5,4.1,3,어 그 사람이 죽었든 살았든 우리는 사람을 친 적이 없어.,어,train,0.3,0.0,0.2,0.3,0.2,0.0,0.0
Sess13_script02_M030,anger,1.7,4.4,1,아 야 뭘 어떡해 이씨.,어,train,0.3,0.2,0.1,0.0,0.2,0.0,0.2
Sess13_script02_M030,anger,1.7,4.4,2,u/ 이왕 이렇게 된 거 그냥 확실하게 하자.,자,train,0.3,0.2,0.1,0.0,0.2,0.0,0.2
Sess13_script02_F020,anger,1.6,4.6,1,지금 뭐 (할려고),ᆯ려고,train,0.1,0.0,0.2,0.0,0.0,0.0,0.7
Sess13_script02_M031,anger,1.3,4.7,1,(할려고+아) 완전히 끝장 내야지.,어야지,train,0.7,0.1,0.2,0.0,0.0,0.0,0.0
Sess13_script02_M032,anger,1.4,4.5,1,(제발+아 이미) 늦었어 이미 늦었어.,어 | 어,train,0.6,0.1,0.3,0.0,0.0,0.0,0.0
Sess13_script03_F007,happiness,3.9,3.3,1,b/ 궁금해?,어,train,0.0,0.0,0.0,0.5,0.5,0.0,0.0
Sess13_script03_M008,happiness,3.8,3.2,1,그럼 궁금하지.,지,train,0.0,0.0,0.0,0.7,0.3,0.0,0.0
Sess13_script03_M009,happiness,4.3,4.5,1,o/ N/ 아 씨 야 l/ 조 아 왜이렇게 크게 말해.,어,train,0.0,0.0,0.0,0.5,0.0,0.0,0.5
Sess13_script03_M009,happiness,4.3,4.5,2,내가 내가 아이 씨 왜그래.,어,train,0.0,0.0,0.0,0.5,0.0,0.0,0.5
Sess13_script03_M010,happiness,3.9,3.5,1,아이 그게 아니라.,라,train,0.0,0.0,0.0,0.4,0.2,0.0,0.4
Sess13_script03_M010,happiness,3.9,3.5,2,갑자기 그러니까 당연히 당황하지.,지,train,0.0,0.0,0.0,0.4,0.2,0.0,0.4
Sess13_script03_M013,happiness,3.8,3.7,1,제주도 서귀포에 풍경 좋은 곳이 많거든?,거든,train,0.0,0.0,0.0,0.6,0.4,0.0,0.0
Sess13_script03_M013,happiness,3.8,3.7,2,o/ 그쪽에 바다가 보이는 양지바른 땅을 사서 하얗고 웅장하게 팬션을 짓는 거야.,야,train,0.0,0.0,0.0,0.6,0.4,0.0,0.0
Sess13_script03_M021,sadness,2.9,2.4,1,미안해 사실 이번에도 월급을 못 받았어.,어 | 어,train,0.0,0.0,0.0,0.2,0.3,0.5,0.0
Sess13_script03_M021,sadness,2.9,2.4,2,가게 사정도 어렵구 근데 오늘 우리 만난지 100일인데 선물 사줄.,구,train,0.0,0.0,0.0,0.2,0.3,0.5,0.0
Sess13_script03_M022,happiness,3.6,2.9,1,이런 선물 받으니 어이가 없지?,지,train,0.0,0.1,0.0,0.3,0.2,0.3,0.1
Sess13_script03_F029,happiness,4.0,3.6,1,자 오빠는 o/ 젓가락 줬지만 난 좋은 거 줄게.,ᆯ게,train,0.0,0.0,0.0,0.9,0.1,0.0,0.0
Sess13_script03_F030,happiness,3.9,3.8,1,으유 이 u/ 무능한 u/ 남자야.,야,train,0.0,0.0,0.0,0.7,0.3,0.0,0.0
Sess13_script03_F030,happiness,3.9,3.8,2,여자인 내가 반지를 준비해야겠어?,어,train,0.0,0.0,0.0,0.7,0.3,0.0,0.0
Sess13_script03_F030,happiness,3.9,3.8,3,오빠가 당연히 준비해야지.,어야지,train,0.0,0.0,0.0,0.7,0.3,0.0,0.0
Sess13_script03_F031,happiness,3.8,3.4,1,미장원에서 샴푸하면서 동네 아줌마들이 주는 팁 좀 모았지.,지,train,0.0,0.0,0.0,0.7,0.3,0.0,0.0
Sess13_script03_F031,happiness,3.8,3.4,2,으이그 오빠 오빠 돈 걱정 하지마 내가 내가 먹여 살릴게.,어 | ᆯ게,train,0.0,0.0,0.0,0.7,0.3,0.0,0.0
Sess13_script03_F032,happiness,4.2,3.4,1,(와+오빠) 누가 선물하고 누가 프로포즈 하고 하면 뭐 어때?,어,train,0.0,0.0,0.0,1.0,0.0,0.0,0.0
Sess13_script03_F032,happiness,4.2,3.4,2,n/ 난 오빠를 사랑하고 지금이 가장 행복해 우리 둘이 함께 한다는 게 중요한 거잖아.,잖아,train,0.0,0.0,0.0,1.0,0.0,0.0,0.0
Sess13_script03_F033,happiness,4.2,3.4,1,b/ 대신 프로포즈는 내가 먼저 했으니까 결혼식은 진짜 멋있게 해줘?,어,train,0.0,0.0,0.0,0.9,0.1,0.0,0.0
Sess13_script03_F033,happiness,4.2,3.4,2,알았지?,지,train,0.0,0.0,0.0,0.9,0.1,0.0,0.0
Sess13_script03_M032,happiness,4.3,3.6,1,여진아 사랑한다.,ᆫ다,train,0.0,0.0,0.0,1.0,0.0,0.0,0.0
Sess13_script03_M032,happiness,4.3,3.6,2,o/ 정말 사랑해.,어,train,0.0,0.0,0.0,1.0,0.0,0.0,0.0
Sess13_script04_M001,happiness,4.4,3.6,1,b/ 저거 봐봐 저 개그맨 진짜 웃기지 않아?,어 | 어,train,0.0,0.0,0.0,0.7,0.3,0.0,0.0
Sess13_script04_F001,happiness,2.4,2.4,1,뭐가 그렇게 재밌어?,어,train,0.0,0.0,0.0,0.0,0.7,0.3,0.0
Sess13_script04_M002,happiness,4.4,3.8,1,웃기잖아.,잖아,train,0.0,0.0,0.0,0.8,0.2,0.0,0.0
Sess13_script04_M002,happiness,4.4,3.8,2,l/ 아 근데 바나나 맛있다.,다,train,0.0,0.0,0.0,0.8,0.2,0.0,0.0
Sess13_script04_M002,happiness,4.4,3.8,3,어디서 산 거야?,야,train,0.0,0.0,0.0,0.8,0.2,0.0,0.0
Sess13_script04_M004,happiness,3.8,3.3,1,모를 수도 있지 뭐 그게 무슨 대순가?,지 | ᆫ가,train,0.0,0.0,0.0,0.6,0.4,0.0,0.0
Sess13_script04_M004,happiness,3.8,3.3,2,l/ 진짜 웃기다.,다,train,0.0,0.0,0.0,0.6,0.4,0.0,0.0
Sess13_script04_M013,sadness,1.3,5.0,1,그러니까 저번에 가슴 아프다고 할때 내가 병원 가보라고 했잖아.,잖아,train,1.0,0.0,0.0,0.0,0.0,0.0,0.0
Sess13_script04_M013,sadness,1.3,5.0,2,왜 그동안 안 간거야 왜 왜.,야,train,1.0,0.0,0.0,0.0,0.0,0.0,0.0
Sess13_script04_F012,sadness,2.0,1.7,1,화 낸다고 달라질 거 없잖아.,잖아,train,0.0,0.0,0.0,0.0,0.4,0.6,0.0
Sess13_script04_M014,sadness,1.7,3.9,1,b/ 어 미안해.,어,train,0.1,0.0,0.0,0.0,0.1,0.8,0.0
Sess13_script04_M014,sadness,1.7,3.9,2,소리쳐서 미안해.,어,train,0.1,0.0,0.0,0.0,0.1,0.8,0.0
Sess13_script04_M014,sadness,1.7,3.9,3,아 이왕 이렇게 된거 할 수 있는 한 뭐든지 해보자.,자,train,0.1,0.0,0.0,0.0,0.1,0.8,0.0
Sess13_script04_M014,sadness,1.7,3.9,4,요즘 의사들 돌팔이들 많다잖아 아닐 수도 있어 그 6개월이 아니라 6년 아니 60년 더 살 수도 있고 병원에 가자.,다잖아 | 어 | 자,train,0.1,0.0,0.0,0.0,0.1,0.8,0.0
Sess13_script04_F013,sadness,1.5,1.7,1,난 아냐 (틀렸어),어,train,0.0,0.0,0.0,0.0,0.1,0.9,0.0
Sess13_script04_M015,sadness,1.7,4.2,1,(틀렸어+틀리긴) 뭘 틀려.,어 | 어,train,0.4,0.0,0.0,0.0,0.0,0.6,0.0
Sess13_script04_M015,sadness,1.7,4.2,2,빨리 병원에 가자니까.,자니까,train,0.4,0.0,0.0,0.0,0.0,0.6,0.0
Sess13_script04_F014,sadness,1.7,1.9,1,여보 우리 아빠 기억해?,어,train,0.0,0.0,0.0,0.0,0.4,0.6,0.0
Sess13_script04_M016,sadness,1.9,3.2,1,갑자기 아버지 이야긴 왜 꺼내?,어,train,0.0,0.1,0.0,0.0,0.4,0.5,0.0
Sess13_script04_F015,sadness,2.0,1.9,1,사실 우리 아빠도 나랑 같은 병이었어.,어,train,0.0,0.0,0.1,0.0,0.1,0.8,0.0
Sess13_script04_M018,sadness,1.8,3.7,1,미숙아 그게 중요한게 아냐.,냐,train,0.0,0.0,0.0,0.0,0.2,0.8,0.0
Sess13_script04_M018,sadness,1.8,3.7,2,그런게 중요한게 아니니까 일단 입원 치료하고 수술부터 받자.,자,train,0.0,0.0,0.0,0.0,0.2,0.8,0.0
Sess13_script04_M018,sadness,1.8,3.7,3,그럼 살 수 있어.,어,train,0.0,0.0,0.0,0.0,0.2,0.8,0.0
Sess13_script04_M019,sadness,1.7,3.5,1,(힘들고+여보) 그런 생각 하지마 나 지금 지금도 안 늦었어.,어 | 어,train,0.0,0.0,0.0,0.0,0.1,0.9,0.0
Sess13_script04_M019,sadness,1.7,3.5,2,일단 정리하고 병원 가자?,자,train,0.0,0.0,0.0,0.0,0.1,0.9,0.0
Sess13_script04_F018,sadness,1.0,2.0,1,b/ 무슨 의미가 있어.,어,train,0.0,0.0,0.0,0.0,0.0,1.0,0.0
Sess13_script04_F018,sadness,1.0,2.0,2,3년 더 셔서 더 사셨다고 o/ 아빠는 (행복했을까),을까,train,0.0,0.0,0.0,0.0,0.0,1.0,0.0
Sess13_script04_M020,sadness,1.4,3.6,1,(행복했을까+여보) 왜이래.,을까 | 어,train,0.4,0.0,0.0,0.0,0.0,0.6,0.0
Sess13_script04_M020,sadness,1.4,3.6,2,왜이리 약한 생각을 해.,어,train,0.4,0.0,0.0,0.0,0.0,0.6,0.0
Sess13_script04_F019,sadness,1.1,2.8,1,나도 살고싶어.,어,train,0.1,0.0,0.2,0.0,0.0,0.7,0.0
Sess13_script04_F019,sadness,1.1,2.8,2,나도 사람인데 근데 싸우기에는 너무 지쳤구 늦었다.,다,train,0.1,0.0,0.2,0.0,0.0,0.7,0.0
Sess13_script04_F020,sadness,2.1,2.0,1,(가자+당신) 우리 애들 잘 부탁해.,어,train,0.0,0.0,0.0,0.0,0.0,1.0,0.0
Sess13_script04_F020,sadness,2.1,2.0,2,그리고 남은 시간 우리 행복하게 지내면 되잖아.,잖아,train,0.0,0.0,0.0,0.0,0.0,1.0,0.0
Sess13_script04_F020,sadness,2.1,2.0,3,나 행복하고 싶어.,어,train,0.0,0.0,0.0,0.0,0.0,1.0,0.0
Sess13_script04_F020,sadness,2.1,2.0,4,그리고 행복하게 죽고 싶어.,어,train,0.0,0.0,0.0,0.0,0.0,1.0,0.0
Sess13_script04_F020,sadness,2.1,2.0,5,예쁜 모습 좋은 모습으로 남기고 싶어.,어,train,0.0,0.0,0.0,0.0,0.0,1.0,0.0
Sess13_script04_F021,sadness,1.9,2.2,1,(말인데+마지막) 부탁이 있어.,어,train,0.0,0.0,0.0,0.0,0.2,0.8,0.0
Sess13_script04_F021,sadness,1.9,2.2,2,b/ 둘째 결혼 시키고 당신도 재혼해 혹시나 애들 결혼 전에 재혼하면은 애들도 상처 받을 수 있으니까 b/ 애들 결혼식만 결혼만 시켜줘 그리고 좋은 여자 만나 알았지?,어 | 지,train,0.0,0.0,0.0,0.0,0.2,0.8,0.0
Sess13_script04_M023,sadness,1.3,3.6,1,도대체 무슨 소리 하는거야.,야,train,0.7,0.0,0.0,0.0,0.0,0.3,0.0
Sess13_script04_M023,sadness,1.3,3.6,2,그런 얘기 좀 그만하고.,고,train,0.7,0.0,0.0,0.0,0.0,0.3,0.0
Sess13_script04_M024,sadness,1.5,3.4,1,아 내가 잘못했어 내가 잘못했고.,어 | 고,train,0.0,0.0,0.0,0.0,0.0,1.0,0.0
Sess13_script04_M024,sadness,1.5,3.4,2,병원가자.,자,train,0.0,0.0,0.0,0.0,0.0,1.0,0.0
Sess13_script05_M017,anger,3.2,3.7,1,l/ 아이구 아이 잘하시네.,네,train,0.0,0.3,0.0,0.5,0.2,0.0,0.0
Sess13_script05_M017,anger,3.2,3.7,2,u/ 목소리가 너무 작네.,네,train,0.0,0.3,0.0,0.5,0.2,0.0,0.0
Sess13_script05_M017,anger,3.2,3.7,3,아이 그 크게 해봐요.,어요,train,0.0,0.3,0.0,0.5,0.2,0.0,0.0
Sess13_script05_M018,anger,2.1,3.5,1,아니 무슨 말을 그렇게 합니까?,ᆸ니까,train,0.7,0.0,0.0,0.0,0.0,0.0,0.3
Sess13_script05_F018,anger,1.3,5.0,1,b/ 신성 좋아하고 있네.,네,train,0.9,0.1,0.0,0.0,0.0,0.0,0.0
Sess13_script05_F018,anger,1.3,5.0,2,이력서 한줄 채우려고 내가 특기를 좀 과장되게 썼지만요 그렇다고 이걸 그런 식으로 엮는게 오히려 신성모독 아닌가?,지만요 | ᆫ가,train,0.9,0.1,0.0,0.0,0.0,0.0,0.0
Sess13_script05_F018,anger,1.3,5.0,3,당신들 습관인 거 같은데 가뜩이나 취직 안 돼가지고 괴로워 죽겠는데 말이죠 사람을 갖고 놀아?,죠 | 어,train,0.9,0.1,0.0,0.0,0.0,0.0,0.0
Sess13_script05_F019,anger,1.2,4.8,1,b/ 아무리 약자라도 기본적이고 인간적인 대우를 해줘야 되는 거 아냐.,냐,train,0.8,0.1,0.0,0.0,0.0,0.0,0.1
Sess13_script05_F019,anger,1.2,4.8,2,시간 때우려고.,려고,train,0.8,0.1,0.0,0.0,0.0,0.0,0.1
Sess13_script05_M019,anger,1.2,5.0,1,그럼 나가세요.,세요,train,1.0,0.0,0.0,0.0,0.0,0.0,0.0
Sess13_script05_M019,anger,1.2,5.0,2,당신 말고도 지금 지원자 널렸어.,어,train,1.0,0.0,0.0,0.0,0.0,0.0,0.0
Sess13_script06_M006,anger,2.3,3.2,1,하 지금 하고 있으니까 끝나고 준다고.,ᆫ다고,train,0.7,0.0,0.0,0.0,0.3,0.0,0.0
Sess13_script06_M007,anger,2.1,3.7,1,(불쌍하다+아) 헛소리 그만하고 보기나 해.,다 | 어,train,0.7,0.2,0.0,0.0,0.1,0.0,0.0
Sess13_script06_M008,happiness,3.9,3.6,1,어 시 어 시작한다.,ᆫ다,train,0.0,0.0,0.0,0.9,0.1,0.0,0.0
Sess13_script06_M008,happiness,3.9,3.6,2,아싸 번호 하나 맞았고.,어,train,0.0,0.0,0.0,0.9,0.1,0.0,0.0
Sess13_script06_F009,happiness,2.1,2.7,1,퍽이나 좋겠다.,다,train,0.0,0.8,0.0,0.0,0.2,0.0,0.0
Sess13_script06_M011,happiness,4.3,4.6,1,우와 네 개 맞았어 네 개.,어,train,0.0,0.0,0.0,0.9,0.0,0.0,0.1
Sess13_script06_M011,happiness,4.3,4.6,2,야 어떡할거야.,야,train,0.0,0.0,0.0,0.9,0.0,0.0,0.1
Sess13_script06_F011,happiness,3.8,4.5,1,o/ (u/ 어떡해 야 야 어떡해+오빠 오빠) b/ 진짜 어떡해.,어 | 어 | 어,train,0.0,0.0,0.0,0.0,0.0,0.0,1.0
Sess13_script06_F011,happiness,3.8,4.5,2,여섯개 다 맞는 거 아니야 이거?,야,train,0.0,0.0,0.0,0.0,0.0,0.0,1.0
Sess13_script06_M016,happiness,5.0,5.0,1,이거 어쩔거야 u/.,야,train,0.0,0.0,0.0,0.8,0.0,0.0,0.2
Sess13_script06_F015,happiness,5.0,4.9,1,s/ o/ N/ 오빠 어떡해.,어,train,0.0,0.0,0.0,0.7,0.0,0.0,0.3
Sess13_script06_F015,happiness,5.0,4.9,2,n/ 어 진짜 어떡해.,어,train,0.0,0.0,0.0,0.7,0.0,0.0,0.3
Sess13_script06_M017,happiness,5.0,4.9,1,야 나 나 나 나 u/ 나 막 막 나 나 꼬집어봐.,어,train,0.0,0.0,0.0,0.6,0.0,0.0,0.4
Sess13_script06_M017,happiness,5.0,4.9,2,이이 이게 진짜야 이거?,야,train,0.0,0.0,0.0,0.6,0.0,0.0,0.4
Sess13_script06_F016,happiness,4.4,4.4,1,(응 응 응+얼마든지) 꼬집어줄게 일로와.,어,train,0.0,0.0,0.0,0.8,0.2,0.0,0.0
Sess13_script06_M018,happiness,4.5,4.6,1,야 야 야 야 아아 아 어떡해 어떡해 (어떡해),어 | 어 | 어,train,0.0,0.0,0.0,0.5,0.1,0.0,0.4
Sess13_script06_F017,happiness,4.3,4.3,1,(어떡해+아이) 제대로 꼬집어야지 꿈인지 아닌지 알 수 (있지),어,train,0.0,0.0,0.0,1.0,0.0,0.0,0.0
Sess13_script06_M019,happiness,4.7,4.8,1,(있지+야 와) 나 심장 뛰는 거 봐.,어,train,0.0,0.0,0.0,0.5,0.0,0.0,0.5
Sess13_script06_M019,happiness,4.7,4.8,2,미칠 거 같다 진짜로.,다,train,0.0,0.0,0.0,0.5,0.0,0.0,0.5
Sess13_script06_F021,happiness,4.1,3.8,1,오빠 o/ 내가 오빠 잘 될줄 (알았다니까),다니까,train,0.0,0.0,0.0,0.9,0.1,0.0,0.0
Sess13_script06_M026,happiness,4.5,4.4,1,아이 돈이 좋긴 좋네.,네,train,0.0,0.0,0.0,0.9,0.0,0.0,0.1
Sess13_script06_F025,happiness,3.8,3.4,1,o/ 지금 내가 전화 걸게.,ᆯ게,train,0.0,0.0,0.0,0.3,0.7,0.0,0.0
Sess13_script06_F025,happiness,3.8,3.4,2,o/ 어 내 친구들 많아 아주.,어,train,0.0,0.0,0.0,0.3,0.7,0.0,0.0
Sess13_script06_M027,happiness,4.7,4.2,1,l/ 나 진짜 아 진작에 그럴 것이지 너 얼마 필요하냐?,지 | 냐,train,0.0,0.0,0.0,0.9,0.1,0.0,0.0
Sess13_script06_F026,happiness,4.6,4.4,1,진짜지?,지,train,0.0,0.0,0.0,0.9,0.1,0.0,0.0
Sess13_script06_F027,happiness,4.8,4.8,1,o/ 오빠 진짜 짱 u/ l/ 나한테 오 아 역시 우리 오빠 짱이야.,야,train,0.0,0.0,0.0,0.9,0.1,0.0,0.0
Sess13_script06_M029,happiness,4.4,4.1,1,말해 말해 뭐 뭐 필요한데.,ᆫ데,train,0.0,0.0,0.0,0.7,0.3,0.0,0.0
Sess13_script06_M032,happiness,4.4,4.0,1,좋아 내가 돈 찾으면 바로 현금으로 줄게.,ᆯ게,train,0.0,0.0,0.0,0.6,0.4,0.0,0.0
Sess13_script06_F031,happiness,5.0,4.9,1,o/ b/ 오빠 생각만 해도 너무 좋아.,어,train,0.0,0.0,0.0,1.0,0.0,0.0,0.0
Sess13_script06_M033,happiness,4.7,4.5,1,내가 나도 너무 놀라서 이게 꿈인가 생시인가 싶다.,다,train,0.0,0.0,0.0,1.0,0.0,0.0,0.0
Sess13_script06_M034,happiness,4.9,4.9,1,야 내일 날 밝으면 이거 어?,어,train,0.0,0.0,0.0,1.0,0.0,0.0,0.0
Sess13_script06_M034,happiness,4.9,4.9,2,고주홍의 시대가 열린다 이거야.,ᆫ다 | 야,train,0.0,0.0,0.0,1.0,0.0,0.0,0.0
Sess13_script06_M034,happiness,4.9,4.9,3,o/ 두고 봐 내가 이 돈으로 세상을 깜짝 놀라게 할테니까.,니까,train,0.0,0.0,0.0,1.0,0.0,0.0,0.0
Sess13_impro01_F007,happiness,3.7,3.0,1,사람들도 윤찬 대리 많이 칭찬하고 윤찬 대리 음 들어오고 나서 o/ 분위기가 많이 좋아졌다고 들었어요.,어요,train,0.0,0.0,0.0,0.0,1.0,0.0,0.0
Sess13_impro01_M007,happiness,3.9,3.5,1,u/ 감사합니다.,ᆸ니다,train,0.0,0.0,0.0,0.9,0.1,0.0,0.0
Sess13_impro01_M007,happiness,3.9,3.5,2,(열심히 하겠습니다),습니다,train,0.0,0.0,0.0,0.9,0.1,0.0,0.0
Sess13_impro01_M012,anger,2.1,4.2,1,아니 대체 이렇게 하면 몇이나 성하게 살아있습니까.,습니까,train,0.8,0.1,0.0,0.0,0.0,0.0,0.1
Sess13_impro01_M012,anger,2.1,4.2,2,거의 이거는 하 이거 좀 너무 큰데.,ᆫ데,train,0.8,0.1,0.0,0.0,0.0,0.0,0.1
Sess13_impro01_M014,anger,2.1,3.9,1,부장님 지금 제가 앞날이 창창한 대린데 여기서 빨간 줄 그어버리면 회사 나가라는 거랑 똑같은 거예요.,예요,train,0.7,0.0,0.1,0.0,0.0,0.0,0.2
Sess13_impro01_M014,anger,2.1,3.9,2,아시죠?,죠,train,0.7,0.0,0.1,0.0,0.0,0.0,0.2
Sess13_impro01_F014,anger,2.3,3.3,1,근데 l/ 내가 말했듯이 나도 최선 다했다니까요.,다니까요,train,0.3,0.3,0.0,0.0,0.4,0.0,0.0
Sess13_impro01_F014,anger,2.3,3.3,2,어쩔 수가 없어요.,어요,train,0.3,0.3,0.0,0.0,0.4,0.0,0.0
Sess13_impro01_F014,anger,2.3,3.3,3,아니 그니까 왜 전무님이 아이템을 낸 거에 대해서 추가 비용을 내고 그러냐고.,냐고,train,0.3,0.3,0.0,0.0,0.4,0.0,0.0
Sess13_impro01_M015,anger,2.1,4.0,1,아 이게 그러니깐 그때 전무님 거 제대로 못 만들어서 지금 이게 지금 전무님이 그린 그림이다?,다,train,0.5,0.3,0.0,0.0,0.0,0.0,0.2
Sess13_impro01_M015,anger,2.1,4.0,2,맞죠?,죠,train,0.5,0.3,0.0,0.0,0.0,0.0,0.2
Sess13_impro01_M016,anger,2.1,3.9,1,o/ 그런 거라는 거죠?,죠,train,0.6,0.2,0.0,0.0,0.0,0.0,0.2
Sess13_impro01_F015,anger,2.2,2.3,1,아니 그건 아니구.,구,train,0.0,0.0,0.0,0.0,0.8,0.0,0.2
Sess13_impro01_F016,anger,2.1,3.5,1,전무님이 아이템을 냈으면 거기에 대해서 왜 딴지를 걸고 추가 비용이 나오면 전무님이 참 좋아하시겠네?,네,train,0.5,0.3,0.0,0.0,0.2,0.0,0.0
Sess13_impro01_F016,anger,2.1,3.5,2,그렇지 않아요?,어요,train,0.5,0.3,0.0,0.0,0.2,0.0,0.0
Sess13_impro01_F016,anger,2.1,3.5,3,생각해봐요.,어요,train,0.5,0.3,0.0,0.0,0.2,0.0,0.0
Sess13_impro01_M018,anger,1.5,4.6,1,아니 이 프로젝트가 그렇게 진 그렇게 되지 않으면 진행이 안되는 거라구요.,라구요,train,1.0,0.0,0.0,0.0,0.0,0.0,0.0
Sess13_impro01_M018,anger,1.5,4.6,2,부장님 제 말 듣고 있어요?,어요,train,1.0,0.0,0.0,0.0,0.0,0.0,0.0
Sess13_impro01_F017,anger,2.1,2.4,1,아 듣고 있어요.,어요,train,0.1,0.4,0.0,0.0,0.5,0.0,0.0
Sess13_impro01_M019,anger,1.3,4.5,1,아 나 미치겠네.,네,train,0.9,0.1,0.0,0.0,0.0,0.0,0.0
Sess13_impro01_M019,anger,1.3,4.5,2,뭐가 마음에 안 드니까 버리겠다 이러 이거 하.,다 | 어,train,0.9,0.1,0.0,0.0,0.0,0.0,0.0
Sess13_impro01_F018,anger,2.1,2.8,1,아유 흥분했는데 좀 가라앉히구.,구,train,0.0,0.1,0.0,0.0,0.9,0.0,0.0
Sess13_impro01_M020,anger,1.3,4.8,1,흥분이 지금 가라앉혀지지가 않잖아요.,잖아요,train,1.0,0.0,0.0,0.0,0.0,0.0,0.0
Sess13_impro01_M020,anger,1.3,4.8,2,이게 말이 되는 거예요 지금?,예요,train,1.0,0.0,0.0,0.0,0.0,0.0,0.0
Sess13_impro01_F019,anger,1.9,3.8,1,지금 대드는 거예요?,예요,train,1.0,0.0,0.0,0.0,0.0,0.0,0.0
Sess13_impro01_M021,anger,1.4,4.6,1,대드는 게 아니라 지금 말이 안되니까 그런 거잖아요.,잖아요,train,1.0,0.0,0.0,0.0,0.0,0.0,0.0
Sess13_impro01_M022,anger,1.5,4.6,1,지금 부장님하고 전무님 이렇게 나오시겠다 하 저 이렇게 치사하게 안 나갈려고 했는데 혼자 죽을 수가 없잖아요.,다 | 잖아요,train,1.0,0.0,0.0,0.0,0.0,0.0,0.0
Sess13_impro01_F021,anger,1.5,4.0,1,(저+뭐) 어떡하게요?,게요,train,1.0,0.0,0.0,0.0,0.0,0.0,0.0
Sess13_impro01_F021,anger,1.5,4.0,2,지금 뭐하자는 거야?,야,train,1.0,0.0,0.0,0.0,0.0,0.0,0.0
Sess13_impro01_M023,anger,1.7,4.2,1,이중장부 가지고 있거든요.,거든요,train,0.6,0.4,0.0,0.0,0.0,0.0,0.0
Sess13_impro01_M023,anger,1.7,4.2,2,그 내용 아시죠?,죠,train,0.6,0.4,0.0,0.0,0.0,0.0,0.0
Sess13_impro01_M023,anger,1.7,4.2,3,녹음된 것두 있구 아 징계 준비하세요 저 그대로 가져 올게요.,구 | 세요 | ᆯ게요,train,0.6,0.4,0.0,0.0,0.0,0.0,0.0
Sess13_impro01_M024,anger,1.8,4.1,1,아니 그대로 가져온다구요.,ᆫ다구요,train,0.6,0.3,0.0,0.0,0.1,0.0,0.0
Sess13_impro01_F023,anger,2.0,3.9,1,그게 뭔데 뭐하자 지금 뭐하자는 거예요?,자 | 예요,train,0.5,0.1,0.0,0.0,0.1,0.0,0.3
Sess13_impro01_F024,anger,1.8,4.0,1,다 같이 죽자 뭐 이거야?,자 | 야,train,0.6,0.0,0.0,0.0,0.0,0.0,0.4
Sess13_impro01_F024,anger,1.8,4.0,2,(모르겠는데+아니) 난 그거에 대해서 잘 모르겠구.,구,train,0.6,0.0,0.0,0.0,0.0,0.0,0.4
Sess13_impro01_F024,anger,1.8,4.0,3,(저는+있으면) 한번 보여줘봐요.,어요,train,0.6,0.0,0.0,0.0,0.0,0.0,0.4
Sess13_impro01_F024,anger,1.8,4.0,4,나는 잘 모르겠네.,네,train,0.6,0.0,0.0,0.0,0.0,0.0,0.4
Sess13_impro01_M026,anger,1.8,3.7,1,징계위원회 준비하세요.,세요,train,0.6,0.2,0.0,0.0,0.2,0.0,0.0
Sess13_impro01_M026,anger,1.8,3.7,2,저 대꾸 말 그만할게요.,ᆯ게요,train,0.6,0.2,0.0,0.0,0.2,0.0,0.0
Sess13_impro01_M026,anger,1.8,3.7,3,나갈게요.,ᆯ게요,train,0.6,0.2,0.0,0.0,0.2,0.0,0.0
Sess13_impro01_F025,anger,1.5,4.6,1,어디가요?,어요,train,0.9,0.0,0.0,0.0,0.0,0.0,0.1
Sess13_impro02_M005,anger,2.1,4.0,1,당연히 올리브오일을 넣었겠죠.,죠,train,0.4,0.4,0.0,0.0,0.2,0.0,0.0
Sess13_impro02_M006,anger,2.1,3.9,1,짬뽕에 올 올리브오일을 넣는다는 판단은 제가 뭐라 할 이유는 없지만 내가 말하는 건 그런 게 아닙니다.,ᆸ니다,train,0.7,0.2,0.0,0.0,0.1,0.0,0.0
Sess13_impro02_M007,anger,1.9,4.0,1,그 정확한 오일의 양을 그게 맛을 좌우하는데 미연 씨는 얼마나 넣은겁니까?,ᆸ니까,train,0.5,0.4,0.0,0.0,0.1,0.0,0.0
Sess13_impro02_M012,anger,2.1,3.7,1,(뭐 하자는 거예요+할말은) 해야죠.,예요 | 어야죠,train,0.5,0.2,0.0,0.0,0.3,0.0,0.0
Sess13_impro02_F009,anger,1.7,4.0,1,하하 하 아니 수석주방장님 오시기 전에요 제가 여기 책임주방장이였어요.,어요,train,0.8,0.2,0.0,0.0,0.0,0.0,0.0
Sess13_impro02_F009,anger,1.7,4.0,2,아시겠어요?,어요,train,0.8,0.2,0.0,0.0,0.0,0.0,0.0
Sess13_impro02_F009,anger,1.7,4.0,3,얼마나 (저기요+잘나셨는지는) 모르겠는데.,는데,train,0.8,0.2,0.0,0.0,0.0,0.0,0.0
Sess13_impro02_M013,anger,2.1,3.7,1,저 분해요?,어요,train,0.4,0.4,0.0,0.0,0.2,0.0,0.0
Sess13_impro02_M014,anger,2.0,3.8,1,짜증이 나요?,어요,train,0.5,0.3,0.0,0.0,0.2,0.0,0.0
Sess13_impro02_M014,anger,2.0,3.8,2,예 승질나고 막 그래요?,어요,train,0.5,0.3,0.0,0.0,0.2,0.0,0.0
Sess13_impro02_M015,anger,2.0,4.0,1,아 그 말은 너무 잘하시는데 b/ 아 뭐 그럼 다 해결됐습니다 그럼 말 어?,습니다,train,0.5,0.5,0.0,0.0,0.0,0.0,0.0
Sess13_impro02_M015,anger,2.0,4.0,2,그 실력만큼 요리 가지고 오세요 만들어서 네 함 먹어보게 제대로 만들어서 가져오라구.,세요 | 라구,train,0.5,0.5,0.0,0.0,0.0,0.0,0.0
Sess13_impro02_M016,anger,1.4,4.5,1,(차라리 나가겠습니다+그런 자존심으로) 그런 자존심으로 요리를 만들어서 가지고 오라구요.,습니다 | 라구요,train,0.9,0.1,0.0,0.0,0.0,0.0,0.0
Sess13_impro02_M016,anger,1.4,4.5,2,짬뽕 한그릇을 만들어도 욕 안 먹을 그런 요리를 가져오라구요.,라구요,train,0.9,0.1,0.0,0.0,0.0,0.0,0.0
Sess13_impro02_M016,anger,1.4,4.5,3,이건 지금 짬뽕이 요리라고 생각하지 말구 가지고 오라구요 만든거.,라구요,train,0.9,0.1,0.0,0.0,0.0,0.0,0.0
Sess13_impro02_M017,anger,1.7,4.0,1,(저는 이제 이 주방에 들어오지 않겠습니다+제대로 만든거 가지구 오라구요 아 그럼 그렇게 하십시요) 근데 이거 하나만 말할게요.,습니다 | 라구요 | ᆸ시요 | ᆯ게요,train,0.8,0.1,0.0,0.0,0.1,0.0,0.0
Sess13_impro02_M017,anger,1.7,4.0,2,미연 씨 당신이 지금 어떻게 요리를 만들고 있는지 거 전 관심이 없어요.,어요,train,0.8,0.1,0.0,0.0,0.1,0.0,0.0
Sess13_impro02_M017,anger,1.7,4.0,3,근데 지금까지 요리 만든 거 다 인기로 한 겁니다.,다 | ᆸ니다,train,0.8,0.1,0.0,0.0,0.1,0.0,0.0
Sess13_impro02_M017,anger,1.7,4.0,4,아시겠어요?,어요,train,0.8,0.1,0.0,0.0,0.1,0.0,0.0
Sess13_impro02_M018,anger,1.5,4.2,1,미모 신경쓰지말구 네?,구,train,0.9,0.1,0.0,0.0,0.0,0.0,0.0
Sess13_impro02_M018,anger,1.5,4.2,2,요리에 대한 정성을 다 담았으면 좋겠네요.,네요,train,0.9,0.1,0.0,0.0,0.0,0.0,0.0
Sess13_impro02_M018,anger,1.5,4.2,3,o/ 그게 본인이 할 역할이에요.,에요,train,0.9,0.1,0.0,0.0,0.0,0.0,0.0
Sess13_impro02_M018,anger,1.5,4.2,4,아시겠어요?,어요,train,0.9,0.1,0.0,0.0,0.0,0.0,0.0
Sess13_impro02_M018,anger,1.5,4.2,5,지금 뭐 언론에서 띄워주고 그게 다가 아니라구요.,라구요,train,0.9,0.1,0.0,0.0,0.0,0.0,0.0
Sess13_impro03_M016,happiness,2.9,3.6,1,집안이 튼튼하고 나도 좀 맘 놓고 나가서 일하지.,지,train,0.6,0.0,0.0,0.0,0.4,0.0,0.0
Sess13_impro03_M016,happiness,2.9,3.6,2,o/ 그래 안 그래?,어,train,0.6,0.0,0.0,0.0,0.4,0.0,0.0
Sess13_impro03_F016,happiness,4.4,3.9,1,o/ N/ l/ 아유 진 뭐가 아파?,어,train,0.0,0.0,0.0,0.9,0.1,0.0,0.0
Sess13_impro03_F017,happiness,4.1,3.7,1,갑자기 우리 연애할 때 시절이 떠오른다.,ᆫ다,train,0.0,0.0,0.0,0.8,0.2,0.0,0.0
Sess13_impro03_F019,happiness,4.3,4.3,1,(좋은 기억이라고 그걸 또 꺼내냐+아 뭐 그거 해가지고 막) 나 데리고 막 응급실 가가지고 아우 우리 아내 좀 살려주세요.,냐 | 세요,train,0.0,0.0,0.0,1.0,0.0,0.0,0.0
Sess13_impro03_F028,happiness,4.0,3.5,1,o/ 못 들었다.,다,train,0.0,0.0,0.0,0.6,0.4,0.0,0.0
Sess13_impro03_M028,happiness,4.2,3.5,1,사랑해 (아+어) 증말.,어,train,0.0,0.0,0.0,0.6,0.4,0.0,0.0
Sess13_impro03_M029,happiness,3.7,4.1,1,(안돼+아) 또 왜?,어,train,0.7,0.0,0.0,0.1,0.2,0.0,0.0
Sess13_impro03_M030,happiness,4.2,3.3,1,o/ 아유 정말 (자기+아 진짜) 때문에 웃는다.,는다,train,0.0,0.0,0.0,0.7,0.3,0.0,0.0
Sess13_impro03_F037,happiness,4.5,4.1,1,아이구 말은 또 이쁘게 해요.,어요,train,0.0,0.0,0.0,1.0,0.0,0.0,0.0
Sess13_impro03_F037,happiness,4.5,4.1,2,내가 오늘 o/ 여보를 위해서 o/ 여보가 좋아하는 거 해줘야지.,어야지,train,0.0,0.0,0.0,1.0,0.0,0.0,0.0
Sess13_impro03_F037,happiness,4.5,4.1,3,뭐 먹 뭐 먹고 싶어?,어,train,0.0,0.0,0.0,1.0,0.0,0.0,0.0
Sess13_impro03_M037,happiness,3.9,3.3,1,b/ 아니 그 됐고 나 그냥 잠만 좀 자게 해줘.,어,train,0.0,0.0,0.0,0.6,0.4,0.0,0.0
Sess13_impro03_F038,happiness,4.8,4.0,1,o/ N/ l/ 아니 얘기하면 재워줄게.,ᆯ게,train,0.0,0.0,0.0,1.0,0.0,0.0,0.0
Sess13_impro03_F038,happiness,4.8,4.0,2,뭐 먹고 싶냐구.,냐구,train,0.0,0.0,0.0,1.0,0.0,0.0,0.0
Sess13_impro03_F038,happiness,4.8,4.0,3,u/ 맛있게 아주 맛있게 (만들어줄게),ᆯ게,train,0.0,0.0,0.0,1.0,0.0,0.0,0.0
Sess13_impro03_M038,happiness,4.0,3.5,1,(만들어줄게+아이 몰라) 나 그냥 잘 거야 잔다.,ᆯ게 | ᆫ다,train,0.0,0.0,0.0,0.9,0.1,0.0,0.0
Sess13_impro03_F039,happiness,4.6,4.0,1,어디가.,어,train,0.0,0.0,0.0,0.8,0.2,0.0,0.0
Sess13_impro03_F039,happiness,4.6,4.0,2,o/ 아 진짜 나 요리 잘하는데 l/ 에구 증말로 내가 저 남자땜에 살지.,지,train,0.0,0.0,0.0,0.8,0.2,0.0,0.0
Sess13_impro03_F040,happiness,4.9,4.6,1,사랑해 여보 l/ 빨리 씻어 갈게.,ᆯ게,train,0.0,0.0,0.0,1.0,0.0,0.0,0.0
Sess13_impro04_M005,sadness,2.0,2.3,1,아니 b/ o/ 내가 뭐 정말 뭐 다이아몬드나 사파이어나 뭐 그런 건 아니여도 어디가서 빠지는 사람은 아니라고 생각은 하는데.,는데,train,0.0,0.1,0.0,0.0,0.2,0.7,0.0
Sess13_impro04_M006,sadness,2.0,2.2,1,미칠 것 같애.,애,train,0.0,0.1,0.0,0.0,0.3,0.6,0.0
Sess13_impro04_F007,sadness,2.9,3.0,1,뭔일이야?,야,train,0.0,0.0,0.0,0.0,0.9,0.0,0.1
Sess13_impro04_F007,sadness,2.9,3.0,2,u/ 어디갔지?,지,train,0.0,0.0,0.0,0.0,0.9,0.0,0.1
Sess13_impro04_M008,anger,2.1,2.5,1,나한텐 말도 안되는 걸로 짜증내는데 o/ b/ 엄마 내 얘기 듣고 있어?,어,train,0.7,0.1,0.0,0.0,0.2,0.0,0.0
Sess13_impro04_F011,anger,2.8,3.0,1,아 듣고 있다니까 (얘기해),다니까 | 어,train,0.0,0.0,0.0,0.0,1.0,0.0,0.0
Sess13_impro04_M011,anger,2.0,2.6,1,(예기해+엄마) 누구편이야.,야,train,0.5,0.1,0.0,0.0,0.2,0.2,0.0
Sess13_impro04_F012,anger,3.2,3.0,1,아 누구편이기는 당연히 우리 아들 편이지.,지,train,0.0,0.0,0.0,0.0,1.0,0.0,0.0
Sess13_impro04_M012,anger,2.1,2.9,1,(이거 환불을 해야되는데+내가 김 부장) 때문에 스트레스를 너무 많이 받아.,어,train,0.6,0.1,0.0,0.0,0.3,0.0,0.0
Sess13_impro04_F013,anger,2.6,3.3,1,김 부장이 또 뭐라 그래?,어,train,0.2,0.0,0.0,0.0,0.8,0.0,0.0
Sess13_impro04_M013,sadness,1.8,2.5,1,b/ 그냥 그러 내가 김 부장 때문에 이런 것도 싫고 (그래+그) 스트레스를 또 거기다가 b/ 지연이하고 싸우고 헤어져서 되 되는 일도 없고 내 얘기 들어줄 사람도 없고.,고,train,0.3,0.0,0.0,0.0,0.1,0.6,0.0
Sess13_impro04_F014,sadness,2.4,2.5,1,아유 헤어졌어?,어,train,0.0,0.0,0.0,0.0,0.3,0.2,0.5
Sess13_impro04_F014,sadness,2.4,2.5,2,아잉 그런 일이 있었구나.,구나,train,0.0,0.0,0.0,0.0,0.3,0.2,0.5
Sess13_impro04_F014,sadness,2.4,2.5,3,엄마가 몰랐네.,네,train,0.0,0.0,0.0,0.0,0.3,0.2,0.5
Sess13_impro04_M014,sadness,1.3,1.9,1,좋아하는 여자가 없어졌을 뿐인데 내 인생이 무너져.,어,train,0.0,0.0,0.0,0.0,0.1,0.9,0.0
Sess13_impro04_M014,sadness,1.3,1.9,2,그 사람이 떠나서 아픈 것보다 이제 나 어떻게 사나 보험같은 사람인데 유일하게 사랑하 좋아하는 사람인데 이제 불안해서 어떻게 사나 이 생각이 자꾸 먼저 들고 o/ 그래서 그런 내가 너무 싫어.,어,train,0.0,0.0,0.0,0.0,0.1,0.9,0.0
Sess13_impro04_F015,sadness,2.8,2.3,1,다 그럴 때가 있는거야.,야,train,0.0,0.0,0.0,0.0,0.6,0.2,0.2
Sess13_impro04_F015,sadness,2.8,2.3,2,너만 그런 거 아니야.,야,train,0.0,0.0,0.0,0.0,0.6,0.2,0.2
Sess13_impro04_M015,anger,1.6,2.1,1,엄마가 뭘 알아.,어,train,0.3,0.3,0.0,0.0,0.2,0.2,0.0
Sess13_impro04_F016,sadness,2.3,2.3,1,그래 맞어.,어,train,0.0,0.1,0.0,0.0,0.3,0.6,0.0
Sess13_impro04_F016,sadness,2.3,2.3,2,나는 b/ 이제는 사랑에 대해서 잘 몰라.,어,train,0.0,0.1,0.0,0.0,0.3,0.6,0.0
Sess13_impro04_F016,sadness,2.3,2.3,3,너네 아빠 돌아가시고 나서 이제 사랑이 뭔지 다 잊어먹은 거 같애.,애,train,0.0,0.1,0.0,0.0,0.3,0.6,0.0
Sess13_impro04_F017,sadness,2.8,2.4,1,근데 사랑이라는게 맛있는 음식을 하는 거처럼 항상 다 맛있을 수는 없어 그지?,어,train,0.0,0.0,0.0,0.0,0.5,0.5,0.0
Sess13_impro04_M017,sadness,1.3,2.1,1,왜 나만 그러는 거 같애?,애,train,0.0,0.0,0.0,0.0,0.0,1.0,0.0
Sess13_impro04_M017,sadness,1.3,2.1,2,왜 나만 깨지고 나만 아프고 막 b/ 왜 나만 사랑땜에 이렇게 비참해져야 하는 건데.,ᆫ데,train,0.0,0.0,0.0,0.0,0.0,1.0,0.0
Sess13_impro04_F019,sadness,2.7,2.2,1,아니야 o/ 너만 그런 거 아니야 다 그래.,야 | 어,train,0.0,0.0,0.0,0.0,0.1,0.9,0.0
Sess13_impro04_F019,sadness,2.7,2.2,2,너랑 헤어진 여자친구도 마음이 아플 거고 너도 아픈만큼 그여자친구도 아플 거고 그리고 엄마두 아빠랑 연애할 때 많이 아팠고 다 똑같은 거야.,야,train,0.0,0.0,0.0,0.0,0.1,0.9,0.0
Sess13_impro04_F019,sadness,2.7,2.2,3,그러니깐 너만 아프다고 생각하지마.,어,train,0.0,0.0,0.0,0.0,0.1,0.9,0.0
Sess13_impro04_F020,sadness,2.6,2.3,1,아들 아프면은 이 엄마 마음도 너무 아프다.,다,train,0.0,0.0,0.0,0.0,0.1,0.9,0.0
Sess13_impro04_M018,sadness,1.9,2.6,1,미안해 그냥 b/ 투정부리고 싶었어.,어,train,0.0,0.1,0.0,0.0,0.4,0.5,0.0
Sess13_impro04_F022,sadness,3.4,2.3,1,(아니야 괜찮아+미안해) 엄마가 미안하다.,어 | 어 | 다,train,0.0,0.0,0.0,0.0,0.7,0.3,0.0
Sess13_impro04_F022,sadness,3.4,2.3,2,너가 아프면 엄마도 아파 엄마 아프면 우리 아들도 아프잖아 그지?,잖아 | 지,train,0.0,0.0,0.0,0.0,0.7,0.3,0.0
Sess13_impro04_F022,sadness,3.4,2.3,3,그니까 우리 씩씩하게 잘 헤쳐나가야지 그지?,어야지,train,0.0,0.0,0.0,0.0,0.7,0.3,0.0
Sess07_script01_M002,anger,2.2,3.2,1,친오빠한테 오지구요 지리구요가 (뭐냐),구요,train,0.5,0.2,0.0,0.0,0.3,0.0,0.0
Sess07_script01_F003,anger,2.0,3.0,1,(뭐냐+친오빠가) 다 얼어 죽었다 어?,냐 | 다,train,0.0,0.7,0.0,0.0,0.3,0.0,0.0
Sess07_script01_M006,anger,2.0,4.0,1,지금 하고 있으니까 끝나고 준다고.,ᆫ다고,train,1.0,0.0,0.0,0.0,0.0,0.0,0.0
Sess07_script01_M008,happiness,4.0,4.1,1,어어 어 어어 어 시작 시작한다.,ᆫ다,train,0.0,0.0,0.0,0.8,0.2,0.0,0.0
Sess07_script01_F009,happiness,1.9,2.6,1,퍽이나 좋겠다.,다,train,0.0,0.9,0.0,0.0,0.1,0.0,0.0
Sess07_script01_M011,happiness,4.7,4.5,1,s/ l/ 야 네개 맞았어 네개 야 이거 어떡할 거야.,어 | 야 | 야,train,0.0,0.0,0.0,1.0,0.0,0.0,0.0
Sess07_script01_M016,happiness,4.9,4.9,1,로또 1등이야.,야,train,0.0,0.0,0.0,0.6,0.0,0.0,0.4
Sess07_script01_M016,happiness,4.9,4.9,2,s/ 이거 어쩔 거야 (이거 어떡해+어떡해 어떡해 u/ 어떡해) l/ 야 나 좀 꼬집어줘봐 이 이게 진짜냐 이게?,야 | 어 | 어 | 어 | 어 | 냐,train,0.0,0.0,0.0,0.6,0.0,0.0,0.4
Sess07_script01_F015,happiness,4.6,4.7,1,야 얼마든지 꼬집어줄게 이로와봐.,어,train,0.0,0.0,0.0,0.7,0.0,0.0,0.3
Sess07_script01_M017,happiness,3.6,4.9,1,아프게 꼬집으면 어떡해.,어,train,0.5,0.0,0.0,0.2,0.0,0.0,0.3
Sess07_script01_F016,happiness,4.6,4.6,1,제대로 꼬집어야 꿈인지 아닌지 알 수 있지.,지,train,0.0,0.0,0.0,0.8,0.1,0.0,0.1
Sess07_script01_M025,happiness,4.6,4.2,1,l/ 이야 이게 돈이 좋긴 좋네.,네,train,0.0,0.0,0.0,1.0,0.0,0.0,0.0
Sess07_script01_F022,happiness,4.4,4.1,1,아 지금 전화 걸게.,ᆯ게,train,0.0,0.0,0.0,0.6,0.4,0.0,0.0
Sess07_script01_F022,happiness,4.4,4.1,2,나 친구들 많은거 알지?,지,train,0.0,0.0,0.0,0.6,0.4,0.0,0.0
Sess07_script01_M026,happiness,4.7,4.1,1,아이 진작에 o/ 그럴 것이지.,지,train,0.0,0.0,0.0,1.0,0.0,0.0,0.0
Sess07_script01_M026,happiness,4.7,4.1,2,l/ 얼마 필요하냐?,냐,train,0.0,0.0,0.0,1.0,0.0,0.0,0.0
Sess07_script01_F025,happiness,4.8,4.7,1,아 오빠 u/ 너무 좋아.,어,train,0.0,0.0,0.0,0.8,0.0,0.0,0.2
Sess07_script01_M029,happiness,4.4,4.2,1,근데 나도 너무 놀라가지고 이게 꿈인가 생신가 싶다.,다,train,0.0,0.0,0.0,0.6,0.1,0.0,0.3
Sess07_script01_M030,happiness,4.4,4.4,1,내일 날 밝으면 이제 고주홍의 시대가 열리는 거야.,야,train,0.0,0.0,0.0,0.9,0.1,0.0,0.0
Sess07_script01_M030,happiness,4.4,4.4,2,이거야.,야,train,0.0,0.0,0.0,0.9,0.1,0.0,0.0
Sess07_script02_M001,happiness,4.2,3.3,1,l/ 이야 저거 봐봐 저 개그맨 웃기지 않아?,어 | 어,train,0.0,0.0,0.0,0.9,0.1,0.0,0.0
Sess07_script02_F001,happiness,1.9,1.9,1,뭐가 그렇게 재밌어?,어,train,0.3,0.2,0.0,0.0,0.5,0.0,0.0
Sess07_script02_M002,happiness,4.0,3.3,1,l/ 아이 웃기잖아.,잖아,train,0.0,0.0,0.0,0.8,0.1,0.0,0.1
Sess07_script02_M002,happiness,4.0,3.3,2,l/ 아이 근데 바나나 맛있다.,다,train,0.0,0.0,0.0,0.8,0.1,0.0,0.1
Sess07_script02_M002,happiness,4.0,3.3,3,어디서 산 거야?,야,train,0.0,0.0,0.0,0.8,0.1,0.0,0.1
Sess07_script02_M005,happiness,4.1,3.5,1,l/ 이야 저거 진짜 웃기다.,다,train,0.0,0.0,0.0,0.8,0.2,0.0,0.0
Sess07_script02_M014,sadness,1.4,4.4,1,b/ 아이 그러니까 저번에 가슴 아프다고 할 때 내가 병원에 가보라고 했잖아.,잖아,train,1.0,0.0,0.0,0.0,0.0,0.0,0.0
Sess07_script02_M015,sadness,1.4,4.3,1,왜 그동안 안 간 거야.,야,train,1.0,0.0,0.0,0.0,0.0,0.0,0.0
Sess07_script02_F012,sadness,1.7,2.5,1,화 낸다고 달라질 건 없어.,어,train,0.0,0.0,0.0,0.0,0.3,0.7,0.0
Sess07_script02_M016,sadness,1.7,3.9,1,b/ 미안해.,어,train,0.0,0.0,0.2,0.0,0.0,0.7,0.1
Sess07_script02_M016,sadness,1.7,3.9,2,소리쳐서 미안해.,어,train,0.0,0.0,0.2,0.0,0.0,0.7,0.1
Sess07_script02_M016,sadness,1.7,3.9,3,이왕 이렇게 된 거 할 수 있는 한 뭐든지 해보자.,자,train,0.0,0.0,0.2,0.0,0.0,0.7,0.1
Sess07_script02_M016,sadness,1.7,3.9,4,일단 수술부터 받자.,자,train,0.0,0.0,0.2,0.0,0.0,0.7,0.1
Sess07_script02_M016,sadness,1.7,3.9,5,요즘 의사들 돌팔이들 많다잖아.,다잖아,train,0.0,0.0,0.2,0.0,0.0,0.7,0.1
Sess07_script02_M016,sadness,1.7,3.9,6,아닐 수도 있어.,어,train,0.0,0.0,0.2,0.0,0.0,0.7,0.1
Sess07_script02_M016,sadness,1.7,3.9,7,그리고 6개월이 아니라 6년 아니 60년을 살 수도 있고 어서 병원에 가자.,자,train,0.0,0.0,0.2,0.0,0.0,0.7,0.1
Sess07_script02_F013,sadness,1.6,2.3,1,괜찮아.,어,train,0.0,0.0,0.0,0.0,0.2,0.8,0.0
Sess07_script02_F013,sadness,1.6,2.3,2,o/ 난 이제 틀린 거 같애.,애,train,0.0,0.0,0.0,0.0,0.2,0.8,0.0
Sess07_script02_M017,sadness,1.5,4.3,1,틀리긴 뭐가 틀려.,어,train,0.9,0.0,0.0,0.0,0.0,0.1,0.0
Sess07_script02_M017,sadness,1.5,4.3,2,빨리 병원에 가자니까.,자니까,train,0.9,0.0,0.0,0.0,0.0,0.1,0.0
Sess07_script02_F014,sadness,1.7,2.6,1,울 아빠 기억하지?,지,train,0.0,0.0,0.0,0.0,0.4,0.6,0.0
Sess07_script02_M018,sadness,1.8,3.2,1,갑자기 아버지 얘긴 왜 꺼내.,어,train,0.1,0.0,0.1,0.0,0.2,0.6,0.0
Sess07_script02_F015,sadness,1.7,2.5,1,사실 우리 아빠도 나랑 같은 병이었어.,어,train,0.0,0.0,0.0,0.0,0.2,0.8,0.0
Sess07_script02_F016,sadness,1.5,2.5,1,미안해.,어,train,0.0,0.0,0.0,0.0,0.0,1.0,0.0
Sess07_script02_F016,sadness,1.5,2.5,2,아빠는 3년동안 폐암으로 병원에 계시다가 돌아가셨어.,어,train,0.0,0.0,0.0,0.0,0.0,1.0,0.0
Sess07_script02_M021,sadness,1.8,3.6,1,그게 중요한게 아니야.,야,train,0.0,0.0,0.2,0.0,0.2,0.6,0.0
Sess07_script02_M021,sadness,1.8,3.6,2,그런 거 중요한게 아니잖아.,잖아,train,0.0,0.0,0.2,0.0,0.2,0.6,0.0
Sess07_script02_M021,sadness,1.8,3.6,3,일단 입원치료 하고 수술받자.,자,train,0.0,0.0,0.2,0.0,0.2,0.6,0.0
Sess07_script02_M021,sadness,1.8,3.6,4,그럼 살 수 있어.,어,train,0.0,0.0,0.2,0.0,0.2,0.6,0.0
Sess07_script02_F017,sadness,1.7,2.6,1,어차피 살 수도 없는데 실나같은 목숨 붙잡아두고 본인도 힘들고 o/ 주위 사람도 힘들고.,고,train,0.0,0.0,0.0,0.0,0.1,0.9,0.0
Sess07_script02_M022,sadness,1.7,3.6,1,아이 그런 생각 하지마.,어,train,0.0,0.0,0.2,0.0,0.1,0.6,0.1
Sess07_script02_M022,sadness,1.7,3.6,2,자 지금도 안 늦었어 일단 정리하고 병원 가자 병원.,어,train,0.0,0.0,0.2,0.0,0.1,0.6,0.1
Sess07_script02_F018,sadness,1.6,2.4,1,무슨 의미가 있었겠어.,어,train,0.0,0.0,0.0,0.0,0.1,0.9,0.0
Sess07_script02_F018,sadness,1.6,2.4,2,3년을 더 사셨다고 아빠는 행복했을까?,을까,train,0.0,0.0,0.0,0.0,0.1,0.9,0.0
Sess07_script02_M023,sadness,1.6,3.8,1,왜 이래.,어,train,0.1,0.0,0.2,0.0,0.0,0.7,0.0
Sess07_script02_M023,sadness,1.6,3.8,2,왜 이리 약한 생각을 (해),어,train,0.1,0.0,0.2,0.0,0.0,0.7,0.0
Sess07_script02_F019,sadness,1.6,3.5,1,(해+나도) 살고싶어.,어,train,0.1,0.0,0.0,0.0,0.0,0.9,0.0
Sess07_script02_F019,sadness,1.6,3.5,2,나도 사람인데.,ᆫ데,train,0.1,0.0,0.0,0.0,0.0,0.9,0.0
Sess07_script02_F020,sadness,1.4,2.8,1,하 근데 싸우기엔 너무 지쳤고 늦었어.,어,train,0.0,0.0,0.0,0.0,0.0,1.0,0.0
Sess07_script02_F021,sadness,1.6,3.0,1,우리 애들 잘 부탁해.,어,train,0.0,0.0,0.0,0.0,0.2,0.8,0.0
Sess07_script02_F021,sadness,1.6,3.0,2,그리고 남은 시간 우리 행복하게 지내면 되지.,지,train,0.0,0.0,0.0,0.0,0.2,0.8,0.0
Sess07_script02_F021,sadness,1.6,3.0,3,o/ 나 행복하고 싶어.,어,train,0.0,0.0,0.0,0.0,0.2,0.8,0.0
Sess07_script02_F021,sadness,1.6,3.0,4,o/ 그리고 행복하게 죽고싶어 예쁜 모습 좋은 모습만 남기고 싶어.,어,train,0.0,0.0,0.0,0.0,0.2,0.8,0.0
Sess07_script02_F022,sadness,1.8,2.8,1,여보 나 마지막 부탁이 있는데 둘째 결혼시키고 당신도 재혼해.,어,train,0.0,0.0,0.0,0.0,0.2,0.8,0.0
Sess07_script02_F022,sadness,1.8,2.8,2,혹시나 애들 결혼 전에 재혼하면 애들도 상처받을 수 있으니까.,으니까,train,0.0,0.0,0.0,0.0,0.2,0.8,0.0
Sess07_script02_F022,sadness,1.8,2.8,3,애들 결혼만 시켜주라.,라,train,0.0,0.0,0.0,0.0,0.2,0.8,0.0
Sess07_script02_F022,sadness,1.8,2.8,4,그리도 좋은 여자 만나 알겠지?,지,train,0.0,0.0,0.0,0.0,0.2,0.8,0.0
Sess07_script03_M008,happiness,4.1,3.7,1,그럼 궁금하지.,지,train,0.0,0.0,0.0,0.6,0.4,0.0,0.0
Sess07_script03_F010,happiness,3.5,3.7,1,뭐 어때.,어,train,0.4,0.0,0.0,0.1,0.5,0.0,0.0
Sess07_script03_F010,happiness,3.5,3.7,2,나 오빠 여잔데.,ᆫ데,train,0.4,0.0,0.0,0.1,0.5,0.0,0.0
Sess07_script03_F010,happiness,3.5,3.7,3,내가 부끄러워?,어,train,0.4,0.0,0.0,0.1,0.5,0.0,0.0
Sess07_script03_M011,happiness,4.7,4.2,1,아이 아이 l/ 그게 아니라 아이 갑 갑자기 그러니까 당연히 그 당황하지 그.,지,train,0.0,0.0,0.0,0.9,0.1,0.0,0.0
Sess07_script03_M022,sadness,2.5,2.8,1,미안해.,어,train,0.0,0.0,0.0,0.0,0.3,0.7,0.0
Sess07_script03_M022,sadness,2.5,2.8,2,b/ 아 그 사실 이번에도 월급을 못 받았어.,어,train,0.0,0.0,0.0,0.0,0.3,0.7,0.0
Sess07_script03_F023,happiness,4.0,3.6,1,오빠 너무 웃기다.,다,train,0.0,0.0,0.0,0.8,0.2,0.0,0.0
Sess07_script03_M023,happiness,2.9,3.1,1,이런 선물 받으니 어이가 없지?,지,train,0.0,0.0,0.0,0.0,0.3,0.6,0.1
Sess07_script03_F024,happiness,4.0,3.8,1,어 그러니까 젓가락 100개라는게 l/ 우리 만난지 100일 되는 날이라서 준비했다는 거야?,야,train,0.0,0.0,0.0,0.9,0.1,0.0,0.0
Sess07_script03_M025,sadness,2.2,2.8,1,그치 응 여진이 너가 생각해도 젓가락 100개는 좀 심했지?,지,train,0.0,0.0,0.0,0.0,0.4,0.6,0.0
Sess07_script03_M025,sadness,2.2,2.8,2,b/ 미안해.,어,train,0.0,0.0,0.0,0.0,0.4,0.6,0.0
Sess07_script03_F030,happiness,4.1,3.5,1,오빠는 젓가락 줬지만 나는 좋은 거 줄게.,ᆯ게,train,0.0,0.0,0.0,0.4,0.6,0.0,0.0
Sess07_script03_M029,happiness,4.1,3.6,1,이게 뭔데?,ᆫ데,train,0.0,0.0,0.0,0.4,0.3,0.0,0.3
Sess07_script03_M033,happiness,4.5,4.3,1,b/ 여진아 사랑한다.,ᆫ다,train,0.0,0.0,0.0,1.0,0.0,0.0,0.0
Sess07_script03_M033,happiness,4.5,4.3,2,정말 사랑해.,어,train,0.0,0.0,0.0,1.0,0.0,0.0,0.0
Sess07_script05_M002,anger,1.4,4.2,1,아 씨 그러니까 나 말렸어야지.,어야지,train,0.7,0.0,0.1,0.0,0.0,0.0,0.2
Sess07_script05_M002,anger,1.4,4.2,2,술 먹어서 운전 안 한다고 했잖아.,잖아,train,0.7,0.0,0.1,0.0,0.0,0.0,0.2
Sess07_script05_F002,anger,2.0,3.6,1,일단 112에 신고하자.,자,train,0.0,0.0,0.6,0.0,0.0,0.0,0.4
Sess07_script05_M006,anger,1.4,4.5,1,그러니까 이 야밤에 돌아다니다가 내 차에 치이고 난리야 이 씨발 (진짜+지섭씨) b/ 아 깜짝이야 u/.,야 | 야,train,0.5,0.0,0.3,0.0,0.0,0.0,0.2
Sess07_script05_M013,anger,1.4,4.3,1,우리 술 마셨잖아.,잖아,train,0.9,0.0,0.0,0.0,0.1,0.0,0.0
Sess07_script05_M016,anger,1.5,3.9,1,b/ 너 내가 망가지길 바래?,어,train,0.9,0.0,0.0,0.0,0.1,0.0,0.0
Sess07_script05_M016,anger,1.5,3.9,2,내가 인생 바닥으로 떨어지길 (원하냐고),냐고,train,0.9,0.0,0.0,0.0,0.1,0.0,0.0
Sess07_script05_F012,anger,1.6,3.9,1,(원하냐고+지섭씨) 사람 목숨이 달린 거잖아.,잖아,train,0.0,0.0,0.7,0.0,0.2,0.0,0.1
Sess07_script05_F012,anger,1.6,3.9,2,일단 찾아보자.,자,train,0.0,0.0,0.7,0.0,0.2,0.0,0.1
Sess07_script05_F012,anger,1.6,3.9,3,혹시 모르니까 경찰에 신고도 해보고 내가 전화할게.,ᆯ게,train,0.0,0.0,0.7,0.0,0.2,0.0,0.1
Sess07_script05_M017,anger,1.5,4.0,1,야 전화기 내려놔.,어,train,0.9,0.0,0.0,0.0,0.1,0.0,0.0
Sess07_script05_F013,anger,1.6,3.8,1,지섭씨 왜그래?,어,train,0.0,0.0,0.6,0.0,0.1,0.0,0.3
Sess07_script05_M018,anger,1.6,3.7,1,자꾸 이러면 나도 이상 못 참아.,어,train,1.0,0.0,0.0,0.0,0.0,0.0,0.0
Sess07_script05_M019,anger,1.5,4.0,1,너도 사라지게 해줘?,어,train,1.0,0.0,0.0,0.0,0.0,0.0,0.0
Sess07_script05_F014,anger,1.5,3.8,1,지금 계속 무슨 말이야?,야,train,0.0,0.0,0.7,0.0,0.0,0.0,0.3
Sess07_script05_M020,anger,1.3,4.4,1,지금 니가 나한테 하는 짓이 더 이상해.,어,train,1.0,0.0,0.0,0.0,0.0,0.0,0.0
Sess07_script05_M021,anger,1.3,4.3,1,날 지금 망가뜨리려고 하고 있잖아 니가.,잖아,train,1.0,0.0,0.0,0.0,0.0,0.0,0.0
Sess07_script05_M021,anger,1.3,4.3,2,그딴거 안 중요해.,어,train,1.0,0.0,0.0,0.0,0.0,0.0,0.0
Sess07_script05_M021,anger,1.3,4.3,3,너 입만 뻥끗해봐.,어,train,1.0,0.0,0.0,0.0,0.0,0.0,0.0
Sess07_script05_M021,anger,1.3,4.3,4,너도 똑같이 만들어 줄테니까.,니까,train,1.0,0.0,0.0,0.0,0.0,0.0,0.0
Sess07_script05_F015,anger,1.4,3.4,1,지섭씨 무서워.,어,train,0.0,0.0,0.9,0.0,0.1,0.0,0.0
Sess07_script05_M022,anger,1.3,4.2,1,진짜 무서운게 뭔지 보여줘?,어,train,1.0,0.0,0.0,0.0,0.0,0.0,0.0
Sess07_script05_M022,anger,1.3,4.2,2,오늘 있었던 일은 너랑 나랑만 아는 거야.,야,train,1.0,0.0,0.0,0.0,0.0,0.0,0.0
Sess07_script05_M022,anger,1.3,4.2,3,아무도 못 봤어 그러니까 너 입닥치고 가만히 있어.,어 | 어,train,1.0,0.0,0.0,0.0,0.0,0.0,0.0
Sess07_script05_M022,anger,1.3,4.2,4,오늘 우린 고라니를 친 거야.,야,train,1.0,0.0,0.0,0.0,0.0,0.0,0.0
Sess07_script05_M022,anger,1.3,4.2,5,어차피 죽었는지 살았는지도 모르잖아.,잖아,train,1.0,0.0,0.0,0.0,0.0,0.0,0.0
Sess07_script05_M022,anger,1.3,4.2,6,알 바 없잖아.,어,train,1.0,0.0,0.0,0.0,0.0,0.0,0.0
Sess07_script05_M023,anger,1.3,4.3,1,그리고 너도 똑바로 들어.,어,train,1.0,0.0,0.0,0.0,0.0,0.0,0.0
Sess07_script05_M024,anger,1.3,4.6,1,넌 차에서 내려도 저 경찰에 전화해도 너 죽어.,어,train,1.0,0.0,0.0,0.0,0.0,0.0,0.0
Sess07_script05_M024,anger,1.3,4.6,2,알았어?,어,train,1.0,0.0,0.0,0.0,0.0,0.0,0.0
Sess07_script05_F016,anger,1.4,3.7,1,o/ b/ 아 알았어.,어,train,0.0,0.0,1.0,0.0,0.0,0.0,0.0
Sess07_script05_M025,anger,1.9,3.9,1,잊어.,어,train,0.4,0.0,0.3,0.0,0.3,0.0,0.0
Sess07_script05_M025,anger,1.9,3.9,2,다 잊는 거야.,야,train,0.4,0.0,0.3,0.0,0.3,0.0,0.0
Sess07_script05_M025,anger,1.9,3.9,3,그럼 다시 원래대로 돌아갈 수 있어.,어,train,0.4,0.0,0.3,0.0,0.3,0.0,0.0
Sess07_script05_M031,anger,1.3,4.6,1,완전히 끝을 내야지.,어야지,train,0.4,0.0,0.4,0.0,0.0,0.0,0.2
Sess07_script06_M019,anger,4.6,3.8,1,u/ l/ 아유 아이 잘 하시네요.,네요,train,0.0,0.0,0.0,0.8,0.2,0.0,0.0
Sess07_script06_M019,anger,4.6,3.8,2,아이 목소리가 너무 작다 좀 더 크게.,다,train,0.0,0.0,0.0,0.8,0.2,0.0,0.0
Sess07_script06_M020,anger,1.8,3.7,1,아니 무슨 말을 그렇게 합니까?,ᆸ니까,train,0.8,0.0,0.0,0.0,0.1,0.0,0.1
Sess07_script06_F020,anger,1.5,4.3,1,(면접실에서+신성) 신성 좋아하고 자빠졌네.,네,train,0.9,0.1,0.0,0.0,0.0,0.0,0.0
Sess07_script06_F020,anger,1.5,4.3,2,이력서 한줄 채우려고 내가 특기를 좀 과장되게 썼지만 그렇다고 이거 이런 식으로 엮는게 오히려 신성모독 아닌가요?,ᆫ가요,train,0.9,0.1,0.0,0.0,0.0,0.0,0.0
Sess07_script06_F020,anger,1.5,4.3,3,b/ 당신네들 습관인 거 같은데 가뜩이나 취직 안돼서 괴로워 죽겠는데 사람을 갖고 놀아요?,어요,train,0.9,0.1,0.0,0.0,0.0,0.0,0.0
Sess07_script06_F021,anger,1.4,4.2,1,아무리 약자라도 기본적이고 인간적인 대우를 해줘야 될 거 아니야.,야,train,1.0,0.0,0.0,0.0,0.0,0.0,0.0
Sess07_script06_F021,anger,1.4,4.2,2,시간 때우려고 니들 심심풀이 땅콩으로 채우려고 지원자 갖고 놀지 말라구요.,라구요,train,1.0,0.0,0.0,0.0,0.0,0.0,0.0
Sess07_script06_M021,anger,1.3,4.1,1,아 그럼 나가세요.,세요,train,0.8,0.1,0.0,0.0,0.1,0.0,0.0
Sess07_script06_M021,anger,1.3,4.1,2,당신 말고도 지원자 널렸어.,어,train,0.8,0.1,0.0,0.0,0.1,0.0,0.0
Sess07_impro01_M012,anger,2.2,3.2,1,뭐라구요?,라구요,train,0.5,0.1,0.0,0.0,0.2,0.0,0.2
Sess07_impro01_M013,anger,2.0,3.3,1,내가 못 했으면 여기 메인셰프 했겠어요?,어요,train,0.7,0.2,0.0,0.0,0.1,0.0,0.0
Sess07_impro01_M013,anger,2.0,3.3,2,o/ 아니 오일을 마지막에 넣으면 어떡하냐고.,냐고,train,0.7,0.2,0.0,0.0,0.1,0.0,0.0
Sess07_impro01_M014,anger,1.9,3.8,1,짬뽕에 생명은 처음에 시작할 때 그 파기름 파기름 파기름에 나는 불향이 제일 중요한 거 몰라요?,어요,train,0.8,0.1,0.0,0.0,0.1,0.0,0.0
Sess07_impro01_F013,anger,1.6,3.9,1,네 모르는데요.,는데,train,0.8,0.2,0.0,0.0,0.0,0.0,0.0
Sess07_impro01_M017,anger,1.9,3.6,1,정량같은 소리하고 앉아 l/ 저기 정량 컵 있어요.,어요,train,0.8,0.2,0.0,0.0,0.0,0.0,0.0
Sess07_impro01_F016,anger,1.5,3.9,1,(모르겠으면+보셨어요) 저 숟가락으로 한 한 숟갈 넣어요 한 숟갈.,어요 | 어요,train,0.9,0.0,0.0,0.0,0.1,0.0,0.0
Sess07_impro01_M018,anger,1.9,3.5,1,(그래요+내가 봤는데) o/ 내가 봤는데 한 숟갈이래면 백그람 정량에 스푼을 쓰셨어야지 왜 오백그람 o/ 정량의 숟갈을 썼었냐구.,냐구,train,0.8,0.2,0.0,0.0,0.0,0.0,0.0
Sess07_impro01_M020,anger,1.6,4.4,1,o/ 나도 눈도 있고 나도 좋아하는 사람 이상형이라는 게 있어요.,어요,train,0.8,0.1,0.0,0.0,0.0,0.0,0.1
Sess07_impro01_F019,anger,1.5,4.1,1,제가 뭐 어리고 그래서 아는데요.,는데요,train,0.9,0.1,0.0,0.0,0.0,0.0,0.0
Sess07_impro01_F019,anger,1.5,4.1,2,그래도 이건 아니죠.,죠,train,0.9,0.1,0.0,0.0,0.0,0.0,0.0
Sess07_impro01_F019,anger,1.5,4.1,3,뭐 제가 뭐 요리하는 거마다 다 시비걸면 저 곤란하죠.,죠,train,0.9,0.1,0.0,0.0,0.0,0.0,0.0
Sess07_impro01_M021,anger,1.5,4.1,1,요리 하는 것마다 시비 거는게 중요한 게 아니라 음식에 맛을 내는 집에서 맛이 드럽게 없으니까 하는 말 아니에요.,에요,train,1.0,0.0,0.0,0.0,0.0,0.0,0.0
Sess07_impro01_F020,anger,1.4,4.4,1,맛이 드럽게 있으니까 사람들이 몰려오죠.,죠,train,1.0,0.0,0.0,0.0,0.0,0.0,0.0
Sess07_impro01_M022,anger,1.5,3.4,1,사람은 그쪽 이미지랑 그쪽 인기 때문에 오는 거예요.,예요,train,0.7,0.1,0.0,0.0,0.2,0.0,0.0
Sess07_impro01_M024,anger,1.6,3.6,1,(아+내가) 여기 메인셰프로 있긴 있는데 내가 돈만 버는 순간 이놈의 빌어먹을 레스토랑에서 나갈거야 내가 어?,야,train,0.6,0.4,0.0,0.0,0.0,0.0,0.0
Sess07_impro01_F023,anger,1.8,3.4,1,그럼 나가세요.,세요,train,0.5,0.3,0.0,0.0,0.2,0.0,0.0
Sess07_impro01_F023,anger,1.8,3.4,2,아무도 안 잡는데.,는데,train,0.5,0.3,0.0,0.0,0.2,0.0,0.0
Sess07_impro01_M025,anger,1.7,3.3,1,b/ 지금은 못 나가니까 이러고 얘기하는 거 아니에요.,에요,train,0.8,0.2,0.0,0.0,0.0,0.0,0.0
Sess07_impro01_M025,anger,1.7,3.3,2,짬뽕은 예나 씨 맘대로 하시고 탕수육 탕수육 이거 어떡할거예요.,예요,train,0.8,0.2,0.0,0.0,0.0,0.0,0.0
Sess07_impro01_M026,anger,1.6,3.9,1,튀김 옷에 이거 눅눅한 거 이거 반죽을 어떻게 했길래 이런 거냐구.,냐구,train,0.7,0.2,0.0,0.0,0.1,0.0,0.0
Sess07_impro01_M026,anger,1.6,3.9,2,다 죽어빠진 돼지고기 내가 n/ 탕수육에 쓰는 돼지고기 정량급 맞춰가지구 반죽해가지고 숙성해가지구.,구,train,0.7,0.2,0.0,0.0,0.1,0.0,0.0
Sess07_impro01_M027,anger,1.7,3.4,1,아 그렇게 눈대중으로 하실 거면 집에서 그냥 주부나 하시지 왜 기어나와가지고 그거 셰프한다고 (난리에요),에요,train,0.6,0.3,0.0,0.0,0.1,0.0,0.0
Sess07_impro01_F025,anger,1.7,4.2,1,(난리에요+아니에요) 저도 나름 요리 일가견이 있구요.,에요 | 에요 | 구요,train,1.0,0.0,0.0,0.0,0.0,0.0,0.0
Sess07_impro01_M029,anger,1.9,3.0,1,(너무 화가나서 못 참겠네요+예에에 언론) 못 참으면 어쩔건데요?,네요 | ᆫ데,train,0.4,0.3,0.0,0.0,0.3,0.0,0.0
Sess07_impro01_M030,anger,1.5,4.2,1,아니 요리를 하는데 기본적인 정량이랑 정해져 있는 레시피대로 하셨어야지 음식을 퓨전으로 만들 거면 레스토랑 이름에 퓨전 음식점이라고 적어놓지 그랬어요.,어요,train,0.9,0.0,0.0,0.0,0.1,0.0,0.0
Sess07_impro01_F027,anger,1.4,4.3,1,(중하요리 전문점이라고 안 하고+지금 그게 아니라) 지금 당신은 인격을 자근자근 짓밟고 있잖아요.,잖아요,train,1.0,0.0,0.0,0.0,0.0,0.0,0.0
Sess07_impro01_M031,anger,1.5,4.1,1,내가 인격을 자근자근 짓밟지 않게끔 만드세요 그럼.,세요,train,1.0,0.0,0.0,0.0,0.0,0.0,0.0
Sess07_impro01_F028,anger,1.5,4.2,1,b/ 하 지금 말 다했어요 지금?,어요,train,1.0,0.0,0.0,0.0,0.0,0.0,0.0
Sess07_impro01_F029,anger,1.4,4.3,1,그 놈의 자랑질 자랑질 지겨워 죽겠어.,어,train,0.6,0.4,0.0,0.0,0.0,0.0,0.0
Sess07_impro01_F029,anger,1.4,4.3,2,지겨워 지겨워 지겨워.,어,train,0.6,0.4,0.0,0.0,0.0,0.0,0.0
Sess07_impro01_F030,anger,1.5,4.1,1,(그렇게+아 나도) 알아요.,어요,train,0.9,0.1,0.0,0.0,0.0,0.0,0.0
Sess07_impro01_M035,anger,1.9,3.7,1,(거 내가 다하고 있잖아요.,잖아요,train,0.6,0.3,0.0,0.0,0.1,0.0,0.0
Sess07_impro01_M035,anger,1.9,3.7,2,참나+당신이 하세요 당신이),세요,train,0.6,0.3,0.0,0.0,0.1,0.0,0.0
Sess07_impro01_M036,anger,1.8,3.4,1,b/ 그런 기분으로 요리를 한번 만들어봐요 예?,어요,train,0.6,0.2,0.0,0.0,0.2,0.0,0.0
Sess07_impro01_M036,anger,1.8,3.4,2,아니 직접 한번 만들어보시라구요.,라구요,train,0.6,0.2,0.0,0.0,0.2,0.0,0.0
Sess07_impro01_F033,anger,1.5,4.0,1,저 오늘부로 안들어올 거예요.,예요,train,1.0,0.0,0.0,0.0,0.0,0.0,0.0
Sess07_impro01_M037,anger,1.9,3.5,1,왜 안 들어와요.,어요,train,0.6,0.1,0.0,0.0,0.3,0.0,0.0
Sess07_impro01_M037,anger,1.9,3.5,2,만약에 예나 씨가 요리를 만들어서 맛이 있다 이러면 나 다시는 입 아 뻥긋도 안 할게요.,다 | ᆯ게요,train,0.6,0.1,0.0,0.0,0.3,0.0,0.0
Sess07_impro01_M037,anger,1.9,3.5,3,조용히 예나 씨 말 듣겠습니다.,습니다,train,0.6,0.1,0.0,0.0,0.3,0.0,0.0
Sess07_impro01_M037,anger,1.9,3.5,4,u/ 셰프로 내려갈게요.,ᆯ게요,train,0.6,0.1,0.0,0.0,0.3,0.0,0.0
Sess07_impro02_F006,anger,2.4,3.0,1,김 부장 왜 일단 일루와봐 앉어봐 여기여기.,어 | 어,train,0.1,0.0,0.0,0.0,0.7,0.1,0.1
Sess07_impro02_M007,anger,1.6,4.0,1,김 부장이 진짜 내가 오늘 나 몇달 째 준비했던 그거 o/ 그 프로젝트 알지 엄마?,지,train,0.9,0.0,0.0,0.0,0.1,0.0,0.0
Sess07_impro02_F008,anger,2.5,2.8,1,알지 김 부장 걔 또 그런다니?,지 | ᆫ다니,train,0.2,0.3,0.0,0.0,0.5,0.0,0.0
Sess07_impro02_M008,anger,1.6,4.3,1,b/ 내가 그 프로젝트 갖고 김 부장 부장실에 갔어 o/ 가가지고 어?,어,train,0.9,0.0,0.0,0.0,0.0,0.1,0.0
Sess07_impro02_M009,anger,1.7,3.3,1,갑자기 파를 왜 찾아.,어,train,0.7,0.0,0.0,0.0,0.2,0.0,0.1
Sess07_impro02_F010,anger,3.0,3.0,1,아니야 아니야 엄마가 엄마가 아니야 마음의 소리 하는.,야,train,0.0,0.0,0.0,0.0,0.8,0.0,0.2
Sess07_impro02_M010,anger,1.7,3.1,1,내 말 안듣지 엄마.,지,train,0.7,0.0,0.0,0.0,0.3,0.0,0.0
Sess07_impro02_F011,anger,2.8,3.1,1,아 들어 듣지 우리아들 김 부장이 그랬다고 했잖아.,잖아,train,0.0,0.0,0.0,0.0,0.9,0.0,0.1
Sess07_impro02_M011,anger,1.4,4.3,1,그래 그래서 내가 김 부장 부장실에 들어가가지고 내가 o/ 프로젝트 딱 보여줬어.,어,train,1.0,0.0,0.0,0.0,0.0,0.0,0.0
Sess07_impro02_M011,anger,1.4,4.3,2,근데 그 서류를 막 집어던지느니 이게 프로젝트냐고 하면서 막 신경질을 내는 거 아니야 나한테.,야,train,1.0,0.0,0.0,0.0,0.0,0.0,0.0
Sess07_impro02_F012,anger,2.3,2.6,1,파가 이상한데 뭐지 이거?,지,train,0.0,0.0,0.0,0.0,1.0,0.0,0.0
Sess07_impro02_F012,anger,2.3,2.6,2,내일 가야되나.,나,train,0.0,0.0,0.0,0.0,1.0,0.0,0.0
Sess07_impro02_M014,anger,1.8,3.4,1,내 말 안 듣지?,지,train,0.7,0.0,0.0,0.0,0.2,0.1,0.0
Sess07_impro02_F014,anger,2.9,3.1,1,다 듣고 있어 지금 잠깐 쉬는 타임 아니야?,어 | 야,train,0.0,0.0,0.0,0.0,1.0,0.0,0.0
Sess07_impro02_M015,anger,1.5,4.1,1,뭘 쉬는 타임이야.,야,train,0.9,0.0,0.0,0.0,0.0,0.1,0.0
Sess07_impro02_F015,anger,2.8,3.6,1,엄마 다 듣고 있어.,어,train,0.0,0.0,0.0,0.0,0.9,0.0,0.1
Sess07_impro02_F015,anger,2.8,3.6,2,아들 얘기 다 듣고 있지 엄마가.,지,train,0.0,0.0,0.0,0.0,0.9,0.0,0.1
Sess07_impro02_M016,anger,1.5,4.0,1,아 진짜 진짜 세상 사람들 다 무시해 다 나만 o/ 무시해.,어 | 어,train,0.5,0.0,0.0,0.0,0.1,0.4,0.0
Sess07_impro02_F016,sadness,2.7,3.7,1,아 김 부장이 서류를 보여줬는데 막 u/ 했다 메.,어,train,0.0,0.0,0.0,0.0,1.0,0.0,0.0
Sess07_impro02_F018,sadness,2.3,3.3,1,잘 나진 않았지.,지,train,0.0,0.1,0.0,0.0,0.8,0.0,0.1
Sess07_impro02_F019,sadness,2.4,3.2,1,아이 막 잘 나진 않았지만 못 나지도 않았어 솔직히.,어,train,0.0,0.0,0.0,0.0,1.0,0.0,0.0
Sess07_impro02_M021,sadness,1.7,3.3,1,현서가 헤어지자더라 엄마.,더라,train,0.0,0.0,0.0,0.0,0.2,0.8,0.0
Sess07_impro02_F021,sadness,2.6,3.6,1,어머 현서가 헤어지재?,재,train,0.0,0.0,0.0,0.0,0.1,0.0,0.9
Sess07_impro02_F022,sadness,2.2,3.5,1,바람 폈구나 니가.,구나,train,0.0,0.1,0.0,0.0,0.4,0.0,0.5
Sess07_impro02_M023,anger,1.5,4.2,1,아니야 내가 무슨 바람 필 애야?,야,train,0.8,0.0,0.0,0.0,0.0,0.1,0.1
Sess07_impro02_M024,sadness,1.6,3.6,1,o/ 전화는 했는데 그래 했어 전화까지는.,어,train,0.3,0.0,0.0,0.0,0.1,0.6,0.0
Sess07_impro02_F024,anger,1.9,3.8,1,엄마가 술처먹고 지랄하지 말라했지 현서한테.,지,train,0.7,0.1,0.0,0.0,0.2,0.0,0.0
Sess07_impro02_M025,anger,1.5,3.9,1,c/ 술만 먹으면 현서가 보고 싶은 걸 어떡해.,어,train,0.0,0.0,0.0,0.0,0.1,0.9,0.0
Sess07_impro02_F025,anger,1.9,3.1,1,u/ 하나 몰라 o/ 내가.,어,train,0.6,0.3,0.0,0.0,0.1,0.0,0.0
Sess07_impro02_M026,sadness,1.2,4.0,1,c/ 전화했는데 막 뭐야.,야,train,0.1,0.0,0.0,0.0,0.0,0.9,0.0
Sess07_impro02_M026,sadness,1.2,4.0,2,만나자마자 나한테 잔소리를 하더라고.,더라고,train,0.1,0.0,0.0,0.0,0.0,0.9,0.0
Sess07_impro02_M026,sadness,1.2,4.0,3,너 술 먹고 그렇게 하면 안 된다 술 먹고 조심해야 된다 어 날도 추운데 어 술 먹고 그렇게 밖에서 자면 안 된다 집에 들어가라.,ᆫ다 | ᆫ다 | 어라,train,0.1,0.0,0.0,0.0,0.0,0.9,0.0
Sess07_impro02_M026,sadness,1.2,4.0,4,b/ 그러다가 내가 잔소리만 하니까 신경질 나가지고 뭐라 했지.,지,train,0.1,0.0,0.0,0.0,0.0,0.9,0.0
Sess07_impro02_M026,sadness,1.2,4.0,5,그렇게 하다가 싸우고 싸우고 헤어지재.,재,train,0.1,0.0,0.0,0.0,0.0,0.9,0.0
Sess07_impro02_M026,sadness,1.2,4.0,6,더 이상 나랑 못 만나겠대.,대,train,0.1,0.0,0.0,0.0,0.0,0.9,0.0
Sess07_impro02_F026,sadness,2.7,3.0,1,잘했네.,네,train,0.0,0.1,0.0,0.0,0.6,0.3,0.0
Sess07_impro02_F026,sadness,2.7,3.0,2,잘했어 잘했어 아들.,어 | 어,train,0.0,0.1,0.0,0.0,0.6,0.3,0.0
Sess07_impro02_F026,sadness,2.7,3.0,3,잘 헤어졌어.,어,train,0.0,0.1,0.0,0.0,0.6,0.3,0.0
Sess07_impro02_F026,sadness,2.7,3.0,4,아휴 됐어 다 그런 거야.,어 | 야,train,0.0,0.1,0.0,0.0,0.6,0.3,0.0
Sess07_impro02_F026,sadness,2.7,3.0,5,엄마도 다 네 나이 때는 그렇게 이별하고 다 치이 이리 치이고 저리 치이고 그래서 이 자리에 온 거잖아.,잖아,train,0.0,0.1,0.0,0.0,0.6,0.3,0.0
Sess07_impro02_M027,anger,1.7,3.0,1,뭘 알어.,어,train,0.6,0.1,0.0,0.0,0.1,0.2,0.0
Sess07_impro02_M027,anger,1.7,3.0,2,엄마가 뭘 아는데.,는데,train,0.6,0.1,0.0,0.0,0.1,0.2,0.0
Sess07_impro02_F027,anger,2.3,3.0,1,엄만 다 알아.,어,train,0.1,0.0,0.0,0.0,0.8,0.1,0.0
Sess07_impro02_F027,anger,2.3,3.0,2,너도 엄마 나이 돼 봐 다 알아.,어 | 어,train,0.1,0.0,0.0,0.0,0.8,0.1,0.0
Sess07_impro02_M030,sadness,1.8,3.4,1,맨날 나만 슬픈 거야.,야,train,0.1,0.0,0.0,0.0,0.2,0.7,0.0
Sess07_impro02_M030,sadness,1.8,3.4,2,왜 나만 이런 거야.,야,train,0.1,0.0,0.0,0.0,0.2,0.7,0.0
Sess07_impro02_M031,sadness,1.5,3.8,1,c/ 나만 불행하고 다른 사람들 다 행복해 보여.,어,train,0.3,0.0,0.0,0.0,0.1,0.6,0.0
Sess07_impro02_F030,sadness,2.6,3.3,1,다른 사람도 다 불행하고 너처럼 다 힘들고 나만 힘들고 나만 아프고 나만 다 그래.,어,train,0.2,0.0,0.0,0.0,0.7,0.1,0.0
Sess07_impro02_F031,sadness,2.7,3.1,1,우리 아들만 그런 거 아니야.,야,train,0.1,0.0,0.0,0.0,0.8,0.1,0.0
Sess07_impro02_M033,sadness,1.6,3.7,1,알어 알지.,어 | 지,train,0.0,0.0,0.0,0.0,0.0,1.0,0.0
Sess07_impro02_M033,sadness,1.6,3.7,2,알지 근데 c/ 엄마만 보면 투정부리고 싶고 그냥 그런 거야.,지 | 야,train,0.0,0.0,0.0,0.0,0.0,1.0,0.0
Sess07_impro02_F032,sadness,3.1,2.8,1,엄마만 보면 투정부리고 싶고 그랬어?,어,train,0.1,0.0,0.0,0.0,0.8,0.1,0.0
Sess07_impro02_F033,sadness,2.8,3.0,1,그래 엄마한테만 그러는 거야 엄마한테만.,야,train,0.0,0.0,0.0,0.0,1.0,0.0,0.0
Sess07_impro02_F033,sadness,2.8,3.0,2,엄마니까 다른데서 그러면 안돼 현서한테 빨리 가서 미안하다고 하고.,어,train,0.0,0.0,0.0,0.0,1.0,0.0,0.0
Sess07_impro02_F034,anger,2.4,3.3,1,왜 안 해?,어,train,0.7,0.0,0.0,0.0,0.3,0.0,0.0
Sess07_impro02_F034,anger,2.4,3.3,2,o/ 현서가 무슨 잘못이야?,야,train,0.7,0.0,0.0,0.0,0.3,0.0,0.0
Sess07_impro02_M036,anger,1.4,3.6,1,내가 못 나서.,어,train,0.1,0.0,0.0,0.0,0.1,0.8,0.0
Sess07_impro02_F035,sadness,2.9,3.2,1,됐고 맛있는 거 먹으면서 기분이나 풀자.,자,train,0.0,0.0,0.0,0.0,0.9,0.1,0.0
Sess07_impro02_F036,sadness,3.2,2.9,1,닭볶음탕 한다니까.,ᆫ다니까,train,0.1,0.0,0.0,0.1,0.8,0.0,0.0
Sess07_impro02_F036,sadness,3.2,2.9,2,(닭볶음탕+우리) 아들 젤로 좋아하는 거잖아.,잖아,train,0.1,0.0,0.0,0.1,0.8,0.0,0.0
Sess07_impro02_F037,sadness,3.1,2.9,1,청양고추 다섯 개 썰어 넣을게.,을게,train,0.1,0.0,0.0,0.0,0.9,0.0,0.0
Sess07_impro03_M017,anger,1.7,3.7,1,그때 오더 하신 건 부장님이시고 그리고 회계비리 저 징계위원회 가서 가만히 있지 않을 거예요 저 저 회계비리도 그 챙겨갖고 갈 거예요.,예요 | 예요,train,0.7,0.0,0.2,0.0,0.0,0.1,0.0
Sess07_impro03_M020,anger,1.7,3.7,1,하 근데 이 프로젝트 자체가 원래 말이 안 되는 건데.,ᆫ데,train,0.4,0.0,0.1,0.0,0.3,0.0,0.2
Sess07_impro03_F020,anger,2.7,3.0,1,(근데+희대 씨가) 썼다는게 아니라 희대 씨 팀에서 썼다고.,다고,train,0.2,0.2,0.0,0.0,0.6,0.0,0.0
Sess07_impro03_F020,anger,2.7,3.0,2,회사방침이 그래서 그랬다니까.,다니까,train,0.2,0.2,0.0,0.0,0.6,0.0,0.0
Sess07_impro03_F021,anger,2.6,3.0,1,그니까 눈 딱 감고 징계위원회 한번 갔다오면 돼.,어,train,0.1,0.2,0.0,0.0,0.7,0.0,0.0
Sess07_impro03_M022,anger,1.8,3.7,1,전무님이랑 쿵짝쿵짝 맞추는 거죠 이거.,죠,train,0.9,0.1,0.0,0.0,0.0,0.0,0.0
Sess07_impro03_M022,anger,1.8,3.7,2,짠거죠?,죠,train,0.9,0.1,0.0,0.0,0.0,0.0,0.0
Sess07_impro03_M022,anger,1.8,3.7,3,저 말단 직원이라구 그냥 저 몰아세우는 거잖아요.,잖아요,train,0.9,0.1,0.0,0.0,0.0,0.0,0.0
Sess07_impro03_F022,anger,2.0,3.2,1,무슨 소리하는 거야 지금.,야,train,0.7,0.0,0.0,0.0,0.1,0.0,0.2
Sess07_impro03_M023,anger,1.5,4.4,1,저 지금 방패막으로 세우실려고 하는 거잖아요.,잖아요,train,1.0,0.0,0.0,0.0,0.0,0.0,0.0
Sess07_impro03_M024,anger,1.4,4.1,1,이중장부 갖고 갈 겁니다.,ᆸ니다,train,1.0,0.0,0.0,0.0,0.0,0.0,0.0
Sess07_impro03_M024,anger,1.4,4.1,2,이중장부 갖고 가서 징계위원회에서 다 까발릴거예요.,예요,train,1.0,0.0,0.0,0.0,0.0,0.0,0.0
Sess07_impro03_M025,anger,1.4,4.3,1,제가 이 프로젝트 처음부터 끝까지 다 진행하고 부장님 전무님께서 잘한다 잘한다 하셔가지고 프로젝트 진행 맡으라고 하신 거잖아요.,잖아요,train,0.9,0.0,0.0,0.0,0.1,0.0,0.0
Sess07_impro03_M025,anger,1.4,4.3,2,b/ 그리고 방패막으로 지금 세우실려고 하는 거잖아요.,잖아요,train,0.9,0.0,0.0,0.0,0.1,0.0,0.0
Sess07_impro03_F025,anger,2.5,3.4,1,희대 씨가 알고 있는 거 그거 아니야 이중장부 아니라니까.(오해야),야 | 라니까,train,0.0,0.0,0.2,0.0,0.3,0.0,0.5
Sess07_impro03_M026,anger,1.3,4.4,1,(오해야+아니긴 뭐가 아니에요) 거기 위에 떡하니 적혀있어요.,야 | 에요 | 어요,train,1.0,0.0,0.0,0.0,0.0,0.0,0.0
Sess07_impro03_M026,anger,1.3,4.4,2,날짜 금액 다 적혀 있으니까 회계장부 이중장부 싹 다 들고가서 징계위원회에서 다 까발릴 거예요 진짜로.,예요,train,1.0,0.0,0.0,0.0,0.0,0.0,0.0
Sess07_impro03_F026,anger,1.7,4.0,1,희대 씨 아니라니까 몇 번 말해 아니라니까 하 그러면 내가 없던 일로 할게.,ᆯ게,train,0.4,0.0,0.2,0.0,0.1,0.0,0.3
Sess07_impro03_F026,anger,1.7,4.0,2,(없던 일이요+그럼) 이중장부고 징계위원회고 다 없던 일로 하자.,자,train,0.4,0.0,0.2,0.0,0.1,0.0,0.3
Sess07_impro03_F027,anger,2.0,3.6,1,(없던+내가) 다 마무리할게.,ᆯ게,train,0.0,0.0,0.3,0.0,0.3,0.0,0.4
Sess07_impro03_F027,anger,2.0,3.6,2,내 선에서 그럼 됐지.,지,train,0.0,0.0,0.3,0.0,0.3,0.0,0.4
Sess07_impro03_M028,anger,1.4,4.1,1,b/ 제가 무슨 바본 줄 알아요?,어요,train,0.7,0.3,0.0,0.0,0.0,0.0,0.0
Sess07_impro03_M028,anger,1.4,4.1,2,(아니야 아니야+응 그냥) 당하고 있을 거 같애요?,애요,train,0.7,0.3,0.0,0.0,0.0,0.0,0.0
Sess07_impro03_M028,anger,1.4,4.1,3,멍청하게 너무 멍청하게 보시는 거 아니에요?,에요,train,0.7,0.3,0.0,0.0,0.0,0.0,0.0
Sess07_impro03_M028,anger,1.4,4.1,4,됐구요.,구요,train,0.7,0.3,0.0,0.0,0.0,0.0,0.0
Sess07_impro03_M028,anger,1.4,4.1,5,저 징계위원회 가서 진짜 까발릴겁니다.,ᆸ니다,train,0.7,0.3,0.0,0.0,0.0,0.0,0.0
Sess07_impro03_M028,anger,1.4,4.1,6,이 참에 제가 가만히 있지 않는다는 거 부장님이고 전무님이고 다 보여드릴거예요.,예요,train,0.7,0.3,0.0,0.0,0.0,0.0,0.0
Sess07_impro03_M029,anger,1.7,3.4,1,o/ 저 혼자 안 죽어요.,어요,train,0.7,0.2,0.0,0.0,0.1,0.0,0.0
Sess07_impro03_M029,anger,1.7,3.4,2,이대론 못 죽어요.,어요,train,0.7,0.2,0.0,0.0,0.1,0.0,0.0
Sess07_impro03_F028,anger,1.9,2.9,1,진짜 말이 안 통한다 말이 안 통해.,어,train,0.5,0.1,0.0,0.0,0.3,0.0,0.1
Sess07_impro03_M030,anger,1.5,3.8,1,이참에 두 사람이 회사에서 돈 얼마나 빼돌렸는지 싹 다 꼬발릴거예요.,예요,train,0.8,0.1,0.0,0.0,0.1,0.0,0.0
Sess07_impro03_M030,anger,1.5,3.8,2,그럼 이만 가보겠습니다.,습니다,train,0.8,0.1,0.0,0.0,0.1,0.0,0.0
Sess07_impro04_F042,happiness,2.0,3.4,1,몰라 알아서 하겠지 지 인생.,어 | 지,train,0.2,0.0,0.0,0.0,0.6,0.0,0.2
Sess07_impro04_F042,happiness,2.0,3.4,2,나는 당신 옆에서 꼭 붙어가지고 죽어버릴거야.,야,train,0.2,0.0,0.0,0.0,0.6,0.0,0.2
Sess07_impro04_F043,happiness,3.4,3.5,1,o/ 나는 관에서도 자기랑 꼭 껴안고 죽을거야.,야,train,0.0,0.0,0.0,0.3,0.6,0.0,0.1
Sess14_script01_F002,happiness,3.9,3.0,1,고마워.,어,train,0.0,0.0,0.0,0.6,0.4,0.0,0.0
Sess14_script01_F002,happiness,3.9,3.0,2,n/ 근데 오빠는 꿈이 뭐야?,야,train,0.0,0.0,0.0,0.6,0.4,0.0,0.0
Sess14_script01_F006,anger,2.2,3.3,1,아 뭐야.,야,train,0.7,0.1,0.0,0.0,0.2,0.0,0.0
Sess14_script01_F006,anger,2.2,3.3,2,나 말 안해.,어,train,0.7,0.1,0.0,0.0,0.2,0.0,0.0
Sess14_script01_F009,anger,2.4,3.7,1,(부끄럽게+어때) 나 오빠 여잔데.,어 | ᆫ데,train,0.6,0.1,0.0,0.0,0.3,0.0,0.0
Sess14_script01_M010,anger,3.5,3.8,1,아니 그게 아니라 갑자기 그러니까 당연히 당황하지.,지,train,0.0,0.0,0.0,0.0,0.4,0.0,0.6
Sess14_script01_M013,happiness,4.0,3.6,1,o/ 제주도 서귀포에 풍경 좋은 곳이 많거든?,거든,train,0.0,0.0,0.0,0.8,0.2,0.0,0.0
Sess14_script01_M013,happiness,4.0,3.6,2,그쪽에 바다가 보이는 양지바른 땅을 사서 하얗고 웅장하게 팬션을 짓는 거야.,야,train,0.0,0.0,0.0,0.8,0.2,0.0,0.0
Sess14_script01_M013,happiness,4.0,3.6,3,마당에선 (바베큐를 u/+음 맛있겠다) 아이 하여튼 먹는 거만.,다,train,0.0,0.0,0.0,0.8,0.2,0.0,0.0
Sess14_script01_F012,happiness,3.8,3.7,1,(낳아서+에이) 무슨 셋은 낳아야지.,어야지,train,0.0,0.0,0.0,0.7,0.3,0.0,0.0
Sess14_script01_M014,anger,3.0,3.3,1,누가 너랑 결혼한대?,ᆫ대,train,0.0,0.2,0.0,0.0,0.2,0.0,0.6
Sess14_script01_F013,anger,2.2,3.8,1,뭐야?,야,train,0.9,0.1,0.0,0.0,0.0,0.0,0.0
Sess14_script01_F014,anger,2.1,3.8,1,u/ 나야말로 오빠랑 누가 결혼한대?,ᆫ대,train,0.8,0.1,0.0,0.0,0.1,0.0,0.0
Sess14_script01_F015,anger,2.1,3.7,1,하도 불쌍하고 보잘것 없어 보여가지고 그냥 해준다고 한거지.,지,train,0.5,0.3,0.0,0.0,0.2,0.0,0.0
Sess14_script01_F015,anger,2.1,3.7,2,내가 당신 처럼 어리바리한 남자를 뭐가 좋다고 결혼을 해?,어,train,0.5,0.3,0.0,0.0,0.2,0.0,0.0
Sess14_script01_F016,anger,2.4,3.3,1,아 됐어.,어,train,0.5,0.0,0.0,0.0,0.4,0.1,0.0
Sess14_script01_F021,happiness,4.2,3.8,1,l/ 오빠 너무 웃겨.,어,train,0.0,0.0,0.0,0.8,0.1,0.0,0.1
Sess14_script01_M021,happiness,2.8,2.7,1,이런 선물 받으니까 어이가 없지?,지,train,0.0,0.0,0.0,0.0,0.5,0.3,0.2
Sess14_script01_F022,happiness,4.3,3.8,1,아 그니까 젓가락 100개라는게 우리들 만난지 100일 되는 날이라서 준비했다는 거야?,야,train,0.0,0.0,0.0,1.0,0.0,0.0,0.0
Sess14_script01_M022,happiness,3.1,3.2,1,b/ 미안해 하지만 o/ 다음에 만날땐 내가 멋진 선물 꼭 사줄게.,어 | ᆯ게,train,0.0,0.0,0.0,0.1,0.7,0.2,0.0
Sess14_script01_M022,happiness,3.1,3.2,2,내가 지금은 비록 중국집 배달부 밖에 안되지만 열심히 일하면 제주도 앞바다에 멋진 펜션 짓고 우리도 멋있게 행복하게 살 수 있어.,어,train,0.0,0.0,0.0,0.1,0.7,0.2,0.0
Sess14_script01_F025,anger,1.9,3.1,1,오빠같은 사람하곤 이제 못 만나겠다고.,다고,train,0.4,0.4,0.0,0.0,0.2,0.0,0.0
Sess14_script01_F027,happiness,4.1,3.8,1,대신 같이 살아야겠어.,어,train,0.0,0.0,0.0,1.0,0.0,0.0,0.0
Sess14_script01_F028,happiness,4.3,4.0,1,자 오빠는 젓가락 줬지만 난 좋은 거 줄게.,ᆯ게,train,0.0,0.0,0.0,0.7,0.3,0.0,0.0
Sess14_script01_M027,happiness,3.4,3.5,1,이게 뭔데?,ᆫ데,train,0.0,0.0,0.0,0.1,0.3,0.0,0.6
Sess14_script01_F029,happiness,3.9,4.0,1,으이그 이 무능력한 남자야.,야,train,0.1,0.0,0.0,0.7,0.2,0.0,0.0
Sess14_script01_F029,happiness,3.9,4.0,2,여자인 내가 반지를 준비해야겠어?,어,train,0.1,0.0,0.0,0.7,0.2,0.0,0.0
Sess14_script01_F029,happiness,3.9,4.0,3,오빠가 당연히 준비해야지.,어야지,train,0.1,0.0,0.0,0.7,0.2,0.0,0.0
Sess14_script01_F032,happiness,4.2,3.8,1,대신 프로포즈는 내가 먼저 했으니까 결혼식은 정말 멋지게 해줘야돼?,어,train,0.0,0.0,0.0,0.6,0.4,0.0,0.0
Sess14_script01_F032,happiness,4.2,3.8,2,알았어?,어,train,0.0,0.0,0.0,0.6,0.4,0.0,0.0
Sess14_script01_M031,happiness,3.9,3.9,1,여진아 사랑한다.,ᆫ다,train,0.0,0.0,0.0,1.0,0.0,0.0,0.0
Sess14_script01_M031,happiness,3.9,3.9,2,정말 사랑해.,어,train,0.0,0.0,0.0,1.0,0.0,0.0,0.0
Sess14_script02_F006,anger,1.9,3.8,1,(몰라+아) 모르겠고 드라마 할 시간이니까 리모콘이나 좀 (주시지),어,train,0.7,0.2,0.0,0.0,0.1,0.0,0.0
Sess14_script02_F008,anger,1.4,4.5,1,(준다고+아) 몰라 이 그게 가 당첨되겠냐.,어 | 냐,train,0.5,0.5,0.0,0.0,0.0,0.0,0.0
Sess14_script02_F008,anger,1.4,4.5,2,어휴 지 어떤 여자가 될지 모르겠지만 오빠 같은 남자랑 결혼 할 여자가 아주 불쌍하다 불쌍해.,어,train,0.5,0.5,0.0,0.0,0.0,0.0,0.0
Sess14_script02_M018,happiness,5.0,5.0,1,o/ 야야 야 야 야 나 꼬집어줘 꼬집어줘.,어,train,0.0,0.0,0.0,0.9,0.0,0.0,0.1
Sess14_script02_M018,happiness,5.0,5.0,2,o/ 이게 진짜니?,니,train,0.0,0.0,0.0,0.9,0.0,0.0,0.1
Sess14_script02_F016,happiness,4.9,5.0,1,l/ 얼마든지 꼬집어.,어,train,0.0,0.0,0.0,0.9,0.0,0.0,0.1
Sess14_script02_M019,anger,4.4,4.8,1,아이 u/ 아프게 꼬집으면 어떡해.,어,train,0.5,0.1,0.0,0.3,0.0,0.0,0.1
Sess14_script02_F017,happiness,4.9,4.9,1,제대로 꼬집어야지 꿈인지 아닌지 알 수 있지.,지,train,0.0,0.0,0.0,0.9,0.0,0.0,0.1
Sess14_script02_M020,happiness,4.7,4.8,1,o/ 와 와 나 심장 뛰는거 봐.,어,train,0.0,0.0,0.0,0.6,0.0,0.0,0.4
Sess14_script02_M020,happiness,4.7,4.8,2,어 미칠거 같아.,어,train,0.0,0.0,0.0,0.6,0.0,0.0,0.4
Sess14_script02_F018,happiness,4.7,4.5,1,나 잊지마 응?,어,train,0.0,0.0,0.0,0.9,0.0,0.0,0.1
Sess14_script02_F018,happiness,4.7,4.5,2,나 잊으면 안돼.,어,train,0.0,0.0,0.0,0.9,0.0,0.0,0.1
Sess14_script02_M021,happiness,4.1,3.1,1,잠깐 성희야 시 사실 누구한테도 이야기 하지마.,어,train,0.0,0.0,0.2,0.1,0.5,0.0,0.2
Sess14_script02_F019,happiness,4.5,4.2,1,알았어 알았어.,어 | 어,train,0.0,0.0,0.0,0.8,0.2,0.0,0.0
Sess14_script02_F019,happiness,4.5,4.2,2,걱정하지마.,어,train,0.0,0.0,0.0,0.8,0.2,0.0,0.0
Sess14_script02_F019,happiness,4.5,4.2,3,내가 입이 무겁잖아 응?,잖아,train,0.0,0.0,0.0,0.8,0.2,0.0,0.0
Sess14_script02_M022,happiness,2.7,4.4,1,(구두좀+로또) 1등 된 사람만 쫓아다니면서 돈 뺏고 구걸하는 사람이 있다잖아.,다잖아,train,0.2,0.1,0.4,0.1,0.2,0.0,0.0
Sess14_script02_M022,happiness,2.7,4.4,2,o/ 혹시 모르니까 이거 너랑 나만 아는 비밀이야 알았어?,야 | 어,train,0.2,0.1,0.4,0.1,0.2,0.0,0.0
Sess14_script02_F020,happiness,4.1,4.3,1,아이 걱정마.,어,train,0.3,0.0,0.0,0.4,0.3,0.0,0.0
Sess14_script02_F020,happiness,4.1,4.3,2,나 오빠 동생이야 친동생 나 몰라?,야 | 어,train,0.3,0.0,0.0,0.4,0.3,0.0,0.0
Sess14_script02_F020,happiness,4.1,4.3,3,나 못믿어?,어,train,0.3,0.0,0.0,0.4,0.3,0.0,0.0
Sess14_script02_M023,anger,3.7,3.9,1,l/ 그럼 그럼 못믿지.,지,train,0.0,0.3,0.0,0.3,0.4,0.0,0.0
Sess14_script02_F023,happiness,4.1,4.1,1,지금 전화 걸게 내 친구들 많아.,ᆯ게 | 어,train,0.0,0.0,0.0,0.6,0.4,0.0,0.0
Sess14_script02_M026,happiness,3.5,3.6,1,진작에 그럴 것이지.,지,train,0.0,0.0,0.0,0.5,0.5,0.0,0.0
Sess14_script02_M026,happiness,3.5,3.6,2,b/ 얼마 필요하냐?,냐,train,0.0,0.0,0.0,0.5,0.5,0.0,0.0
Sess14_script02_F024,happiness,4.8,4.8,1,진짜지?,지,train,0.0,0.0,0.0,1.0,0.0,0.0,0.0
Sess14_script02_F024,happiness,4.8,4.8,2,o/ 진짜지?,지,train,0.0,0.0,0.0,1.0,0.0,0.0,0.0
Sess14_script02_F024,happiness,4.8,4.8,3,아 오빠 o/ 나 진짜 오빠가 짱이야 최고야 나한텐 역시 우리오빠야 나 처 천만 아니 아니 1억만 딱 1억만 주라 응?,야 | 야 | 야,train,0.0,0.0,0.0,1.0,0.0,0.0,0.0
Sess14_script02_M027,happiness,4.0,3.6,1,1억이라.,라,train,0.0,0.0,0.0,0.5,0.5,0.0,0.0
Sess14_script02_M027,happiness,4.0,3.6,2,n/ 음 b/ 좋아 돈 찾으면 바로 o/ 현금으로 줄게.,ᆯ게,train,0.0,0.0,0.0,0.5,0.5,0.0,0.0
Sess14_script02_F025,happiness,4.7,4.8,1,오빠 나 생각만해도 너무 좋아.,어,train,0.0,0.0,0.0,1.0,0.0,0.0,0.0
Sess14_script02_M028,happiness,4.7,4.3,1,야 나도 너무 놀라서 이게 꿈인가?,ᆫ가,train,0.0,0.0,0.0,1.0,0.0,0.0,0.0
Sess14_script02_M028,happiness,4.7,4.3,2,생시인가?,ᆫ가,train,0.0,0.0,0.0,1.0,0.0,0.0,0.0
Sess14_script02_M028,happiness,4.7,4.3,3,싶다.,다,train,0.0,0.0,0.0,1.0,0.0,0.0,0.0
Sess14_script02_M029,happiness,4.7,4.8,1,내일 날 밝으면 이제 고주홍의 시대가 열린다 o/ 이거야.,ᆫ다 | 야,train,0.0,0.0,0.0,1.0,0.0,0.0,0.0
Sess14_script02_M029,happiness,4.7,4.8,2,두고 봐 내가 이 돈으로 세상 깜짝 놀라게 할거니까.,니까,train,0.0,0.0,0.0,1.0,0.0,0.0,0.0
Sess14_script03_F007,sadness,1.9,1.9,1,당신 나 없이도 꿋꿋하게 애들 키우면서 살아야 돼.,어,train,0.0,0.0,0.0,0.0,0.2,0.8,0.0
Sess14_script03_M009,sadness,2.5,3.6,1,b/ 자기 지금 무슨 소리야.,야,train,0.0,0.0,0.1,0.0,0.0,0.0,0.9
Sess14_script03_M009,sadness,2.5,3.6,2,농담이지?,지,train,0.0,0.0,0.1,0.0,0.0,0.0,0.9
Sess14_script03_F008,sadness,1.5,1.8,1,악성이래 이미 왼쪽에 70프로 정도 퍼져있구 정확한 것은 가슴을 열어봐야 알겠지만 림프절과 늑막에까지 전이가 됐대.,대,train,0.0,0.0,0.1,0.0,0.1,0.8,0.0
Sess14_script03_M010,sadness,2.7,3.7,1,장난이지?,지,train,0.0,0.1,0.0,0.0,0.0,0.0,0.9
Sess14_script03_M010,sadness,2.7,3.7,2,농담하는 거지?,지,train,0.0,0.1,0.0,0.0,0.0,0.0,0.9
Sess14_script03_M010,sadness,2.7,3.7,3,지금이라도 빨리 병원 가자.,자,train,0.0,0.1,0.0,0.0,0.0,0.0,0.9
Sess14_script03_F009,sadness,1.5,1.5,1,이미 늦었어.,어,train,0.0,0.0,0.0,0.0,0.2,0.8,0.0
Sess14_script03_M011,anger,2.2,3.9,1,수술하면 되는 거 아냐.,냐,train,0.6,0.0,0.1,0.0,0.0,0.1,0.2
Sess14_script03_M012,sadness,2.2,3.0,1,얼마나 살수 있대?,대,train,0.0,0.0,0.0,0.0,0.3,0.4,0.3
Sess14_script03_F012,anger,1.8,1.9,1,화낸다고 달라질 거 없잖아.,잖아,train,0.0,0.0,0.0,0.0,0.3,0.7,0.0
Sess14_script03_M014,sadness,2.4,2.9,1,n/ 여보 미안해 내가 소리쳐서 미안해.,어,train,0.1,0.0,0.0,0.0,0.1,0.8,0.0
Sess14_script03_M014,sadness,2.4,2.9,2,이왕 이렇게 된거 할 수 있는 한 뭐든지 해보자.,자,train,0.1,0.0,0.0,0.0,0.1,0.8,0.0
Sess14_script03_M014,sadness,2.4,2.9,3,요즘 의사들 돌팔이들 많다잖아 아닐 수도 있어 응?,다잖아 | 어,train,0.1,0.0,0.0,0.0,0.1,0.8,0.0
Sess14_script03_M014,sadness,2.4,2.9,4,그리고 6개월이 아니라 6년 아니 60년 살 수도 있고 어서 병원 가자 응?,자,train,0.1,0.0,0.0,0.0,0.1,0.8,0.0
Sess14_script03_F013,sadness,1.3,1.7,1,아냐 난 아냐 틀렸어.,어,train,0.0,0.0,0.0,0.0,0.0,1.0,0.0
Sess14_script03_M015,sadness,1.9,3.3,1,아이 틀리긴 뭘 틀려.,어,train,0.3,0.0,0.1,0.0,0.0,0.6,0.0
Sess14_script03_M015,sadness,1.9,3.3,2,빨리 병원에 가자니까.,자니까,train,0.3,0.0,0.1,0.0,0.0,0.6,0.0
Sess14_script03_F014,sadness,1.7,1.9,1,여보 우리 아빠 기억해?,어,train,0.0,0.0,0.0,0.0,0.4,0.6,0.0
Sess14_script03_F015,sadness,1.9,1.8,1,사실 우리 아빠도 나랑 같은 병이었어.,어,train,0.0,0.0,0.0,0.0,0.1,0.9,0.0
Sess14_script03_M017,sadness,2.0,3.9,1,당신 어릴적에 사고로 돌아가셨다고 했잖아?,잖아,train,0.1,0.0,0.0,0.0,0.0,0.0,0.9
Sess14_script03_M017,sadness,2.0,3.9,2,날 속인거야?,야,train,0.1,0.0,0.0,0.0,0.0,0.0,0.9
Sess14_script03_F016,sadness,1.6,1.6,1,미안해 아빠는 3년 동안 폐암으로 병원에 계시다가 돌아가셨어.,어 | 어,train,0.0,0.0,0.0,0.0,0.1,0.9,0.0
Sess14_script03_M018,sadness,2.2,2.7,1,미숙아 그게 중요한게 아냐.,냐,train,0.0,0.0,0.1,0.0,0.2,0.7,0.0
Sess14_script03_M018,sadness,2.2,2.7,2,그런거 중요한게 아니잖아 일단 입원 치료하고 수술 받자.,잖아 | 자,train,0.0,0.0,0.1,0.0,0.2,0.7,0.0
Sess14_script03_M018,sadness,2.2,2.7,3,그럼 살 수 있어.,어,train,0.0,0.0,0.1,0.0,0.2,0.7,0.0
Sess14_script03_M019,sadness,2.1,3.3,1,여보 그런 생각 하지마.,어,train,0.0,0.0,0.0,0.0,0.0,1.0,0.0
Sess14_script03_M019,sadness,2.1,3.3,2,지금도 안 늦었어.,어,train,0.0,0.0,0.0,0.0,0.0,1.0,0.0
Sess14_script03_M019,sadness,2.1,3.3,3,u/ 일단 정리하고 병원 가자?,자,train,0.0,0.0,0.0,0.0,0.0,1.0,0.0
Sess14_script03_F018,sadness,1.5,1.8,1,무슨 의미가 있겠어?,어,train,0.0,0.0,0.0,0.0,0.1,0.9,0.0
Sess14_script03_F018,sadness,1.5,1.8,2,3년을 더 샸 사셨다구 아빠는 행복했을까.,을까,train,0.0,0.0,0.0,0.0,0.1,0.9,0.0
Sess14_script03_M020,anger,2.0,4.0,1,여보 왜 이래.,어,train,0.7,0.0,0.0,0.0,0.0,0.3,0.0
Sess14_script03_M020,anger,2.0,4.0,2,아 왜 이리 약한 생각을 해.,어,train,0.7,0.0,0.0,0.0,0.0,0.3,0.0
Sess14_script03_F019,sadness,1.4,2.6,1,나두 살구 싶어.,어,train,0.3,0.0,0.1,0.0,0.0,0.6,0.0
Sess14_script03_F019,sadness,1.4,2.6,2,나도 사람인데.,ᆫ데,train,0.3,0.0,0.1,0.0,0.0,0.6,0.0
Sess14_script03_F019,sadness,1.4,2.6,3,근데 싸우기엔 너무 늦었고 지쳤어.,어,train,0.3,0.0,0.1,0.0,0.0,0.6,0.0
Sess14_script03_F020,sadness,2.2,1.7,1,당신 우리 애들 잘 부탁해.,어,train,0.0,0.0,0.0,0.0,0.0,1.0,0.0
Sess14_script03_F020,sadness,2.2,1.7,2,그리고 남은 시간 우리 행복하게 지내면 되잖아 나 행복하고 싶어.,잖아 | 어,train,0.0,0.0,0.0,0.0,0.0,1.0,0.0
Sess14_script03_F020,sadness,2.2,1.7,3,그리고 행복하게 죽고 싶어.,어,train,0.0,0.0,0.0,0.0,0.0,1.0,0.0
Sess14_script03_F020,sadness,2.2,1.7,4,예쁜 모습 좋은 모습만 남기고 싶어.,어,train,0.0,0.0,0.0,0.0,0.0,1.0,0.0
Sess14_script03_F021,sadness,2.2,1.9,1,마지막 부탁이 있어 둘째 결혼 시키고 당신도 재혼해.,어,train,0.0,0.0,0.0,0.0,0.0,1.0,0.0
Sess14_script03_F021,sadness,2.2,1.9,2,혹시나 애들 결혼 전에 재혼하면 애들도 상처 받을 수 있으니까 애들 결혼만 시켜줘.,어,train,0.0,0.0,0.0,0.0,0.0,1.0,0.0
Sess14_script03_F021,sadness,2.2,1.9,3,그리고 좋은 여자 만나 알았지?,지,train,0.0,0.0,0.0,0.0,0.0,1.0,0.0
Sess14_script03_M023,anger,1.6,4.5,1,아 도대체 무슨 소리 하는거야.,야,train,0.9,0.0,0.0,0.0,0.0,0.1,0.0
Sess14_script03_M023,anger,1.6,4.5,2,그런 얘기 좀 그만해.,어,train,0.9,0.0,0.0,0.0,0.0,0.1,0.0
Sess14_script03_M024,sadness,1.4,2.7,1,b/ 미숙아 내가 잘못했어 b/ 내가 잘못했어.,어 | 어,train,0.0,0.0,0.0,0.0,0.0,1.0,0.0
Sess14_script03_M024,sadness,1.4,2.7,2,제발 살아줘 제발 살아줘.,어 | 어,train,0.0,0.0,0.0,0.0,0.0,1.0,0.0
Sess14_script04_F003,anger,1.7,4.4,1,(해보자고+아) 지금 생각할게 뭐가 있어.,어,train,0.6,0.0,0.1,0.0,0.0,0.0,0.3
Sess14_script04_F003,anger,1.7,4.4,2,지섭씨는 여기있어.,어,train,0.6,0.0,0.1,0.0,0.0,0.0,0.3
Sess14_script04_F003,anger,1.7,4.4,3,일단 내가 가서 보고올테니까.,니까,train,0.6,0.0,0.1,0.0,0.0,0.0,0.3
Sess14_script05_F012,anger,2.2,2.8,1,회사 다닐 때 했습니다.,습니다,train,0.4,0.3,0.0,0.0,0.3,0.0,0.0
Sess14_script05_F018,anger,1.8,4.0,1,원래 면접을 이런 식으로 봐요?,어요,train,0.9,0.1,0.0,0.0,0.0,0.0,0.0
Sess14_script05_M019,anger,2.1,3.3,1,아니 무슨 말을 그렇게 합니까 신성한 면접실에서.,ᆸ니까,train,0.8,0.0,0.0,0.0,0.1,0.0,0.1
Sess14_script05_F019,anger,1.5,4.6,1,신성 좋아하고 있네.,네,train,1.0,0.0,0.0,0.0,0.0,0.0,0.0
Sess14_script05_F019,anger,1.5,4.6,2,이력서 한줄 채우려고 내가 특기를 좀 과장되게 썼지만 그렇다고 이걸 이런 식으로 엮는게 오히려 신성모독 아닌가?,ᆫ가,train,1.0,0.0,0.0,0.0,0.0,0.0,0.0
Sess14_script05_F019,anger,1.5,4.6,3,당신들 습관인 거 같은데 가뜩이나 취직 안 돼서 괴로워 죽겠는데 사람을 갖고 놀아?,어,train,1.0,0.0,0.0,0.0,0.0,0.0,0.0
Sess14_script05_F020,anger,1.5,4.9,1,아무리 약자라도 기본적이고 인간적인 대우를 해줘야 될 거 아냐.,냐,train,1.0,0.0,0.0,0.0,0.0,0.0,0.0
Sess14_script05_F020,anger,1.5,4.9,2,시간 때우려고.,려고,train,1.0,0.0,0.0,0.0,0.0,0.0,0.0
Sess14_script05_F020,anger,1.5,4.9,3,니들 심심풀이 땅콩으로 채우려고 지원자 갖고 놀지 말라구.,라구,train,1.0,0.0,0.0,0.0,0.0,0.0,0.0
Sess14_script05_M020,anger,1.4,4.6,1,l/ 아이 나원 참 어이가 없어서.,어서,train,1.0,0.0,0.0,0.0,0.0,0.0,0.0
Sess14_script05_M020,anger,1.4,4.6,2,아 그럼 나가세요 당신 말고도 지원자 널렸어.,어,train,1.0,0.0,0.0,0.0,0.0,0.0,0.0
Sess14_script06_F012,anger,2.2,3.7,1,너무 공격적으로 생각하시는 것 아니에요?,에요,train,0.8,0.1,0.0,0.0,0.1,0.0,0.0
Sess14_script06_F012,anger,2.2,3.7,2,저도 고민하고 심사숙고해서 낸 아이언데 뭐가 문제였는지 뭐가 부족했는지 o/ 물어볼 수 있지 않나요?,나요,train,0.8,0.1,0.0,0.0,0.1,0.0,0.0
Sess14_script06_F013,anger,2.2,3.5,1,b/ 개인적인 (감정인가요),ᆫ가,train,0.6,0.2,0.0,0.0,0.2,0.0,0.0
Sess14_script06_M012,anger,1.9,3.1,1,(감정인가요+아뇨) 기본이 부족해서 싫고 이 뜻은 심사위원 모두 공감했습니다.,ᆫ가요 | 습니다,train,0.3,0.3,0.0,0.0,0.4,0.0,0.0
Sess14_script06_M012,anger,1.9,3.1,2,제가 말씀 드리면 소은씨는 발전하는게 아니라 퇴보하게 될거에요.,에요,train,0.3,0.3,0.0,0.0,0.4,0.0,0.0
Sess14_script06_M012,anger,1.9,3.1,3,발전이란 바탕이 있어야 높아지는데 잔인한 이야긴데 소은씨는 바탕이 부족합니다.,ᆸ니다,train,0.3,0.3,0.0,0.0,0.4,0.0,0.0
Sess14_script06_M012,anger,1.9,3.1,4,작성 후 읽어는 보셨나요?,나요,train,0.3,0.3,0.0,0.0,0.4,0.0,0.0
Sess14_script06_M012,anger,1.9,3.1,5,페이지 하나 하나 마다 오타가 하나씩 있습니다 그리고.,습니다,train,0.3,0.3,0.0,0.0,0.4,0.0,0.0
Sess14_script06_F014,anger,1.9,3.8,1,아니 오타 때문에 아이디어를 탈락 시켰다구요?,다구요,train,0.8,0.1,0.0,0.0,0.0,0.0,0.1
Sess14_script06_M013,anger,2.3,2.9,1,이번 장기 프로젝트의 핵심은 뭐죠?,죠,train,0.2,0.2,0.0,0.0,0.6,0.0,0.0
Sess14_impro01_M012,happiness,2.8,3.0,1,원래 일류 요리사들도 집에 오면 라면 끓여먹는 거야.,야,train,0.0,0.1,0.0,0.0,0.7,0.0,0.2
Sess14_impro01_M012,happiness,2.8,3.0,2,o/ 아 빨리 그 약상자 어딨어 빨리 가져와 내가 소독해줄게.,어 | ᆯ게,train,0.0,0.1,0.0,0.0,0.7,0.0,0.2
Sess14_impro01_M013,happiness,2.9,3.4,1,에이 진짜 내가 찾는다.,는다,train,0.4,0.0,0.0,0.0,0.5,0.0,0.1
Sess14_impro01_M013,happiness,2.9,3.4,2,어디갔어?,어,train,0.4,0.0,0.0,0.0,0.5,0.0,0.1
Sess14_impro01_F013,happiness,3.9,3.4,1,저깄잖아.,잖아,train,0.0,0.0,0.0,0.7,0.3,0.0,0.0
Sess14_impro01_M014,happiness,2.9,3.1,1,어 어 여깄네 어.,네,train,0.0,0.0,0.0,0.0,1.0,0.0,0.0
Sess14_impro01_M014,happiness,2.9,3.1,2,가만있어 봐.,어,train,0.0,0.0,0.0,0.0,1.0,0.0,0.0
Sess14_impro01_M014,happiness,2.9,3.1,3,좀 아플거야 따가워도 좀 참어잉 o/ 응 자.,야,train,0.0,0.0,0.0,0.0,1.0,0.0,0.0
Sess14_impro01_M017,happiness,3.1,3.1,1,후우 o/ 괜찮아?,어,train,0.0,0.0,0.0,0.0,0.9,0.1,0.0
Sess14_impro01_M018,happiness,3.3,3.4,1,이거 처치 잘해야돼 붕대도 잘 감아주고.,어,train,0.2,0.0,0.0,0.0,0.6,0.1,0.1
Sess14_impro01_M018,happiness,3.3,3.4,2,알았어?,어,train,0.2,0.0,0.0,0.0,0.6,0.1,0.1
Sess14_impro01_M018,happiness,3.3,3.4,3,당신이 그 집안을 잘 지켜줘야 내가 밖에 나가서도 안심하고 일하고 그러지.,지,train,0.2,0.0,0.0,0.0,0.6,0.1,0.1
Sess14_impro01_F018,happiness,3.8,3.5,1,알겠습니다.,습니다,train,0.0,0.0,0.0,0.7,0.2,0.0,0.1
Sess14_impro01_M019,happiness,3.6,3.0,1,왜 이래?,어,train,0.0,0.0,0.0,0.0,0.7,0.0,0.3
Sess14_impro01_M019,happiness,3.6,3.0,2,다른데 다쳤어?,어,train,0.0,0.0,0.0,0.0,0.7,0.0,0.3
Sess14_impro01_F020,happiness,4.6,4.0,1,나 옛날에 막 쓰러졌을 때 아팠을 때 기억안 나?,어,train,0.0,0.0,0.0,1.0,0.0,0.0,0.0
Sess14_impro01_F020,happiness,4.6,4.0,2,(막 회사 못 나갔을 때+아 또 얘기한다 또 얘기해 아으 진짜) 그때 자기가 l/ 병원가가지고 자기도 의사라고 살려달라고 우리 은미 살려 은미 살려 l/ 막 이러면서 l/,ᆫ다,train,0.0,0.0,0.0,1.0,0.0,0.0,0.0
Sess14_impro01_M021,happiness,3.8,3.7,1,야 내가 그때 맹장인 줄 알았으면 그렇게 안했지.,지,train,0.1,0.0,0.0,0.5,0.3,0.0,0.1
Sess14_impro01_F021,happiness,4.5,4.0,1,나 죽으면 어떡해 했을뻔 했어.,어 | 어,train,0.0,0.0,0.0,0.8,0.2,0.0,0.0
Sess14_impro01_M022,happiness,3.1,3.2,1,그런 얘기 하지마.,어,train,0.3,0.1,0.0,0.1,0.4,0.1,0.0
Sess14_impro01_F022,happiness,4.6,3.9,1,왜 슬퍼?,어,train,0.0,0.0,0.0,0.8,0.2,0.0,0.0
Sess14_impro01_M023,happiness,3.4,3.5,1,당연한 거 아니냐?,냐,train,0.2,0.0,0.0,0.0,0.5,0.3,0.0
Sess14_impro01_M023,happiness,3.4,3.5,2,당연히 슬프지.,지,train,0.2,0.0,0.0,0.0,0.5,0.3,0.0
Sess14_impro01_F023,happiness,4.3,3.6,1,l/ 자기야.,야,train,0.0,0.0,0.0,0.7,0.3,0.0,0.0
Sess14_impro01_M027,happiness,3.9,3.7,1,아 뭐 l/ 왜 이래 갑자기 (쑥쓰럽게),어,train,0.0,0.0,0.0,0.4,0.4,0.0,0.2
Sess14_impro01_F027,happiness,4.0,3.8,1,(쑥쓰럽게+얼만큼) 빨리 사랑한다고 얼만큼 사랑하냐고 말해봐.,어,train,0.0,0.0,0.0,0.7,0.3,0.0,0.0
Sess14_impro01_M028,happiness,4.0,3.5,1,얼만큼 사랑하냐고 말해보라고?,라고,train,0.0,0.0,0.0,0.5,0.4,0.0,0.1
Sess14_impro01_F028,happiness,4.1,3.9,1,금 크게 소리쳐봐.,어,train,0.0,0.0,0.0,0.7,0.3,0.0,0.0
Sess14_impro01_F029,happiness,4.3,4.1,1,크게 (소리쳐보라고+아기 깨요 깨) 아 깨면 어때.,어,train,0.0,0.0,0.0,1.0,0.0,0.0,0.0
Sess14_impro01_M030,happiness,3.7,3.6,1,듣고 싶어?,어,train,0.0,0.0,0.0,0.3,0.7,0.0,0.0
Sess14_impro01_M031,happiness,4.4,4.0,1,알았어.,어,train,0.0,0.0,0.0,0.9,0.1,0.0,0.0
Sess14_impro01_M031,happiness,4.4,4.0,2,서은미씨 사랑합니다.,ᆸ니다,train,0.0,0.0,0.0,0.9,0.1,0.0,0.0
Sess14_impro01_M033,happiness,4.1,4.2,1,o/ N/ 당신 u/ 많이 아픈거야?,야,train,0.0,0.0,0.0,0.7,0.0,0.0,0.3
Sess14_impro01_M033,happiness,4.1,4.2,2,(왜 그러는거야),야,train,0.0,0.0,0.0,0.7,0.0,0.0,0.3
Sess14_impro01_F033,happiness,4.8,4.6,1,(왜 그러는거야+한) 한 번더.,야,train,0.0,0.0,0.0,1.0,0.0,0.0,0.0
Sess14_impro01_M034,happiness,4.4,4.0,1,아 u/ 다 들린다 머 머리 보자 한 번 머리 다친 거 아니야?,야,train,0.0,0.0,0.0,0.6,0.3,0.0,0.1
Sess14_impro01_F034,happiness,4.7,4.4,1,아 봐봐 봐봐.,어,train,0.0,0.0,0.0,0.9,0.1,0.0,0.0
Sess14_impro01_M035,happiness,4.2,3.7,1,왜 또 듣고 싶어?,어,train,0.0,0.0,0.0,0.5,0.5,0.0,0.0
Sess14_impro01_M036,happiness,4.2,3.5,1,b/ 아 왜 이러실까 오늘?,ᆯ까,train,0.0,0.0,0.0,0.5,0.5,0.0,0.0
Sess14_impro01_M036,happiness,4.2,3.5,2,알겠어.,어,train,0.0,0.0,0.0,0.5,0.5,0.0,0.0
Sess14_impro01_M037,happiness,4.7,4.7,1,o/ N/ (서은미씨+더크게) 서은미씨 사랑합니다.,ᆸ니다,train,0.0,0.0,0.0,0.9,0.1,0.0,0.0
Sess14_impro01_F036,happiness,4.2,3.8,1,엎드려 절 받기네.,네,train,0.0,0.0,0.0,1.0,0.0,0.0,0.0
Sess14_impro01_F036,happiness,4.2,3.8,2,o/ 그래도 좋다.,다,train,0.0,0.0,0.0,1.0,0.0,0.0,0.0
Sess14_impro01_M038,happiness,4.2,3.8,1,좋아?,어,train,0.0,0.0,0.0,0.7,0.3,0.0,0.0
Sess14_impro01_F037,happiness,4.0,3.7,1,자기야.,야,train,0.0,0.0,0.0,0.8,0.2,0.0,0.0
Sess14_impro01_F040,happiness,4.2,3.7,1,허 어떻게 내가 좋아하는 말만 골라서 하냐.,냐,train,0.0,0.0,0.0,1.0,0.0,0.0,0.0
Sess14_impro01_M042,happiness,2.9,3.1,1,o/ 진짜야.,야,train,0.2,0.0,0.0,0.1,0.7,0.0,0.0
Sess14_impro01_F041,happiness,4.5,4.0,1,b/ u/ 나 기분 좋으니까 우리 자기 먹고 싶은 거 다 말해 내가 내일 다 (해줄게),ᆯ게,train,0.0,0.0,0.0,1.0,0.0,0.0,0.0
Sess14_impro01_M043,happiness,3.2,2.9,1,(해줄게+아이) 늦었는데 뭘 먹어 아니야.,ᆯ게 | 어 | 야,train,0.0,0.0,0.0,0.1,0.9,0.0,0.0
Sess14_impro01_F042,happiness,4.4,4.3,1,내일 해준다고.,ᆫ다고,train,0.0,0.0,0.0,1.0,0.0,0.0,0.0
Sess14_impro01_M044,happiness,4.0,3.6,1,o/ 알겠어.,어,train,0.0,0.0,0.0,0.8,0.1,0.0,0.1
Sess14_impro01_F043,happiness,4.6,4.5,1,l/ 얼른 들어가 자자 우리.,자,train,0.0,0.0,0.0,0.9,0.1,0.0,0.0
Sess14_impro01_M045,happiness,3.9,3.2,1,나 먹고싶은 거 없어 근데 괜찮아.,어 | 어,train,0.0,0.0,0.0,0.3,0.7,0.0,0.0
Sess14_impro01_F044,happiness,4.5,4.0,1,빨리 말해.,어,train,0.0,0.0,0.0,0.9,0.1,0.0,0.0
Sess14_impro01_F044,happiness,4.5,4.0,2,내일 해줄게.,ᆯ게,train,0.0,0.0,0.0,0.9,0.1,0.0,0.0
Sess14_impro01_M046,happiness,3.8,3.5,1,아유 됐습니다 나 씻을게.,습니다 | 을게,train,0.0,0.0,0.0,0.3,0.7,0.0,0.0
Sess14_impro01_F045,happiness,4.4,4.1,1,알겠어 얼른 씻구 나와.,어 | 어,train,0.0,0.0,0.0,0.8,0.2,0.0,0.0
Sess14_impro01_F046,happiness,4.6,4.5,1,여보 o/ l/ 한 번만 더 사랑한다고 해 봐.,어,train,0.0,0.0,0.0,1.0,0.0,0.0,0.0
Sess14_impro01_M048,happiness,4.7,4.7,1,사랑해 사랑해.,어,train,0.0,0.0,0.0,0.9,0.1,0.0,0.0
Sess14_impro01_F047,happiness,4.7,4.3,1,l/ 알겠어.,어,train,0.0,0.0,0.0,1.0,0.0,0.0,0.0
Sess14_impro02_F016,anger,2.1,3.2,1,윤찬 대리 흥분하지 마시구요.,구,train,1.0,0.0,0.0,0.0,0.0,0.0,0.0
Sess14_impro02_F016,anger,2.1,3.2,2,아니 지금 저한테 따지시는 거에요?,에요,train,1.0,0.0,0.0,0.0,0.0,0.0,0.0
Sess14_impro02_F017,anger,2.1,3.3,1,아니 이거 왜 나한테 그래요.,어요,train,0.9,0.0,0.0,0.0,0.1,0.0,0.0
Sess14_impro02_F017,anger,2.1,3.3,2,저 회사 규칙대로 한다니까요.,ᆫ다니까요,train,0.9,0.0,0.0,0.0,0.1,0.0,0.0
Sess14_impro02_M017,anger,1.6,4.7,1,아니 이거 이런 식으로 나오면 저 혼자 독박 쓰라는 거 아닙니까 부장님.,ᆸ니까,train,1.0,0.0,0.0,0.0,0.0,0.0,0.0
Sess14_impro02_F021,anger,2.1,3.9,1,진짜 막 나가네.,네,train,0.8,0.2,0.0,0.0,0.0,0.0,0.0
Sess14_impro02_F021,anger,2.1,3.9,2,그거 하나로 지금 저 협박하는 거에요?,에요,train,0.8,0.2,0.0,0.0,0.0,0.0,0.0
Sess14_impro02_F021,anger,2.1,3.9,3,그래요 어디 한번 해봐요.,어요 | 어요,train,0.8,0.2,0.0,0.0,0.0,0.0,0.0
Sess14_impro02_F021,anger,2.1,3.9,4,가는데까지 가보자구요.,자구,train,0.8,0.2,0.0,0.0,0.0,0.0,0.0
Sess14_impro02_M021,anger,1.8,3.6,1,알겠습니다.,습니다,train,0.7,0.2,0.0,0.0,0.1,0.0,0.0
Sess14_impro02_M021,anger,1.8,3.6,2,그러면 제가 징계위원회 가서 이 핸드폰이랑 다 까발리겠습니다.,습니다,train,0.7,0.2,0.0,0.0,0.1,0.0,0.0
Sess14_impro02_F023,anger,1.6,4.4,1,아니 무슨 무슨 증거로 그런 얘기를 해요.,어요,train,0.5,0.0,0.0,0.0,0.0,0.0,0.5
Sess14_impro02_F023,anger,1.6,4.4,2,어디가서 그런 얘기 하지마세요.,세요,train,0.5,0.0,0.0,0.0,0.0,0.0,0.5
Sess14_impro02_M026,anger,1.7,3.3,1,아니요 저 부장님 말씀 못 믿겠구요.,구요,train,0.7,0.3,0.0,0.0,0.0,0.0,0.0
Sess14_impro02_M026,anger,1.7,3.3,2,특히나 전무님 말씀 더 못 믿겠습니다.,습니다,train,0.7,0.3,0.0,0.0,0.0,0.0,0.0
Sess14_impro02_M026,anger,1.7,3.3,3,저 이거 징계위원회 나가서 열 맘대로 하세요.,세요,train,0.7,0.3,0.0,0.0,0.0,0.0,0.0
Sess14_impro02_M026,anger,1.7,3.3,4,징계위원회 여시고 저 징계위원회 가서 이거 핸드폰 까고 이중장부 까겠습니다.,습니다,train,0.7,0.3,0.0,0.0,0.0,0.0,0.0
Sess14_impro02_M026,anger,1.7,3.3,5,그럼 저 나가보겠습니다.,습니다,train,0.7,0.3,0.0,0.0,0.0,0.0,0.0
Sess14_impro02_F031,anger,1.6,4.7,1,이거 까발려지면 전무님이나 저나 무사하지 못 한다구요.,ᆫ다구요,train,0.5,0.0,0.4,0.0,0.0,0.0,0.1
Sess14_impro02_F031,anger,1.6,4.7,2,어떡해 전무님이 지켜주셔야.,어,train,0.5,0.0,0.4,0.0,0.0,0.0,0.1
Sess14_impro02_F032,anger,1.5,4.6,1,저보고 알아서 하라구요?,라구요,train,0.8,0.0,0.2,0.0,0.0,0.0,0.0
Sess14_impro02_F032,anger,1.5,4.6,2,아 어떡해 나 혼자 어떡하 b/ 하 씨 나 혼자 독박쓰게 생겼네.,어 | 네,train,0.8,0.0,0.2,0.0,0.0,0.0,0.0
Sess14_impro03_F018,sadness,2.5,2.9,1,엄 엄마가 그걸 몰랐네.,네,train,0.0,0.0,0.0,0.0,0.2,0.8,0.0
Sess14_impro03_F018,sadness,2.5,2.9,2,미안해 내가.,어,train,0.0,0.0,0.0,0.0,0.2,0.8,0.0
Sess14_impro03_M017,sadness,1.5,3.3,1,엄마 몰라 엄마는 엄마세대는 다 어 짝지어주고 지고지순하게 바라봐주고 그런 세 u/ 에서 살았잖아 요즘 사람은 몰라 엄마는.,어 | 잖아 | 어,train,0.3,0.2,0.0,0.0,0.1,0.4,0.0
Sess14_impro03_F019,sadness,2.7,2.5,1,엄마도 다 그랬어.,어,train,0.0,0.0,0.0,0.0,0.3,0.7,0.0
Sess14_impro03_F019,sadness,2.7,2.5,2,똑같애 다.,애,train,0.0,0.0,0.0,0.0,0.3,0.7,0.0
Sess14_impro03_M018,anger,1.6,3.9,1,뭘 똑같애.,애,train,0.6,0.2,0.0,0.0,0.2,0.0,0.0
Sess14_impro03_M018,anger,1.6,3.9,2,엄만 몰라 진짜.,어,train,0.6,0.2,0.0,0.0,0.2,0.0,0.0
Sess14_impro03_F020,sadness,2.7,2.5,1,다 알아 니 맘.,어,train,0.0,0.0,0.0,0.0,0.3,0.7,0.0
Sess14_impro03_F021,sadness,2.2,2.3,1,n/ 형택아 너희 아빠 돌아가시고 엄마도 그랬다.,다,train,0.0,0.0,0.0,0.0,0.2,0.8,0.0
Sess14_impro03_F021,sadness,2.2,2.3,2,왜 세상은 나만 힘들게 하는걸까 왜 나만 아프지 막 그런 생각 들었어.,지 | 어,train,0.0,0.0,0.0,0.0,0.2,0.8,0.0
Sess14_impro03_F021,sadness,2.2,2.3,3,근데 어떻게 맨날 사랑 사랑이 좋기만 해 아플 때도 있고 행복할 때도 있고 좋고 싫을 때 다 있는 거지.,지,train,0.0,0.0,0.0,0.0,0.2,0.8,0.0
Sess14_impro03_F021,sadness,2.2,2.3,4,아마 너 헤어진 여자친구도 지금 엄청 힘들걸.,ᆯ걸,train,0.0,0.0,0.0,0.0,0.2,0.8,0.0
Sess14_impro03_F022,sadness,2.4,2.3,1,그니까 그런 걸 다 받아들이고 b/ 그냥 다 인정하면 되는거야.,야,train,0.0,0.0,0.0,0.0,0.2,0.8,0.0
Sess14_impro03_F023,sadness,2.5,2.4,1,b/ 형택이 너는 내 아들이기도 하지만 어쩔 때는 내 남편같기두 하고 또 내 친구같기두 하고 내 가족같기도 한 사람이야.,야,train,0.0,0.0,0.0,0.0,0.3,0.7,0.0
Sess14_impro03_F023,sadness,2.5,2.4,2,너가 너무 많이 힘들어하는 거 같애서 엄만 힘들면 힘들다고도 안 해.,어,train,0.0,0.0,0.0,0.0,0.3,0.7,0.0
Sess14_impro03_F023,sadness,2.5,2.4,3,우리 아들 아플까 봐.,어,train,0.0,0.0,0.0,0.0,0.3,0.7,0.0
Sess14_impro03_F024,sadness,3.3,2.5,1,엄마 마음 알지?,지,train,0.0,0.0,0.0,0.0,0.3,0.7,0.0
Sess14_impro03_F025,sadness,2.8,2.4,1,엄마가 더 미안해.,어,train,0.0,0.0,0.0,0.0,0.1,0.9,0.0
Sess14_impro03_F025,sadness,2.8,2.4,2,엄마가 자꾸 모른척 한거야.,야,train,0.0,0.0,0.0,0.0,0.1,0.9,0.0
Sess14_impro03_F025,sadness,2.8,2.4,3,진짜 엄마가 미안해.,어,train,0.0,0.0,0.0,0.0,0.1,0.9,0.0
Sess14_impro03_M020,sadness,2.5,1.8,1,아냐 엄마 내가 더 미안해.,어,train,0.0,0.0,0.0,0.0,0.0,1.0,0.0
Sess14_impro03_M020,sadness,2.5,1.8,2,나도 나 엄마한테 투정부리고 싶었어.,어,train,0.0,0.0,0.0,0.0,0.0,1.0,0.0
Sess14_impro03_F026,sadness,3.3,2.3,1,우리 우리 아들 아프지마.,어,train,0.0,0.0,0.0,0.0,0.0,1.0,0.0
Sess14_impro03_F026,sadness,3.3,2.3,2,아들이 아프면 엄마도 아퍼.,어,train,0.0,0.0,0.0,0.0,0.0,1.0,0.0
Sess14_impro03_M022,sadness,2.4,2.1,1,엄마가 뭐라고 하니까 그러지.,지,train,0.0,0.0,0.0,0.0,0.1,0.9,0.0
Sess14_impro03_F029,happiness,4.2,3.8,1,엄마가 뭐 해줄게.,ᆯ게,train,0.0,0.0,0.0,0.8,0.2,0.0,0.0
Sess14_impro03_F029,happiness,4.2,3.8,2,김치찌개 해먹을까?,을까,train,0.0,0.0,0.0,0.8,0.2,0.0,0.0
Sess14_impro03_F030,happiness,4.1,3.7,1,오랜만에 엄마가 실 실력발휘 좀 해볼게.,ᆯ게,train,0.0,0.0,0.0,0.8,0.2,0.0,0.0
Sess14_impro04_F007,anger,2.1,3.6,1,아 저 죄송한데 지금 저랑 싸우자고 하시는 거 아니잖아요.,잖아요,train,0.8,0.0,0.0,0.0,0.2,0.0,0.0
Sess14_impro04_M008,anger,1.5,4.8,1,싸우자는 거예요 말 나온 김에 하나만 더 합시다.,예요 | ᆸ시다,train,0.9,0.1,0.0,0.0,0.0,0.0,0.0
Sess14_impro04_M008,anger,1.5,4.8,2,탕수육 이거 뭐에요?,에요,train,0.9,0.1,0.0,0.0,0.0,0.0,0.0
Sess14_impro04_M008,anger,1.5,4.8,3,고기 튀김이야 탕수육이야?,야,train,0.9,0.1,0.0,0.0,0.0,0.0,0.0
Sess14_impro04_M008,anger,1.5,4.8,4,o/ 탕수육이라고 하는 건 바삭바삭함이 생명인데 이거는 그냥 퍼석퍼석한 고기튀김이잖아요.,잖아요,train,0.9,0.1,0.0,0.0,0.0,0.0,0.0
Sess14_impro04_F008,anger,1.7,4.2,1,그건 본인 의견이고 왜 제 요리를 무시하면서 말하세요?,세요,train,0.9,0.1,0.0,0.0,0.0,0.0,0.0
Sess14_impro04_M009,anger,1.5,4.9,1,하 억울합니까?,ᆸ니까,train,0.5,0.5,0.0,0.0,0.0,0.0,0.0
Sess14_impro04_M009,anger,1.5,4.9,2,분해요?,어요,train,0.5,0.5,0.0,0.0,0.0,0.0,0.0
Sess14_impro04_M009,anger,1.5,4.9,3,자존심 상해요?,어요,train,0.5,0.5,0.0,0.0,0.0,0.0,0.0
Sess14_impro04_M009,anger,1.5,4.9,4,그 마인드로 요리를 하세요.,세요,train,0.5,0.5,0.0,0.0,0.0,0.0,0.0
Sess14_impro04_M009,anger,1.5,4.9,5,인기만 쫓지 말고.,고,train,0.5,0.5,0.0,0.0,0.0,0.0,0.0
Sess14_impro04_F009,anger,1.7,4.0,1,본인이 그런 의견이 있는 것처럼 저도 제 음식에 일가견이 있구요.,구요,train,1.0,0.0,0.0,0.0,0.0,0.0,0.0
Sess14_impro04_F009,anger,1.7,4.0,2,저도 피랑 땀 흘려서 이 가게 지켜온 거예요 우리 아빠가 했던 방법 그대로 지켜왔던 거라구요.,예요 | 라구요,train,1.0,0.0,0.0,0.0,0.0,0.0,0.0
Sess14_impro04_M010,anger,1.6,4.3,1,본인의 의견이 전혀 안 들어가있어요.,어요,train,0.6,0.3,0.0,0.0,0.0,0.0,0.1
Sess14_impro04_M010,anger,1.6,4.3,2,내가 봤을 때 그냥 언론에서 만들어주는대로 언론이 좋아할만한 요리 그런 걸 한 거야 당신은.,야,train,0.6,0.3,0.0,0.0,0.0,0.0,0.1
Sess14_impro04_F011,anger,1.6,4.7,1,수석주방장이라는 사람이 한 사람의 인격을 무시하고 내가 만든 요리를 땅바닥에 던져놓고 그래도 되는 거예요?,예요,train,0.9,0.1,0.0,0.0,0.0,0.0,0.0
Sess14_impro04_F011,anger,1.6,4.7,2,되는 거냐구요.,냐구요,train,0.9,0.1,0.0,0.0,0.0,0.0,0.0
Sess14_impro04_F011,anger,1.6,4.7,3,인성부터 챙기세요 인성부터.,세요,train,0.9,0.1,0.0,0.0,0.0,0.0,0.0
Sess14_impro04_F011,anger,1.6,4.7,4,남에 음식 요리 이거 지적할 때보다 인성을 챙기시라고요.,라고요,train,0.9,0.1,0.0,0.0,0.0,0.0,0.0
Sess14_impro04_F012,anger,1.6,4.4,1,참 지금 말 다 한 거예요?,예요,train,0.7,0.3,0.0,0.0,0.0,0.0,0.0
Sess14_impro04_F012,anger,1.6,4.4,2,b/ 아 그래요 요리를 그렇게 잘하세요?,세요,train,0.7,0.3,0.0,0.0,0.0,0.0,0.0
Sess14_impro04_F012,anger,1.6,4.4,3,요리만 잘하면 됐다?,다,train,0.7,0.3,0.0,0.0,0.0,0.0,0.0
Sess14_impro04_F012,anger,1.6,4.4,4,그래 뭐 소문 들었죠.,죠,train,0.7,0.3,0.0,0.0,0.0,0.0,0.0
Sess14_impro04_F012,anger,1.6,4.4,5,뭐 아주 화려한 수상경력도 있다고 하구 아 그렇다고 이렇게 열심히 만든 자기가 요리사면 알 거 아니야 요리 얼마나 열심히 (해야지),구 | 야 | 어야지,train,0.7,0.3,0.0,0.0,0.0,0.0,0.0
Sess14_impro04_M012,anger,1.4,4.8,1,(해야지+열심히) 한 건 중요하지 않아요.,어야지 | 어요,train,0.9,0.1,0.0,0.0,0.0,0.0,0.0
Sess14_impro04_M012,anger,1.4,4.8,2,맛이 있냐 없냐가 중요하지.,냐 | 냐 | 지,train,0.9,0.1,0.0,0.0,0.0,0.0,0.0
Sess14_impro04_F013,anger,1.5,4.4,1,"그래서 이렇게 깔아뭉개고 자근자근 밟고, 좀 더 좋게 얘기할 수 없어요?",어요,train,0.6,0.4,0.0,0.0,0.0,0.0,0.0
Sess14_impro04_M013,anger,1.6,4.0,1,b/ 좋게 얘기하면 알아듣습니까 당신이?,습니까,train,0.4,0.6,0.0,0.0,0.0,0.0,0.0
Sess14_impro04_F014,anger,1.5,4.6,1,이렇게 얘기하는 건요.,요,train,1.0,0.0,0.0,0.0,0.0,0.0,0.0
Sess14_impro04_F014,anger,1.5,4.6,2,저희 아버질 욕하는 거예요.,예요,train,1.0,0.0,0.0,0.0,0.0,0.0,0.0
Sess14_impro04_F015,anger,1.5,4.5,1,저는 이런 사람이랑 같이 일을 할 수가 없을 거 같애요.,애요,train,0.8,0.2,0.0,0.0,0.0,0.0,0.0
Sess14_impro04_F015,anger,1.5,4.5,2,이 시간 이후로는 여기 안 들어올게요.,ᆯ게요,train,0.8,0.2,0.0,0.0,0.0,0.0,0.0
Sess14_impro04_F015,anger,1.5,4.5,3,그리고 그쪽이 그렇게 요리를 잘하시면 그쪽 혼자 해먹고 혼자 다 처 드세요.,어요,train,0.8,0.2,0.0,0.0,0.0,0.0,0.0
Sess14_impro04_M014,anger,1.7,4.7,1,뭐 그렇게 하십쇼.,ᆸ쇼,train,0.8,0.2,0.0,0.0,0.0,0.0,0.0
Sess14_impro04_M014,anger,1.7,4.7,2,o/ 그건 그렇게 하는데 미연 씨 한 마디만 드릴게요 앞으로도 요리를 그런 태도로 접하면 당신은 평생 제대로 된 요리 못 만들어 알어?,ᆯ게요 | 어 | 어,train,0.8,0.2,0.0,0.0,0.0,0.0,0.0
Sess14_impro04_F016,anger,1.7,4.0,1,b/ 그래 내 요리는 인기뿐이다.,다,train,0.7,0.3,0.0,0.0,0.0,0.0,0.0
Sess14_impro04_F016,anger,1.7,4.0,2,뭐 알겠어요.,어요,train,0.7,0.3,0.0,0.0,0.0,0.0,0.0
Sess14_impro04_F016,anger,1.7,4.0,3,알겠고 좋아요.,어요,train,0.7,0.3,0.0,0.0,0.0,0.0,0.0
Sess14_impro04_F016,anger,1.7,4.0,4,당신이 내 짬뽕이 그렇게 맛이 없다고 하니까 당신이 한번 짬뽕을 만들어봐요.,어요,train,0.7,0.3,0.0,0.0,0.0,0.0,0.0
Sess14_impro04_F016,anger,1.7,4.0,5,당신 짬뽕을 내가 먹어볼게요.,ᆯ게요,train,0.7,0.3,0.0,0.0,0.0,0.0,0.0
Sess14_impro04_F016,anger,1.7,4.0,6,근데 당신 짬뽕이 너무 맛있으면 이렇게 인성이 더러워도 내가 당신 밑에서 개처럼 일할테니까 근데 당신 짬뽕이 맛이 없으면 당신이 여기서 나가세요.,세요,train,0.7,0.3,0.0,0.0,0.0,0.0,0.0
Sess14_impro04_F017,anger,1.5,4.1,1,근데 당신이 맛이 없으면 당신 짬뽕이 맛이 없으면 여기 내 가게에서 니가 나가라구.,라구,train,1.0,0.0,0.0,0.0,0.0,0.0,0.0
Sess14_impro04_M016,anger,2.3,3.4,1,알겠어요.,어요,train,0.3,0.3,0.0,0.0,0.4,0.0,0.0
Sess14_impro04_M016,anger,2.3,3.4,2,그렇게 하시죠.,죠,train,0.3,0.3,0.0,0.0,0.4,0.0,0.0
Sess15_script01_F012,happiness,4.2,3.9,1,어 맛있겠다.,다,train,0.0,0.0,0.0,0.9,0.1,0.0,0.0
Sess15_script01_M016,happiness,3.9,3.5,1,어 방금 전엔 한다고 했잖아.,잖아,train,0.0,0.0,0.0,0.6,0.3,0.0,0.1
Sess15_script01_M020,sadness,2.6,2.2,1,미안해 사실 이번에도 월급을 못 받았어.,어 | 어,train,0.0,0.1,0.0,0.0,0.1,0.8,0.0
Sess15_script01_M020,sadness,2.6,2.2,2,b/ 가게 사정도 어렵구 b/ 근데 오늘 우리 만난지 100일인데 선물 사줄.,구,train,0.0,0.1,0.0,0.0,0.1,0.8,0.0
Sess15_script01_M022,happiness,3.0,3.4,1,미안해 아 근데 나 다음에 만날땐 내가 진짜 멋진 선물 사줄게.,어 | ᆯ게,train,0.0,0.0,0.0,0.1,0.3,0.4,0.2
Sess15_script01_M022,happiness,3.0,3.4,2,내가 지금 비록 중국집 배달하고 있진만은 어 열심히 일하면은 나 제주도 앞바다에 펜션 짓고 어 우리도 멋있게 살 수 있어.,어,train,0.0,0.0,0.0,0.1,0.3,0.4,0.2
Sess15_script01_F031,happiness,3.8,3.3,1,b/ 미장원에서 샴푸하면서 동네 아줌마들이 주는 팁 좀 모았지 으이그 오빠는 돈 걱정 하지마 내가 먹여 (살릴게),어 | ᆯ게,train,0.0,0.0,0.0,0.3,0.7,0.0,0.0
Sess15_script01_F033,happiness,3.8,3.4,1,대신 프로포즈는 내가 먼저 했으니까 결혼식은 정말 멋있게 해줘야돼?,어,train,0.0,0.0,0.0,0.5,0.5,0.0,0.0
Sess15_script01_F033,happiness,3.8,3.4,2,알았어?,어,train,0.0,0.0,0.0,0.5,0.5,0.0,0.0
Sess15_script01_M031,happiness,4.1,4.3,1,어 여진아 정말 사랑해.,어,train,0.0,0.0,0.0,1.0,0.0,0.0,0.0
Sess15_script02_M002,anger,2.9,2.7,1,야 친오빠한테 오지구 지리구가 뭐냐.,냐,train,0.5,0.1,0.0,0.0,0.4,0.0,0.0
Sess15_script02_M005,anger,2.3,3.5,1,이거 10분이면 끝나 조금만 기달려.,어 | 어,train,0.7,0.0,0.0,0.0,0.3,0.0,0.0
Sess15_script02_M007,anger,1.9,3.8,1,(불쌍하다 불쌍해+야 개소리 하지) 말고 빨리 보기나 해.,어 | 어,train,0.6,0.3,0.0,0.0,0.1,0.0,0.0
Sess15_script02_M011,happiness,4.5,4.9,1,네 개 맞았어.,어,train,0.0,0.0,0.0,0.5,0.0,0.0,0.5
Sess15_script02_M012,happiness,4.9,5.0,1,다섯 제발 제발 야 어떡해.,어,train,0.0,0.0,0.0,0.6,0.0,0.0,0.4
Sess15_script02_M016,happiness,5.0,5.0,1,1등 1등이야 1등 1등이라고 1등.,야,train,0.0,0.0,0.0,0.7,0.0,0.0,0.3
Sess15_script02_M016,happiness,5.0,5.0,2,u/ 이거 어떡하냐?,냐,train,0.0,0.0,0.0,0.7,0.0,0.0,0.3
Sess15_script02_M016,happiness,5.0,5.0,3,o/ (오빠 어떡해 어떡해+어떡해 어떻게해야 되지) b/ 야야 야 나 나좀 꼬집어줘봐.,어 | 어 | 어 | 지 | 어,train,0.0,0.0,0.0,0.7,0.0,0.0,0.3
Sess15_script02_M016,happiness,5.0,5.0,4,이거 진짜야?,야,train,0.0,0.0,0.0,0.7,0.0,0.0,0.3
Sess15_script02_F014,happiness,4.8,4.8,1,o/ 얼마든지 (꼬집어줄게),ᆯ게,train,0.0,0.0,0.0,0.8,0.0,0.0,0.2
Sess15_script02_M017,happiness,5.0,4.8,1,o/ N/ (꼬집어줄게+야 진짜) 꼬집으면 어떡해 아.,ᆯ게 | 어,train,0.0,0.0,0.0,0.6,0.0,0.0,0.4
Sess15_script02_F015,happiness,5.0,4.9,1,아 제대로 u/ 꼬집어야지 꿈인지 아닌지 알 수 있지.,지,train,0.0,0.0,0.0,1.0,0.0,0.0,0.0
Sess15_script02_M018,happiness,4.8,4.5,1,야 나 야 심장 뛰는거 봐.,어,train,0.0,0.0,0.0,0.5,0.0,0.0,0.5
Sess15_script02_M018,happiness,4.8,4.5,2,b/ 야 미칠 거 같은데 어떡해 어떡하냐.,어 | 냐,train,0.0,0.0,0.0,0.5,0.0,0.0,0.5
Sess15_script02_F016,happiness,4.9,4.9,1,나 잊지마 나 잊으면 안돼.,어 | 어,train,0.0,0.0,0.0,1.0,0.0,0.0,0.0
Sess15_script02_F016,happiness,4.9,4.9,2,아 나 마침 구두 새로 (사야는데),는데,train,0.0,0.0,0.0,1.0,0.0,0.0,0.0
Sess15_script02_F020,happiness,4.4,4.0,1,아 그 내 친구 은지랑 소개팅 하고 싶다고 했지?,지,train,0.0,0.0,0.0,0.8,0.2,0.0,0.0
Sess15_script02_F020,happiness,4.4,4.0,2,내가 바로 주선해줄게.,ᆯ게,train,0.0,0.0,0.0,0.8,0.2,0.0,0.0
Sess15_script02_M023,happiness,4.1,3.6,1,오우 씨 야 돈이 좋긴 좋다?,다,train,0.0,0.0,0.0,0.8,0.0,0.0,0.2
Sess15_script02_F021,happiness,4.4,4.4,1,지금 전화 걸게 내 친구들 많아.,ᆯ게 | 어,train,0.0,0.0,0.0,0.7,0.3,0.0,0.0
Sess15_script02_M024,happiness,4.3,3.4,1,아이 씨 진작 그럴 u/ 야 얼마 필요하냐?,냐,train,0.0,0.0,0.0,0.9,0.1,0.0,0.0
Sess15_script02_F022,happiness,4.7,4.9,1,진짜지?,지,train,0.0,0.0,0.0,0.9,0.0,0.0,0.1
Sess15_script02_F022,happiness,4.7,4.9,2,(진짜지+알았어) 아 진짜 오빠가 정말 짱이야 오빠 최고.,어 | 야,train,0.0,0.0,0.0,0.9,0.0,0.0,0.1
Sess15_script02_F022,happiness,4.7,4.9,3,나한테는 역시 우리오빠야 오빠 나 천만 원 아니 1억만 나 1억만 주라 응?,야,train,0.0,0.0,0.0,0.9,0.0,0.0,0.1
Sess15_script02_M025,happiness,4.3,3.6,1,(응+1억) b/ o/ 알았어 오케이 o/ 돈 찾으면 바로 바로 현금으로 (줄게),어 | ᆯ게,train,0.0,0.0,0.0,0.7,0.3,0.0,0.0
Sess15_script02_F023,happiness,4.9,5.0,1,(줄게+아) 오빠.,ᆯ게,train,0.0,0.0,0.0,1.0,0.0,0.0,0.0
Sess15_script02_F023,happiness,4.9,5.0,2,o/ 아 나 생각만 해도 너무 좋아.,어,train,0.0,0.0,0.0,1.0,0.0,0.0,0.0
Sess15_script02_M026,happiness,4.5,4.5,1,야 야 나도 너무 놀래가지고 이게 꿈인가?,ᆫ가,train,0.0,0.0,0.0,0.6,0.0,0.0,0.4
Sess15_script02_M026,happiness,4.5,4.5,2,생시인가?,ᆫ가,train,0.0,0.0,0.0,0.6,0.0,0.0,0.4
Sess15_script02_M026,happiness,4.5,4.5,3,싶다.,다,train,0.0,0.0,0.0,0.6,0.0,0.0,0.4
Sess15_script02_M027,happiness,4.5,4.2,1,야 내일 날 밝으면은 이제 고주홍의 시대가 열리는 거야.,야,train,0.0,0.0,0.0,0.9,0.0,0.0,0.1
Sess15_script02_M028,happiness,5.0,5.0,1,두고 봐 o/ 내가 이 돈으로 세상을 깜짝 놀라게 할거니까.,어 | 니까,train,0.0,0.0,0.0,1.0,0.0,0.0,0.0
Sess15_script03_M002,anger,1.4,4.1,1,이 씨 그러니까 야 날 말렸어야지 술 먹어서 운전 안한다고 했잖아.,어야지 | 잖아,train,0.6,0.0,0.1,0.0,0.0,0.0,0.3
Sess15_script03_M010,happiness,4.0,4.9,1,s/ 오 야 오 야 고라니였어.,어,train,0.0,0.0,0.1,0.8,0.0,0.0,0.1
Sess15_script03_M010,happiness,4.0,4.9,2,아유 고라니였다고 씨 야 너 나랑 술 마셔서 고라니를 사람으로 착각한 거야 그치?,다고 | 야,train,0.0,0.0,0.1,0.8,0.0,0.0,0.1
Sess15_script03_M014,anger,2.0,4.1,1,(데려가야지+야야) 우리 술 마셨잖아.,어야지 | 잖아,train,0.6,0.0,0.0,0.0,0.4,0.0,0.0
Sess15_script03_M016,anger,2.0,4.2,1,야 나 공무원 시험 못보면 우리 결혼도 못해 그찮아?,어 | 어,train,0.8,0.1,0.0,0.0,0.1,0.0,0.0
Sess15_script03_M016,anger,2.0,4.2,2,가자 어?,자,train,0.8,0.1,0.0,0.0,0.1,0.0,0.0
Sess15_script03_F012,anger,1.7,3.1,1,자기 무섭게 왜 이래?,어,train,0.0,0.2,0.8,0.0,0.0,0.0,0.0
Sess15_script03_F013,anger,1.6,3.8,1,이건 사람이 사람이면 이러면 안되는 거잖아 당신 이런 사람 아니잖아 (왜이러는데),잖아 | 잖아 | 는데,train,0.3,0.4,0.3,0.0,0.0,0.0,0.0
Sess15_script03_M017,anger,1.8,4.9,1,(왜이러는데+야 너) 내가 망가지길 바라냐?,냐,train,1.0,0.0,0.0,0.0,0.0,0.0,0.0
Sess15_script03_M017,anger,1.8,4.9,2,내가 인생 망하길 바라냐고.,냐고,train,1.0,0.0,0.0,0.0,0.0,0.0,0.0
Sess15_script03_F014,anger,2.0,4.1,1,사람 목숨 달린 거잖아.,잖아,train,0.4,0.0,0.4,0.0,0.2,0.0,0.0
Sess15_script03_F014,anger,2.0,4.1,2,일단 찾아보자 응?,자,train,0.4,0.0,0.4,0.0,0.2,0.0,0.0
Sess15_script03_F014,anger,2.0,4.1,3,그 혹 혹시 모르니까 경찰에 신고도 해보고 내가 (전화할게),ᆯ게,train,0.4,0.0,0.4,0.0,0.2,0.0,0.0
Sess15_script03_M018,anger,1.7,4.5,1,(전화할게+너) 전화기 내려놔라.,ᆯ게 | 어라,train,1.0,0.0,0.0,0.0,0.0,0.0,0.0
Sess15_script03_F015,anger,1.9,3.2,1,n/ 지섭씨 왜이래.,어,train,0.0,0.0,0.9,0.0,0.0,0.0,0.1
Sess15_script03_M019,anger,2.1,3.8,1,자꾸 이러면 나도 더이상 안 참아.,어,train,0.5,0.1,0.0,0.0,0.4,0.0,0.0
Sess15_script03_M020,anger,1.6,3.9,1,너 죽고싶어?,어,train,1.0,0.0,0.0,0.0,0.0,0.0,0.0
Sess15_script03_F016,anger,1.7,2.8,1,b/ n/ 지금 계속 무슨 말이야.,야,train,0.0,0.0,1.0,0.0,0.0,0.0,0.0
Sess15_script03_M021,anger,1.7,4.2,1,너 지금 나한테 하는 행동이 되게 이상한데.,ᆫ데,train,0.9,0.1,0.0,0.0,0.0,0.0,0.0
Sess15_script03_M022,anger,1.7,4.4,1,너 지금 내 인생 망치려고 작정한애 같애.,애,train,0.8,0.2,0.0,0.0,0.0,0.0,0.0
Sess15_script03_M022,anger,1.7,4.4,2,너 입만 뻥끗해봐.,어,train,0.8,0.2,0.0,0.0,0.0,0.0,0.0
Sess15_script03_M022,anger,1.7,4.4,3,너도 똑같이 만들어 줄테니까.,니까,train,0.8,0.2,0.0,0.0,0.0,0.0,0.0
Sess15_script03_F017,anger,1.8,2.6,1,지섭씨 무서워.,어,train,0.0,0.0,1.0,0.0,0.0,0.0,0.0
Sess15_script03_M023,anger,1.7,4.0,1,야 너 진짜 무서운게 뭔지 알어?,어,train,0.5,0.3,0.1,0.0,0.1,0.0,0.0
Sess15_script03_M023,anger,1.7,4.0,2,너 오늘 있었던 일은 너랑 나랑만 아는거야 아무도 못 봤어.,어,train,0.5,0.3,0.1,0.0,0.1,0.0,0.0
Sess15_script03_M023,anger,1.7,4.0,3,그러니까 너는 그냥 입 닥치고 우린 오늘 그냥 우린 고라니 친거야.,야,train,0.5,0.3,0.1,0.0,0.1,0.0,0.0
Sess15_script03_M023,anger,1.7,4.0,4,어차피 살았는지 죽었는지도 모르는데 알바 없잖아.,잖아,train,0.5,0.3,0.1,0.0,0.1,0.0,0.0
Sess15_script03_M024,anger,1.7,4.5,1,그리고 너도 똑바로 들어.,어,train,0.9,0.1,0.0,0.0,0.0,0.0,0.0
Sess15_script03_M025,anger,1.5,4.4,1,너 이 차에서 내려도 경찰에 전화해도 넌 죽어.,어,train,0.9,0.1,0.0,0.0,0.0,0.0,0.0
Sess15_script03_M025,anger,1.5,4.4,2,알았어?,어,train,0.9,0.1,0.0,0.0,0.0,0.0,0.0
Sess15_script03_F018,anger,1.6,2.7,1,아 아 알았어.,어,train,0.0,0.0,1.0,0.0,0.0,0.0,0.0
Sess15_script03_M027,happiness,3.3,4.1,1,음 잊으면 돼 그냥 잊으면 돼.,어 | 어,train,0.0,0.0,0.1,0.8,0.1,0.0,0.0
Sess15_script03_M027,happiness,3.3,4.1,2,b/ 그래 b/ 이대로 가면 돼.,어,train,0.0,0.0,0.1,0.8,0.1,0.0,0.0
Sess15_script03_M027,happiness,3.3,4.1,3,그럼 우리는 아무 일도 없는 거야.,야,train,0.0,0.0,0.1,0.8,0.1,0.0,0.0
Sess15_script03_M027,happiness,3.3,4.1,4,음 그럼 그러면 이제 그냥 전처럼 돌아가면 되는 거야.,야,train,0.0,0.0,0.1,0.8,0.1,0.0,0.0
Sess15_script03_M027,happiness,3.3,4.1,5,b/ 그 사람이 사람이 죽었든 살았든 그거 우린 사람을 친 적이 없어.,어,train,0.0,0.0,0.1,0.8,0.1,0.0,0.0
Sess15_script03_M028,happiness,3.4,4.5,1,어 그냥 가면 돼.,어,train,0.0,0.0,0.2,0.7,0.1,0.0,0.0
Sess15_script03_M028,happiness,3.4,4.5,2,어 u/ l/ 아무 일도 없어.,어,train,0.0,0.0,0.2,0.7,0.1,0.0,0.0
Sess15_script03_M028,happiness,3.4,4.5,3,n/ 어 (응 아무 일도 없어),어,train,0.0,0.0,0.2,0.7,0.1,0.0,0.0
Sess15_script03_M031,anger,2.1,4.2,1,(어떡해+야) 뭘 어떡해.,어 | 어,train,0.3,0.2,0.1,0.0,0.2,0.0,0.2
Sess15_script03_M031,anger,2.1,4.2,2,야 이왕 이렇게 된 거 u/ 확실하게 해야지.,어야지,train,0.3,0.2,0.1,0.0,0.2,0.0,0.2
Sess15_script03_M032,anger,1.8,3.9,1,완전히 끝장 내야지.,어야지,train,0.4,0.2,0.1,0.0,0.2,0.0,0.1
Sess15_script03_M033,anger,1.8,4.2,1,이미 늦었어.,어,train,0.5,0.2,0.2,0.0,0.0,0.0,0.1
Sess15_script04_M019,happiness,3.5,3.3,1,잘하시네요.,네요,train,0.0,0.2,0.0,0.4,0.3,0.0,0.1
Sess15_script04_M019,happiness,3.5,3.3,2,아 근데 좀만 더 크게 해봐요.,어요,train,0.0,0.2,0.0,0.4,0.3,0.0,0.1
Sess15_script04_M020,anger,1.9,4.1,1,아니 뭐 말을 그렇게 합니까?,ᆸ니까,train,0.8,0.0,0.0,0.0,0.0,0.0,0.2
Sess15_script04_F020,anger,1.7,4.6,1,b/ 신성 좋아하고 있네.,네,train,0.9,0.1,0.0,0.0,0.0,0.0,0.0
Sess15_script04_F020,anger,1.7,4.6,2,이력서 한줄 채우려고 내가 특기를 좀 과장되게 썼지만은 그렇다고 이런 식으로 엮는게 오히려 신성모독 아닌가?,ᆫ가,train,0.9,0.1,0.0,0.0,0.0,0.0,0.0
Sess15_script04_M021,anger,1.9,4.2,1,아니 뭐 지금 뭐라고 하는 (겁니까),ᆸ니까,train,1.0,0.0,0.0,0.0,0.0,0.0,0.0
Sess15_script04_F021,anger,1.5,4.9,1,(겁니까+당신들) 습관인 거 같은데 가뜩이나 취직 안 돼서 괴로워 죽겠는데 사람 갖고 놀아?,ᆸ니까 | 어,train,0.9,0.1,0.0,0.0,0.0,0.0,0.0
Sess15_script04_F022,anger,1.3,5.0,1,아무리 약자라도 기본적이고 인간적인 대우는 해줘야 되는 거 아냐?,냐,train,0.9,0.1,0.0,0.0,0.0,0.0,0.0
Sess15_script04_F022,anger,1.3,5.0,2,b/ 시간 때우려고.,려고,train,0.9,0.1,0.0,0.0,0.0,0.0,0.0
Sess15_script04_F022,anger,1.3,5.0,3,니들 심심풀이로 땅콩으로 채우려고 이씨 지원자 갖다 놓고 놀지 (말라구),지 | 라구,train,0.9,0.1,0.0,0.0,0.0,0.0,0.0
Sess15_script04_M022,anger,1.5,4.8,1,(말라구+아나) 진짜 어이가 없.,라구,train,1.0,0.0,0.0,0.0,0.0,0.0,0.0
Sess15_script04_M022,anger,1.5,4.8,2,나가 그러면은 나가요.,어 | 어요,train,1.0,0.0,0.0,0.0,0.0,0.0,0.0
Sess15_script04_M022,anger,1.5,4.8,3,아 당신 말고도 지원자 많아 나가.,어 | 어,train,1.0,0.0,0.0,0.0,0.0,0.0,0.0
Sess15_script05_M001,happiness,4.1,3.3,1,l/ 야 저거 봐봐.,어,train,0.0,0.0,0.0,0.6,0.4,0.0,0.0
Sess15_script05_M001,happiness,4.1,3.3,2,저 개그맨 진짜 웃기지 않냐?,냐,train,0.0,0.0,0.0,0.6,0.4,0.0,0.0
Sess15_script05_F001,happiness,2.7,2.5,1,뭐가 그렇게 재밌어?,어,train,0.0,0.0,0.0,0.0,1.0,0.0,0.0
Sess15_script05_M002,happiness,4.4,3.5,1,아 웃기잖아.,잖아,train,0.0,0.0,0.0,0.8,0.2,0.0,0.0
Sess15_script05_M002,happiness,4.4,3.5,2,아 근데 바나나 맛있다 어디서 산 거야?,다 | 야,train,0.0,0.0,0.0,0.8,0.2,0.0,0.0
Sess15_script05_M004,happiness,3.9,2.9,1,b/ 아이 모를 수도 있지 뭐.,지,train,0.0,0.0,0.0,0.8,0.2,0.0,0.0
Sess15_script05_M004,happiness,3.9,2.9,2,그게 대수야?,야,train,0.0,0.0,0.0,0.8,0.2,0.0,0.0
Sess15_script05_M004,happiness,3.9,2.9,3,l/ 야 근데 저거 진짜 웃기다.,다,train,0.0,0.0,0.0,0.8,0.2,0.0,0.0
Sess15_script05_M013,sadness,1.2,5.0,1,b/ 그러니까 내가 저번에 너 가슴 아프다고 했을 때 내가 병원에 가라고 했잖아.,잖아,train,1.0,0.0,0.0,0.0,0.0,0.0,0.0
Sess15_script05_M013,sadness,1.2,5.0,2,b/ 왜 그동안 안 간거야 왜 왜.,야,train,1.0,0.0,0.0,0.0,0.0,0.0,0.0
Sess15_script05_F012,sadness,1.9,1.8,1,화 낸다고 달라질 건 없잖아.,잖아,train,0.0,0.0,0.0,0.0,0.1,0.9,0.0
Sess15_script05_M014,sadness,2.1,4.2,1,여보 미안해 소리 질러서 미안해.,어,train,0.0,0.0,0.2,0.0,0.0,0.7,0.1
Sess15_script05_M014,sadness,2.1,4.2,2,일단 병원부터 가보자.,자,train,0.0,0.0,0.2,0.0,0.0,0.7,0.1
Sess15_script05_M014,sadness,2.1,4.2,3,요즘 의사들 돌팔이들 많다잖아 아닐 수도 있어 어?,다잖아 | 어,train,0.0,0.0,0.2,0.0,0.0,0.7,0.1
Sess15_script05_M014,sadness,2.1,4.2,4,아니 그리고 6개월이 아니라 뭐 6년 아니 60년일지 어떻게 알아.,어,train,0.0,0.0,0.2,0.0,0.0,0.7,0.1
Sess15_script05_M014,sadness,2.1,4.2,5,병원 가자 어?,자,train,0.0,0.0,0.2,0.0,0.0,0.7,0.1
Sess15_script05_F013,sadness,1.7,1.5,1,아냐 난 아냐 틀렸어.,어,train,0.0,0.0,0.0,0.0,0.1,0.9,0.0
Sess15_script05_M015,sadness,1.4,4.9,1,틀리긴 뭘 틀려.,어,train,0.3,0.0,0.0,0.0,0.0,0.7,0.0
Sess15_script05_M015,sadness,1.4,4.9,2,빨리 병원에 가자니까.,자니까,train,0.3,0.0,0.0,0.0,0.0,0.7,0.0
Sess15_script05_F014,sadness,1.8,1.9,1,여보 울 아빠 기억해?,어,train,0.0,0.0,0.0,0.0,0.5,0.5,0.0
Sess15_script05_M016,sadness,1.5,2.9,1,갑자기 아버지 이야긴 왜 꺼내?,어,train,0.0,0.1,0.0,0.0,0.2,0.7,0.0
Sess15_script05_F015,sadness,2.0,2.0,1,사실 우리 아빠도 나랑 같은 병이었어.,어,train,0.0,0.0,0.0,0.0,0.1,0.9,0.0
Sess15_script05_M018,sadness,1.9,3.3,1,미숙아 그게 중요한게 아냐.,냐,train,0.0,0.0,0.0,0.0,0.0,1.0,0.0
Sess15_script05_M018,sadness,1.9,3.3,2,그런거 중요한거 아니잖아.,잖아,train,0.0,0.0,0.0,0.0,0.0,1.0,0.0
Sess15_script05_M018,sadness,1.9,3.3,3,b/ 일단 입원 치료하고 수술 받자.,자,train,0.0,0.0,0.0,0.0,0.0,1.0,0.0
Sess15_script05_M018,sadness,1.9,3.3,4,그럼 살 수 있어.,어,train,0.0,0.0,0.0,0.0,0.0,1.0,0.0
Sess15_script05_M019,sadness,1.8,3.8,1,(힘들고+여보) 그런 생각 하지마.,어,train,0.0,0.0,0.0,0.0,0.0,1.0,0.0
Sess15_script05_M019,sadness,1.8,3.8,2,지금도 안 느렸어.,어,train,0.0,0.0,0.0,0.0,0.0,1.0,0.0
Sess15_script05_M019,sadness,1.8,3.8,3,일단 정리하고 병원 가자?,자,train,0.0,0.0,0.0,0.0,0.0,1.0,0.0
Sess15_script05_F018,sadness,1.3,2.4,1,b/ 무슨 의미가 있겠어.,어,train,0.0,0.0,0.0,0.0,0.0,1.0,0.0
Sess15_script05_F018,sadness,1.3,2.4,2,3년을 더 사셨다고 아빠는 행복했을까.,을까,train,0.0,0.0,0.0,0.0,0.0,1.0,0.0
Sess15_script05_M020,sadness,1.5,4.0,1,여보 왜 이래.,어,train,0.1,0.0,0.0,0.0,0.0,0.9,0.0
Sess15_script05_M020,sadness,1.5,4.0,2,왜 이리 약한 생각을 해.,어,train,0.1,0.0,0.0,0.0,0.0,0.9,0.0
Sess15_script05_F019,sadness,1.2,3.9,1,b/ 나두 살고 싶어.,어,train,0.2,0.0,0.0,0.0,0.0,0.8,0.0
Sess15_script05_F019,sadness,1.2,3.9,2,나도 사람인데.,ᆫ데,train,0.2,0.0,0.0,0.0,0.0,0.8,0.0
Sess15_script05_F019,sadness,1.2,3.9,3,근데 싸우기엔 너무 늦었어.,어,train,0.2,0.0,0.0,0.0,0.0,0.8,0.0
Sess15_script05_F020,sadness,1.2,2.1,1,지쳤어.,어,train,0.0,0.0,0.0,0.0,0.0,1.0,0.0
Sess15_script05_F021,sadness,2.1,2.4,1,b/ 당신 우리 애들 잘 부탁해.,어,train,0.0,0.0,0.0,0.0,0.0,1.0,0.0
Sess15_script05_F021,sadness,2.1,2.4,2,그리고 남은 시간 우리 행복하게 지내면 되잖아 o/ 나 행복하고 싶어.,잖아 | 어,train,0.0,0.0,0.0,0.0,0.0,1.0,0.0
Sess15_script05_F021,sadness,2.1,2.4,3,그리고 행복하게 죽고 싶어.,어,train,0.0,0.0,0.0,0.0,0.0,1.0,0.0
Sess15_script05_F021,sadness,2.1,2.4,4,예쁜 모습 좋은 모습만 남기고 싶어.,어,train,0.0,0.0,0.0,0.0,0.0,1.0,0.0
Sess15_script05_F022,sadness,1.9,2.5,1,마지막 부탁이 있어.,어,train,0.0,0.0,0.0,0.0,0.0,1.0,0.0
Sess15_script05_F022,sadness,1.9,2.5,2,둘째 결혼 시키고 당신도 재혼해.,어,train,0.0,0.0,0.0,0.0,0.0,1.0,0.0
Sess15_script05_F022,sadness,1.9,2.5,3,혹시나 애들 결혼 전에 재혼하면 애들도 상처 받을 수 있으니까 애들 결혼만 시켜줘 n/ 그리고 좋은 여자 만나 o/ (알았지),지,train,0.0,0.0,0.0,0.0,0.0,1.0,0.0
Sess15_script05_M024,sadness,1.3,3.6,1,(알았지+무슨) 소리 하는거야.,지 | 야,train,0.3,0.0,0.0,0.0,0.0,0.7,0.0
Sess15_script05_M024,sadness,1.3,3.6,2,그런 얘기 좀 그만해.,어,train,0.3,0.0,0.0,0.0,0.0,0.7,0.0
Sess15_script05_M025,sadness,1.3,3.5,1,b/ 미숙아 내가 잘못했어 내가 잘못했어.,어 | 어,train,0.0,0.0,0.0,0.0,0.0,1.0,0.0
Sess15_script05_M025,sadness,1.3,3.5,2,제발 살아줘 제발 살아줘.,어 | 어,train,0.0,0.0,0.0,0.0,0.0,1.0,0.0
Sess15_script06_M008,anger,2.2,3.3,1,오히려 지나친건 소은씨 같은데요.,은데요,train,0.6,0.2,0.0,0.0,0.2,0.0,0.0
Sess15_script06_M008,anger,2.2,3.3,2,곧 회의가 시작 될거라 저는 보고서를 다 파악해둬야 되는데 소은씨 덕분에 그 시간을 뺏기고 있으니까.,으니까,train,0.6,0.2,0.0,0.0,0.2,0.0,0.0
Sess15_script06_M012,anger,2.1,3.0,1,기본이 부족해서 싫고 이 뜻은 심사위원 모두 공감했습니다.,습니다,train,0.4,0.3,0.0,0.0,0.3,0.0,0.0
Sess15_script06_M012,anger,2.1,3.0,2,그리고 제가 말씀 드리면 소은씨는 발전하는게 아니라 퇴보하게 될거에요.,에요,train,0.4,0.3,0.0,0.0,0.3,0.0,0.0
Sess15_script06_M012,anger,2.1,3.0,3,아 발전이란 바탕이 있어야 높아지는데 잔인한 이야기지만 소은씨는 바탕이 부족합니다.,ᆸ니다,train,0.4,0.3,0.0,0.0,0.3,0.0,0.0
Sess15_script06_M012,anger,2.1,3.0,4,작성 후 읽어는 보셨나요?,나요,train,0.4,0.3,0.0,0.0,0.3,0.0,0.0
Sess15_script06_M012,anger,2.1,3.0,5,페이지 하나 하나 마다 오타가 하나씩 있던데 그리고.,던데,train,0.4,0.3,0.0,0.0,0.3,0.0,0.0
Sess15_impro01_F012,anger,3.8,3.2,1,하 괜찮아.,어,train,0.0,0.0,0.0,0.0,1.0,0.0,0.0
Sess15_impro01_F020,happiness,4.0,3.5,1,응 아 네 그럴게요.,ᆯ게요,train,0.0,0.0,0.0,0.9,0.1,0.0,0.0
Sess15_impro01_M024,happiness,3.8,3.1,1,안 나는데.,는데,train,0.0,0.0,0.0,0.6,0.4,0.0,0.0
Sess15_impro01_F024,happiness,4.2,3.9,1,왜 기억이 안 나 그때 응급실 쫓아와가지고 내 손 잡고 울고불고 우리 은미 살려주세요 저도 (의사에요 우리 은미 살려주세요+야야 근데 하) (나중에+그만해) u/ 난릴 치고.,어 | 세요 | 에요 | 세요,train,0.1,0.0,0.0,0.9,0.0,0.0,0.0
Sess15_impro01_M025,happiness,3.9,3.3,1,야 근데 진짜 그땐 나도 죽는 줄 알았어.,어,train,0.0,0.0,0.1,0.6,0.2,0.0,0.1
Sess15_impro01_M027,happiness,4.0,3.5,1,아 그때는 니가 l/ 내가 맹장인 줄 알았으면 내가 그랬겠냐?,냐,train,0.2,0.0,0.0,0.4,0.3,0.0,0.1
Sess15_impro01_M028,happiness,3.4,3.5,1,(그렇게 겁이 났어+아 니가) 죽을 것처럼 막 그렇게 했잖 막 뒹굴고.,어,train,0.1,0.0,0.0,0.4,0.3,0.0,0.2
Sess15_impro01_M029,happiness,3.7,3.4,1,b/ 짐 엄살은 엄청 부려.,어,train,0.0,0.0,0.0,0.6,0.4,0.0,0.0
Sess15_impro01_F034,happiness,4.5,4.2,1,네 뭐라구요?,라구요,train,0.0,0.0,0.0,0.9,0.1,0.0,0.0
Sess15_impro01_F034,happiness,4.5,4.2,2,o/ 외치세요.,세요,train,0.0,0.0,0.0,0.9,0.1,0.0,0.0
Sess15_impro01_M035,happiness,3.9,3.3,1,o/ 사랑한다고.,ᆫ다고,train,0.1,0.0,0.0,0.7,0.2,0.0,0.0
Sess15_impro01_M036,happiness,4.3,3.2,1,많이 사랑해.,어,train,0.0,0.0,0.0,0.7,0.3,0.0,0.0
Sess15_impro01_M042,happiness,3.9,3.0,1,너가 끓여주는 라면 먹고 싶어.,어,train,0.0,0.0,0.0,0.6,0.4,0.0,0.0
Sess15_impro01_M043,happiness,4.4,4.0,1,o/ 사랑한다 진짜.,ᆫ다,train,0.0,0.0,0.0,0.7,0.3,0.0,0.0
Sess15_impro02_M005,sadness,2.2,2.0,1,내가 그렇게 별로야?,야,train,0.0,0.1,0.0,0.0,0.4,0.5,0.0
Sess15_impro02_M006,sadness,2.2,2.0,1,아니 내가 뭐 이렇게는 잘난 거는 아닌건 아는데 근데 내가 그렇게 별로는 아니잖아.,는데 | 잖아,train,0.0,0.1,0.0,0.0,0.3,0.6,0.0
Sess15_impro02_M006,sadness,2.2,2.0,2,별론가?,ᆫ가,train,0.0,0.1,0.0,0.0,0.3,0.6,0.0
Sess15_impro02_M007,anger,2.2,2.4,1,아니 회사에서 선배가 나한테 자꾸 뭐라고 하는데.,는데,train,0.7,0.1,0.0,0.0,0.1,0.1,0.0
Sess15_impro02_F008,anger,2.5,2.9,1,또 선배가 뭐라 그래?,어,train,0.0,0.0,0.0,0.0,1.0,0.0,0.0
Sess15_impro02_F008,anger,2.5,2.9,2,아으 파를 잘못 샀네.,네,train,0.0,0.0,0.0,0.0,1.0,0.0,0.0
Sess15_impro02_M008,sadness,2.0,2.0,1,그게 아니라 나 엄마 여자친구가 내가 싫대.,대,train,0.0,0.0,0.0,0.0,0.0,1.0,0.0
Sess15_impro02_F010,sadness,2.3,2.3,1,아으 형택이가 많이 힘들었겠구나.,구나,train,0.0,0.0,0.0,0.0,0.6,0.4,0.0
Sess15_impro02_M010,sadness,1.6,2.0,1,그래서 내가 얼굴이 그렇게 별론가 내 직업이 별론가 아님 내가 니 내가 내가 나온 학교가 그렇게 별론가?,ᆫ가,train,0.0,0.1,0.0,0.0,0.0,0.9,0.0
Sess15_impro02_M010,sadness,1.6,2.0,2,내가 별에별 생각을 다 해봤거든 근데 그런 거 같애 정말.,거든 | 애,train,0.0,0.1,0.0,0.0,0.0,0.9,0.0
Sess15_impro02_F011,sadness,2.5,2.1,1,음 그래 b/ 엄마두 니 나이땐 그랬어.,어,train,0.0,0.0,0.0,0.0,0.5,0.5,0.0
Sess15_impro02_F011,sadness,2.5,2.1,2,다 그렇게 b/ 만나다보니 힘들고 그런 거지.,지,train,0.0,0.0,0.0,0.0,0.5,0.5,0.0
Sess15_impro02_M011,sadness,1.9,2.4,1,엄마는 몰라 엄마가 뭘 알아.,어 | 어,train,0.4,0.1,0.0,0.0,0.1,0.4,0.0
Sess15_impro02_F012,sadness,2.4,2.2,1,그래 그 b/ 엄마는 잘 몰라 이제 니 아빠 돌아가시고 나서 사랑이 뭔지 다 잊어버렸어.,어 | 어,train,0.0,0.0,0.0,0.0,0.3,0.7,0.0
Sess15_impro02_F012,sadness,2.4,2.2,2,근데 음 사랑이 뭐 그렇게 항상 맛있지만은 않아 그거는 나때도 그랬고 너도 비슷할 거야.,어 | 야,train,0.0,0.0,0.0,0.0,0.3,0.7,0.0
Sess15_impro02_M012,sadness,1.8,2.3,1,근데 나는 좀 유독심한 거 같애.,애,train,0.2,0.0,0.0,0.0,0.0,0.8,0.0
Sess15_impro02_M012,sadness,1.8,2.3,2,나한테만 그런 거 같애.,애,train,0.2,0.0,0.0,0.0,0.0,0.8,0.0
Sess15_impro02_M012,sadness,1.8,2.3,3,그런게 아 다른사람들 보면은 나정도까지는 아닌 거 같은데 유독 나만 이런 일이 매일 생겨.,어,train,0.2,0.0,0.0,0.0,0.0,0.8,0.0
Sess15_impro02_M012,sadness,1.8,2.3,4,나한테만 이런일이 너무 많이 생겨.,어,train,0.2,0.0,0.0,0.0,0.0,0.8,0.0
Sess15_impro02_F013,sadness,2.6,2.3,1,b/ 그래 울고 싶으면은 울어 오늘은 우리 아들이 세상에서 제일 힘들테니까 그리구 헤어진 여자친구도 많이 힘들거야.,야,train,0.0,0.0,0.0,0.0,0.3,0.7,0.0
Sess15_impro02_F013,sadness,2.6,2.3,2,서로 상처받으니까 아프고 울고 하는거지.,지,train,0.0,0.0,0.0,0.0,0.3,0.7,0.0
Sess15_impro02_F014,sadness,2.2,2.0,1,엄마두 아빠랑 싸우고 나서 마음이 많이 아플때가 많았어.,어,train,0.0,0.0,0.0,0.0,0.1,0.9,0.0
Sess15_impro02_F014,sadness,2.2,2.0,2,사과도 못하고 아빠는 돌아가셨잖니.,잖니,train,0.0,0.0,0.0,0.0,0.1,0.9,0.0
Sess15_impro02_F015,sadness,2.3,2.1,1,나도 그때 그랬어.,어,train,0.0,0.0,0.0,0.0,0.1,0.9,0.0
Sess15_impro02_F015,sadness,2.3,2.1,2,왜 나한테만 이렇게 슬픈 일이 생기는 걸까 왜 나만 이렇게 아픔을 겪는 걸까 근데 우리 아들이 옆에 있어서 엄마는 견뎠어.,ᆯ까 | 어,train,0.0,0.0,0.0,0.0,0.1,0.9,0.0
Sess15_impro02_M013,sadness,2.2,2.5,1,o/ 엄마 미안해 내가 미안해.,어 | 어,train,0.0,0.0,0.0,0.0,0.3,0.7,0.0
Sess15_impro02_F017,sadness,3.0,2.5,1,우리 아들이 슬프면 엄마도 슬퍼 근데 엄마가 더 슬퍼하면은 우리 아들 마음 아프잖아 응?,어 | 잖아,train,0.0,0.0,0.0,0.0,0.2,0.8,0.0
Sess15_impro02_M014,happiness,3.7,2.8,1,알았어 엄마.,어,train,0.0,0.0,0.0,0.4,0.2,0.4,0.0
Sess15_impro03_M005,anger,2.3,3.1,1,많죠.,죠,train,0.4,0.3,0.0,0.0,0.2,0.0,0.1
Sess15_impro03_M011,anger,2.0,2.8,1,흠 b/ 반죽 어떻게 하셨어요?,어요,train,0.6,0.4,0.0,0.0,0.0,0.0,0.0
Sess15_impro03_F010,anger,2.2,3.0,1,무슨 문제 있나요?,나요,train,0.9,0.0,0.0,0.0,0.1,0.0,0.0
Sess15_impro03_M017,anger,1.9,4.0,1,아 승질 납니까?,ᆸ니까,train,0.7,0.2,0.0,0.0,0.1,0.0,0.0
Sess15_impro03_F017,anger,1.8,5.0,1,지금 말 다 하셨습니까?,습니까,train,1.0,0.0,0.0,0.0,0.0,0.0,0.0
Sess15_impro03_F017,anger,1.8,5.0,2,네 얘기 들었어요.,어요,train,1.0,0.0,0.0,0.0,0.0,0.0,0.0
Sess15_impro03_F017,anger,1.8,5.0,3,소문 다 들었어요.,어요,train,1.0,0.0,0.0,0.0,0.0,0.0,0.0
Sess15_impro03_F017,anger,1.8,5.0,4,아주 수상경력도 그렇게 화려하드 화려하다면서요.,다면서,train,1.0,0.0,0.0,0.0,0.0,0.0,0.0
Sess15_impro03_F017,anger,1.8,5.0,5,그렇다고 해서 그렇게 사람마음 b/ 자존심 그렇게 짓밟아도 (되는겁니까),ᆸ니까,train,1.0,0.0,0.0,0.0,0.0,0.0,0.0
Sess15_impro03_M019,anger,1.5,4.9,1,(되는겁니까+자존심) 상하기 싫으면 실력을 키우세요.,ᆸ니까 | 세요,train,0.9,0.1,0.0,0.0,0.0,0.0,0.0
Sess15_impro03_M019,anger,1.5,4.9,2,저는 그런 게 너무 싫어 언론이 띄워준다고 당신같이 스타셰프라고 언론이 띄워주니까 그딴 거 하나 믿고 요리 이따구로 하는 사람들 내가 보면 진짜 구역질이 나.,어 | 어,train,0.9,0.1,0.0,0.0,0.0,0.0,0.0
Sess15_impro03_F018,anger,1.2,4.8,1,당신이 그렇게 요리를 잘하면 당신이 직접해서 당신이 쳐드세요.,어요,train,0.9,0.1,0.0,0.0,0.0,0.0,0.0
Sess15_impro03_F018,anger,1.2,4.8,2,저는 이 부로 오늘부로 요리 그만두겠습니다.,습니다,train,0.9,0.1,0.0,0.0,0.0,0.0,0.0
Sess15_impro03_M020,anger,1.4,4.6,1,나가세요 (그러면+네) 나가시고 다시는 여기 찾아오지 마시고 그리고요.,세요,train,0.7,0.3,0.0,0.0,0.0,0.0,0.0
Sess15_impro03_M020,anger,1.4,4.6,2,요리 (하지마세요+네) 요리 할 실력 아니니까요.,세요,train,0.7,0.3,0.0,0.0,0.0,0.0,0.0
Sess15_impro03_M020,anger,1.4,4.6,3,하 쪽팔리지 않으십니까?,ᆸ니까,train,0.7,0.3,0.0,0.0,0.0,0.0,0.0
Sess15_impro03_M020,anger,1.4,4.6,4,아이 무슨 스타셰프라고 여길 다시 오고싶으면은 그만큼 실력 키우고 다시 찾아오세요.,세요,train,0.7,0.3,0.0,0.0,0.0,0.0,0.0
Sess15_impro03_F019,anger,1.4,4.3,1,저는 지금 이 시간 이후로 이 주방장에 들어오지 않을겁니다.,ᆸ니다,train,0.8,0.2,0.0,0.0,0.0,0.0,0.0
Sess15_impro03_M021,anger,1.8,4.0,1,b/ 그렇게 하십쇼.,ᆸ쇼,train,0.5,0.5,0.0,0.0,0.0,0.0,0.0
Sess15_impro03_M021,anger,1.8,4.0,2,제가 미연 씨 어떻게 여 지금까지 요리 했는지 모르겠는데요.,는데요,train,0.5,0.5,0.0,0.0,0.0,0.0,0.0
Sess15_impro03_M021,anger,1.8,4.0,3,당신 진짜 그거 하나 믿고 한 거야.,야,train,0.5,0.5,0.0,0.0,0.0,0.0,0.0
Sess15_impro03_M021,anger,1.8,4.0,4,그거 언론이 띄워주는 그거 하나 믿고 한 거라고.,라고,train,0.5,0.5,0.0,0.0,0.0,0.0,0.0
Sess15_impro03_M022,anger,1.2,4.9,1,쪽팔린 줄 아세요.,세요,train,0.9,0.1,0.0,0.0,0.0,0.0,0.0
Sess15_impro03_M022,anger,1.2,4.9,2,쪽팔린 줄 후배들이 안 봅니까?,ᆸ니까,train,0.9,0.1,0.0,0.0,0.0,0.0,0.0
Sess15_impro03_M022,anger,1.2,4.9,3,후배들이 당신 보고 뭘 배워요?,어요,train,0.9,0.1,0.0,0.0,0.0,0.0,0.0
Sess15_impro03_M022,anger,1.2,4.9,4,뭐 당신같이 뭐 신문기사에 b/ TV나오고 그런 거 배우겠지.,지,train,0.9,0.1,0.0,0.0,0.0,0.0,0.0
Sess15_impro03_M022,anger,1.2,4.9,5,나 그런 게 제일 싫어.,어,train,0.9,0.1,0.0,0.0,0.0,0.0,0.0
Sess15_impro03_F020,anger,1.8,5.0,1,그래요.,어요,train,1.0,0.0,0.0,0.0,0.0,0.0,0.0
Sess15_impro03_F020,anger,1.8,5.0,2,그러면은 당신이 그렇게 짬뽕을 잘 만들겠네요.,네요,train,1.0,0.0,0.0,0.0,0.0,0.0,0.0
Sess15_impro03_F020,anger,1.8,5.0,3,당신 짬뽕은 짬뽕을 내가 먹고 아주 감탄을 한다면은 내가 당신 밑에서 개처럼 요리를 배울게 근데 b/ 당신이 만든 짬뽕이 다른 차이가 없으면은 내가 당신 여기 주방에서 당신이 나가 알았어?,ᆯ게 | 어,train,1.0,0.0,0.0,0.0,0.0,0.0,0.0
Sess15_impro03_M023,anger,1.4,4.6,1,허 당신은 평생 인정받는 요리는 절대 만들 수 없을 거예요.,예요,train,0.6,0.4,0.0,0.0,0.0,0.0,0.0
Sess15_impro03_M024,anger,1.2,5.0,1,(그니까 짬뽕+요리를 하기 전에) 당신 마인드부터 똑바로 하라구요.,라구요,train,1.0,0.0,0.0,0.0,0.0,0.0,0.0
Sess15_impro03_F021,anger,1.4,5.0,1,그니까 짬뽕맛을 한 번 제가 볼게요.,ᆯ게요,train,1.0,0.0,0.0,0.0,0.0,0.0,0.0
Sess15_impro03_F021,anger,1.4,5.0,2,보고 아니면은 당신이 이 내가 여기서 피땀 흘린 이곳에서 당신이 나가라고.,라고,train,1.0,0.0,0.0,0.0,0.0,0.0,0.0
Sess15_impro04_M008,anger,2.3,3.9,1,아니 하 b/ n/ 이런 거 갖다 징계위원회 열리면은 징계 안 당할 사람이 어딨습니까?,습니까,train,0.4,0.1,0.1,0.0,0.1,0.0,0.3
Sess15_impro04_M008,anger,2.3,3.9,2,(아시잖아요 그리고),잖아요,train,0.4,0.1,0.1,0.0,0.1,0.0,0.3
Sess15_impro04_M009,anger,2.1,3.7,1,저 부장님 하 저 지금 징계위원회 가라고 그러면은 저 그냥 나가라고 하는 거잖아요.,잖아요,train,0.7,0.0,0.2,0.0,0.1,0.0,0.0
Sess15_impro04_F011,anger,2.7,3.4,1,됐구요.,구요,train,0.2,0.1,0.0,0.0,0.7,0.0,0.0
Sess15_impro04_F011,anger,2.7,3.4,2,저는 회사 규칙대로 처리 처리합니다.,ᆸ니다,train,0.2,0.1,0.0,0.0,0.7,0.0,0.0
Sess15_impro04_F011,anger,2.7,3.4,3,이제 나가보세요.,세요,train,0.2,0.1,0.0,0.0,0.7,0.0,0.0
Sess15_impro04_M010,anger,2.0,4.3,1,부장님 저 b/ 저한테 왜 이러세요.,세요,train,0.8,0.0,0.1,0.0,0.0,0.1,0.0
Sess15_impro04_M010,anger,2.0,4.3,2,b/ 저 그러면은 무조건 감봉이잖아요.,잖아요,train,0.8,0.0,0.1,0.0,0.0,0.1,0.0
Sess15_impro04_M010,anger,2.0,4.3,3,저한테 제가 뭐 잘못했어요?,어요,train,0.8,0.0,0.1,0.0,0.0,0.1,0.0
Sess15_impro04_F012,anger,2.6,3.1,1,윤찬 대리 왜 이래요?,어요,train,0.2,0.4,0.0,0.0,0.1,0.0,0.3
Sess15_impro04_F012,anger,2.6,3.1,2,좀 진정 좀 하구요.,구요,train,0.2,0.4,0.0,0.0,0.1,0.0,0.3
Sess15_impro04_M011,anger,1.7,4.5,1,(진정+봐요) (아이+윤찬 대리) 이것 때문에 징계위원회 위원횐 아니잖아요.,어요 | 잖아요,train,0.8,0.0,0.0,0.0,0.0,0.2,0.0
Sess15_impro04_M012,anger,1.7,4.4,1,이거 누구 생각이에요?,에요,train,0.9,0.1,0.0,0.0,0.0,0.0,0.0
Sess15_impro04_F013,anger,2.5,3.0,1,뭐 누구 생각같은 건 없습니다.,습니다,train,0.1,0.1,0.0,0.0,0.8,0.0,0.0
Sess15_impro04_M013,anger,1.4,4.9,1,(그래요+저) 대리라고 무시하는 겁니까?,어요 | ᆸ니까,train,1.0,0.0,0.0,0.0,0.0,0.0,0.0
Sess15_impro04_F014,anger,2.0,3.8,1,지금 부장한테 대드는 겁니까?,ᆸ니까,train,1.0,0.0,0.0,0.0,0.0,0.0,0.0
Sess15_impro04_M014,anger,2.0,4.3,1,아 이 부장님 생각이죠?,죠,train,0.6,0.4,0.0,0.0,0.0,0.0,0.0
Sess15_impro04_M014,anger,2.0,4.3,2,b/ 아 이거 프로젝트 자체가 말이 안됐던 거였어.,어,train,0.6,0.4,0.0,0.0,0.0,0.0,0.0
Sess15_impro04_F015,anger,2.3,3.4,1,그러니깐 왜 전무님 아이템을 이따위로 추진을 합니까?,ᆸ니까,train,0.6,0.2,0.0,0.0,0.2,0.0,0.0
Sess15_impro04_M015,anger,1.6,4.3,1,지금 저한테 그냥 다 떠넘기시는 거죠?,죠,train,0.9,0.1,0.0,0.0,0.0,0.0,0.0
Sess15_impro04_F016,anger,2.5,2.9,1,그게 무슨 말이죠?,죠,train,0.4,0.3,0.0,0.0,0.3,0.0,0.0
Sess15_impro04_M016,anger,1.7,4.6,1,전무님하고 짜고 저 자르겠다는 거잖아요.,잖아요,train,0.9,0.1,0.0,0.0,0.0,0.0,0.0
Sess15_impro04_F017,anger,2.3,3.1,1,무슨 말인지 잘 모르겠는데.,는데,train,0.1,0.3,0.0,0.0,0.6,0.0,0.0
Sess15_impro04_M017,anger,2.0,4.4,1,진짜 몰라요?,어요,train,0.7,0.3,0.0,0.0,0.0,0.0,0.0
Sess15_impro04_F018,anger,2.1,4.1,1,b/ 윤찬 대리 이정도면 막 나가자는 거죠?,죠,train,0.7,0.3,0.0,0.0,0.0,0.0,0.0
Sess15_impro04_M019,anger,1.6,3.9,1,예 막 나자는거예요.,예요,train,0.9,0.1,0.0,0.0,0.0,0.0,0.0
Sess15_impro04_M019,anger,1.6,3.9,2,부장님 저 징계위원회 가면은 누가 불리할지 생각해보셨어요?,어요,train,0.9,0.1,0.0,0.0,0.0,0.0,0.0
Sess15_impro04_F019,anger,2.4,3.6,1,그게 무슨 소리죠?,죠,train,0.4,0.2,0.0,0.0,0.1,0.0,0.3
Sess15_impro04_M020,anger,1.7,3.6,1,n/ 여기 핸드폰에 뭐가 녹음 돼있을까요?,을까요,train,1.0,0.0,0.0,0.0,0.0,0.0,0.0
Sess15_impro04_M020,anger,1.7,3.6,2,저한테 일 시킬 때 부장님하고 전무님하고 했던 얘기 다 들어가 있어요.,어요,train,1.0,0.0,0.0,0.0,0.0,0.0,0.0
Sess15_impro04_M020,anger,1.7,3.6,3,아세요?,세요,train,1.0,0.0,0.0,0.0,0.0,0.0,0.0
Sess15_impro04_F020,anger,2.4,3.9,1,그게 무슨 문제가 (됩니까),ᆸ니까,train,0.1,0.0,0.0,0.0,0.3,0.0,0.6
Sess15_impro04_M021,anger,1.4,4.0,1,(됩니까+이중장부) 이래도 모르시나요?,ᆸ니까 | 나요,train,0.8,0.2,0.0,0.0,0.0,0.0,0.0
Sess15_impro04_M021,anger,1.4,4.0,2,제가 뭐 병신인 줄 압니까?,ᆸ니까,train,0.8,0.2,0.0,0.0,0.0,0.0,0.0
Sess15_impro04_M022,anger,1.4,4.9,1,부장님하고 따로 부장님하고 전무님하고 따로 장부 만들어서 관리하고 있다는 거 제가 모릅니까?,ᆸ니까,train,1.0,0.0,0.0,0.0,0.0,0.0,0.0
Sess15_impro04_M023,anger,1.4,4.3,1,나 이대로 혼자 안 죽어요.,어요,train,1.0,0.0,0.0,0.0,0.0,0.0,0.0
Sess15_impro04_F022,anger,2.7,4.4,1,b/ 윤찬 대리 아니 윤찬 씨 어 뭔가 오해가 있는 거 같은데.,ᆫ가 | 은데,train,0.0,0.0,0.0,0.0,0.1,0.0,0.9
Sess15_impro04_M024,anger,1.2,4.8,1,o/ 알아서 하시구요 저는 그만 나가보겠습니다.,구요 | 습니다,train,1.0,0.0,0.0,0.0,0.0,0.0,0.0
Sess15_impro04_M024,anger,1.2,4.8,2,알아서 잘해보세요.,세요,train,1.0,0.0,0.0,0.0,0.0,0.0,0.0
Sess01_script01_M002,anger,1.3,4.3,1,아이 씨 그러니까 나 말렸어야지.,어야지,train,1.0,0.0,0.0,0.0,0.0,0.0,0.0
Sess01_script01_M002,anger,1.3,4.3,2,술 먹어서 운전 안 한다고 했잖아.,잖아,train,1.0,0.0,0.0,0.0,0.0,0.0,0.0
Sess01_script01_M006,anger,1.2,4.5,1,이 야밤에 돌아다니다가 왜 내 차에 치이고 난리야 이씨.,야,train,1.0,0.0,0.0,0.0,0.0,0.0,0.0
Sess01_script01_M011,anger,1.3,4.5,1,(아니잖아+그럼) 뭐야.,잖아 | 야,train,0.9,0.0,0.1,0.0,0.0,0.0,0.0
Sess01_script01_M011,anger,1.3,4.5,2,그럼 어떻게 된 거야.,야,train,0.9,0.0,0.1,0.0,0.0,0.0,0.0
Sess01_script01_M013,anger,1.3,4.6,1,o/ 우리 술마셨잖아.,잖아,train,1.0,0.0,0.0,0.0,0.0,0.0,0.0
Sess01_script01_M014,anger,1.6,3.5,1,그러니까 이 그냥 이대로 가자?,자,train,0.6,0.0,0.2,0.0,0.2,0.0,0.0
Sess01_script01_M014,anger,1.6,3.5,2,나 이번엔 들키면 공무원시험도 못 봐.,어,train,0.6,0.0,0.2,0.0,0.2,0.0,0.0
Sess01_script01_M015,anger,1.5,3.5,1,나 공무원 못 되면 우리 결혼도 못 해.,어,train,0.6,0.0,0.2,0.0,0.2,0.0,0.0
Sess01_script01_M015,anger,1.5,3.5,2,그잖아.,잖아,train,0.6,0.0,0.2,0.0,0.2,0.0,0.0
Sess01_script01_M015,anger,1.5,3.5,3,그냥 가자?,자,train,0.6,0.0,0.2,0.0,0.2,0.0,0.0
Sess01_script01_M016,anger,1.1,4.4,1,(건데+u/) 너 내가 망가지길 바래?,어,train,1.0,0.0,0.0,0.0,0.0,0.0,0.0
Sess01_script01_M016,anger,1.1,4.4,2,내가 인생 바닥으로 떨어지길 바라냐고.,냐고,train,1.0,0.0,0.0,0.0,0.0,0.0,0.0
Sess01_script01_F013,anger,1.5,3.8,1,b/ 지섭씨 사람 목숨이 달린 거잖아.,잖아,train,0.0,0.0,0.6,0.0,0.2,0.2,0.0
Sess01_script01_F013,anger,1.5,3.8,2,일단 찾아보자 어?,자,train,0.0,0.0,0.6,0.0,0.2,0.2,0.0
Sess01_script01_F013,anger,1.5,3.8,3,o/ 혹시 모르니까 경찰에 신고도 해보고 내가 (전화할게),ᆯ게,train,0.0,0.0,0.6,0.0,0.2,0.2,0.0
Sess01_script01_M017,anger,1.3,4.3,1,(전화할게+야) o/ 전화기 내놔.,ᆯ게 | 어,train,0.9,0.0,0.0,0.0,0.1,0.0,0.0
Sess01_script01_F014,anger,1.5,3.8,1,왜 (이래),어,train,0.0,0.0,0.8,0.0,0.0,0.0,0.2
Sess01_script01_M018,anger,1.3,3.4,1,(이래+자꾸) 이러면 나도 더 이상 안 참아.,어,train,0.9,0.0,0.0,0.0,0.1,0.0,0.0
Sess01_script01_M019,anger,1.2,3.6,1,너도 사라지게 해줄까?,ᆯ까,train,0.9,0.0,0.0,0.0,0.1,0.0,0.0
Sess01_script01_F015,anger,1.4,3.7,1,지금 계속 무슨 말이야.,야,train,0.0,0.0,1.0,0.0,0.0,0.0,0.0
Sess01_script01_M020,anger,1.4,3.8,1,지금 니가 나한테 하는 짓이 더 이상해.,어,train,0.9,0.0,0.0,0.0,0.1,0.0,0.0
Sess01_script01_M021,anger,1.2,4.3,1,날 지금 망가트리려고 하고 있잖아.,잖아,train,0.9,0.0,0.0,0.0,0.1,0.0,0.0
Sess01_script01_M021,anger,1.2,4.3,2,b/ 너 입만 뻥끗해봐.,어,train,0.9,0.0,0.0,0.0,0.1,0.0,0.0
Sess01_script01_M021,anger,1.2,4.3,3,너도 똑같이 만들어줄테니까.,니까,train,0.9,0.0,0.0,0.0,0.1,0.0,0.0
Sess01_script01_F016,anger,1.4,3.5,1,지섭씨 (무서워),어,train,0.0,0.0,0.9,0.0,0.1,0.0,0.0
Sess01_script01_M022,anger,1.4,4.1,1,(무서워+하 진짜) 무서운게 뭔지 보여줄까?,어 | ᆯ까,train,1.0,0.0,0.0,0.0,0.0,0.0,0.0
Sess01_script01_M022,anger,1.4,4.1,2,오늘 있었던 일은 니랑 나랑만 아는 거야.,야,train,1.0,0.0,0.0,0.0,0.0,0.0,0.0
Sess01_script01_M022,anger,1.4,4.1,3,아무도 못 봤어.그러니까 넌 입 닥치고 있어.,어 | 어,train,1.0,0.0,0.0,0.0,0.0,0.0,0.0
Sess01_script01_M022,anger,1.4,4.1,4,오늘 우린 고라니를 친 거야.,야,train,1.0,0.0,0.0,0.0,0.0,0.0,0.0
Sess01_script01_M022,anger,1.4,4.1,5,어차피 죽었는지 살았는지도 모르는데 알바 없잖아.,잖아,train,1.0,0.0,0.0,0.0,0.0,0.0,0.0
Sess01_script01_M023,anger,1.5,3.3,1,그리고 너도 똑바로 들어.,어,train,0.8,0.0,0.0,0.0,0.2,0.0,0.0
Sess01_script01_M024,anger,1.4,3.2,1,넌 차에서 내려도 경찰에 전화해도 넌 뒤져 알았어?,어,train,0.9,0.0,0.0,0.0,0.1,0.0,0.0
Sess01_script01_M032,anger,1.7,3.6,1,이미 늦었어.,어,train,0.4,0.0,0.4,0.0,0.2,0.0,0.0
Sess01_script02_F009,happiness,3.9,3.2,1,아 어때?,어,train,0.0,0.0,0.0,0.2,0.8,0.0,0.0
Sess01_script02_M010,happiness,4.5,3.3,1,아니 그게 아니라 갑자기 그러니까 당연히 당황하지.,지,train,0.0,0.0,0.0,0.6,0.0,0.0,0.4
Sess01_script02_M014,happiness,4.3,3.3,1,어쨌든 거기다 우리 애기 둘을 낳아서.,어서,train,0.0,0.0,0.0,0.6,0.4,0.0,0.0
Sess01_script02_M015,happiness,4.3,3.1,1,l/ 누가 너랑 결혼 한대?,ᆫ대,train,0.0,0.0,0.0,0.5,0.3,0.0,0.2
Sess01_script02_M021,sadness,1.8,2.4,1,미안해 사실 이번에도 내가 월급을 못 받았어 가게 사정도 어렵구.,어 | 어 | 구,train,0.0,0.0,0.0,0.0,0.2,0.8,0.0
Sess01_script02_M022,happiness,2.2,2.4,1,u/ 이런 선물 받으니까 어이가 없지?,지,train,0.0,0.0,0.0,0.0,0.2,0.7,0.1
Sess01_script02_F023,happiness,4.5,3.7,1,b/ 그러니깐 젓가락 100개란 게 우리들 만난 지 100일 되는 날이라서 준비했다는 거야?,야,train,0.0,0.0,0.0,0.9,0.1,0.0,0.0
Sess01_script02_M024,sadness,2.1,2.3,1,여진이 너가 생각해도 젓가락 백 개는 좀 심했지?,지,train,0.0,0.0,0.0,0.0,0.3,0.7,0.0
Sess01_script02_M024,sadness,2.1,2.3,2,미안해.,어,train,0.0,0.0,0.0,0.0,0.3,0.7,0.0
Sess01_script02_F025,sadness,1.6,2.7,1,안되겠다 오빠랑은 이제 더 이상 못 만나겠다.,다 | 다,train,0.1,0.1,0.0,0.0,0.6,0.2,0.0
Sess01_script02_F029,happiness,4.3,3.3,1,오빠는 젓가락을 줬지만 난 좋은 거 줄게.,ᆯ게,train,0.0,0.0,0.0,0.7,0.3,0.0,0.0
Sess01_script02_F033,sadness,4.2,3.2,1,대신 프로포즈는 내가 먼저 했으니까 결혼식은 정말 멋지게 해줘야 해?,어,train,0.0,0.0,0.0,0.3,0.7,0.0,0.0
Sess01_script02_F033,sadness,4.2,3.2,2,알았어?,어,train,0.0,0.0,0.0,0.3,0.7,0.0,0.0
Sess01_script02_M032,happiness,3.9,3.4,1,n/ 여진아 n/ 사랑한다.,ᆫ다,train,0.0,0.0,0.0,0.5,0.2,0.3,0.0
Sess01_script02_M032,happiness,3.9,3.4,2,진짜 사랑해.,어,train,0.0,0.0,0.0,0.5,0.2,0.3,0.0
Sess01_script04_M018,anger,4.4,3.3,1,l/ 아이구 아유 아이구 잘하시네 어 목소리가 너무 작네 어?,네 | 네,train,0.0,0.0,0.0,0.8,0.2,0.0,0.0
Sess01_script04_M019,anger,2.1,2.9,1,아니 무슨 말을 그렇게 합니까 신성한 면접실에서.,ᆸ니까,train,0.6,0.0,0.0,0.1,0.1,0.0,0.2
Sess01_script04_F020,anger,1.2,4.4,1,아무리 약자라고 기본적으로 인간적인 대우를 해줘야 될 거 아냐.,냐,train,1.0,0.0,0.0,0.0,0.0,0.0,0.0
Sess01_script04_F020,anger,1.2,4.4,2,o/ 시간 때우려고 니들 심심풀이 땅콩으로 채우려고 지원자 갖고 놀지 말라구.,라구,train,1.0,0.0,0.0,0.0,0.0,0.0,0.0
Sess01_script04_M020,anger,1.4,4.2,1,아니 참 이거 어이가 없을라니까?,라니까,train,1.0,0.0,0.0,0.0,0.0,0.0,0.0
Sess01_script04_M020,anger,1.4,4.2,2,그럼 나가세요.,세요,train,1.0,0.0,0.0,0.0,0.0,0.0,0.0
Sess01_script04_M020,anger,1.4,4.2,3,u/ 당신 말고도 지원자는 널렸어.,어,train,1.0,0.0,0.0,0.0,0.0,0.0,0.0
Sess01_script05_M001,happiness,4.6,4.1,1,l/ 아이씨 저거 야 저거 봐봐.,야 | 어,train,0.0,0.0,0.0,0.9,0.1,0.0,0.0
Sess01_script05_M001,happiness,4.6,4.1,2,아이 쟤 쟤 너무 웃기지 않아?,어,train,0.0,0.0,0.0,0.9,0.1,0.0,0.0
Sess01_script05_F001,happiness,2.2,1.9,1,o/ N/ 뭐 뭐가 그렇게 (재밌어),어,train,0.1,0.1,0.0,0.0,0.7,0.1,0.0
Sess01_script05_M002,happiness,4.7,4.0,1,(재밌어+아이) 웃기잖아.,어 | 잖아,train,0.0,0.0,0.0,0.9,0.1,0.0,0.0
Sess01_script05_M002,happiness,4.7,4.0,2,l/ 아니 야 근데 이 이 바나나 너무 맛있다.,다,train,0.0,0.0,0.0,0.9,0.1,0.0,0.0
Sess01_script05_M002,happiness,4.7,4.0,3,어디서 산 거야?,야,train,0.0,0.0,0.0,0.9,0.1,0.0,0.0
Sess01_script05_M004,happiness,4.4,3.8,1,아니 뭐 모를 수도 있지 뭐 그게 무슨 대수인가?,지 | ᆫ가,train,0.0,0.0,0.0,0.6,0.4,0.0,0.0
Sess01_script05_M004,happiness,4.4,3.8,2,l/ 아이고 아이 야 저 저 저 저거 진짜 웃기다.,다,train,0.0,0.0,0.0,0.6,0.4,0.0,0.0
Sess01_script05_F004,happiness,2.0,2.3,1,o/ N/ 자 이거 받어.,어,train,0.1,0.1,0.0,0.0,0.7,0.1,0.0
Sess01_script05_F004,happiness,2.0,2.3,2,안 봐?,어,train,0.1,0.1,0.0,0.0,0.7,0.1,0.0
Sess01_script05_M012,sadness,1.2,4.2,1,n/ 아 미치겠네 l/ b/ n/ 아니 그러니까 저번에 가슴 아프다고 할 때 내가 병원에 가보라고 했잖아.,네 | 잖아,train,0.8,0.0,0.0,0.0,0.1,0.0,0.1
Sess01_script05_M012,sadness,1.2,4.2,2,그동안 왜 안간거야 왜.,야,train,0.8,0.0,0.0,0.0,0.1,0.0,0.1
Sess01_script05_F011,sadness,1.7,2.0,1,화낸다고 달라질 거 없잖아.,잖아,train,0.0,0.0,0.0,0.0,0.0,1.0,0.0
Sess01_script05_M013,sadness,1.7,3.2,1,n/ 여보 미안해 어 내가 소리쳐서 미안해.,어 | 어,train,0.0,0.0,0.2,0.0,0.2,0.5,0.1
Sess01_script05_M013,sadness,1.7,3.2,2,내가 이 그 그 이왕 이렇게 된 거 b/ 우리 할 수 있는 건 뭐든지 해보자.,자,train,0.0,0.0,0.2,0.0,0.2,0.5,0.1
Sess01_script05_M013,sadness,1.7,3.2,3,요즘 의사들 그 돌팔이 많다잖아 o/ 아닐 수도 있어 어?,다잖아 | 어,train,0.0,0.0,0.2,0.0,0.2,0.5,0.1
Sess01_script05_M013,sadness,1.7,3.2,4,그리고 6개월이 아니라 6년 아니 60년도 살 수도 있고 어서 빨리 병원에 가자 응?,자,train,0.0,0.0,0.2,0.0,0.2,0.5,0.1
Sess01_script05_F012,sadness,1.5,2.0,1,아니 난 아냐 나 틀렸어.,어,train,0.0,0.0,0.0,0.0,0.1,0.9,0.0
Sess01_script05_M014,sadness,1.6,3.1,1,틀리긴 뭐 틀 뭘 틀려.,어,train,0.3,0.0,0.1,0.0,0.1,0.2,0.3
Sess01_script05_F013,sadness,1.9,2.1,1,여보 울 아빠 기억해?,어,train,0.0,0.0,0.0,0.0,0.2,0.8,0.0
Sess01_script05_M018,sadness,1.7,2.5,1,야 미숙아 n/ 그게 중요한 게 아냐.,냐,train,0.0,0.0,0.3,0.0,0.1,0.6,0.0
Sess01_script05_M018,sadness,1.7,2.5,2,그런 그게 중요한 게 아니잖아.,잖아,train,0.0,0.0,0.3,0.0,0.1,0.6,0.0
Sess01_script05_M018,sadness,1.7,2.5,3,일단 입원 치료하고 수술부터 받자 그럼 살 수 있어.,어,train,0.0,0.0,0.3,0.0,0.1,0.6,0.0
Sess01_script05_F016,sadness,1.2,2.3,1,아냐 어차피 안되는 일인데 b/ 어차피 살 수도 없는데 실낱 같은 목숨 붙잡아 두구 본인두 힘들고 주위 사람두 힘들고.,고,train,0.0,0.0,0.0,0.0,0.0,1.0,0.0
Sess01_script05_M019,sadness,1.4,2.7,1,그런 생각 하지마.,어,train,0.0,0.0,0.2,0.0,0.0,0.8,0.0
Sess01_script05_M019,sadness,1.4,2.7,2,c/ 지금도 안 늦었어.,어,train,0.0,0.0,0.2,0.0,0.0,0.8,0.0
Sess01_script05_M019,sadness,1.4,2.7,3,우리 우리 일단 정리부터 하고 빨리 병원부터 가자?,자,train,0.0,0.0,0.2,0.0,0.0,0.8,0.0
Sess01_script05_F017,sadness,1.2,2.1,1,무슨 의미가 있겠어?,어,train,0.0,0.0,0.0,0.0,0.0,1.0,0.0
Sess01_script05_F017,sadness,1.2,2.1,2,삼 년을 더 사셨다구 o/ 아빤 행복했을까?,다구 | 을까,train,0.0,0.0,0.0,0.0,0.0,1.0,0.0
Sess01_script05_M020,sadness,1.3,3.6,1,여보 왜 이래 어?,어,train,0.3,0.0,0.0,0.0,0.0,0.7,0.0
Sess01_script05_M020,sadness,1.3,3.6,2,왜 이렇게 약한 생각을 해.,어,train,0.3,0.0,0.0,0.0,0.0,0.7,0.0
Sess01_script05_F018,sadness,1.2,3.0,1,나두 살구 싶어.,어,train,0.0,0.0,0.0,0.0,0.0,1.0,0.0
Sess01_script05_F018,sadness,1.2,3.0,2,o/ 나도 사람인데 근데 싸우기엔 너무 늦었고 지쳤어.,어,train,0.0,0.0,0.0,0.0,0.0,1.0,0.0
Sess01_script05_F019,sadness,1.3,2.8,1,당신 우리 애들 잘 부탁해.,어,train,0.0,0.0,0.0,0.0,0.0,1.0,0.0
Sess01_script05_F019,sadness,1.3,2.8,2,그리고 남은 시간 우리 행복하게 지내면 되잖아 나 행복하고 싶어.,잖아 | 어,train,0.0,0.0,0.0,0.0,0.0,1.0,0.0
Sess01_script05_F019,sadness,1.3,2.8,3,그리고 행복하게 죽고 싶어.,어,train,0.0,0.0,0.0,0.0,0.0,1.0,0.0
Sess01_script05_F019,sadness,1.3,2.8,4,예쁜 모습 좋은 모습만 남기고 싶어.,어,train,0.0,0.0,0.0,0.0,0.0,1.0,0.0
Sess01_script05_F020,sadness,1.5,2.2,1,마지막 부탁이 있어.,어,train,0.0,0.0,0.0,0.0,0.1,0.9,0.0
Sess01_script05_F020,sadness,1.5,2.2,2,둘째 결혼 시키고 당신도 재혼해.,어,train,0.0,0.0,0.0,0.0,0.1,0.9,0.0
Sess01_script05_F020,sadness,1.5,2.2,3,혹시나 애들 o/ 결혼 전에 재혼하면 애들도 상처받을 수 있으니까 애들 결혼만 시켜줘 그리고 좋은 여자 만나 알았지?,어 | 지,train,0.0,0.0,0.0,0.0,0.1,0.9,0.0
Sess01_script05_M023,sadness,1.0,4.6,1,도대체 무슨 소리 하는 거야.,야,train,0.4,0.0,0.0,0.0,0.0,0.6,0.0
Sess01_script05_M023,sadness,1.0,4.6,2,씨 n/ c/ 그런 얘기 좀 그만해.,어,train,0.4,0.0,0.0,0.0,0.0,0.6,0.0
Sess01_script05_M024,sadness,1.0,4.1,1,b/ 저기 저기 미숙아 c/ 내가 n/ 내가 잘못했어 내가 잘못했어 응?,어 | 어,train,0.0,0.0,0.2,0.0,0.0,0.8,0.0
Sess01_script05_M024,sadness,1.0,4.1,2,제발 살아줘 c/ 제발 살아줘제발 살아줘.,어 | 어,train,0.0,0.0,0.2,0.0,0.0,0.8,0.0
Sess01_script06_M006,anger,2.3,3.9,1,(검색하라고+지금) 하고 있으니까 끝나고 준다고.,ᆫ다고,train,0.9,0.1,0.0,0.0,0.0,0.0,0.0
Sess01_script06_M009,happiness,4.0,3.8,1,l/ 어이고 오 예 예 오 두 개 맞았어.,어,train,0.0,0.0,0.0,0.7,0.1,0.0,0.2
Sess01_script06_M009,happiness,4.0,3.8,2,봐봐 어 보자 보자 보자 u/ 어이 어이 예스 오 오케바리다잉 어?,어 | 어,train,0.0,0.0,0.0,0.7,0.1,0.0,0.2
Sess01_script06_M010,happiness,4.1,4.1,1,야 나 이거 일단 5천 원 확보다.,다,train,0.0,0.0,0.0,0.8,0.1,0.0,0.1
Sess01_script06_F009,happiness,2.1,2.7,1,n/ 퍽이나 좋겠다.,다,train,0.0,0.5,0.1,0.0,0.4,0.0,0.0
Sess01_script06_M011,happiness,4.7,4.5,1,이야 야 나 네 개 맞았다 어?,다,train,0.0,0.0,0.0,0.5,0.0,0.0,0.5
Sess01_script06_M011,happiness,4.7,4.5,2,"야 l/ 나 u/ 야씨 u/ 내가 어떡하, 어떡하냐.",냐,train,0.0,0.0,0.0,0.5,0.0,0.0,0.5
Sess01_script06_M012,happiness,4.7,4.5,1,u/ s/ 아 저 다섯 야 다섯 다섯 개 l/ u/ 가만있어 봐 이걸 어떡하냐?,어 | 냐,train,0.0,0.0,0.0,0.5,0.0,0.0,0.5
Sess01_script06_M016,happiness,4.9,4.9,1,l/ 이거 어쩔 거야.,야,train,0.0,0.0,0.0,0.7,0.0,0.0,0.3
Sess01_script06_M016,happiness,4.9,4.9,2,어떡하면 좋냐.,냐,train,0.0,0.0,0.0,0.7,0.0,0.0,0.3
Sess01_script06_F014,happiness,4.9,5.0,1,o/ N/ s/ 오빠 어 어떡해 어떡해.,어 | 어,train,0.0,0.0,0.0,0.5,0.0,0.0,0.5
Sess01_script06_M017,happiness,5.0,5.0,1,야 야 u/ 나 좀 꼬집어 봐.,어,train,0.0,0.0,0.0,0.6,0.0,0.0,0.4
Sess01_script06_M017,happiness,5.0,5.0,2,나 좀 꼬집어 야 이게 뭐 진짜냐?,냐,train,0.0,0.0,0.0,0.6,0.0,0.0,0.4
Sess01_script06_F015,happiness,5.0,4.9,1,o/ N/ 얼마든지 꼬집어 줄게.,ᆯ게,train,0.0,0.0,0.0,0.9,0.0,0.0,0.1
Sess01_script06_M018,happiness,4.6,4.7,1,이씨 u/ 진짜 야 아프게 꼬집으면 어떡해.,어,train,0.2,0.0,0.0,0.7,0.0,0.0,0.1
Sess01_script06_F016,happiness,4.6,4.4,1,o/ N/ 제대로 꼬부 꼬집어야지 꿈인지 아닌지 알 수 있지.,지,train,0.0,0.0,0.0,0.9,0.1,0.0,0.0
Sess01_script06_M019,happiness,4.9,4.9,1,아 나 이거 심장 뛰는 거 봐.,어,train,0.0,0.0,0.0,0.9,0.0,0.0,0.1
Sess01_script06_M019,happiness,4.9,4.9,2,l/ u/ 야 미치겠다 이 l/ 와 미치겠다 진짜.,다 | 다,train,0.0,0.0,0.0,0.9,0.0,0.0,0.1
Sess01_script06_F017,happiness,4.5,4.4,1,나 잊으면 안 돼.,어,train,0.0,0.0,0.0,0.8,0.2,0.0,0.0
Sess01_script06_F017,happiness,4.5,4.4,2,나 잊으면 안 돼.,어,train,0.0,0.0,0.0,0.8,0.2,0.0,0.0
Sess01_script06_M020,happiness,4.3,4.5,1,o/ 야이씨 야 저 성희야.,야,train,0.0,0.0,0.0,0.9,0.1,0.0,0.0
Sess01_script06_M020,happiness,4.3,4.5,2,너 이 사실을 너 누구한테도 얘기하면 안 된다 알았지?,ᆫ다 | 지,train,0.0,0.0,0.0,0.9,0.1,0.0,0.0
Sess01_script06_F018,happiness,4.5,3.9,1,o/ N/ 아 알았어.,어,train,0.0,0.0,0.0,0.8,0.2,0.0,0.0
Sess01_script06_F018,happiness,4.5,3.9,2,걱정하지 마.,어,train,0.0,0.0,0.0,0.8,0.2,0.0,0.0
Sess01_script06_F018,happiness,4.5,3.9,3,내가 좀 입이 무겁잖아 그러니까 신상 구두 (좀),잖아,train,0.0,0.0,0.0,0.8,0.2,0.0,0.0
Sess01_script06_M021,happiness,4.2,4.5,1,(좀+야) 로또 1등 된 사람만 쫓아다니면서 그 돈 뺐고 구걸하는 사람이 있다잖아.,다잖아,train,0.0,0.0,0.1,0.5,0.4,0.0,0.0
Sess01_script06_M021,happiness,4.2,4.5,2,그거 그거 혹 그게 그게 혹시 모르니까 그건 이건 너랑 나랑만 아는 그 비밀이다 알기 알았지?,지,train,0.0,0.0,0.1,0.5,0.4,0.0,0.0
Sess01_script06_F019,happiness,4.1,4.4,1,o/ N/ 걱정 마.,어,train,0.0,0.0,0.0,0.6,0.4,0.0,0.0
Sess01_script06_F019,happiness,4.1,4.4,2,나 오빠 동생이야.,야,train,0.0,0.0,0.0,0.6,0.4,0.0,0.0
Sess01_script06_F019,happiness,4.1,4.4,3,나 몰라?,어,train,0.0,0.0,0.0,0.6,0.4,0.0,0.0
Sess01_script06_F019,happiness,4.1,4.4,4,나 못 믿어?,어,train,0.0,0.0,0.0,0.6,0.4,0.0,0.0
Sess01_script06_M024,happiness,4.8,4.7,1,뭐야 진짜야?,야 | 야,train,0.0,0.0,0.0,0.7,0.0,0.0,0.3
Sess01_script06_M024,happiness,4.8,4.7,2,b/ s/ l/ 아씨 아 u/ 아 돈이 좋긴 좋네 어?,네,train,0.0,0.0,0.0,0.7,0.0,0.0,0.3
Sess01_script06_M024,happiness,4.8,4.7,3,언제 할 거야?,야,train,0.0,0.0,0.0,0.7,0.0,0.0,0.3
Sess01_script06_F022,happiness,4.5,4.4,1,o/ N/ 지금 지금 전화 걸게 내 친구들 얼 많아.,ᆯ게 | 어,train,0.0,0.0,0.0,0.6,0.4,0.0,0.0
Sess01_script06_M025,happiness,4.4,4.7,1,진작에 그럴 것이지.,지,train,0.0,0.0,0.0,0.6,0.4,0.0,0.0
Sess01_script06_M025,happiness,4.4,4.7,2,u/ 야 얼마 필요해?,어,train,0.0,0.0,0.0,0.6,0.4,0.0,0.0
Sess01_script06_F023,happiness,4.7,4.5,1,아 진짜지?,지,train,0.0,0.0,0.0,0.7,0.0,0.0,0.3
Sess01_script06_F023,happiness,4.7,4.5,2,진짜지?,지,train,0.0,0.0,0.0,0.7,0.0,0.0,0.3
Sess01_script06_F023,happiness,4.7,4.5,3,o/ 아 오빠 오빠 진짜 짱이야 최고야.,야 | 야,train,0.0,0.0,0.0,0.7,0.0,0.0,0.3
Sess01_script06_F023,happiness,4.7,4.5,4,o/ 나한텐 우리 역시 우리 오빠야.,야,train,0.0,0.0,0.0,0.7,0.0,0.0,0.3
Sess01_script06_F023,happiness,4.7,4.5,5,딱 1억만 주라.,라,train,0.0,0.0,0.0,0.7,0.0,0.0,0.3
Sess01_script06_F025,happiness,4.9,4.9,1,어 오빠 어 나 생각만 해도 너무 좋아.,어,train,0.0,0.0,0.0,0.8,0.0,0.0,0.2
Sess01_script06_M028,happiness,5.0,5.0,1,o/ l/ 야 이 나도 u/ 나도 너무 놀라서 이게 이게 이게 꿈이야 생시냐.,냐,train,0.0,0.0,0.0,1.0,0.0,0.0,0.0
Sess01_script06_M029,happiness,5.0,5.0,1,b/ 야 저기 보자 가만있어 보자.,자,train,0.0,0.0,0.0,0.9,0.1,0.0,0.0
Sess01_script06_M029,happiness,5.0,5.0,2,내일의 날이 밝으면은 이제 이 고주홍의 시대가 열린다 이거야.,ᆫ다 | 야,train,0.0,0.0,0.0,0.9,0.1,0.0,0.0
Sess01_script06_M029,happiness,5.0,5.0,3,l/ b/ 두고 보자 내가 이 돈으로 세상을 이 이 깜짝 놀라게 할 거다.,다,train,0.0,0.0,0.0,0.9,0.1,0.0,0.0
Sess01_impro01_M012,anger,1.9,2.7,1,b/ 말이 길었습니다.,습니다,train,0.5,0.2,0.0,0.0,0.3,0.0,0.0
Sess01_impro01_M012,anger,1.9,2.7,2,제가 먹어보겠습니다.,습니다,train,0.5,0.2,0.0,0.0,0.3,0.0,0.0
Sess01_impro01_M012,anger,1.9,2.7,3,b/ 이게 무슨 맛입니까?,ᆸ니까,train,0.5,0.2,0.0,0.0,0.3,0.0,0.0
Sess01_impro01_M013,anger,1.7,3.4,1,스타요리사가 그런 음식입니까?,ᆸ니까,train,1.0,0.0,0.0,0.0,0.0,0.0,0.0
Sess01_impro01_F013,anger,1.7,3.2,1,원래 요리사가 요리사 음식 평가할 때 그렇게 함부로 말하는 거 아닌거 알지 않아요?,어요,train,0.6,0.3,0.0,0.0,0.1,0.0,0.0
Sess01_impro01_M014,anger,1.7,2.7,1,b/ 이거는 제가 매체에다 좀 얘기를 해야겠습니다.,습니다,train,0.8,0.0,0.0,0.0,0.2,0.0,0.0
Sess01_impro01_M015,anger,1.5,3.9,1,이거 가지고 지금 한국사람들 입맛 속여가지고 지금 돈을 번다는 게 말이 됩니까?,ᆸ니까,train,1.0,0.0,0.0,0.0,0.0,0.0,0.0
Sess01_impro01_F014,anger,1.4,4.2,1,아니 당신은 좋을 싫을지 몰라도 저 사람들은 다 좋다고 하잖아.,잖아,train,1.0,0.0,0.0,0.0,0.0,0.0,0.0
Sess01_impro01_F015,anger,1.2,3.5,1,싫으면 당신이 나가.,어,train,1.0,0.0,0.0,0.0,0.0,0.0,0.0
Sess01_impro01_F015,anger,1.2,3.5,2,그럼 되겠네.,네,train,1.0,0.0,0.0,0.0,0.0,0.0,0.0
Sess01_impro02_M002,anger,1.9,3.9,1,아니 나 진짜 밖에서 나 집 오늘 아나 나 이 나이 먹고 내 이런 취급받아야 돼요 도대체?,어요,train,0.6,0.0,0.0,0.0,0.3,0.1,0.0
Sess01_impro02_M002,anger,1.9,3.9,2,하 미치겠네 진짜.,네,train,0.6,0.0,0.0,0.0,0.3,0.1,0.0
Sess01_impro02_M004,anger,1.7,4.0,1,"알죠 아 나 근데 거기서 갔는데 그 김 부장 그 새끼가, 그 새끼가 나한테 겁나 뭐라고 하는 거예요.",죠 | 예요,train,0.8,0.0,0.0,0.0,0.2,0.0,0.0
Sess01_impro02_M004,anger,1.7,4.0,2,그래서 내가 아 나 진짜 아 내가 하 이 나이 먹고 내가 그런 말을 내가 들어야 되는 거야?,야,train,0.8,0.0,0.0,0.0,0.2,0.0,0.0
Sess01_impro02_M004,anger,1.7,4.0,3,내가 진짜 어이가 없어 아 진짜.,어,train,0.8,0.0,0.0,0.0,0.2,0.0,0.0
Sess01_impro02_M005,anger,2.5,3.8,1,그죠 아 진정해야.,죠,train,0.6,0.0,0.0,0.0,0.4,0.0,0.0
Sess01_impro02_M006,anger,1.9,4.1,1,"아니 김 부장 위치가 있긴 있는데 그래도 저한테 그렇게 순 여태까지 나이를 허, 허투루 먹었냐 어 어떤 뭐 뒤로 먹었냐 뭐 이런말을 하는 거 아니잖아요.",냐 | 냐 | 잖아요,train,0.8,0.0,0.0,0.0,0.2,0.0,0.0
Sess01_impro02_M006,anger,1.9,4.1,2,저한테 그런말 할건 아니죠.,죠,train,0.8,0.0,0.0,0.0,0.2,0.0,0.0
Sess01_impro02_M006,anger,1.9,4.1,3,그거를 하 하 진짜 어이가 없네 진짜 미치겠네.,네 | 네,train,0.8,0.0,0.0,0.0,0.2,0.0,0.0
Sess01_impro02_M008,anger,1.5,4.3,1,아 사회생활 저도 했어요 엄마.,어요,train,0.8,0.0,0.0,0.0,0.2,0.0,0.0
Sess01_impro02_M008,anger,1.5,4.3,2,"아 엄마, 엄마도 알잖아요.",잖아요,train,0.8,0.0,0.0,0.0,0.2,0.0,0.0
Sess01_impro02_M008,anger,1.5,4.3,3,아는데 지금 마 아이 사회생활하면서 들어야 될 말이 있고 해도 되는 말이 있고 서로 예의는 지켜야 되는 상호간에 지켜야 되는 거 아니겠어요?,어요,train,0.8,0.0,0.0,0.0,0.2,0.0,0.0
Sess01_impro02_M008,anger,1.5,4.3,4,아니 엄마는 u/ (도대체+에이) 누구 편이에요 도대체.,에요,train,0.8,0.0,0.0,0.0,0.2,0.0,0.0
Sess01_impro02_M009,anger,1.5,4.4,1,아니 그래 아들 말이 맞잖아요.,잖아요,train,0.8,0.0,0.0,0.0,0.2,0.0,0.0
Sess01_impro02_M009,anger,1.5,4.4,2,하 (미치겠네 진짜),네,train,0.8,0.0,0.0,0.0,0.2,0.0,0.0
Sess01_impro02_F007,anger,2.4,2.7,1,(미치겠네 진짜+근데) 벌써 세 번째잖아 너도 나이가 있는데.,네 | 잖아 | 는데,train,0.3,0.0,0.0,0.0,0.6,0.1,0.0
Sess01_impro02_M010,anger,1.8,3.5,1,엄마 지금 그게 제 탓이라는 거예요?,예요,train,0.7,0.0,0.0,0.0,0.3,0.0,0.0
Sess01_impro02_M010,anger,1.8,3.5,2,한두 번도 아니고 지금 세 번째 면은 그게 제탓이라는 거예요 지금?,예요,train,0.7,0.0,0.0,0.0,0.3,0.0,0.0
Sess01_impro02_M011,anger,1.4,4.1,1,(아니라+그) 뜻이잖아요 지금 엄마.,잖아요,train,0.8,0.0,0.0,0.0,0.2,0.0,0.0
Sess01_impro02_M011,anger,1.4,4.1,2,엄마 너무한 거 아니에요?,에요,train,0.8,0.0,0.0,0.0,0.2,0.0,0.0
Sess01_impro02_M011,anger,1.4,4.1,3,엄마 나 엄마 아들이에요 하나밖에 없는 엄마 아들 근데 말을 이렇게 할 거예요?,에요 | 예요,train,0.8,0.0,0.0,0.0,0.2,0.0,0.0
Sess01_impro02_M012,anger,1.6,3.7,1,아들 편인데 지금 그게 말을 그렇게 하는 거예요?,예요,train,0.8,0.0,0.0,0.0,0.2,0.0,0.0
Sess01_impro02_M013,anger,1.7,4.1,1,"n/ 밥은 먹는데 엄마 저 얼마 전에 그 지은이랑도 헤어지고 이랬는데 지금 제 사정 알면서 지금 이러시, 일부러 이러는 거예요?",예요,train,0.8,0.0,0.0,0.0,0.2,0.0,0.0
Sess01_impro02_M013,anger,1.7,4.1,2,나 너무 힘들어요 요즘에 일도 안되고 연애도 안되고 아무것도 안되는데 지금 여기서 이렇게,어요,train,0.8,0.0,0.0,0.0,0.2,0.0,0.0
Sess01_impro02_M015,anger,1.8,3.9,1,말만 지금 예쁘다고 하고 예뻐해 주지 않았잖아요.,잖아요,train,0.8,0.0,0.0,0.0,0.2,0.0,0.0
Sess01_impro02_M015,anger,1.8,3.9,2,"그러니까 걔가 도망간 거나 마, 전 생, 생각이 솔직히 들었긴 들어요.",어요,train,0.8,0.0,0.0,0.0,0.2,0.0,0.0
Sess01_impro02_M016,anger,1.5,4.0,1,엄마 자책하라고 하는 말 아니에요.,에요,train,0.8,0.0,0.0,0.0,0.0,0.2,0.0
Sess01_impro02_M016,anger,1.5,4.0,2,"근데 엄마는 솔직히 지, 저한테 이렇게 하는 게 자체가 이건 아니라고 전 생각이 듭니다.",ᆸ니다,train,0.8,0.0,0.0,0.0,0.0,0.2,0.0
Sess01_impro02_M017,sadness,1.8,3.5,1,(어+아) 엄마 죄송해요.,어요,train,0.1,0.0,0.0,0.0,0.1,0.8,0.0
Sess01_impro02_M018,sadness,1.5,3.6,1,엄마한테까지 이렇게 지금 무시당하니까 너무 진짜 속상해요 진짜.,어요,train,0.0,0.0,0.0,0.0,0.0,1.0,0.0
Sess01_impro02_F015,sadness,2.0,3.5,1,무시한다니 내가 왜 우리 아들을 무시해 어?,어,train,0.0,0.0,0.0,0.0,0.2,0.5,0.3
Sess01_impro02_M020,sadness,1.3,3.9,1,아 내가 이 나이 먹고 내가 진짜 이렇게 해야 돼요?,어요,train,0.0,0.0,0.0,0.0,0.2,0.8,0.0
Sess01_impro02_M021,sadness,1.4,4.0,1,c/ 아니 내 편이 아무도 없잖아요 내 편이.,잖아요,train,0.0,0.0,0.0,0.0,0.2,0.8,0.0
Sess01_impro02_F018,sadness,2.0,2.8,1,왜 없다고 생각해 엄마 서운하게 응?,어,train,0.1,0.0,0.0,0.0,0.2,0.7,0.0
Sess01_impro02_F018,sadness,2.0,2.8,2,엄마도 알아.,어,train,0.1,0.0,0.0,0.0,0.2,0.7,0.0
Sess01_impro02_F018,sadness,2.0,2.8,3,우리 아들 많이 힘들었구나?,구나,train,0.1,0.0,0.0,0.0,0.2,0.7,0.0
Sess01_impro02_M022,sadness,2.1,3.3,1,아니 엄마 내 편 좀 들어줘요.,어요,train,0.0,0.0,0.0,0.0,0.2,0.8,0.0
Sess01_impro02_F019,sadness,1.9,2.8,1,아버지 없이 이렇게 잘 컸는데 엄마가 너무했다 그치,다,train,0.1,0.0,0.0,0.0,0.3,0.6,0.0
Sess01_impro02_M023,sadness,2.1,2.8,1,하 아니 엄마 죄송해요.,어요,train,0.0,0.0,0.0,0.0,0.2,0.8,0.0
Sess01_impro02_M023,sadness,2.1,2.8,2,제가 근데 지금 좀 뭐 예민해서 그랬던 것 같아요.,어요,train,0.0,0.0,0.0,0.0,0.2,0.8,0.0
Sess01_impro02_M023,sadness,2.1,2.8,3,죄송해요.,어요,train,0.0,0.0,0.0,0.0,0.2,0.8,0.0
Sess01_impro02_F020,sadness,2.9,2.8,1,아니야 엄마가 잘못했지 우리 아들은 이렇게 잘 커줬는데.,지 | 는데,train,0.1,0.0,0.0,0.1,0.3,0.5,0.0
Sess01_impro02_F020,sadness,2.9,2.8,2,우리 아들 좋아하는 김치찌개 끓여줄까?,ᆯ까,train,0.1,0.0,0.0,0.1,0.3,0.5,0.0
Sess01_impro03_M007,anger,1.7,3.1,1,아니 부장님 징계위원이 열리는 거 그거 솔직히 부장님 선에서 막을 수 있지 않았습니까?,습니까,train,0.8,0.0,0.0,0.0,0.2,0.0,0.0
Sess01_impro03_M007,anger,1.7,3.1,2,부장님도 동의를 하셨기 때문에 지금 이게 열리는 거 아니에요?,에요,train,0.8,0.0,0.0,0.0,0.2,0.0,0.0
Sess01_impro03_F008,anger,1.9,3.0,1,무슨 말이에요 내가 막을 수 있었는데 안 막았다는 얘기에요?,에요 | 에요,train,0.8,0.0,0.0,0.0,0.2,0.0,0.0
Sess01_impro03_M008,anger,1.6,3.6,1,"그러신 거 같애요 지금 아니 부장님 이번 프로젝트 어떻게 설, 성사가 됐는지 아시지 않습니까 근데 제가 무슨 일 있었는지도 아시면서 징계위원회를 동의하셨어요?",애요 | 습니까 | 어요,train,0.9,0.0,0.0,0.0,0.1,0.0,0.0
Sess01_impro03_F009,anger,1.9,3.1,1,u/ 지금 윤찬 씨가 한 게 실무적인 일들이에요.,에요,train,0.7,0.0,0.0,0.0,0.3,0.0,0.0
Sess01_impro03_F010,anger,1.9,3.0,1,거의 다 했단 말이죠 근데 이제 와서 이렇게 발을 떼버리면 나보고 어떻게 하라는 거예요?,죠 | 예요,train,0.8,0.0,0.0,0.0,0.2,0.0,0.0
Sess01_impro03_M009,anger,1.8,2.8,1,부장님 그 일을 누가 시켰습니까?,습니까,train,0.9,0.0,0.0,0.0,0.1,0.0,0.0
Sess01_impro03_F011,anger,1.9,2.8,1,미안해요 윤찬 씨.,어요,train,0.0,0.0,0.0,0.0,1.0,0.0,0.0
Sess01_impro03_F011,anger,1.9,2.8,2,근데 진짜 어쩔 수 없었던 일이에요.,에요,train,0.0,0.0,0.0,0.0,1.0,0.0,0.0
Sess01_impro03_F012,anger,2.6,2.9,1,n/ 내가 한 번 더 얘기해볼게요.,ᆯ게요,train,0.0,0.1,0.0,0.0,0.9,0.0,0.0
Sess01_impro03_F012,anger,2.6,2.9,2,전무님한테 한 번 더 얘기하면 뭐 달라질 거 같진 않지만 그래도 얘기해볼게요.,ᆯ게요,train,0.0,0.1,0.0,0.0,0.9,0.0,0.0
Sess01_impro03_M011,anger,1.7,2.5,1,죄송합니다 저 부장님 한마디만 하겠습니다.,ᆸ니다 | 습니다,train,0.7,0.0,0.0,0.0,0.3,0.0,0.0
Sess01_impro03_M011,anger,1.7,2.5,2,아니 좀 선을 넘으신 거 같애요.,애요,train,0.7,0.0,0.0,0.0,0.3,0.0,0.0
Sess01_impro03_F013,anger,2.2,2.7,1,무슨 소리예요?,예요,train,0.1,0.1,0.0,0.0,0.6,0.0,0.2
Sess01_impro03_M012,anger,1.5,2.4,1,"이제 와서 다시 말할, 말씀드려봤자 어쨌든 저는 이제 부장님에 대한 신뢰가 떨어졌고 부장님과의 저의, 저희 둘만 알고 있었던 그런 비밀스러운 일들은 여기서 판이 깨진 것 같습니다.",습니다,train,0.7,0.0,0.0,0.0,0.3,0.0,0.0
Sess01_impro03_M013,anger,1.7,2.4,1,계약 위반이죠?,죠,train,0.7,0.0,0.0,0.0,0.3,0.0,0.0
Sess01_impro03_F015,anger,1.9,2.7,1,잘 생각해봐요.,어요,train,0.1,0.3,0.0,0.0,0.6,0.0,0.0
Sess01_impro03_M014,anger,1.6,2.8,1,잘 생각하고 있습니다.,습니다,train,0.8,0.0,0.0,0.0,0.2,0.0,0.0
Sess01_impro03_M014,anger,1.6,2.8,2,저 이렇게 못 당해요.,어요,train,0.8,0.0,0.0,0.0,0.2,0.0,0.0
Sess01_impro03_M014,anger,1.6,2.8,3,제가 감봉되면 마는데 부장님은 아마 타격이 가게 되면 더 크겠죠 저보다?,죠,train,0.8,0.0,0.0,0.0,0.2,0.0,0.0
Sess01_impro03_F016,anger,2.4,2.7,1,꼭 여기서만 일을 해야 되는 건 아니잖아요?,잖아요,train,0.1,0.1,0.0,0.0,0.8,0.0,0.0
Sess01_impro03_F016,anger,2.4,2.7,2,만약에 만약에 해고 조치된다면 내가 알아봐 줄게요.,ᆯ게요,train,0.1,0.1,0.0,0.0,0.8,0.0,0.0
Sess01_impro03_M015,anger,1.6,3.0,1,아니요 좀 자존심이 상했어요.,어요,train,0.9,0.0,0.0,0.0,0.1,0.0,0.0
Sess01_impro03_M015,anger,1.6,3.0,2,어차피 이쪽 판은 다 소문 다 돌아서 알게 될 텐데 저 이대로 가만히 못 있습니다.,습니다,train,0.9,0.0,0.0,0.0,0.1,0.0,0.0
Sess01_impro03_F017,anger,1.9,3.2,1,내가 봐준다 그러잖아요.,잖아요,train,0.7,0.1,0.0,0.0,0.2,0.0,0.0
Sess01_impro03_F017,anger,1.9,3.2,2,내가 뒤 봐준다구요.,ᆫ다구요,train,0.7,0.1,0.0,0.0,0.2,0.0,0.0
Sess01_impro03_M016,anger,1.6,2.9,1,뒤를 봐주실 거였으면 벌써 봐주셨겠죠.,죠,train,0.5,0.2,0.0,0.0,0.3,0.0,0.0
Sess01_impro03_M016,anger,1.6,2.9,2,부장님 저 솔직히 그거 알고 있습니다.,습니다,train,0.5,0.2,0.0,0.0,0.3,0.0,0.0
Sess01_impro03_M016,anger,1.6,2.9,3,통화하실 때 제가 얘기 들었거든요.,거든요,train,0.5,0.2,0.0,0.0,0.3,0.0,0.0
Sess01_impro03_F018,anger,2.1,2.9,1,무슨 소리예요?,예요,train,0.1,0.0,0.0,0.0,0.3,0.0,0.6
Sess01_impro03_M020,anger,1.6,2.9,1,(같은데+오해인) 건지 아닌지는 제가 사원들한테 얘기해보고 이사님하고 직접 얘기를 해볼게요.,ᆯ게요,train,0.8,0.0,0.0,0.0,0.2,0.0,0.0
Sess01_impro03_M020,anger,1.6,2.9,2,죄송하지만 저 충분히 감추고 갈 수 있었거든요?,거든요,train,0.8,0.0,0.0,0.0,0.2,0.0,0.0
Sess01_impro03_M020,anger,1.6,2.9,3,근데 부장님이 깬 거라고 저는 생각합니다.,ᆸ니다,train,0.8,0.0,0.0,0.0,0.2,0.0,0.0
Sess01_impro03_M020,anger,1.6,2.9,4,저 이대로 못 당하고 있어요 (당하지 않겠습니다+윤찬 씨) 알겠어요.,어요 | 습니다 | 어요,train,0.8,0.0,0.0,0.0,0.2,0.0,0.0
Sess01_impro03_F022,anger,2.0,3.5,1,"(솔직히 할 말 없으시죠+아 윤찬 씨 일단은), 아니 일단은 잠깐 상황을 좀 지켜보자고.",죠 | 자고,train,0.0,0.0,0.3,0.0,0.4,0.0,0.3
Sess01_impro03_M021,anger,1.7,3.1,1,"아니요 제가 볼 때는 벌써 판은 끝난 거 같고 더 말이 길어 필요, 필요 없는 것 같습니다.",습니다,train,0.7,0.0,0.0,0.0,0.3,0.0,0.0
Sess01_impro03_M021,anger,1.7,3.1,2,그럼 이따 저녁때 어차피 이사님 미팅 있으니까 그때 가서 제가 진지하게 한번 얘기해보도록 하겠습니다.,습니다,train,0.7,0.0,0.0,0.0,0.3,0.0,0.0
Sess01_impro04_M028,happiness,4.2,3.6,1,o/ 아유 진짜 이 사람 왜 이래 진짜 어?,어,train,0.0,0.0,0.0,0.6,0.4,0.0,0.0
Sess01_impro04_M028,happiness,4.2,3.6,2,둘째 가져야겠어 오늘?,어,train,0.0,0.0,0.0,0.6,0.4,0.0,0.0
Sess01_impro04_F028,happiness,4.5,3.9,1,은서 안깨게 l/ 일단 씻고 와.,어,train,0.0,0.0,0.0,1.0,0.0,0.0,0.0
Sess01_impro04_M030,happiness,4.2,3.6,1,금방 씻고 올게.,ᆯ게,train,0.0,0.0,0.0,0.7,0.3,0.0,0.0
Sess01_impro04_F029,happiness,4.4,3.6,1,(귀여워 죽겠네),네,train,0.0,0.0,0.0,0.8,0.2,0.0,0.0
Sess01_impro04_M034,happiness,4.4,3.5,1,그럼 들어와.,어,train,0.0,0.0,0.0,0.6,0.4,0.0,0.0
Sess20_script01_M001,happiness,4.4,3.7,1,l/ 이야 저거 봐봐 저 개그맨 웃기지 않아?,어 | 어,val,0.0,0.0,0.0,0.9,0.1,0.0,0.0
Sess20_script01_F001,happiness,2.3,2.3,1,뭐가 그렇게 재밌어?,어,val,0.0,0.2,0.0,0.0,0.8,0.0,0.0
Sess20_script01_M002,happiness,4.5,3.9,1,웃기잖아.,잖아,val,0.0,0.0,0.0,0.8,0.2,0.0,0.0
Sess20_script01_M002,happiness,4.5,3.9,2,하하하하 아 근데 바나나 맛있다.,다,val,0.0,0.0,0.0,0.8,0.2,0.0,0.0
Sess20_script01_M002,happiness,4.5,3.9,3,이거 어디서 산거야?,야,val,0.0,0.0,0.0,0.8,0.2,0.0,0.0
Sess20_script01_M004,happiness,4.0,3.7,1,모를 수도 있지 뭐.,지,val,0.0,0.0,0.0,0.8,0.2,0.0,0.0
Sess20_script01_M004,happiness,4.0,3.7,2,그게 뭐 대순가?,ᆫ가,val,0.0,0.0,0.0,0.8,0.2,0.0,0.0
Sess20_script01_M004,happiness,4.0,3.7,3,하하하하 이야 저거 진짜 웃기다.,다,val,0.0,0.0,0.0,0.8,0.2,0.0,0.0
Sess20_script01_M012,sadness,1.9,3.9,1,얼마나 살 수 있대?,대,val,0.3,0.1,0.2,0.0,0.1,0.1,0.2
Sess20_script01_M013,sadness,1.6,4.8,1,하아 그러니까 저번에 가슴 아프다고 할 때 내가 병원에 가보라고 했잖아.,잖아,val,0.9,0.0,0.0,0.0,0.0,0.0,0.1
Sess20_script01_M013,sadness,1.6,4.8,2,왜 그동안 안 간거야 왜 왜애애애.,야,val,0.9,0.0,0.0,0.0,0.0,0.0,0.1
Sess20_script01_M014,sadness,1.9,3.0,1,여보 미안해 소리쳐서 미안해 이왕 이렇게 된거 할 수 있는 한 뭐든지 해보자.,자,val,0.1,0.0,0.2,0.0,0.0,0.7,0.0
Sess20_script01_M014,sadness,1.9,3.0,2,요즘 의사들 돌팔이들 많다잖아 아닐 수도 있어 응?,다잖아 | 어,val,0.1,0.0,0.2,0.0,0.0,0.7,0.0
Sess20_script01_M014,sadness,1.9,3.0,3,그리고 6개월이 아니라 6년 아니 60년을 살 수도 있고 어서 병원에 가자 응?,자,val,0.1,0.0,0.2,0.0,0.0,0.7,0.0
Sess20_script01_F013,sadness,1.6,2.7,1,아냐 난 이미 틀렸어.,어,val,0.1,0.2,0.0,0.0,0.1,0.6,0.0
Sess20_script01_M015,sadness,1.5,4.6,1,틀리긴 뭘 틀려 빨리 병원에 가자니까.,어 | 자니까,val,0.9,0.0,0.0,0.0,0.0,0.1,0.0
Sess20_script01_F014,sadness,1.7,2.7,1,여보 울 아빠 기억해?,어,val,0.1,0.0,0.0,0.0,0.1,0.8,0.0
Sess20_script01_M016,sadness,1.9,3.7,1,갑자기 아버지 이야긴 왜 꺼내?,어,val,0.2,0.2,0.0,0.0,0.2,0.4,0.0
Sess20_script01_F016,sadness,1.5,2.4,1,미안해.,어,val,0.0,0.0,0.0,0.0,0.1,0.9,0.0
Sess20_script01_F016,sadness,1.5,2.4,2,아빠 3년 동안 폐암으로 병원에 계시다가 그러다 돌아가셨어.,어,val,0.0,0.0,0.0,0.0,0.1,0.9,0.0
Sess20_script01_M018,sadness,1.8,3.0,1,미숙아 그게 중요한게 아냐.,냐,val,0.0,0.0,0.0,0.0,0.2,0.8,0.0
Sess20_script01_M018,sadness,1.8,3.0,2,그런거 중요한게 아니잖아.,잖아,val,0.0,0.0,0.0,0.0,0.2,0.8,0.0
Sess20_script01_M018,sadness,1.8,3.0,3,일단 입원 치료하고 수술 받자.,자,val,0.0,0.0,0.0,0.0,0.2,0.8,0.0
Sess20_script01_M018,sadness,1.8,3.0,4,그럼 살 수 있어.,어,val,0.0,0.0,0.0,0.0,0.2,0.8,0.0
Sess20_script01_F017,sadness,1.3,3.2,1,b/ 아냐 어차피 안되는 일인데 나 어차피 못 사는데 실날 같이 목숨 붙잡아 두구 본인두 힘들고 주위 사람두 힘들게 하고 싶지가 않아.,어,val,0.1,0.1,0.0,0.0,0.1,0.7,0.0
Sess20_script01_M019,sadness,2.0,2.9,1,여보 그런 생각 하지마 어?,어,val,0.0,0.0,0.0,0.0,0.2,0.8,0.0
Sess20_script01_M019,sadness,2.0,2.9,2,자 지금도 안 늦었어.,어,val,0.0,0.0,0.0,0.0,0.2,0.8,0.0
Sess20_script01_M019,sadness,2.0,2.9,3,일단 정리하고 병원 가자?,자,val,0.0,0.0,0.0,0.0,0.2,0.8,0.0
Sess20_script01_F018,anger,1.2,3.6,1,무슨 의미가 있었겠어?,어,val,0.6,0.0,0.0,0.0,0.1,0.3,0.0
Sess20_script01_F018,anger,1.2,3.6,2,3년을 더 아빠가 3년을 더 살았다고 아빤 행복했을까.,을까,val,0.6,0.0,0.0,0.0,0.1,0.3,0.0
Sess20_script01_M020,sadness,1.4,4.2,1,여보 왜 이래 왜 이리 약한 생각을 해.,어 | 어,val,0.3,0.0,0.0,0.0,0.2,0.5,0.0
Sess20_script01_F019,sadness,1.3,4.5,1,나두 살구 싶어.,어,val,0.4,0.0,0.1,0.0,0.1,0.4,0.0
Sess20_script01_F019,sadness,1.3,4.5,2,나도 사람인데.,ᆫ데,val,0.4,0.0,0.1,0.0,0.1,0.4,0.0
Sess20_script01_F019,sadness,1.3,4.5,3,근데 나 싸우기엔 너무 늦었고 지쳤어.,어,val,0.4,0.0,0.1,0.0,0.1,0.4,0.0
Sess20_script01_F020,sadness,1.8,2.2,1,우리 애들 잘 부탁해.,어,val,0.0,0.0,0.0,0.0,0.0,1.0,0.0
Sess20_script01_F020,sadness,1.8,2.2,2,그리고 남은 시간 우리 행복하게 지내면 되잖아.,잖아,val,0.0,0.0,0.0,0.0,0.0,1.0,0.0
Sess20_script01_F020,sadness,1.8,2.2,3,나 그동안 행복하고 싶어.,어,val,0.0,0.0,0.0,0.0,0.0,1.0,0.0
Sess20_script01_F020,sadness,1.8,2.2,4,그러다가 행복하게 죽고 싶어.,어,val,0.0,0.0,0.0,0.0,0.0,1.0,0.0
Sess20_script01_F020,sadness,1.8,2.2,5,나 예쁜 모습 좋은 모습만 남기고 싶다고.,다고,val,0.0,0.0,0.0,0.0,0.0,1.0,0.0
Sess20_script01_F021,sadness,1.8,2.4,1,나 그리고 마지막 부탁 있어.,어,val,0.0,0.0,0.0,0.0,0.4,0.6,0.0
Sess20_script01_F021,sadness,1.8,2.4,2,둘째 결혼 시키면 그때 당신도 재혼해.,어,val,0.0,0.0,0.0,0.0,0.4,0.6,0.0
Sess20_script01_F021,sadness,1.8,2.4,3,그리고 좋은 여자 만나 알았지?,지,val,0.0,0.0,0.0,0.0,0.4,0.6,0.0
Sess20_script01_M023,sadness,1.5,3.7,1,도대체 무슨 소리 하는거야.,야,val,0.5,0.0,0.0,0.0,0.2,0.3,0.0
Sess20_script01_M023,sadness,1.5,3.7,2,그런 얘기 좀 그만해.,어,val,0.5,0.0,0.0,0.0,0.2,0.3,0.0
Sess20_script01_M024,sadness,1.6,2.9,1,미숙아 내가 잘못했어 내가 진짜 잘못했어.,어 | 어,val,0.0,0.0,0.0,0.0,0.2,0.8,0.0
Sess20_script01_M024,sadness,1.6,2.9,2,b/ 제발 살아줘 응?,어,val,0.0,0.0,0.0,0.0,0.2,0.8,0.0
Sess20_script02_M006,anger,2.8,4.1,1,아 지금 하고 있으니까 끝나고 준다고.,ᆫ다고,val,0.8,0.1,0.0,0.0,0.1,0.0,0.0
Sess20_script02_M008,anger,3.4,3.6,1,야야 시작한다.,ᆫ다,val,0.0,0.0,0.0,0.6,0.4,0.0,0.0
Sess20_script02_M008,anger,3.4,3.6,2,야 봐봐.,어,val,0.0,0.0,0.0,0.6,0.4,0.0,0.0
Sess20_script02_M008,anger,3.4,3.6,3,옳지 아싸 번호 하나 맞았고.,어,val,0.0,0.0,0.0,0.6,0.4,0.0,0.0
Sess20_script02_M010,happiness,4.1,3.9,1,오케바리 야 야 일단 5천원 확보.,야,val,0.0,0.0,0.0,0.7,0.3,0.0,0.0
Sess20_script02_M010,happiness,4.1,3.9,2,봤어?,어,val,0.0,0.0,0.0,0.7,0.3,0.0,0.0
Sess20_script02_F009,happiness,2.4,3.2,1,아 잘못 본 거 아니야?,야,val,0.0,0.6,0.0,0.0,0.2,0.0,0.2
Sess20_script02_M011,happiness,4.5,4.5,1,야야약 네 개 맞았어 네 개.,어,val,0.0,0.0,0.0,0.6,0.0,0.0,0.4
Sess20_script02_M011,happiness,4.5,4.5,2,우아 o/ 이거 어쩔건데.,ᆫ데,val,0.0,0.0,0.0,0.6,0.0,0.0,0.4
Sess20_script02_M012,happiness,4.8,4.8,1,아싸 다섯개 다섯개 n/ 야 씨 야 미쳤다 (야 어떡해 어떡해 어떡해 어떡해 야 야 이거 큰일났어),어 | 어 | 어 | 어 | 어,val,0.0,0.0,0.0,0.8,0.0,0.0,0.2
Sess20_script02_F011,happiness,4.9,4.8,1,(야 어떡해 어떡해 어떡해 어떡해 야 야 이거 큰일났어+미친거 아니야 어떡해 어 뭐야) 한개만 맞으면 되는 거야?,어 | 어 | 어 | 어 | 어 | 야 | 어 | 야,val,0.0,0.0,0.0,0.2,0.0,0.0,0.8
Sess20_script02_M013,happiness,4.9,4.5,1,야 잠깐만 야 마지막 하나 야 마지막 하나 제발.,야,val,0.0,0.0,0.0,0.4,0.2,0.0,0.4
Sess20_script02_F014,happiness,4.1,4.8,1,뭐야?,야,val,0.3,0.0,0.0,0.0,0.0,0.0,0.7
Sess20_script02_F014,happiness,4.1,4.8,2,여섯 개 다 맞은거야?,야,val,0.3,0.0,0.0,0.0,0.0,0.0,0.7
Sess20_script02_F014,happiness,4.1,4.8,3,이리 내놔 봐.,어,val,0.3,0.0,0.0,0.0,0.0,0.0,0.7
Sess20_script02_F014,happiness,4.1,4.8,4,빨리 내놔 봐.,어,val,0.3,0.0,0.0,0.0,0.0,0.0,0.7
Sess20_script02_F014,happiness,4.1,4.8,5,아 빨리 이리줘 봐.,어,val,0.3,0.0,0.0,0.0,0.0,0.0,0.7
Sess20_script02_M016,happiness,5.0,5.0,1,야 로또 1등이야 어쩔건데 야.,ᆫ데,val,0.0,0.0,0.0,0.8,0.0,0.0,0.2
Sess20_script02_M016,happiness,5.0,5.0,2,이거 난리났다.,다,val,0.0,0.0,0.0,0.8,0.0,0.0,0.2
Sess20_script02_M016,happiness,5.0,5.0,3,와씨 u/ o/ N/ (와 어떡해 이거 뭐야+야 나 꼬집어봐) 꼬집어봐.,어 | 야 | 어 | 어,val,0.0,0.0,0.0,0.8,0.0,0.0,0.2
Sess20_script02_M016,happiness,5.0,5.0,4,야 u/ 진짜야?,야,val,0.0,0.0,0.0,0.8,0.0,0.0,0.2
Sess20_script02_F016,happiness,5.0,5.0,1,와 (일루와봐+꼬집어봐) o/ 얼마 줄게 줄게.,어 | ᆯ게,val,0.0,0.0,0.0,0.7,0.0,0.0,0.3
Sess20_script02_M017,happiness,4.1,4.9,1,야 아프게 꼬집으면 어떡해.,어,val,0.5,0.0,0.0,0.3,0.1,0.0,0.1
Sess20_script02_F017,happiness,4.7,4.9,1,아 제대로 꼬집어야 꿈인지 아닌지 알지?,지,val,0.1,0.0,0.0,0.5,0.2,0.0,0.2
Sess20_script02_M018,happiness,4.9,4.8,1,야 미쳤다.,다,val,0.0,0.0,0.0,0.8,0.0,0.0,0.2
Sess20_script02_M018,happiness,4.9,4.8,2,야야 심장 뛰는거 봐 야 미칠거 같아.,어 | 어,val,0.0,0.0,0.0,0.8,0.0,0.0,0.2
Sess20_script02_M018,happiness,4.9,4.8,3,(오빠+야 대박이다) 이거.,다,val,0.0,0.0,0.0,0.8,0.0,0.0,0.2
Sess20_script02_F018,happiness,4.7,4.7,1,나 오빠 o/ 사랑하는 거 알지?,지,val,0.0,0.0,0.0,0.7,0.2,0.0,0.1
Sess20_script02_F018,happiness,4.7,4.7,2,o/ 나 잊지마.,어,val,0.0,0.0,0.0,0.7,0.2,0.0,0.1
Sess20_script02_F018,happiness,4.7,4.7,3,나 오빠 친동생이야.,야,val,0.0,0.0,0.0,0.7,0.2,0.0,0.1
Sess20_script02_F018,happiness,4.7,4.7,4,나 알지?,지,val,0.0,0.0,0.0,0.7,0.2,0.0,0.1
Sess20_script02_M019,happiness,4.9,4.7,1,뭐라고?,라고,val,0.0,0.0,0.0,0.8,0.0,0.0,0.2
Sess20_script02_M019,happiness,4.9,4.7,2,뭐 안들려.,어,val,0.0,0.0,0.0,0.8,0.0,0.0,0.2
Sess20_script02_F019,happiness,4.8,4.8,1,(걱정하지마 u/+대박이다) 진짜 어떡해.,다 | 어,val,0.0,0.0,0.0,0.9,0.0,0.0,0.1
Sess20_script02_F020,happiness,4.7,4.7,1,(응+걱정하지마) 내가 진짜 입 엄청 무겁잖아.,어 | 잖아,val,0.0,0.0,0.0,0.7,0.2,0.0,0.1
Sess20_script02_F020,happiness,4.7,4.7,2,걱정하지마.,어,val,0.0,0.0,0.0,0.7,0.2,0.0,0.1
Sess20_script02_F020,happiness,4.7,4.7,3,그러니까 나한테 뭐 떨어지는 거 있지?,지,val,0.0,0.0,0.0,0.7,0.2,0.0,0.1
Sess20_script02_F022,happiness,4.8,4.6,1,(잠깐만+진짜) 대박이다.,다,val,0.0,0.0,0.0,1.0,0.0,0.0,0.0
Sess20_script02_F022,happiness,4.8,4.6,2,와 이런 정성이 있어야지 로또가 당첨되는구나.,는구나,val,0.0,0.0,0.0,1.0,0.0,0.0,0.0
Sess20_script02_F022,happiness,4.8,4.6,3,n/ 내가 오늘 당첨될 줄 알았어.,어,val,0.0,0.0,0.0,1.0,0.0,0.0,0.0
Sess20_script02_F022,happiness,4.8,4.6,4,오늘 오늘의 운세를 보더니 좀 희 희한했거든.,거든,val,0.0,0.0,0.0,1.0,0.0,0.0,0.0
Sess20_script02_M023,happiness,4.0,4.2,1,야야 잠깐만 있어봐.,어,val,0.0,0.0,0.0,0.5,0.4,0.0,0.1
Sess20_script02_M024,happiness,4.4,4.3,1,이야 돈이 좋긴 좋네.,네,val,0.0,0.0,0.0,0.9,0.0,0.0,0.1
Sess20_script02_M025,happiness,4.4,4.3,1,(언제 해줄건데+아아) 나 지금 바로 연락해볼게.,ᆯ게,val,0.0,0.0,0.0,1.0,0.0,0.0,0.0
Sess20_script02_M025,happiness,4.4,4.3,2,나 친구들 많잖아.,잖아,val,0.0,0.0,0.0,1.0,0.0,0.0,0.0
Sess20_script02_M026,happiness,4.5,4.1,1,(좀 더 예쁘고 괜찮은 애도 있는데+진작에 그럴 것이지) 얼마 필요하냐?,지 | 냐,val,0.0,0.0,0.0,1.0,0.0,0.0,0.0
Sess20_script02_M026,happiness,4.5,4.1,2,얘기해.,어,val,0.0,0.0,0.0,1.0,0.0,0.0,0.0
Sess20_script02_F025,happiness,4.8,4.7,1,어 진짜 우리 오빠가 짱이야.,야,val,0.0,0.0,0.0,1.0,0.0,0.0,0.0
Sess20_script02_F025,happiness,4.8,4.7,2,어떡해.,어,val,0.0,0.0,0.0,1.0,0.0,0.0,0.0
Sess20_script02_M029,happiness,4.2,3.9,1,좋아 야 좋아 좋아.,어,val,0.0,0.0,0.0,1.0,0.0,0.0,0.0
Sess20_script02_M029,happiness,4.2,3.9,2,야 돈 찾으면 내가 바로 현금으로 줄게.,ᆯ게,val,0.0,0.0,0.0,1.0,0.0,0.0,0.0
Sess20_script02_F027,happiness,5.0,5.0,1,l/ 허 대박 오빠 나 진짜 너무 좋아.,어,val,0.0,0.0,0.0,1.0,0.0,0.0,0.0
Sess20_script02_F027,happiness,5.0,5.0,2,어떻게 나.,어,val,0.0,0.0,0.0,1.0,0.0,0.0,0.0
Sess20_script02_F027,happiness,5.0,5.0,3,u/ 1등하지.,지,val,0.0,0.0,0.0,1.0,0.0,0.0,0.0
Sess20_script02_M030,happiness,4.6,4.5,1,나도 너무 놀라서 이게 꿈인가 생시인가 싶다.,다,val,0.0,0.0,0.0,1.0,0.0,0.0,0.0
Sess20_script02_M031,happiness,4.8,4.8,1,야 내일 날 밝으면 이제 고주홍의 시대가 열리는거야.,야,val,0.0,0.0,0.0,1.0,0.0,0.0,0.0
Sess20_script02_M031,happiness,4.8,4.8,2,이거야 두고 봐 내가 이 돈으로 세상을 깜짝 놀라게 할거니까.,니까,val,0.0,0.0,0.0,1.0,0.0,0.0,0.0
Sess20_script03_F010,happiness,3.2,3.8,1,왜 어때?,어,val,0.3,0.1,0.0,0.2,0.4,0.0,0.0
Sess20_script03_M022,happiness,2.5,2.3,1,아 사실은 좀 b/ 미안해.,어,val,0.0,0.0,0.0,0.1,0.2,0.7,0.0
Sess20_script03_M022,happiness,2.5,2.3,2,이번에도 월급을 못 받았거든.,거든,val,0.0,0.0,0.0,0.1,0.2,0.7,0.0
Sess20_script03_M022,happiness,2.5,2.3,3,가게 사정도 어렵구 근데 우 오늘 우리 만난지 100일인데 선물 사줄.,구,val,0.0,0.0,0.0,0.1,0.2,0.7,0.0
Sess20_script03_M024,happiness,3.7,2.7,1,하 미안하다.,다,val,0.0,0.0,0.0,0.1,0.4,0.5,0.0
Sess20_script03_M024,happiness,3.7,2.7,2,하지만 다음에 만날 때는 내가 꼭 멋진 선물 사줄게.,ᆯ게,val,0.0,0.0,0.0,0.1,0.4,0.5,0.0
Sess20_script03_M024,happiness,3.7,2.7,3,내가 지금은 비록 중국집 배달부 밖에 안되지만 열심히 일하면 제주도 앞바다에 멋진 펜션 짓고 우리도 멋있게 행복하게 살 수 있어.,어,val,0.0,0.0,0.0,0.1,0.4,0.5,0.0
Sess20_script03_M025,sadness,3.6,2.9,1,여진이 너가 생각해도 젓가락 백개는 좀 심했지?,지,val,0.0,0.1,0.0,0.0,0.4,0.5,0.0
Sess20_script03_M025,sadness,3.6,2.9,2,미안해.,어,val,0.0,0.1,0.0,0.0,0.4,0.5,0.0
Sess20_script03_F029,happiness,4.2,3.6,1,근데 이제 그만 만나고 같이 살아야겠어.,어,val,0.0,0.0,0.0,0.9,0.1,0.0,0.0
Sess20_script03_M028,happiness,4.4,4.4,1,l/ 미치겠다 진짜.,다,val,0.0,0.0,0.0,0.9,0.0,0.0,0.1
Sess20_script03_F030,happiness,4.1,3.8,1,오빠는 나한테 젓가락 줬지만 난 오빠한테 좋은 거 줄게.,ᆯ게,val,0.0,0.0,0.0,0.7,0.3,0.0,0.0
Sess20_script03_F030,happiness,4.1,3.8,2,알았지?,지,val,0.0,0.0,0.0,0.7,0.3,0.0,0.0
Sess20_script03_M029,happiness,4.0,3.6,1,이게 뭔데?,ᆫ데,val,0.0,0.0,0.0,0.4,0.2,0.0,0.4
Sess20_script03_F034,happiness,4.1,3.4,1,대신 프로포즈는 내가 먼저 했으니까 결혼식은 진짜 멋지게 해줘야 돼?,어,val,0.0,0.0,0.0,0.7,0.3,0.0,0.0
Sess20_script03_F034,happiness,4.1,3.4,2,알았지?,지,val,0.0,0.0,0.0,0.7,0.3,0.0,0.0
Sess20_script03_M033,happiness,4.4,4.0,1,알았어 여진아.,어,val,0.0,0.0,0.0,1.0,0.0,0.0,0.0
Sess20_script03_M033,happiness,4.4,4.0,2,사랑한다.,ᆫ다,val,0.0,0.0,0.0,1.0,0.0,0.0,0.0
Sess20_script03_M033,happiness,4.4,4.0,3,정말 사랑해.,어,val,0.0,0.0,0.0,1.0,0.0,0.0,0.0
Sess20_script04_M010,anger,2.0,3.4,1,어디까지 되야 발전일까요?,ᆯ까요,val,0.4,0.3,0.0,0.0,0.3,0.0,0.0
Sess20_script04_M010,anger,2.0,3.4,2,아이디어를 내는 족족 채택되면 발전인겁니까?,ᆸ니까,val,0.4,0.3,0.0,0.0,0.3,0.0,0.0
Sess20_script04_M010,anger,2.0,3.4,3,아니면 회사에서 무조건 인정해주면 발전인겁니까?,ᆸ니까,val,0.4,0.3,0.0,0.0,0.3,0.0,0.0
Sess20_script05_M018,anger,1.9,4.1,1,아니 무슨 말을 그렇게 합니까 신성한 면접실에서.,ᆸ니까,val,0.9,0.0,0.0,0.0,0.0,0.0,0.1
Sess20_script05_F018,anger,1.6,4.4,1,b/ 신성 좋아하고 있네.,네,val,1.0,0.0,0.0,0.0,0.0,0.0,0.0
Sess20_script05_F018,anger,1.6,4.4,2,제가 제가 이력서 한줄 채우려고 내가 특기 좀 과장되게 썼는데 그걸 어떻게 이런 식으로 놀리고 있어요?,어요,val,1.0,0.0,0.0,0.0,0.0,0.0,0.0
Sess20_script05_F018,anger,1.6,4.4,3,오히려 이게 신성모독 아닌가?,ᆫ가,val,1.0,0.0,0.0,0.0,0.0,0.0,0.0
Sess20_script05_F018,anger,1.6,4.4,4,당신들 습관 같은데.,은데,val,1.0,0.0,0.0,0.0,0.0,0.0,0.0
Sess20_script05_F018,anger,1.6,4.4,5,가뜩이나 취직 안 돼서 괴로워 죽겠는데 사람을 갖고 놀아?,어,val,1.0,0.0,0.0,0.0,0.0,0.0,0.0
Sess20_script05_F019,anger,1.5,4.9,1,아무리 약자라도 기본적이고 인간적인 대우는 해줘야 될 거 아닙니까 예?,ᆸ니까,val,1.0,0.0,0.0,0.0,0.0,0.0,0.0
Sess20_script05_F019,anger,1.5,4.9,2,시간 때우려고 니들 심심풀이 땅콩으로 채우려고 지원자 갖고 놀지 마시라고요.,라고요,val,1.0,0.0,0.0,0.0,0.0,0.0,0.0
Sess20_script05_M019,anger,1.7,4.8,1,하 참 어이가 없어서.,어서,val,0.9,0.1,0.0,0.0,0.0,0.0,0.0
Sess20_script05_M019,anger,1.7,4.8,2,그럼 나가세요.,세요,val,0.9,0.1,0.0,0.0,0.0,0.0,0.0
Sess20_script05_M019,anger,1.7,4.8,3,당신 말고도 지원자 널렸어.,어,val,0.9,0.1,0.0,0.0,0.0,0.0,0.0
Sess20_script05_F020,anger,1.4,4.9,1,네 안 그래도 나갈겁니다.,ᆸ니다,val,0.9,0.1,0.0,0.0,0.0,0.0,0.0
Sess20_script06_M002,anger,1.5,4.9,1,아이씨 그러니까 날 말렸어야지.,어야지,val,0.9,0.0,0.0,0.0,0.0,0.0,0.1
Sess20_script06_M002,anger,1.5,4.9,2,술 먹어서 운전 안한다고 했잖아.,잖아,val,0.9,0.0,0.0,0.0,0.0,0.0,0.1
Sess20_script06_F002,anger,2.2,3.2,1,일단 우리 112에 신고할까?,ᆯ까,val,0.0,0.0,0.2,0.0,0.3,0.0,0.5
Sess20_script06_M006,anger,1.6,4.1,1,그러니까 아 이 야밤에 돌아다니다가 내 차에 차이고 난리야 이씨 진짜.,야,val,0.8,0.1,0.0,0.0,0.0,0.0,0.1
Sess20_script06_M010,happiness,4.5,4.3,1,l/ 아 그래 그래 맞아 고라니였나 보다 그치?,어 | 다,val,0.0,0.0,0.1,0.9,0.0,0.0,0.0
Sess20_script06_M010,happiness,4.5,4.3,2,고라니였어.,어,val,0.0,0.0,0.1,0.9,0.0,0.0,0.0
Sess20_script06_M010,happiness,4.5,4.3,3,b/ 너랑 나랑 술을 마셔서 고라니를 사람으로 착각한 거야.,야,val,0.0,0.0,0.1,0.9,0.0,0.0,0.0
Sess20_script06_M011,anger,1.8,4.2,1,아 그럼 뭐야 어떻게 된 거야.,야 | 야,val,0.8,0.0,0.1,0.0,0.1,0.0,0.0
Sess20_script06_M011,anger,1.8,4.2,2,사람은 쳤는데 그 사람이 없어졌다는게 말이 돼?,어,val,0.8,0.0,0.1,0.0,0.1,0.0,0.0
Sess20_script06_M013,anger,1.6,4.7,1,우리 술 마셨잖아.,잖아,val,1.0,0.0,0.0,0.0,0.0,0.0,0.0
Sess20_script06_M015,anger,1.7,3.2,1,나 공무원 못 되면 우리 결혼도 못 해.,어,val,0.5,0.2,0.1,0.0,0.2,0.0,0.0
Sess20_script06_M015,anger,1.7,3.2,2,그러잖아?,잖아,val,0.5,0.2,0.1,0.0,0.2,0.0,0.0
Sess20_script06_F011,anger,1.6,4.0,1,(응+자기) 진짜 무섭게 왜 이래?,어,val,0.2,0.3,0.3,0.0,0.1,0.0,0.1
Sess20_script06_F012,anger,1.6,4.0,1,만약에 아까 그거 진짜 사람 사람이면 우리 살인한 거야.,야,val,0.3,0.5,0.2,0.0,0.0,0.0,0.0
Sess20_script06_F012,anger,1.6,4.0,2,우리 이러면 안되잖아 어?,잖아,val,0.3,0.5,0.2,0.0,0.0,0.0,0.0
Sess20_script06_F012,anger,1.6,4.0,3,당신 이런 사람 아니잖아.,잖아,val,0.3,0.5,0.2,0.0,0.0,0.0,0.0
Sess20_script06_F012,anger,1.6,4.0,4,왜 그러는데.,는데,val,0.3,0.5,0.2,0.0,0.0,0.0,0.0
Sess20_script06_M016,anger,1.7,3.7,1,너 내가 망가지길 바래?,어,val,1.0,0.0,0.0,0.0,0.0,0.0,0.0
Sess20_script06_M016,anger,1.7,3.7,2,내가 내 인생 바닥으로 떨어지길 원하냐고?,냐고,val,1.0,0.0,0.0,0.0,0.0,0.0,0.0
Sess20_script06_F013,anger,2.0,3.8,1,지섭씨 사람 목숨이 달린거야.,야,val,0.0,0.0,0.6,0.0,0.2,0.0,0.2
Sess20_script06_F013,anger,2.0,3.8,2,일단 일단 한 번 찾아보자 어?,자,val,0.0,0.0,0.6,0.0,0.2,0.0,0.2
Sess20_script06_F013,anger,2.0,3.8,3,혹시 모르니까 경찰에 신고도 해보고 내가 전화할게.,ᆯ게,val,0.0,0.0,0.6,0.0,0.2,0.0,0.2
Sess20_script06_M017,anger,1.5,4.8,1,o/ 야야야 너 전화 전화기 내려놔.,어,val,1.0,0.0,0.0,0.0,0.0,0.0,0.0
Sess20_script06_M017,anger,1.5,4.8,2,내려놓으라고.,으라고,val,1.0,0.0,0.0,0.0,0.0,0.0,0.0
Sess20_script06_F014,anger,2.0,3.5,1,지섭씨 왜 그래?,어,val,0.1,0.1,0.8,0.0,0.0,0.0,0.0
Sess20_script06_M018,anger,1.5,3.8,1,자꾸 이러면 나도 더 이상 안 참아.,어,val,1.0,0.0,0.0,0.0,0.0,0.0,0.0
Sess20_script06_M019,anger,1.5,4.0,1,너도 사라지게 해줘?,어,val,0.9,0.1,0.0,0.0,0.0,0.0,0.0
Sess20_script06_F015,anger,1.9,3.2,1,n/ 지금 무슨 말한 거야?,야,val,0.0,0.0,1.0,0.0,0.0,0.0,0.0
Sess20_script06_M020,anger,1.5,3.9,1,야 지금 니가 나한테 하는 짓이 더 이상해.,어,val,0.8,0.2,0.0,0.0,0.0,0.0,0.0
Sess20_script06_M021,anger,1.6,3.8,1,날 지금 망가트리려고 작정했잖아.,잖아,val,0.9,0.1,0.0,0.0,0.0,0.0,0.0
Sess20_script06_M021,anger,1.6,3.8,2,야 우리 미래가 중요해?,어,val,0.9,0.1,0.0,0.0,0.0,0.0,0.0
Sess20_script06_M021,anger,1.6,3.8,3,너 입만 뻥끗해봐.,어,val,0.9,0.1,0.0,0.0,0.0,0.0,0.0
Sess20_script06_M021,anger,1.6,3.8,4,너도 똑같이 만들어줄테니까.,니까,val,0.9,0.1,0.0,0.0,0.0,0.0,0.0
Sess20_script06_F016,anger,1.7,3.0,1,나 지금 지섭씨 무서워.,어,val,0.0,0.0,1.0,0.0,0.0,0.0,0.0
Sess20_script06_M022,anger,1.5,3.5,1,진짜 무서운 거 뭔지 보여줘?,어,val,0.8,0.2,0.0,0.0,0.0,0.0,0.0
Sess20_script06_M022,anger,1.5,3.5,2,오늘 있었던 일은 너랑 나만 아는거야.,야,val,0.8,0.2,0.0,0.0,0.0,0.0,0.0
Sess20_script06_M022,anger,1.5,3.5,3,아무도 못 봤어.,어,val,0.8,0.2,0.0,0.0,0.0,0.0,0.0
Sess20_script06_M022,anger,1.5,3.5,4,그러니까 넌 입 닥치고 있어.,어,val,0.8,0.2,0.0,0.0,0.0,0.0,0.0
Sess20_script06_M022,anger,1.5,3.5,5,오늘 우린 고나 고라니를 친거야 응?,야,val,0.8,0.2,0.0,0.0,0.0,0.0,0.0
Sess20_script06_M022,anger,1.5,3.5,6,어차피 죽었는지 살았는지도 모르는데 알바 없잖아.,잖아,val,0.8,0.2,0.0,0.0,0.0,0.0,0.0
Sess20_script06_M023,anger,1.4,3.8,1,야 그리고 너도 똑바로 들어.,어,val,0.7,0.1,0.0,0.0,0.2,0.0,0.0
Sess20_script06_M024,anger,1.4,3.8,1,넌 차에서 내려도 경찰에 전화해도 넌 죽어 알았어?,어 | 어,val,0.8,0.2,0.0,0.0,0.0,0.0,0.0
Sess20_script06_F017,anger,1.5,2.4,1,아 알았어.,어,val,0.0,0.0,1.0,0.0,0.0,0.0,0.0
Sess20_script06_M030,anger,1.7,3.2,1,뭘 어떡해 이왕 이렇게 된거 확실하게 해야지.,어 | 어야지,val,0.6,0.1,0.3,0.0,0.0,0.0,0.0
Sess20_script06_F021,anger,1.3,4.7,1,지금 뭐하려고.,려고,val,0.2,0.0,0.0,0.0,0.0,0.0,0.8
Sess20_script06_M031,anger,1.6,3.6,1,완전히 끝장내야지.,어야지,val,0.6,0.2,0.1,0.0,0.1,0.0,0.0
Sess20_script06_F022,anger,1.2,4.8,1,지섭씨 제발 그러지마.,어,val,0.1,0.2,0.1,0.0,0.0,0.2,0.4
Sess20_script06_M032,anger,1.4,3.1,1,이미 늦었어.,어,val,0.6,0.1,0.3,0.0,0.0,0.0,0.0
Sess20_impro01_F005,anger,3.6,3.2,1,별거 아니야.,야,val,0.0,0.0,0.0,0.0,0.7,0.0,0.3
Sess20_impro01_F005,anger,3.6,3.2,2,내가 다 소독했어.,어,val,0.0,0.0,0.0,0.0,0.7,0.0,0.3
Sess20_impro01_F005,anger,3.6,3.2,3,괜찮아.,어,val,0.0,0.0,0.0,0.0,0.7,0.0,0.3
Sess20_impro01_M008,anger,2.4,3.5,1,아이 별거 아니기는 피멍도 들었는데.,는데,val,0.4,0.1,0.0,0.0,0.3,0.1,0.1
Sess20_impro01_M019,happiness,4.3,3.5,1,간호사 출신이야.,야,val,0.0,0.0,0.0,0.8,0.2,0.0,0.0
Sess20_impro01_M019,happiness,4.3,3.5,2,l/ (진짜+알잖아) 윤서는?,잖아,val,0.0,0.0,0.0,0.8,0.2,0.0,0.0
Sess20_impro01_M042,anger,2.3,3.2,1,o/ 그런 소리 하지 마.,어,val,0.6,0.1,0.0,0.0,0.3,0.0,0.0
Sess20_impro01_M045,happiness,4.1,3.4,1,b/ 아 몰라.,어,val,0.1,0.0,0.0,0.6,0.3,0.0,0.0
Sess20_impro01_M045,happiness,4.1,3.4,2,그냥 그냥 아무거나 해 줘.,어,val,0.1,0.0,0.0,0.6,0.3,0.0,0.0
Sess20_impro01_M045,happiness,4.1,3.4,3,나 잘게.,ᆯ게,val,0.1,0.0,0.0,0.6,0.3,0.0,0.0
Sess20_impro01_M046,happiness,4.2,3.3,1,사랑해.,어,val,0.0,0.0,0.0,0.6,0.4,0.0,0.0
Sess20_impro02_M002,anger,2.0,3.7,1,(했습+아니) 그 그 강하고 말고 국물을 먹을 때 혀에 살짝 감기는 이 이 오일맛이 이게 뭐냐고 묻는 거에요.,에요,val,0.6,0.0,0.0,0.0,0.4,0.0,0.0
Sess20_impro02_M004,anger,1.9,4.0,1,아니 이게 오일인지 휘발유오일 넣는 건지 아니면 햇볕에서 그 몸에다 바르는 오일 바르 바르는 그건지 구분이 안 가나고 물어보는 거잖아요 지금.,잖아요,val,0.8,0.1,0.0,0.0,0.1,0.0,0.0
Sess20_impro02_F004,anger,2.3,2.8,1,하 그건 당연히 올리브오일을 넣었죠.,죠,val,0.1,0.6,0.0,0.0,0.3,0.0,0.0
Sess20_impro02_M005,anger,1.8,4.2,1,그래 당연히 올리브오일을 넣었겠죠.,죠,val,0.8,0.2,0.0,0.0,0.0,0.0,0.0
Sess20_impro02_M005,anger,1.8,4.2,2,그 짬뽕에 올리브오일 넣는다는 게 자 그 판단을 제가 뭐라고 할 이유는 없는데 내가 말하는 거는 그거에요.,에요,val,0.8,0.2,0.0,0.0,0.0,0.0,0.0
Sess20_impro02_M006,anger,1.8,4.2,1,고추에 강한 맛을 잡아주기 위해서 이 오일을 넣는 건데 그 오일의 양이 정확하게 얼마나 넣었는지 난 그걸 지금 물어보고 있잖아요.,잖아요,val,0.8,0.2,0.0,0.0,0.0,0.0,0.0
Sess20_impro02_F005,anger,3.3,3.1,1,b/ 근데 제가 이 요리로 언론에서 굉장히 주목도 받았고 이슈도 됐거든요.,거든요,val,0.5,0.1,0.0,0.0,0.4,0.0,0.0
Sess20_impro02_M009,anger,1.8,4.3,1,이게 이거 양 이렇게 조절하면 이게 되겠냐고.,냐고,val,0.7,0.3,0.0,0.0,0.0,0.0,0.0
Sess20_impro02_M009,anger,1.8,4.3,2,이걸 누가 먹겠냐고요 이거.,냐고,val,0.7,0.3,0.0,0.0,0.0,0.0,0.0
Sess20_impro02_F007,anger,1.9,3.2,1,하 지금 저랑 싸우시자는 거죠?,죠,val,1.0,0.0,0.0,0.0,0.0,0.0,0.0
Sess20_impro02_F007,anger,1.9,3.2,2,안 그러고서 제 요리를 이렇게 욕하실 수 있으세요?,으세요,val,1.0,0.0,0.0,0.0,0.0,0.0,0.0
Sess20_impro02_F008,anger,1.8,4.0,1,진짜 가만히 있으니까 말씀이 좀 지나치시네요.,네요,val,1.0,0.0,0.0,0.0,0.0,0.0,0.0
Sess20_impro02_M016,anger,1.9,4.5,1,아이 이거 재미난 친구네.,네,val,0.5,0.5,0.0,0.0,0.0,0.0,0.0
Sess20_impro02_M016,anger,1.9,4.5,2,그러니까 지금 이런 기분을 요리를 만들라고요.,라고,val,0.5,0.5,0.0,0.0,0.0,0.0,0.0
Sess20_impro02_M016,anger,1.9,4.5,3,알았어요?,어요,val,0.5,0.5,0.0,0.0,0.0,0.0,0.0
Sess20_impro02_M016,anger,1.9,4.5,4,그러면은 요리가 잘 나올 거라고.,라고,val,0.5,0.5,0.0,0.0,0.0,0.0,0.0
Sess20_impro02_M016,anger,1.9,4.5,5,괜히 그냥 뭐 어디서 그냥 방송에서 만들어준 그 이미지가지고 지금 요리 뭐 하려고 하는데 맛을 그 화로 요리를 만들고 그렇게 생각하고 요리 만들면 돼요 그러면.,어요,val,0.5,0.5,0.0,0.0,0.0,0.0,0.0
Sess20_impro02_M016,anger,1.9,4.5,6,잘하고 있어요.,어요,val,0.5,0.5,0.0,0.0,0.0,0.0,0.0
Sess20_impro02_M016,anger,1.9,4.5,7,그렇게 하라고요 지금.,라고,val,0.5,0.5,0.0,0.0,0.0,0.0,0.0
Sess20_impro02_F017,anger,1.5,4.6,1,(지금처럼+저 이제) 여기 나갈게요.,ᆯ게요,val,1.0,0.0,0.0,0.0,0.0,0.0,0.0
Sess20_impro02_F017,anger,1.5,4.6,2,저 이 시간부로 여기 안 들어옵니다.,ᆸ니다,val,1.0,0.0,0.0,0.0,0.0,0.0,0.0
Sess20_impro02_M017,anger,2.0,4.3,1,아 그럼 그렇게 하세요 예?,세요,val,0.5,0.5,0.0,0.0,0.0,0.0,0.0
Sess20_impro02_M017,anger,2.0,4.3,2,뭐 미연 씨가 b/ 그전에 어떻게 요리를 했는지 난 관심 없어요.,어요,val,0.5,0.5,0.0,0.0,0.0,0.0,0.0
Sess20_impro02_M017,anger,2.0,4.3,3,근데 앞으로는 진짜 음식 요리답게 그렇게 성심성의껏 요리를 다 정성을 바쳐서 다 하시라고요.,라고요,val,0.5,0.5,0.0,0.0,0.0,0.0,0.0
Sess20_impro02_M017,anger,2.0,4.3,4,알겠어요?,어요,val,0.5,0.5,0.0,0.0,0.0,0.0,0.0
Sess20_impro03_M006,anger,2.1,4.3,1,아니 저한테 이러시면 안되잖아 이거.,잖아,val,0.7,0.0,0.0,0.0,0.1,0.0,0.2
Sess20_impro03_M006,anger,2.1,4.3,2,이러면 안되는 거 아니에요?,에요,val,0.7,0.0,0.0,0.0,0.1,0.0,0.2
Sess20_impro03_M007,anger,1.9,4.1,1,아니 이런 일마다 징계위원까지 열리면 도대체 몇 명이 남아있어요 여기서.,어요,val,0.9,0.0,0.0,0.0,0.0,0.0,0.1
Sess20_impro03_F011,anger,2.5,2.9,1,o/ 근데 회사 입장은 단호하데요.,데요,val,0.0,0.1,0.0,0.0,0.9,0.0,0.0
Sess20_impro03_M008,anger,2.3,3.8,1,저한테 왜 이러세요.,세요,val,0.9,0.0,0.0,0.0,0.1,0.0,0.0
Sess20_impro03_F012,anger,2.5,3.2,1,어 준비 다 했습니다.,습니다,val,0.2,0.0,0.0,0.0,0.8,0.0,0.0
Sess20_impro03_F012,anger,2.5,3.2,2,에 전달 다 했고 인제 (아 미치겠네 아+징계위원회 준비하시면) 돼요.,네 | 어요,val,0.2,0.0,0.0,0.0,0.8,0.0,0.0
Sess20_impro03_M009,anger,1.5,4.7,1,아 일단 위원회 열리면 저 빼도 박도 못 하고 적어도 감봉에 웬만하면 좌천인데 아이 창창한 대리한테 빨간 줄 꼭 그렇게 그어야겠어요?,어요,val,1.0,0.0,0.0,0.0,0.0,0.0,0.0
Sess20_impro03_F013,anger,2.4,3.5,1,말이 좀 지금 심한 거 아니에요?,에요,val,0.7,0.1,0.0,0.0,0.2,0.0,0.0
Sess20_impro03_F014,anger,2.2,3.5,1,이 프로젝트 윤찬 대리가 한 거잖아요.,잖아요,val,0.5,0.2,0.0,0.0,0.3,0.0,0.0
Sess20_impro03_F014,anger,2.2,3.5,2,그럼 본인이 책임을 져야죠.,어야죠,val,0.5,0.2,0.0,0.0,0.3,0.0,0.0
Sess20_impro03_M010,anger,1.7,4.4,1,추가 비용 하나 때문에 지금 저한테 지금 징계위원회 연다는 거 이거 말이 안되잖아요.,잖아요,val,0.8,0.2,0.0,0.0,0.0,0.0,0.0
Sess20_impro03_M010,anger,1.7,4.4,2,이거 도대체 누구한테 누구 머리에서 나온 생각이에요?,에요,val,0.8,0.2,0.0,0.0,0.0,0.0,0.0
Sess20_impro03_F015,anger,1.9,3.9,1,부장인 저한테 이제 그만 대드시죠?,죠,val,0.9,0.1,0.0,0.0,0.0,0.0,0.0
Sess20_impro03_M011,anger,2.2,3.9,1,무시하세요?,세요,val,0.9,0.1,0.0,0.0,0.0,0.0,0.0
Sess20_impro03_F016,anger,2.3,3.8,1,전 지금 그렇다고 말한 적이 없어요.,어요,val,0.5,0.3,0.0,0.0,0.2,0.0,0.0
Sess20_impro03_M012,anger,2.0,3.8,1,(하면서 아주+잠깐만 지금) 뭐라고 하셨어요?,어요,val,0.5,0.2,0.0,0.0,0.1,0.0,0.2
Sess20_impro03_M013,anger,1.9,3.8,1,전무님 얘기 얘기 하셨어요?,어요,val,0.5,0.3,0.0,0.0,0.2,0.0,0.0
Sess20_impro03_M013,anger,1.9,3.8,2,지금 전무님이 그럼 이거 n/ 그린 그림이에요?,에요,val,0.5,0.3,0.0,0.0,0.2,0.0,0.0
Sess20_impro03_M013,anger,1.9,3.8,3,말씀해보세요.,세요,val,0.5,0.3,0.0,0.0,0.2,0.0,0.0
Sess20_impro03_F018,anger,2.3,3.5,1,저는 이만 가볼게요.,ᆯ게요,val,0.0,0.1,0.0,0.0,0.5,0.0,0.4
Sess20_impro03_M014,anger,1.9,4.2,1,이거 정상화 시킬라면 돈 많이 들어가 들어갈 수 밖에 없어요.,어요,val,1.0,0.0,0.0,0.0,0.0,0.0,0.0
Sess20_impro03_M014,anger,1.9,4.2,2,그 부장님도 잘 아시잖아요.,잖아요,val,1.0,0.0,0.0,0.0,0.0,0.0,0.0
Sess20_impro03_F019,anger,2.3,2.7,1,저는 잘 모릅니다.,ᆸ니다,val,0.2,0.2,0.0,0.0,0.6,0.0,0.0
Sess20_impro03_F019,anger,2.3,2.7,2,잘 모르고요.,고요,val,0.2,0.2,0.0,0.0,0.6,0.0,0.0
Sess20_impro03_F019,anger,2.3,2.7,3,전 전무님 얘기한 적 없고 알아서 잘 준비하세요.,세요,val,0.2,0.2,0.0,0.0,0.6,0.0,0.0
Sess20_impro03_M015,anger,1.8,3.8,1,잠깐만요.,요,val,0.7,0.3,0.0,0.0,0.0,0.0,0.0
Sess20_impro03_M015,anger,1.8,3.8,2,지금 저한테 지금 다 떠넘기는 거예요?,예요,val,0.7,0.3,0.0,0.0,0.0,0.0,0.0
Sess20_impro03_M016,anger,1.8,4.0,1,지금 전무님하고 쿵짝쿵짝 하고 있는 거 아니에요 지금.,에요,val,0.8,0.2,0.0,0.0,0.0,0.0,0.0
Sess20_impro03_F020,anger,1.8,4.1,1,지금 나하고 싸우자는 거예요?,예요,val,1.0,0.0,0.0,0.0,0.0,0.0,0.0
Sess20_impro03_F020,anger,1.8,4.1,2,이렇게 막말 해도 되는 거에요?,에요,val,1.0,0.0,0.0,0.0,0.0,0.0,0.0
Sess20_impro03_M017,anger,1.6,4.9,1,걔네 다 미친듯이 코피 터지면서 일했더니 비용 좀 초과했다고 지금 징계위원회 열어서 나 u/ 나가라는 거에요 지금?,에요,val,1.0,0.0,0.0,0.0,0.0,0.0,0.0
Sess20_impro03_F021,anger,1.7,4.1,1,지금 윤찬 대리 내뱉는 한마디 한마디가 불리한 거 알고 있나요?,나요,val,1.0,0.0,0.0,0.0,0.0,0.0,0.0
Sess20_impro03_M018,anger,1.8,4.3,1,아 누가 누가 불리한 지 한 번 따져볼까요?,ᆯ까요,val,0.7,0.2,0.0,0.0,0.0,0.0,0.1
Sess20_impro03_M019,anger,1.8,4.2,1,n/ 자 여기 핸드폰에 뭐가 녹음돼있을 거 같아요?,어요,val,0.5,0.4,0.0,0.0,0.0,0.0,0.1
Sess20_impro03_M019,anger,1.8,4.2,2,처음에 저한테 일 시킬 때 전무님하고 부장님이 저한테 했던 말 그거 기억하세요?,세요,val,0.5,0.4,0.0,0.0,0.0,0.0,0.1
Sess20_impro03_F022,anger,2.1,3.3,1,그게 뭐가 문제될 거 있죠?,죠,val,0.1,0.0,0.0,0.0,0.3,0.0,0.6
Sess20_impro03_M020,anger,1.8,4.1,1,아 제가 까라는대로 죽으라면 죽는 체 하는지 바본 줄 아셨나 봐요 그죠?,어요,val,0.5,0.4,0.0,0.0,0.0,0.0,0.1
Sess20_impro03_F023,anger,2.1,3.0,1,흠 좋아요.,어요,val,0.1,0.2,0.0,0.0,0.6,0.0,0.1
Sess20_impro03_F023,anger,2.1,3.0,2,뭐 어디 한 번 해보죠.,죠,val,0.1,0.2,0.0,0.0,0.6,0.0,0.1
Sess20_impro03_F024,anger,1.9,3.9,1,뭐 그때 일 시킬 때 했던 그 말 하나 믿고 지금 까부시는 거 같은데 해 봐요 한 번.,어요,val,0.7,0.1,0.0,0.0,0.1,0.0,0.1
Sess20_impro03_M021,anger,1.9,4.0,1,예 알겠습니다.,습니다,val,0.8,0.2,0.0,0.0,0.0,0.0,0.0
Sess20_impro03_M021,anger,1.9,4.0,2,그럼 징계위원회에서 모두 다 깔게요.,ᆯ게요,val,0.8,0.2,0.0,0.0,0.0,0.0,0.0
Sess20_impro03_M022,anger,2.5,4.2,1,(이중장부는요+잘 잘못 알겠냐고) 지금 이번 프로젝트 진행하면서 전무님하고 저 부장님이랑 따로 장부 만들어서 관리하고 있다는 거 내 모를 줄 알고 있었어요?,냐고 | 어요,val,0.6,0.4,0.0,0.0,0.0,0.0,0.0
Sess20_impro03_M023,anger,2.2,3.9,1,나 혼자 안 죽어요.,어요,val,0.5,0.5,0.0,0.0,0.0,0.0,0.0
Sess20_impro03_M023,anger,2.2,3.9,2,절대로 못 죽죠.,죠,val,0.5,0.5,0.0,0.0,0.0,0.0,0.0
Sess20_impro03_M024,anger,2.5,4.4,1,그리고 제대로 한 번 붙어봐요.,어요,val,1.0,0.0,0.0,0.0,0.0,0.0,0.0
Sess20_impro03_M024,anger,2.5,4.4,2,이참에 당신과 전무 두 사람이 회사돈 얼마나 빼돌렸는지 내가 다 까발릴 거니까.,니까,val,1.0,0.0,0.0,0.0,0.0,0.0,0.0
Sess20_impro03_M024,anger,2.5,4.4,3,그럼 제대로 판단하고 저는 가보겠습니다.,습니다,val,1.0,0.0,0.0,0.0,0.0,0.0,0.0
Sess20_impro04_M006,sadness,2.0,2.2,1,내가 그렇게 후져보여?,어,val,0.1,0.0,0.0,0.0,0.2,0.7,0.0
Sess20_impro04_F007,sadness,2.4,2.8,1,무슨 소리야?,야,val,0.0,0.1,0.0,0.0,0.7,0.0,0.2
Sess20_impro04_M007,sadness,2.0,3.2,1,내가 그렇게 이상해?,어,val,0.2,0.1,0.0,0.0,0.2,0.5,0.0
Sess20_impro04_M008,anger,1.8,2.9,1,아니 내가 뭐 다이아몬드나 사파이어 뭐 이런 건 아니어도 어디가서 빠지는 사람 아니고 나 괜찮다고 생각했는데 진짜 미칠 거 같네.,네,val,0.4,0.1,0.0,0.0,0.2,0.3,0.0
Sess20_impro04_F009,sadness,2.6,2.6,1,b/ 뭐 살다보면 그럴 수도 있는 거지.,지,val,0.0,0.0,0.0,0.0,1.0,0.0,0.0
Sess20_impro04_M009,anger,1.9,2.9,1,아니 김 부장 있잖아.,잖아,val,0.6,0.2,0.0,0.0,0.1,0.1,0.0
Sess20_impro04_M010,anger,1.8,3.8,1,o/ 미쳐버리겠어 진짜.,어,val,0.9,0.1,0.0,0.0,0.0,0.0,0.0
Sess20_impro04_F010,anger,2.8,2.9,1,또 그 그때 김 부장이지?,지,val,0.0,0.1,0.0,0.0,0.9,0.0,0.0
Sess20_impro04_F010,anger,2.8,2.9,2,걘 좀 그런 거 같드라.,드라,val,0.0,0.1,0.0,0.0,0.9,0.0,0.0
Sess20_impro04_M011,anger,1.5,4.6,1,내 얘기 듣고 있는 거야 지금?,야,val,1.0,0.0,0.0,0.0,0.0,0.0,0.0
Sess20_impro04_F011,anger,3.0,2.8,1,응응으으응 듣고 있지.,지,val,0.0,0.0,0.0,0.0,0.7,0.0,0.3
Sess20_impro04_F013,anger,3.0,2.6,1,어디 이거 환불이 되나.,나,val,0.0,0.0,0.0,0.0,1.0,0.0,0.0
Sess20_impro04_M012,anger,1.5,4.1,1,아 도대체 엄마는 누구 편이야?,야,val,1.0,0.0,0.0,0.0,0.0,0.0,0.0
Sess20_impro04_M012,anger,1.5,4.1,2,그리고 내가 김 부장 때문에 이러는 거 같아?,어,val,1.0,0.0,0.0,0.0,0.0,0.0,0.0
Sess20_impro04_M013,sadness,1.2,3.1,1,내가 지연이하고도 내 헤어져서 싸웠잖아.,잖아,val,0.3,0.0,0.0,0.0,0.0,0.7,0.0
Sess20_impro04_M013,sadness,1.2,3.1,2,그거 때문에 미칠 거 같다니까.,다니까,val,0.3,0.0,0.0,0.0,0.0,0.7,0.0
Sess20_impro04_M013,sadness,1.2,3.1,3,도대체 되는 일도 없고 얘기 들어주는 사람도 없고.,고,val,0.3,0.0,0.0,0.0,0.0,0.7,0.0
Sess20_impro04_F014,sadness,2.8,2.4,1,아 아 미안해.,어,val,0.0,0.0,0.0,0.0,0.1,0.4,0.5
Sess20_impro04_F014,sadness,2.8,2.4,2,엄마가 그걸 몰랐구나.,구나,val,0.0,0.0,0.0,0.0,0.1,0.4,0.5
Sess20_impro04_M014,sadness,1.4,2.2,1,아니 내가 좋아하는 여자가 없어 u/ 없어졌을 뿐인데 내가 내 인생이 무너지는 거 같아.,어,val,0.0,0.0,0.0,0.0,0.0,1.0,0.0
Sess20_impro04_M015,sadness,1.3,3.0,1,나 그사람이 떠난 아픈 것보다 나 이제 어떻게 사는지 하는 생각때문에 더 머리가 아프다고.,다고,val,0.1,0.0,0.0,0.0,0.0,0.9,0.0
Sess20_impro04_M015,sadness,1.3,3.0,2,나도 이런 생각하고 싶지 않은데 자꾸 생각 떠오르니까 b/ 나도 진짜 미쳐버릴 거 같아.,어,val,0.1,0.0,0.0,0.0,0.0,0.9,0.0
Sess20_impro04_F015,sadness,3.4,2.5,1,괜찮아.,어,val,0.0,0.0,0.0,0.0,0.6,0.4,0.0
Sess20_impro04_F015,sadness,3.4,2.5,2,나도 너 나이 땐 그랬어.,어,val,0.0,0.0,0.0,0.0,0.6,0.4,0.0
Sess20_impro04_M016,sadness,1.3,4.5,1,엄마가 뭘 알아.,어,val,0.7,0.3,0.0,0.0,0.0,0.0,0.0
Sess20_impro04_M016,sadness,1.3,4.5,2,엄만 그냥 거기서 맺어준 사람이랑 평생 살았잖아.,잖아,val,0.7,0.3,0.0,0.0,0.0,0.0,0.0
Sess20_impro04_M016,sadness,1.3,4.5,3,그런 사람 그런 사람이 뭐 엄마가 사랑에 대해서 뭘 안다 그래.,어,val,0.7,0.3,0.0,0.0,0.0,0.0,0.0
Sess20_impro04_F016,sadness,2.2,2.0,1,난 이제 사랑이 뭔지 몰라.,어,val,0.0,0.0,0.0,0.0,0.0,1.0,0.0
Sess20_impro04_F016,sadness,2.2,2.0,2,너 아빠 돌아가시고 인제 뭐 사랑이 뭔지도 다 잊었다.,다,val,0.0,0.0,0.0,0.0,0.0,1.0,0.0
Sess20_impro04_F017,sadness,2.0,2.0,1,b/ 근데 사랑은 항상 좋을 수만은 없어.,어,val,0.0,0.0,0.0,0.0,0.1,0.9,0.0
Sess20_impro04_F017,sadness,2.0,2.0,2,뭐 행복하고 즐겁고 기쁠 때도 있는데 아프고 쓰리고 안 좋고 괴롭고 그럴 때가 더 많은 거지.,지,val,0.0,0.0,0.0,0.0,0.1,0.9,0.0
Sess20_impro04_F017,sadness,2.0,2.0,3,안 그래?,어,val,0.0,0.0,0.0,0.0,0.1,0.9,0.0
Sess20_impro04_M017,sadness,1.3,2.4,1,하아 근데 왜 왜 나만 그런 건데.,ᆫ데,val,0.5,0.0,0.0,0.0,0.0,0.5,0.0
Sess20_impro04_M017,sadness,1.3,2.4,2,왜 나만 깨지고 왜 나만 아프고 왜 나만 사랑 때문에 이렇게 왜 이렇게 비참해져야 하는 하는 건데.,ᆫ데,val,0.5,0.0,0.0,0.0,0.0,0.5,0.0
Sess20_impro04_F018,sadness,2.6,2.1,1,그냥 울고 싶으면 울어.,어,val,0.0,0.0,0.0,0.0,0.2,0.8,0.0
Sess20_impro04_F018,sadness,2.6,2.1,2,아마 너 여자친구도 그럴거야.,야,val,0.0,0.0,0.0,0.0,0.2,0.8,0.0
Sess20_impro04_F018,sadness,2.6,2.1,3,서로 사랑했으니까 헤어지면 그만큼 슬프겠지.,지,val,0.0,0.0,0.0,0.0,0.2,0.8,0.0
Sess20_impro04_F019,sadness,2.0,2.1,1,나도 돌아가신 니 아빠랑 싸우고 그때 마음 아팠어.,어,val,0.0,0.0,0.0,0.0,0.1,0.9,0.0
Sess20_impro04_F019,sadness,2.0,2.1,2,근데 미안하단 사과도 못 하고 니 아빠 돌아가셨잖니.,잖니,val,0.0,0.0,0.0,0.0,0.1,0.9,0.0
Sess20_impro04_F020,sadness,2.3,2.0,1,나도 그때 그랬다.,다,val,0.0,0.0,0.0,0.0,0.2,0.8,0.0
Sess20_impro04_F021,sadness,2.5,2.2,1,근데 너가 있어서 견뎠어.,어,val,0.0,0.0,0.0,0.0,0.3,0.7,0.0
Sess20_impro04_F022,sadness,2.4,2.0,1,너가 슬프면 나도 슬퍼.,어,val,0.0,0.0,0.0,0.0,0.2,0.8,0.0
Sess20_impro04_F022,sadness,2.4,2.0,2,그러니까 그만 울어.,어,val,0.0,0.0,0.0,0.0,0.2,0.8,0.0
Sess20_impro04_M018,sadness,2.3,2.1,1,하 엄마 죄송해요.,어요,val,0.0,0.0,0.0,0.0,0.3,0.7,0.0
Sess20_impro04_F023,sadness,2.5,2.3,1,너가 아프다고 내가 더 아파하면 너가 더 힘들 거 아니니.,니,val,0.0,0.0,0.0,0.0,0.2,0.8,0.0
Sess20_impro04_F023,sadness,2.5,2.3,2,그냥 모른척 한 거야.,야,val,0.0,0.0,0.0,0.0,0.2,0.8,0.0
Sess20_impro04_M019,sadness,2.1,1.8,1,그냥 투정부리고 싶었어요.,어요,val,0.0,0.0,0.0,0.0,0.1,0.9,0.0
Sess20_impro04_M019,sadness,2.1,1.8,2,그냥 누군가가 내 말 들어주면은 좋겠다 이런 생각 밖에 없었고.,다,val,0.0,0.0,0.0,0.0,0.1,0.9,0.0
Sess20_impro04_M019,sadness,2.1,1.8,3,근데 엄마가 안 들어주는 거 같으니까 가뜩이나 슬픈데.,ᆫ데,val,0.0,0.0,0.0,0.0,0.1,0.9,0.0
Sess18_script01_M014,anger,2.1,3.1,1,맞아요 그 지속성 그리고 기본적으로 이번 프로젝트는 3년이란 시간을 기본 바탕으로 하고 있습니다.,어요 | 습니다,val,0.6,0.3,0.0,0.0,0.1,0.0,0.0
Sess18_script01_M014,anger,2.1,3.1,2,그 중에 가장 필요한게 담당자의 책임감과 꾸준함이죠 환경 문제가 한번에 해결되는게 아니니깐요.,죠 | 니깐요,val,0.6,0.3,0.0,0.0,0.1,0.0,0.0
Sess18_script01_M014,anger,2.1,3.1,3,하지만 소은씨는 그 기본 마저 안되어 있어요.,어요,val,0.6,0.3,0.0,0.0,0.1,0.0,0.0
Sess18_script01_M014,anger,2.1,3.1,4,자기 보고서 하나도 제대로 완수 못하고 오타 내는 담당자에게 잠 담당자에게 어떻게 3년이나 지속되는 프로젝트를 맡길 수 있겠습니까?,습니까,val,0.6,0.3,0.0,0.0,0.1,0.0,0.0
Sess18_script02_M001,happiness,4.2,3.4,1,l/ 저거 봐봐.,어,val,0.0,0.0,0.0,0.8,0.2,0.0,0.0
Sess18_script02_M001,happiness,4.2,3.4,2,저 개그맨 웃기다.,다,val,0.0,0.0,0.0,0.8,0.2,0.0,0.0
Sess18_script02_F001,happiness,2.5,2.3,1,뭐가 그렇게 재밌어?,어,val,0.0,0.2,0.0,0.1,0.7,0.0,0.0
Sess18_script02_M002,happiness,4.1,3.5,1,아니 웃기잖아.,잖아,val,0.0,0.0,0.0,0.6,0.4,0.0,0.0
Sess18_script02_M002,happiness,4.1,3.5,2,b/ 아니 바나나 맛있다.,다,val,0.0,0.0,0.0,0.6,0.4,0.0,0.0
Sess18_script02_M002,happiness,4.1,3.5,3,이거 어디서 산 거야?,야,val,0.0,0.0,0.0,0.6,0.4,0.0,0.0
Sess18_script02_M004,happiness,3.9,3.2,1,모를 수도 있지 그 뭐 대수인가?,지 | ᆫ가,val,0.0,0.0,0.0,0.6,0.4,0.0,0.0
Sess18_script02_M004,happiness,3.9,3.2,2,l/ 아이 근데 진짜 웃긴다 저거.,ᆫ다,val,0.0,0.0,0.0,0.6,0.4,0.0,0.0
Sess18_script02_M011,sadness,2.3,4.0,1,수술하면 되는 거잖아.,잖아,val,0.7,0.0,0.0,0.0,0.0,0.1,0.2
Sess18_script02_M012,sadness,2.0,3.1,1,얼마나 살 수 있다는데?,다는데,val,0.0,0.0,0.2,0.0,0.1,0.4,0.3
Sess18_script02_M013,sadness,1.5,4.8,1,b/ 아니 그러니까 저번에 가슴 아프다고 할때 내가 병원에 가보라고 했잖아.,잖아,val,1.0,0.0,0.0,0.0,0.0,0.0,0.0
Sess18_script02_M013,sadness,1.5,4.8,2,왜 왜 그동안 안 간거야 어?,야,val,1.0,0.0,0.0,0.0,0.0,0.0,0.0
Sess18_script02_F012,sadness,2.0,2.3,1,화 낸다고 달라질 건 없어.,어,val,0.0,0.2,0.0,0.0,0.2,0.6,0.0
Sess18_script02_M014,sadness,2.3,3.3,1,u/ 내가 소리 질러서 미안해 u/ 뭐 이렇게 된거 할 수 있는 한 뭐든지 해봐 해봐야지.,어 | 어야지,val,0.2,0.0,0.0,0.0,0.0,0.7,0.1
Sess18_script02_M014,sadness,2.3,3.3,2,일단 수술부터 받아야지.,어야지,val,0.2,0.0,0.0,0.0,0.0,0.7,0.1
Sess18_script02_M014,sadness,2.3,3.3,3,요즘 의사들 돌팔이들 많다잖아 그니까 아닐 수도 있어 6개월이 아니라 다 나을수도 있어 그러니까 병원 가자 어?,다잖아 | 어 | 자,val,0.2,0.0,0.0,0.0,0.0,0.7,0.1
Sess18_script02_M015,anger,1.7,4.7,1,틀리긴 뭐가 틀려.,어,val,0.6,0.0,0.0,0.0,0.0,0.4,0.0
Sess18_script02_M015,anger,1.7,4.7,2,빨리 병원 가자니까.,자니까,val,0.6,0.0,0.0,0.0,0.0,0.4,0.0
Sess18_script02_F016,sadness,1.1,1.8,1,미안해.,어,val,0.0,0.0,0.0,0.0,0.0,1.0,0.0
Sess18_script02_F016,sadness,1.1,1.8,2,n/ 아빠 3년 동안 폐암으로 병원에 계시다가 b/ 돌아가셨어.,어,val,0.0,0.0,0.0,0.0,0.0,1.0,0.0
Sess18_script02_M018,sadness,2.0,3.2,1,미숙아 b/ 그 중요한거 아니야.,야,val,0.0,0.0,0.0,0.0,0.3,0.7,0.0
Sess18_script02_M018,sadness,2.0,3.2,2,그런거 중요한거 아니잖아 어?,잖아,val,0.0,0.0,0.0,0.0,0.3,0.7,0.0
Sess18_script02_M018,sadness,2.0,3.2,3,일단 입원 치료하고 수술 받자.,자,val,0.0,0.0,0.0,0.0,0.3,0.7,0.0
Sess18_script02_M018,sadness,2.0,3.2,4,그러면 살 수 있어.,어,val,0.0,0.0,0.0,0.0,0.3,0.7,0.0
Sess18_script02_M019,sadness,1.9,4.3,1,(사람두 힘들고+여보 아) 그런 생각좀 하지마 자 지금 안 늦었어.,어 | 어,val,0.7,0.0,0.0,0.0,0.0,0.3,0.0
Sess18_script02_M019,sadness,1.9,4.3,2,일단 정리하고 병원 가자?,자,val,0.7,0.0,0.0,0.0,0.0,0.3,0.0
Sess18_script02_F018,sadness,1.0,2.7,1,무슨 의미가 있었겠어?,어,val,0.0,0.0,0.0,0.0,0.0,1.0,0.0
Sess18_script02_F018,sadness,1.0,2.7,2,b/ 3년을 더 사셨다구 b/ 아빠 행복했을까.,다구 | 을까,val,0.0,0.0,0.0,0.0,0.0,1.0,0.0
Sess18_script02_M020,sadness,1.6,4.5,1,여보 여보 왜 그래.,어,val,0.2,0.0,0.0,0.0,0.1,0.7,0.0
Sess18_script02_M020,sadness,1.6,4.5,2,왜 그렇게 약한 생각을 해.,어,val,0.2,0.0,0.0,0.0,0.1,0.7,0.0
Sess18_script02_F019,sadness,1.0,4.0,1,나도 살고 싶어.,어,val,0.0,0.0,0.3,0.0,0.0,0.7,0.0
Sess18_script02_F019,sadness,1.0,4.0,2,b/ 나도 사람인데.,ᆫ데,val,0.0,0.0,0.3,0.0,0.0,0.7,0.0
Sess18_script02_F019,sadness,1.0,4.0,3,c/ 근데 싸우기엔 너무 늦었고 (지쳤어+여보),어,val,0.0,0.0,0.3,0.0,0.0,0.7,0.0
Sess18_script02_F020,sadness,1.3,2.9,1,b/ n/ 당신 우리 애들 잘 부탁해.,어,val,0.0,0.0,0.0,0.0,0.0,1.0,0.0
Sess18_script02_F020,sadness,1.3,2.9,2,그리고 남은 시간 b/ 우리 행복하게 지내면 되잖아 b/ 나 행복하고 싶어.,잖아 | 어,val,0.0,0.0,0.0,0.0,0.0,1.0,0.0
Sess18_script02_F020,sadness,1.3,2.9,3,그리고 행복하게 죽고 싶어.,어,val,0.0,0.0,0.0,0.0,0.0,1.0,0.0
Sess18_script02_F020,sadness,1.3,2.9,4,b/ 예쁜 모습 좋은 모습만 남기고 싶어.,어,val,0.0,0.0,0.0,0.0,0.0,1.0,0.0
Sess18_script02_F021,sadness,2.3,1.8,1,마지막 부탁 있어.,어,val,0.0,0.0,0.0,0.0,0.0,1.0,0.0
Sess18_script02_F021,sadness,2.3,1.8,2,둘째 결혼 시키고 당신도 재혼해 혹시나 애들 결혼 전에 재혼하면 애들 상처 받을 수 있으니까 애들 결혼만 시켜줘 그리고 좋은 여자 만나 (알았지),어 | 지,val,0.0,0.0,0.0,0.0,0.0,1.0,0.0
Sess18_script02_M022,sadness,1.8,3.3,1,(알았지+아니) 도대체 무슨 그런 얘기 좀 그만해.,지 | 어,val,0.2,0.0,0.0,0.0,0.0,0.8,0.0
Sess18_script02_M023,sadness,1.5,3.4,1,n/ 내가 잘못했으니까 제발 좀 병원좀 가자.,자,val,0.4,0.0,0.0,0.0,0.0,0.6,0.0
Sess18_script02_M023,sadness,1.5,3.4,2,제발 좀 살아줘.,어,val,0.4,0.0,0.0,0.0,0.0,0.6,0.0
Sess18_script03_M004,anger,2.8,3.8,1,가만 있어.,어,val,0.7,0.0,0.0,0.0,0.3,0.0,0.0
Sess18_script03_M004,anger,2.8,3.8,2,나의 온 기운을 모아가지고 소망을 담아가지고 한땀 한땀 마킹한 번호 여섯 개가 빛나는 순간까지 본방 지켜보면서 간절히 원하고 또 원해야 당첨 되는거 몰라?,어,val,0.7,0.0,0.0,0.0,0.3,0.0,0.0
Sess18_script03_F009,happiness,2.2,2.9,1,어이구 퍽이나 좋겠다.,다,val,0.0,0.8,0.0,0.0,0.2,0.0,0.0
Sess18_script03_M015,happiness,4.7,4.9,1,(해봐+u/) 이거 뭐 어떻게 해?,어 | 어,val,0.0,0.0,0.0,0.5,0.0,0.0,0.5
Sess18_script03_M016,happiness,4.9,4.9,1,n/ (1등이야+어) 1등이야 봐 이 (몇 번+어) 나 니가 확인해 나 내가 잘못 본 거야?,야 | 야,val,0.0,0.0,0.0,0.5,0.0,0.0,0.5
Sess18_script03_F013,happiness,4.9,5.0,1,o/ N/ s/ 오빠 어떡해 어떡해.,어 | 어,val,0.0,0.0,0.0,0.5,0.0,0.0,0.5
Sess18_script03_M017,happiness,5.0,5.0,1,o/ 뭐야 이거 진짜야 이거?,야 | 야,val,0.0,0.0,0.0,0.8,0.0,0.0,0.2
Sess18_script03_M017,happiness,5.0,5.0,2,뭐야?,야,val,0.0,0.0,0.0,0.8,0.0,0.0,0.2
Sess18_script03_M017,happiness,5.0,5.0,3,꼬집어봐 (꼬집어봐),어,val,0.0,0.0,0.0,0.8,0.0,0.0,0.2
Sess18_script03_F014,happiness,4.8,5.0,1,(꼬집어봐+야) 얼마든지 꼬집어 줄게.,어 | ᆯ게,val,0.0,0.0,0.0,0.7,0.0,0.0,0.3
Sess18_script03_M018,happiness,4.4,4.9,1,s/ 아 아 야 니 꼬집으면 어떡해 이.,어,val,0.5,0.0,0.0,0.4,0.0,0.0,0.1
Sess18_script03_F016,happiness,4.9,4.9,1,나 잊지마 나 잊으면 안돼.,어 | 어,val,0.0,0.0,0.0,0.9,0.0,0.0,0.1
Sess18_script03_F016,happiness,4.9,4.9,2,o/ 아 어떡해.,어,val,0.0,0.0,0.0,0.9,0.0,0.0,0.1
Sess18_script03_F017,happiness,4.9,4.6,1,알았어 알았어.,어 | 어,val,0.0,0.0,0.0,0.8,0.1,0.0,0.1
Sess18_script03_F017,happiness,4.9,4.6,2,걱정하지마.,어,val,0.0,0.0,0.0,0.8,0.1,0.0,0.1
Sess18_script03_F017,happiness,4.9,4.6,3,내가 입이 무겁잖아 그러니까 나 이거 그때 봐둔 거 20 얼마짜리 신상 구두 좀.,잖아,val,0.0,0.0,0.0,0.8,0.1,0.0,0.1
Sess18_script03_F018,happiness,4.8,4.8,1,그럼 그럼 그럼 그럼 오빠 오빠 오빠 나 친동생이야 알지?,야 | 지,val,0.0,0.0,0.0,0.9,0.0,0.0,0.1
Sess18_script03_F018,happiness,4.8,4.8,2,o/ 알지?,지,val,0.0,0.0,0.0,0.9,0.0,0.0,0.1
Sess18_script03_F018,happiness,4.8,4.8,3,(믿지 믿지+어 그거 u/ 믿을게) o/ 오빠 내가 오빠 진짜 잘 될줄 (알았다니까),지 | 을게 | 다니까,val,0.0,0.0,0.0,0.9,0.0,0.0,0.1
Sess18_script03_F019,happiness,4.4,4.7,1,오빠 오빠 내가 친구 은지랑 소개팅 하고싶다고 한 거 내가 소개해줄까?,ᆯ까,val,0.0,0.0,0.0,0.9,0.0,0.0,0.1
Sess18_script03_F019,happiness,4.4,4.7,2,주선해줄게.,ᆯ게,val,0.0,0.0,0.0,0.9,0.0,0.0,0.1
Sess18_script03_M023,happiness,4.6,4.5,1,오케이 좋아.,어,val,0.0,0.0,0.0,0.9,0.0,0.0,0.1
Sess18_script03_M023,happiness,4.6,4.5,2,아싸 어 오케이 돈이 진짜 좋네 좋긴 좋아 b/ u/ 언제?,어 | 네 | 어,val,0.0,0.0,0.0,0.9,0.0,0.0,0.1
Sess18_script03_F020,happiness,4.3,4.2,1,지금 전화 걸게 나 친구들 진짜 (많아),ᆯ게 | 어,val,0.0,0.0,0.0,0.9,0.1,0.0,0.0
Sess18_script03_M024,happiness,4.0,4.2,1,(많아+어케이) 그 오케이 너 얼마 필요해.,어,val,0.0,0.0,0.0,0.7,0.3,0.0,0.0
Sess18_script03_F021,happiness,4.8,4.8,1,(빨리 빨리 말해 빨리 말해 기분 좋을 때 말해 기분 좋을 때 말해 빨리+아 오빠 진짜 짱이야 최고야 어떡해 u/ 나 천만 원) 아니 이 1억 그래 딱 1억만 주라.,어 | 야 | 라,val,0.0,0.0,0.0,0.9,0.0,0.0,0.1
Sess18_script03_M025,happiness,4.5,4.4,1,n/ 좋아 도 오케 내 1억 줄게.,ᆯ게,val,0.0,0.0,0.0,0.9,0.1,0.0,0.0
Sess18_script03_F022,happiness,4.7,4.8,1,아 나 어떡해 생각만 해도 (너무 좋아),어 | 어,val,0.0,0.0,0.0,1.0,0.0,0.0,0.0
Sess18_script03_M026,happiness,4.9,5.0,1,(너무 좋아+아 나) 씨바 이거 뭐야 이거 야 n/ 꿈이야?,어 | 야 | 야 | 야,val,0.0,0.0,0.0,0.9,0.0,0.0,0.1
Sess18_script03_M026,happiness,4.9,5.0,2,뭐야 (아+어떡해) n/ 와 나 이 u/ 끝났다 야.,야 | 어 | 다,val,0.0,0.0,0.0,0.9,0.0,0.0,0.1
Sess18_script03_M027,happiness,4.8,5.0,1,나 간다 나 u/ 돈으로 나 야 세상을 깜짝 놀라게 해버릴 거야.,야,val,0.0,0.0,0.0,0.9,0.0,0.0,0.1
Sess18_script04_F012,happiness,4.3,3.5,1,n/ 우아 맛있겠다.,다,val,0.0,0.0,0.0,0.7,0.3,0.0,0.0
Sess18_script04_M021,happiness,2.5,2.5,1,가게 사정도 어렵구 근데 오늘 우리 만난지 100일이니까 선물 사줄.,구,val,0.0,0.0,0.0,0.0,0.3,0.7,0.0
Sess18_script04_F022,happiness,4.6,4.2,1,o/ N/ l/ 오빠 너무 웃겨.,어,val,0.0,0.0,0.0,0.9,0.1,0.0,0.0
Sess18_script04_M022,happiness,3.6,3.0,1,나도 웃겨.,어,val,0.0,0.1,0.0,0.3,0.1,0.5,0.0
Sess18_script04_M022,happiness,3.6,3.0,2,어이가 없지?,지,val,0.0,0.1,0.0,0.3,0.1,0.5,0.0
Sess18_script04_F023,happiness,4.2,3.9,1,b/ 그러니까 젓가락 100개란게 우리들 만난지 100일 되는 날이라서 준비했다는거야?,야,val,0.0,0.0,0.0,0.9,0.1,0.0,0.0
Sess18_script04_M023,happiness,3.2,2.6,1,o/ b/ 미안해 하지만 다음에 만날때 내가 꼭 멋진 선물 사줄게.,어 | ᆯ게,val,0.0,0.0,0.0,0.2,0.3,0.5,0.0
Sess18_script04_M023,happiness,3.2,2.6,2,내가 지금은 비록 중국집 배달부 밖에 안되지만 열심히 일하면 분명히 펜션 짓고 우리 아주 멋있게 살 수 있을걸?,을걸,val,0.0,0.0,0.0,0.2,0.3,0.5,0.0
Sess18_script04_F029,happiness,4.1,3.7,1,자 오빠는 젓가락 줬지만 난 좋은 거 줄게.,ᆯ게,val,0.0,0.0,0.0,0.9,0.1,0.0,0.0
Sess18_script04_F032,happiness,4.7,4.2,1,l/ 오빠 누가 선물하고 누가 프로포즈 하면 어때?,어,val,0.0,0.0,0.0,0.9,0.1,0.0,0.0
Sess18_script04_F032,happiness,4.7,4.2,2,나 오빠를 사랑하고 지금 행복해 우리 둘이 함께 있다는 게 중요하잖아.,어 | 잖아,val,0.0,0.0,0.0,0.9,0.1,0.0,0.0
Sess18_script04_M032,happiness,3.7,3.3,1,진아 사랑해.,어,val,0.0,0.0,0.0,0.5,0.4,0.1,0.0
Sess18_script05_M002,anger,1.7,4.3,1,(어뜩해+아이씨) 그러니까 나 말렸어야지 술 숳 먹으니까 나 운전 안한다고 했잖아.,어 | 어야지 | 잖아,val,0.9,0.0,0.1,0.0,0.0,0.0,0.0
Sess18_script05_F002,anger,2.0,3.4,1,지섭씨 일단 112에 신고하자.,자,val,0.0,0.0,0.1,0.0,0.5,0.0,0.4
Sess18_script05_M006,anger,1.4,4.9,1,아이 씨발새끼 왜 야밤에 돌아다녀서 내 차에 치이고 난리야 씨발 진짜.,야,val,1.0,0.0,0.0,0.0,0.0,0.0,0.0
Sess18_script05_M008,anger,1.8,4.3,1,아무 아무도 없다니 마 방금 내가 지금 뭐 쳤잖아.,잖아,val,0.4,0.0,0.2,0.0,0.0,0.0,0.4
Sess18_script05_M008,anger,1.8,4.3,2,너 봤잖아.,잖아,val,0.4,0.0,0.2,0.0,0.0,0.0,0.4
Sess18_script05_M010,happiness,4.2,4.2,1,아 하 아 아 그 아 맞다 요즘에 막 고라니 치고 막 그런다는데 우리가 너 너랑 나랑 지금 술마셔가지고 고라니로 본 거 구나 이게.,다 | 구나,val,0.0,0.0,0.2,0.8,0.0,0.0,0.0
Sess18_script05_M011,anger,1.6,4.7,1,(아니+아 그럼) 그 이게 뭐야 지금 어떻게 된 거야 지금 사람 쳤는데 o/ 아니 사람 없어졌잖아.,ᆷ | 야 | 야 | 잖아,val,0.8,0.0,0.1,0.0,0.0,0.0,0.1
Sess18_script05_M013,anger,1.8,4.1,1,(데려가야지+u/) 우리 술 n/ 마셨잖아.,어야지 | 잖아,val,0.5,0.0,0.2,0.0,0.2,0.0,0.1
Sess18_script05_M016,anger,1.6,4.2,1,너 너 너 나 망가지길 바래?,어,val,1.0,0.0,0.0,0.0,0.0,0.0,0.0
Sess18_script05_M016,anger,1.6,4.2,2,내가 인생 바닥으로 떨어지길 원해?,어,val,1.0,0.0,0.0,0.0,0.0,0.0,0.0
Sess18_script05_F012,anger,1.8,3.8,1,지섭씨 사람 목숨이 달린거잖아 일단 찾아보자 응?,잖아 | 자,val,0.0,0.1,0.5,0.0,0.3,0.0,0.1
Sess18_script05_M017,anger,1.4,4.9,1,(내가+아 좀 가만히) 그 전화기 내려놔.,어,val,1.0,0.0,0.0,0.0,0.0,0.0,0.0
Sess18_script05_M017,anger,1.4,4.9,2,o/ 그 전화기 내려놔 좀.,어,val,1.0,0.0,0.0,0.0,0.0,0.0,0.0
Sess18_script05_F013,anger,1.5,4.4,1,왜 이래?,어,val,0.6,0.1,0.2,0.0,0.0,0.0,0.1
Sess18_script05_M018,anger,1.7,4.3,1,자꾸 이러면 나 더 이상 안 참아.,어,val,0.6,0.3,0.1,0.0,0.0,0.0,0.0
Sess18_script05_M019,anger,1.4,4.5,1,너도 사라지게 해줘?,어,val,0.8,0.1,0.1,0.0,0.0,0.0,0.0
Sess18_script05_F014,anger,1.5,3.0,1,지금 계속 무슨 말이야.,야,val,0.0,0.0,0.9,0.0,0.0,0.0,0.1
Sess18_script05_M020,anger,1.8,3.9,1,지금 니가 나한테 하는 짓이 더 이상하잖아.,어,val,0.7,0.2,0.1,0.0,0.0,0.0,0.0
Sess18_script05_M021,anger,1.5,4.0,1,나 좆되게 할려고 지금 작정했잖아.,잖아,val,0.7,0.2,0.1,0.0,0.0,0.0,0.0
Sess18_script05_M021,anger,1.5,4.0,2,너 입만 뻥끗해봐 너도 똑같이 만들어줄테니까.,니까,val,0.7,0.2,0.1,0.0,0.0,0.0,0.0
Sess18_script05_F015,anger,1.5,2.7,1,지섭씨 무서워.,어,val,0.0,0.0,1.0,0.0,0.0,0.0,0.0
Sess18_script05_M022,anger,1.7,3.6,1,너 진짜 무서운게 보여줘?,어,val,0.6,0.2,0.2,0.0,0.0,0.0,0.0
Sess18_script05_M022,anger,1.7,3.6,2,오늘 있었던 일은 너랑 나랑만 아는거야 아무도 못 본 거고 그러니까 너 입 닥치고 있어 우리 오늘 고라니 친거야.,어 | 야,val,0.6,0.2,0.2,0.0,0.0,0.0,0.0
Sess18_script05_M022,anger,1.7,3.6,3,어차피 죽었는지 살았는지도 모르는데 뭐 알바 없는 거잖아.,잖아,val,0.6,0.2,0.2,0.0,0.0,0.0,0.0
Sess18_script05_M023,anger,1.7,3.4,1,그리고 너 n/ 똑바로 들어.,어,val,0.6,0.2,0.2,0.0,0.0,0.0,0.0
Sess18_script05_M024,anger,1.4,3.5,1,넌 차에서 내려 경찰에 전화해도 너 죽어 알았어?,어 | 어,val,0.8,0.1,0.1,0.0,0.0,0.0,0.0
Sess18_script05_F016,anger,1.8,2.2,1,알았어.,어,val,0.0,0.0,1.0,0.0,0.0,0.0,0.0
Sess18_script05_M030,anger,1.7,3.6,1,o/ 이씨 뭘 어떡해 이렇게 된거 확실하게 해야지.,어 | 어야지,val,0.4,0.3,0.2,0.0,0.1,0.0,0.0
Sess18_script05_F020,anger,1.5,4.7,1,하 짐 (뭐 할려고),ᆯ려고,val,0.2,0.0,0.5,0.0,0.0,0.0,0.3
Sess18_script05_F021,anger,1.2,5.0,1,(내야지+아 지섭씨) 제발.,어야지,val,0.2,0.0,0.7,0.0,0.0,0.0,0.1
Sess18_script05_M032,anger,1.6,4.3,1,o/ 이미 늦었어.,어,val,0.6,0.2,0.2,0.0,0.0,0.0,0.0
Sess18_script06_M018,anger,2.2,3.1,1,무슨 말을 그렇게 하세요?,세요,val,0.7,0.0,0.0,0.0,0.1,0.0,0.2
Sess18_script06_F018,anger,1.3,4.6,1,신성 좋아하고 있네.,네,val,1.0,0.0,0.0,0.0,0.0,0.0,0.0
Sess18_script06_F018,anger,1.3,4.6,2,이력서 한줄 채우려고 내가 특기를 좀 과장되게 썼지만 그렇다고 이걸 이런 식으로 엮는게 오히려 신성모독 아닌가?,ᆫ가,val,1.0,0.0,0.0,0.0,0.0,0.0,0.0
Sess18_script06_F018,anger,1.3,4.6,3,당신들 습관인 거 같은데 가뜩이나 취직 안 돼서 괴로워 죽겠는데 사람 갖고 놀아?,어,val,1.0,0.0,0.0,0.0,0.0,0.0,0.0
Sess18_script06_M019,anger,1.9,3.7,1,b/ 네 알겠습니다.,습니다,val,0.4,0.3,0.0,0.2,0.1,0.0,0.0
Sess18_script06_M019,anger,1.9,3.7,2,나가세요.,세요,val,0.4,0.3,0.0,0.2,0.1,0.0,0.0
Sess18_script06_M019,anger,1.9,3.7,3,o/ 당신 말고도 지원자 널렸으니까 나가시라고요.,라고요,val,0.4,0.3,0.0,0.2,0.1,0.0,0.0
Sess18_impro01_F021,happiness,4.6,4.1,1,l/ 당신 우리 연애할 때 생각 안 나?,어,val,0.0,0.0,0.0,0.9,0.1,0.0,0.0
Sess18_impro01_F022,happiness,4.4,3.9,1,당신 그때 회사도 못 (갔잖아),잖아,val,0.0,0.0,0.0,0.9,0.1,0.0,0.0
Sess18_impro01_F023,happiness,4.7,4.6,1,(이게 뭐 뭐+그때) 그때 그랬잖아.,잖아,val,0.0,0.0,0.0,0.9,0.1,0.0,0.0
Sess18_impro01_F023,happiness,4.7,4.6,2,제발 우리 어 은미 좀 살려주십쇼.,ᆸ쇼,val,0.0,0.0,0.0,0.9,0.1,0.0,0.0
Sess18_impro01_M026,happiness,4.2,3.3,1,(생각난다+뭔 소리야) o/ N/ 아우 피곤하다.,야 | 다,val,0.0,0.0,0.0,0.9,0.1,0.0,0.0
Sess18_impro01_M026,happiness,4.2,3.3,2,아오 갑자기 집에 오니까 너무 피곤해졌어.,어,val,0.0,0.0,0.0,0.9,0.1,0.0,0.0
Sess18_impro01_M034,happiness,3.9,3.4,1,됐고.,고,val,0.0,0.0,0.0,0.6,0.4,0.0,0.0
Sess18_impro01_M034,happiness,3.9,3.4,2,난 잠이나 재워줘.,어,val,0.0,0.0,0.0,0.6,0.4,0.0,0.0
Sess18_impro01_M034,happiness,3.9,3.4,3,o/ 씻는다.,는다,val,0.0,0.0,0.0,0.6,0.4,0.0,0.0
Sess18_impro02_M007,anger,2.2,3.0,1,부장님 저한테 왜 이러시는 겁니까?,ᆸ니까,val,0.7,0.1,0.0,0.0,0.1,0.0,0.1
Sess18_impro02_F008,anger,2.8,3.3,1,저는 개인적인 감정이 들어간 게 (아니라),라,val,0.0,0.2,0.0,0.0,0.6,0.0,0.2
Sess18_impro02_M008,anger,1.9,3.5,1,(아니라+아) 저도 알고 있습니다.,습니다,val,0.8,0.0,0.0,0.0,0.1,0.0,0.1
Sess18_impro02_F009,anger,2.6,3.3,1,(저한테+조금만) 침착하게 들어보세요.,세요,val,0.0,0.3,0.0,0.0,0.7,0.0,0.0
Sess18_impro02_F009,anger,2.6,3.3,2,그 안건에 대해서 추가 비용이 발생한다는 거에 대해서 얘기를 한 적은 있었죠?,죠,val,0.0,0.3,0.0,0.0,0.7,0.0,0.0
Sess18_impro02_F011,anger,2.5,3.2,1,(저한테 하신 말씀이 u/+그래서 계속 아 그래서) 계속 추진하셨구나.,구나,val,0.0,0.4,0.0,0.0,0.6,0.0,0.0
Sess18_impro02_F012,anger,2.2,3.4,1,어 이거 되게 큰 문제거든요.,거든요,val,0.1,0.2,0.0,0.0,0.7,0.0,0.0
Sess18_impro02_F012,anger,2.2,3.4,2,어쨌든 그 위원회 준비를 지금 하셔야돼요.,어요,val,0.1,0.2,0.0,0.0,0.7,0.0,0.0
Sess18_impro02_F012,anger,2.2,3.4,3,전 여기까지만 말씀드릴게요.,ᆯ게요,val,0.1,0.2,0.0,0.0,0.7,0.0,0.0
Sess18_impro02_M012,anger,1.9,3.7,1,부장님 잠시만요.,요,val,0.8,0.0,0.0,0.0,0.2,0.0,0.0
Sess18_impro02_M012,anger,1.9,3.7,2,어떻게 추가 비용 발생했다고 징계위원회가 열려요?,어요,val,0.8,0.0,0.0,0.0,0.2,0.0,0.0
Sess18_impro02_F013,anger,2.3,3.2,1,(제+회사라는게) 그래요.,어요,val,0.0,0.2,0.0,0.0,0.8,0.0,0.0
Sess18_impro02_M013,anger,1.9,3.9,1,부장님 제 상황 아시잖아요.,잖아요,val,0.8,0.0,0.0,0.0,0.2,0.0,0.0
Sess18_impro02_F014,anger,2.4,3.2,1,음 개인적인 사정은 알겠는데 아 회사라는 게 모든 추가 비용이 발생한다고 해서 다 쓸 수 있는 게 아니에요.,에요,val,0.0,0.2,0.0,0.0,0.8,0.0,0.0
Sess18_impro02_F014,anger,2.4,3.2,2,어쨌든 빨리 준비하세요.,세요,val,0.0,0.2,0.0,0.0,0.8,0.0,0.0
Sess18_impro02_M014,anger,1.9,4.3,1,아니 징계위원회까지 갈 가지 않아도 되는 문제잖아요.,잖아요,val,1.0,0.0,0.0,0.0,0.0,0.0,0.0
Sess18_impro02_M014,anger,1.9,4.3,2,부장님 선에서 처리할 수 있는 문제잖아요.,잖아요,val,1.0,0.0,0.0,0.0,0.0,0.0,0.0
Sess18_impro02_F015,anger,2.5,2.8,1,제 선에서 처리할 수 있는 거 같죠?,죠,val,0.0,0.3,0.0,0.0,0.7,0.0,0.0
Sess18_impro02_F015,anger,2.5,2.8,2,그럼 이렇게 한 번 생각해볼까요?,ᆯ까요,val,0.0,0.3,0.0,0.0,0.7,0.0,0.0
Sess18_impro02_F016,anger,2.3,3.2,1,이렇게 문제가 되게끔 결과적으로 한 팀장은 윤찬 대리잖아요.,잖아요,val,0.0,0.2,0.0,0.0,0.8,0.0,0.0
Sess18_impro02_F016,anger,2.3,3.2,2,(그러니까 책임을 지셔),어,val,0.0,0.2,0.0,0.0,0.8,0.0,0.0
Sess18_impro02_M016,anger,1.8,3.7,1,(그러니까 책임을 지셔+지금 전무님) 시나리온가요?,어 | ᆫ가요,val,0.5,0.5,0.0,0.0,0.0,0.0,0.0
Sess18_impro02_F017,anger,1.8,4.2,1,아니 그런 뜻이 아니라 예를 들어서 전무님 아이디어를 가지고 (이렇게+그래요 전무님) 밑 빠진 독에 물붓기를 하게 된다면 회사 재정이 어떻게 되겠느냐고요.,느냐고요,val,0.7,0.1,0.0,0.0,0.2,0.0,0.0
Sess18_impro02_M017,anger,2.0,3.7,1,부장님이 전무님 아이디어를 저한테 맡기셨잖아요.,잖아요,val,1.0,0.0,0.0,0.0,0.0,0.0,0.0
Sess18_impro02_F018,anger,1.7,4.3,1,(계셨고+아니) 어쨌든 결과만 생각하세요.,세요,val,0.7,0.2,0.0,0.0,0.1,0.0,0.0
Sess18_impro02_F018,anger,1.7,4.3,2,지금 문제가 발생했은까.,어,val,0.7,0.2,0.0,0.0,0.1,0.0,0.0
Sess18_impro02_F018,anger,1.7,4.3,3,전 다른 얘기 하고 싶지가 않아요 지금.,어요,val,0.7,0.2,0.0,0.0,0.1,0.0,0.0
Sess18_impro02_F018,anger,1.7,4.3,4,저도 할 일이 많고 대리님께서도 위원회 빨리 준비하셔야 일이 더 처리가 돼요.,어요,val,0.7,0.2,0.0,0.0,0.1,0.0,0.0
Sess18_impro02_F018,anger,1.7,4.3,5,그때 돼서 어떻게 말씀을 하시던 억울함을 말씀하시던 그렇게 하세요.,세요,val,0.7,0.2,0.0,0.0,0.1,0.0,0.0
Sess18_impro02_F018,anger,1.7,4.3,6,제 책임은 아니니까.,니까,val,0.7,0.2,0.0,0.0,0.1,0.0,0.0
Sess18_impro02_F018,anger,1.7,4.3,7,왜 제가 여기다 에너질 쏟아야 돼요.,어요,val,0.7,0.2,0.0,0.0,0.1,0.0,0.0
Sess18_impro02_M018,anger,1.9,2.8,1,잠시만요.,요,val,0.6,0.4,0.0,0.0,0.0,0.0,0.0
Sess18_impro02_M018,anger,1.9,2.8,2,b/ 알겠습니다.,습니다,val,0.6,0.4,0.0,0.0,0.0,0.0,0.0
Sess18_impro02_M018,anger,1.9,2.8,3,b/ 그럼 저도 b/ 음 그 징계위원회가 열릴 때 해야될 말을 좀 해야될 거 같습니다.,습니다,val,0.6,0.4,0.0,0.0,0.0,0.0,0.0
Sess18_impro02_M018,anger,1.9,2.8,4,잠시만 이거 뭔지 아시죠?,죠,val,0.6,0.4,0.0,0.0,0.0,0.0,0.0
Sess18_impro02_F019,anger,2.0,3.8,1,하 그런 걸 왜 녹음을 하셨어요?,어요,val,0.7,0.1,0.0,0.0,0.1,0.0,0.1
Sess18_impro02_M019,anger,1.9,2.8,1,그 징계위원회가가지고 제가 다 들려드릴게요.,ᆯ게요,val,0.5,0.5,0.0,0.0,0.0,0.0,0.0
Sess18_impro02_F020,anger,1.9,4.1,1,별 도움 안되겠지만 어쨌든 어쨌든 알겠습니다.,습니다,val,0.4,0.0,0.0,0.0,0.5,0.0,0.1
Sess18_impro02_F020,anger,1.9,4.1,2,잠깐만 나가계세요.,세요,val,0.4,0.0,0.0,0.0,0.5,0.0,0.1
Sess18_impro03_M008,anger,1.9,3.7,1,그래 제가 그냥 솔직하게 말씀드릴게요.,ᆯ게요,val,0.6,0.4,0.0,0.0,0.0,0.0,0.0
Sess18_impro03_M008,anger,1.9,3.7,2,b/ 당연히 올리브오일이었겠죠.,죠,val,0.6,0.4,0.0,0.0,0.0,0.0,0.0
Sess18_impro03_M008,anger,1.9,3.7,3,근데 그거 말고 그걸 왜 그렇게 많이 넣으셨냐고요.,냐고,val,0.6,0.4,0.0,0.0,0.0,0.0,0.0
Sess18_impro03_M008,anger,1.9,3.7,4,그래서 사람들이 사람들이 이렇게 컴플레인 나오게 왜 이렇게 만드셨냐고요.,냐고,val,0.6,0.4,0.0,0.0,0.0,0.0,0.0
Sess18_impro03_F012,anger,1.9,2.6,1,제가 기본이 안된다고 생각하세요?,세요,val,0.2,0.3,0.0,0.0,0.4,0.0,0.1
Sess18_impro03_M013,anger,1.8,4.0,1,그러니까 이렇게 많이 넣으신 거 아니에요?,에요,val,0.5,0.4,0.0,0.0,0.1,0.0,0.0
Sess18_impro03_M013,anger,1.8,4.0,2,아 그니까 뭐 왜 그럼 한 번 드셔보세요.,세요,val,0.5,0.4,0.0,0.0,0.1,0.0,0.0
Sess18_impro03_M014,anger,1.7,3.7,1,문제 없나요?,나요,val,0.5,0.3,0.0,0.0,0.2,0.0,0.0
Sess18_impro03_M015,anger,1.6,4.2,1,문제 없다고 생각하니까 기본이 안됐다는 거에요.,에요,val,0.8,0.2,0.0,0.0,0.0,0.0,0.0
Sess18_impro03_F014,anger,2.2,3.0,1,아뇨 저 생각할수록 좀 말씀이 좀 과하신 거 같은데.,은데,val,0.8,0.0,0.0,0.0,0.2,0.0,0.0
Sess18_impro03_M016,anger,1.6,3.8,1,자존심 상하세요?,세요,val,0.6,0.4,0.0,0.0,0.0,0.0,0.0
Sess18_impro03_M016,anger,1.6,3.8,2,제가 지금 한 말에 지금 자존심이 상하고 화가 나고 짜증이 나고 b/ 제가 재수가 없고 그러세요?,세요,val,0.6,0.4,0.0,0.0,0.0,0.0,0.0
Sess18_impro03_F015,anger,1.9,3.8,1,솔직히 납득이 안됩니다.,ᆸ니다,val,1.0,0.0,0.0,0.0,0.0,0.0,0.0
Sess18_impro03_F015,anger,1.9,3.8,2,그리고 이렇게 무례하게 하는 건 조금 저한테 사과하셔야될 거 같은데요.,은데요,val,1.0,0.0,0.0,0.0,0.0,0.0,0.0
Sess18_impro03_M017,anger,1.7,4.8,1,(지금+근데 왜) 본인 요리에는 화가 안 나시는 거에요?,에요,val,0.9,0.1,0.0,0.0,0.0,0.0,0.0
Sess18_impro03_F016,anger,1.8,4.5,1,제가 다 책임지고 하면서도 컴플레인 그렇게 많지 않았습니다.,습니다,val,1.0,0.0,0.0,0.0,0.0,0.0,0.0
Sess18_impro03_F016,anger,1.8,4.5,2,(아무튼+지금) 일부로 꼬투리 잡는 거 같은데.,은데,val,1.0,0.0,0.0,0.0,0.0,0.0,0.0
Sess18_impro03_F016,anger,1.8,4.5,3,저도 제 나름의 경력이 있고 제 맛에 자부심이 있어요.,어요,val,1.0,0.0,0.0,0.0,0.0,0.0,0.0
Sess18_impro03_F016,anger,1.8,4.5,4,그렇게 사람들이 있는데서 그렇게까지 말씀하실 거 없잖아요.,잖아요,val,1.0,0.0,0.0,0.0,0.0,0.0,0.0
Sess18_impro03_M019,anger,2.0,2.9,1,아무튼 제 주방에서 이건 용납 안되는 일입니다.,ᆸ니다,val,0.9,0.1,0.0,0.0,0.0,0.0,0.0
Sess18_impro03_M019,anger,2.0,2.9,2,다시 만들어주세요.,세요,val,0.9,0.1,0.0,0.0,0.0,0.0,0.0
Sess18_impro04_M007,sadness,2.0,2.0,1,그리고 엄마 눈에는 안 그럴테지만 다른 친구들에 비해 내가 그렇게 많이 후지고 좀 그런가?,ᆫ가,val,0.0,0.4,0.0,0.0,0.2,0.4,0.0
Sess18_impro04_M011,anger,2.1,2.7,1,아 됐어요.,어요,val,0.5,0.2,0.0,0.0,0.3,0.0,0.0
Sess18_impro04_F012,anger,2.4,3.8,1,(씻고+나 잠깐만) 이거 근데 환불을 해줄라나 모르겠다.,ᆯ라나 | 다,val,0.5,0.2,0.0,0.0,0.3,0.0,0.0
Sess18_impro04_M012,anger,1.6,4.3,1,(두 단을 사+엄마) 내 말 듣고 있냐고요.,냐고,val,1.0,0.0,0.0,0.0,0.0,0.0,0.0
Sess18_impro04_F013,anger,3.5,3.7,1,아 듣고 있지.,지,val,0.0,0.0,0.0,0.0,0.7,0.0,0.3
Sess18_impro04_F013,anger,3.5,3.7,2,아 당연히 듣고 있지 엄마 멀티가 되잖아.,지 | 잖아,val,0.0,0.0,0.0,0.0,0.7,0.0,0.3
Sess18_impro04_F014,sadness,3.4,2.9,1,야 다 알어.,어,val,0.0,0.0,0.0,0.0,1.0,0.0,0.0
Sess18_impro04_F014,sadness,3.4,2.9,2,너 진짜 슬픈 이유 뭔가 있지?,ᆫ가 | 지,val,0.0,0.0,0.0,0.0,1.0,0.0,0.0
Sess18_impro04_M015,sadness,1.6,1.7,1,엄마 나 미진이랑 끝났어요.,어요,val,0.0,0.0,0.0,0.0,0.0,1.0,0.0
Sess18_impro04_F016,sadness,2.6,2.5,1,진짜 끝났어?,어,val,0.0,0.0,0.0,0.0,0.5,0.0,0.5
Sess18_impro04_M016,sadness,1.8,1.9,1,그만 만나고 싶대요.,대요,val,0.0,0.0,0.0,0.0,0.2,0.8,0.0
Sess18_impro04_F017,sadness,3.1,1.9,1,아이고 아이고 그랬는데 엄마가 u/ 눈치를 못 챘네.,네,val,0.0,0.0,0.0,0.0,0.3,0.6,0.1
Sess18_impro04_F017,sadness,3.1,1.9,2,너 오늘 진짜 힘들겠다.,다,val,0.0,0.0,0.0,0.0,0.3,0.6,0.1
Sess18_impro04_F019,sadness,3.3,2.3,1,지금 사랑이랑 다르겠지만 엄마도 좀 그런 느낌 알 거 같아.,어,val,0.0,0.0,0.0,0.0,0.5,0.5,0.0
Sess18_impro04_F019,sadness,3.3,2.3,2,그 사랑이라는 게 항상 맛있을 수만은 없잖아.,잖아,val,0.0,0.0,0.0,0.0,0.5,0.5,0.0
Sess18_impro04_F021,sadness,2.6,2.5,1,b/ 나는 아빠 그렇게 보내고 나서 너도 어렸잖아.,잖아,val,0.0,0.0,0.0,0.0,0.0,1.0,0.0
Sess18_impro04_F021,sadness,2.6,2.5,2,b/ 아오 나는 왜 이렇게 세상에서 불쌍한 사람이지.,지,val,0.0,0.0,0.0,0.0,0.0,1.0,0.0
Sess18_impro04_F021,sadness,2.6,2.5,3,나만 왜 이렇게 일이 안 되지 그런 생각 많이 했었어.,지 | 어,val,0.0,0.0,0.0,0.0,0.0,1.0,0.0
Sess18_impro04_F021,sadness,2.6,2.5,4,그래서 나는 세상에 이제 너 밖에 없잖아.,잖아,val,0.0,0.0,0.0,0.0,0.0,1.0,0.0
Sess18_impro04_F022,sadness,3.0,2.6,1,내가 아파하면은 너 속상해 할까봐 내가 사실 티를 잘 못 냈어.,어,val,0.0,0.0,0.0,0.0,0.1,0.9,0.0
Sess18_impro04_F023,sadness,3.9,2.5,1,아들 이런 말 해줘서 고맙고 음 슬픈 거는 좀 시간 지나면은 나아질거야.,야,val,0.0,0.0,0.0,0.2,0.8,0.0,0.0
Sess18_impro04_M021,sadness,3.4,2.2,1,좋아요.,어요,val,0.0,0.0,0.0,0.1,0.4,0.5,0.0
Sess06_script01_F005,anger,1.9,2.9,1,아 뭐야.,야,train,0.6,0.0,0.0,0.0,0.4,0.0,0.0
Sess06_script01_F005,anger,1.9,2.9,2,나 말 안해.,어,train,0.6,0.0,0.0,0.0,0.4,0.0,0.0
Sess06_script01_M009,happiness,3.4,3.8,1,u/ 야 씨 야 뭐 그렇게 크게 말해.,어,train,0.0,0.0,0.0,0.0,0.1,0.0,0.9
Sess06_script01_F011,happiness,4.3,3.4,1,(바베큐도+우와) 맛있겠다.,다,train,0.0,0.0,0.0,0.9,0.1,0.0,0.0
Sess06_script01_F013,anger,2.1,3.3,1,아 뭐야.,야,train,0.9,0.0,0.0,0.0,0.1,0.0,0.0
Sess06_script01_F014,anger,2.1,3.1,1,b/ 나야말로 뭐 오빠랑 누가 결혼한대?,ᆫ대,train,0.7,0.0,0.0,0.0,0.3,0.0,0.0
Sess06_script01_F021,sadness,4.1,3.7,1,l/ 오빠 너무 웃겨.,어,train,0.0,0.0,0.0,0.7,0.3,0.0,0.0
Sess06_script01_M022,sadness,2.7,2.7,1,o/ 웃기지.,지,train,0.0,0.0,0.0,0.0,0.2,0.7,0.1
Sess06_script01_M022,sadness,2.7,2.7,2,아 이런 선물 받으니까 어이가 없지?,지,train,0.0,0.0,0.0,0.0,0.2,0.7,0.1
Sess06_script01_F022,sadness,4.3,4.0,1,아니 그러니까 젓가락 100개란게 우리들 만난지 100일 되는 날이라서 준비했다는 거야?,야,train,0.0,0.0,0.0,0.8,0.2,0.0,0.0
Sess06_script01_M023,sadness,2.4,2.7,1,o/ b/ 미안해.,어,train,0.0,0.0,0.0,0.0,0.3,0.7,0.0
Sess06_script01_F026,anger,1.6,3.6,1,(소리야+이젠) 안 만나.,어,train,1.0,0.0,0.0,0.0,0.0,0.0,0.0
Sess06_script01_F027,happiness,4.4,3.5,1,대신 같이 살아야겠어.,어,train,0.0,0.0,0.0,0.8,0.2,0.0,0.0
Sess06_script01_F027,happiness,4.4,3.5,2,b/ o/ 자 n/ 오빠는 젓가락 줬지만 난 좋은 거 줄게.,ᆯ게,train,0.0,0.0,0.0,0.8,0.2,0.0,0.0
Sess06_script01_M028,happiness,4.2,3.7,1,이게 뭔데?,ᆫ데,train,0.0,0.0,0.0,0.6,0.1,0.0,0.3
Sess06_script01_F028,happiness,4.4,3.7,1,l/ 으이그 이 무능력한 남자야.,야,train,0.0,0.0,0.0,0.7,0.3,0.0,0.0
Sess06_script01_F028,happiness,4.4,3.7,2,여자인 내가 반지를 준비해야겠어?,어,train,0.0,0.0,0.0,0.7,0.3,0.0,0.0
Sess06_script01_F028,happiness,4.4,3.7,3,오빠가 당연히 준비해야지.,어야지,train,0.0,0.0,0.0,0.7,0.3,0.0,0.0
Sess06_script01_M032,happiness,4.5,3.9,1,와 진짜 사랑한다.,ᆫ다,train,0.0,0.0,0.0,1.0,0.0,0.0,0.0
Sess06_script01_M032,happiness,4.5,3.9,2,진짜 정말 사랑해.,어,train,0.0,0.0,0.0,1.0,0.0,0.0,0.0
Sess06_script02_F005,anger,1.9,3.4,1,(이씨+아 됐고) 나 드라마 봐야 돼.,어,train,0.6,0.1,0.0,0.0,0.3,0.0,0.0
Sess06_script02_F006,anger,1.9,3.3,1,(거라고+아) 모르겠고 드라마 할 시간이니까 리모콘이나 주시지?,지,train,0.6,0.3,0.0,0.0,0.1,0.0,0.0
Sess06_script02_M005,anger,2.4,2.8,1,야 이거 10분이면 끝나.,어,train,0.2,0.0,0.0,0.0,0.8,0.0,0.0
Sess06_script02_M005,anger,2.4,2.8,2,좀만 기달려 그냥.,어,train,0.2,0.0,0.0,0.0,0.8,0.0,0.0
Sess06_script02_F007,anger,1.9,3.4,1,헐 아 그냥 인터넷으로 나중에 검색하라고.,라고,train,0.8,0.1,0.0,0.0,0.1,0.0,0.0
Sess06_script02_F008,anger,1.7,4.0,1,(준다고+아) 몰라 그게 당첨이 되겠냐?,어 | 냐,train,0.8,0.2,0.0,0.0,0.0,0.0,0.0
Sess06_script02_F008,anger,1.7,4.0,2,으이구 어떤 여자가 될진 모르겠지만 오빠같은 남자랑 결혼 할 여자가 아주 불쌍하다 불쌍해.,어,train,0.8,0.2,0.0,0.0,0.0,0.0,0.0
Sess06_script02_F014,happiness,4.8,4.8,1,제대로 꼬집어야 꿈인지 아닌 아닌지 알 수 있지.,지,train,0.0,0.0,0.0,0.6,0.0,0.0,0.4
Sess06_script02_F014,happiness,4.8,4.8,2,o/ 어떡해.,어,train,0.0,0.0,0.0,0.6,0.0,0.0,0.4
Sess06_script02_M017,happiness,4.8,5.0,1,o/ 와 나 심장 뛰는 거 봐.,어,train,0.0,0.0,0.0,0.4,0.0,0.0,0.6
Sess06_script02_M017,happiness,4.8,5.0,2,b/ 와 나 미칠 거 같애 진짜.,애,train,0.0,0.0,0.0,0.4,0.0,0.0,0.6
Sess06_script02_F015,happiness,4.6,4.8,1,사랑하는 오빠 나 잊지마.,어,train,0.0,0.0,0.0,0.8,0.2,0.0,0.0
Sess06_script02_F015,happiness,4.6,4.8,2,나 잊으면 안돼.,어,train,0.0,0.0,0.0,0.8,0.2,0.0,0.0
Sess06_script02_F016,happiness,4.4,4.4,1,아 (알겠어+어) 걱정하지마.,어 | 어,train,0.0,0.0,0.0,0.6,0.4,0.0,0.0
Sess06_script02_F016,happiness,4.4,4.4,2,내가 좀 입이 무겁잖아.,잖아,train,0.0,0.0,0.0,0.6,0.4,0.0,0.0
Sess06_script02_F017,happiness,4.3,4.3,1,(알았어+아이) 걱정말라니까.,어 | 라니까,train,0.0,0.0,0.0,0.6,0.4,0.0,0.0
Sess06_script02_F017,happiness,4.3,4.3,2,나 오빠 동생이야.,야,train,0.0,0.0,0.0,0.6,0.4,0.0,0.0
Sess06_script02_F017,happiness,4.3,4.3,3,나 몰라?,어,train,0.0,0.0,0.0,0.6,0.4,0.0,0.0
Sess06_script02_F017,happiness,4.3,4.3,4,나 못 믿어?,어,train,0.0,0.0,0.0,0.6,0.4,0.0,0.0
Sess06_script02_M020,happiness,4.5,4.5,1,o/ 그럼 그럼 믿지 진짜 이씨 u/.,지,train,0.0,0.0,0.0,1.0,0.0,0.0,0.0
Sess06_script02_M021,happiness,3.1,3.5,1,못 믿지.,지,train,0.0,0.2,0.0,0.1,0.6,0.0,0.1
Sess06_script02_F019,happiness,4.5,3.9,1,내가 오빠 잘 될 줄 알았다니까.,다니까,train,0.0,0.0,0.0,1.0,0.0,0.0,0.0
Sess06_script02_M022,happiness,2.5,3.2,1,아이 됐고.,고,train,0.1,0.0,0.0,0.0,0.9,0.0,0.0
Sess06_script02_M023,happiness,2.4,3.3,1,아 됐고.,고,train,0.2,0.0,0.0,0.0,0.8,0.0,0.0
Sess06_script02_F021,happiness,4.4,3.9,1,내 친구 은지랑 소개팅 하고 싶다고 했지?,지,train,0.0,0.0,0.0,0.6,0.4,0.0,0.0
Sess06_script02_F021,happiness,4.4,3.9,2,내가 바로 주선해줄게.,ᆯ게,train,0.0,0.0,0.0,0.6,0.4,0.0,0.0
Sess06_script02_M024,happiness,4.4,4.0,1,진짜 야 너 진짜다?,다,train,0.0,0.0,0.0,0.9,0.0,0.0,0.1
Sess06_script02_M024,happiness,4.4,4.0,2,o/ 야 이거 돈이 좋긴 좋네 이씨.,네,train,0.0,0.0,0.0,0.9,0.0,0.0,0.1
Sess06_script02_F022,happiness,4.5,4.3,1,지금 전화 걸게.,ᆯ게,train,0.0,0.0,0.0,0.6,0.4,0.0,0.0
Sess06_script02_F022,happiness,4.5,4.3,2,어 내 친구들 많아.,어,train,0.0,0.0,0.0,0.6,0.4,0.0,0.0
Sess06_script02_F023,happiness,4.7,4.6,1,진짜지?,지,train,0.0,0.0,0.0,0.9,0.0,0.0,0.1
Sess06_script02_F023,happiness,4.7,4.6,2,진짜지?,지,train,0.0,0.0,0.0,0.9,0.0,0.0,0.1
Sess06_script02_F023,happiness,4.7,4.6,3,(아 오빠+아이) 난 정말 오빠가 짱이야 너무 최고야.,야 | 야,train,0.0,0.0,0.0,0.9,0.0,0.0,0.1
Sess06_script02_F023,happiness,4.7,4.6,4,나한테 o/ 역시 우리 오빠라니까.,라니까,train,0.0,0.0,0.0,0.9,0.0,0.0,0.1
Sess06_script02_M026,happiness,3.8,3.4,1,야 돈 찾으면 내가 그럼 바로 현금으로 줄게.,ᆯ게,train,0.0,0.0,0.0,0.2,0.7,0.0,0.1
Sess06_script02_F024,happiness,5.0,5.0,1,아 오빠 나 생각만 해도 너무 좋아.,어,train,0.0,0.0,0.0,1.0,0.0,0.0,0.0
Sess06_script03_F003,anger,1.9,2.9,1,b/ 거기에 마트 생긴지 두 달이 넘었어.,어,train,0.7,0.2,0.0,0.0,0.1,0.0,0.0
Sess06_script03_F003,anger,1.9,2.9,2,그것도 몰라?,어,train,0.7,0.2,0.0,0.0,0.1,0.0,0.0
Sess06_script03_M004,happiness,4.2,3.7,1,아이 모를 수도 있지 뭐.,지,train,0.0,0.0,0.0,0.7,0.3,0.0,0.0
Sess06_script03_M004,happiness,4.2,3.7,2,그 뭐 대수인가?,ᆫ가,train,0.0,0.0,0.0,0.7,0.3,0.0,0.0
Sess06_script03_M004,happiness,4.2,3.7,3,b/ l/ 야야 이거 진짜 웃기다 이거.,다,train,0.0,0.0,0.0,0.7,0.3,0.0,0.0
Sess06_script03_F005,anger,2.0,2.7,1,안 봐?,어,train,0.5,0.1,0.0,0.0,0.4,0.0,0.0
Sess06_script03_F007,sadness,1.8,2.5,1,당신 나 없이도 꿋꿋하게 애들 키우면서 살아야 해.,어,train,0.0,0.0,0.0,0.0,0.3,0.7,0.0
Sess06_script03_M009,sadness,1.9,3.1,1,아이 지금 뭔 소리 하는 거야?,야,train,0.0,0.0,0.0,0.0,0.0,0.0,1.0
Sess06_script03_M009,sadness,1.9,3.1,2,어이 농담이지?,지,train,0.0,0.0,0.0,0.0,0.0,0.0,1.0
Sess06_script03_F008,sadness,1.7,2.2,1,b/ 악성이래.,래,train,0.0,0.0,0.0,0.0,0.1,0.9,0.0
Sess06_script03_F008,sadness,1.7,2.2,2,이미 왼쪽에 70프로정도 퍼져있고 n/ 정확한 건 가슴을 열어봐야 알겠지만 림프절과 늑막에까지 전이가 됐대.,대,train,0.0,0.0,0.0,0.0,0.1,0.9,0.0
Sess06_script03_M010,sadness,2.1,3.7,1,b/ 아이 장난이지?,지,train,0.1,0.0,0.0,0.0,0.1,0.1,0.7
Sess06_script03_M010,sadness,2.1,3.7,2,야 지금 농담하는 거지?,지,train,0.1,0.0,0.0,0.0,0.1,0.1,0.7
Sess06_script03_M010,sadness,2.1,3.7,3,야 그럼 지금이라도 빨리 병원 가자.,자,train,0.1,0.0,0.0,0.0,0.1,0.1,0.7
Sess06_script03_F009,sadness,1.8,2.1,1,이미 늦었어.,어,train,0.0,0.0,0.0,0.0,0.1,0.9,0.0
Sess06_script03_M011,sadness,2.2,3.4,1,아니 수술하면 되는 거 아냐?,냐,train,0.0,0.0,0.2,0.0,0.1,0.1,0.6
Sess06_script03_M012,sadness,2.0,3.6,1,b/ 그럼 얼마나 살 수 있대?,대,train,0.0,0.0,0.2,0.0,0.1,0.2,0.5
Sess06_script03_M013,anger,1.4,4.4,1,b/ 아이 그러니까 그 저번에 그 가슴 아프다 할 때 병원 가라니까.,라니까,train,1.0,0.0,0.0,0.0,0.0,0.0,0.0
Sess06_script03_F012,anger,1.7,2.4,1,화 낸다고 달라질 건 없잖아.,잖아,train,0.2,0.0,0.0,0.0,0.2,0.6,0.0
Sess06_script03_M014,sadness,2.0,3.8,1,b/ 아 알았어 여보 어?,어,train,0.2,0.0,0.2,0.0,0.1,0.3,0.2
Sess06_script03_M014,sadness,2.0,3.8,2,미안해.,어,train,0.2,0.0,0.2,0.0,0.1,0.3,0.2
Sess06_script03_M014,sadness,2.0,3.8,3,잠깐 소리쳐서 미안해.,어,train,0.2,0.0,0.2,0.0,0.1,0.3,0.2
Sess06_script03_M014,sadness,2.0,3.8,4,b/ 그니까 이왕 이렇게 된 거 할 수 있는한 그럼 뭐든지 해보자.,자,train,0.2,0.0,0.2,0.0,0.1,0.3,0.2
Sess06_script03_M014,sadness,2.0,3.8,5,일단 수술부터 받고 요즘 의사들 뭐 돌팔이들 많다잖아.,다잖아,train,0.2,0.0,0.2,0.0,0.1,0.3,0.2
Sess06_script03_M014,sadness,2.0,3.8,6,아닐 수도 있어.,어,train,0.2,0.0,0.2,0.0,0.1,0.3,0.2
Sess06_script03_M014,sadness,2.0,3.8,7,야 그리고 6개월이 아니라 6년 아니 60년 더 살 수 있고 b/ 그니까 어서 병원 가자.,자,train,0.2,0.0,0.2,0.0,0.1,0.3,0.2
Sess06_script03_F013,sadness,1.5,2.5,1,난 아니야.,야,train,0.0,0.0,0.0,0.0,0.0,1.0,0.0
Sess06_script03_F013,sadness,1.5,2.5,2,틀렸어.,어,train,0.0,0.0,0.0,0.0,0.0,1.0,0.0
Sess06_script03_M015,anger,1.5,4.2,1,아이 틀리긴 뭘 틀려.,어,train,0.8,0.0,0.0,0.0,0.0,0.2,0.0
Sess06_script03_M015,anger,1.5,4.2,2,b/ 빨리 병원 가자니까.,자니까,train,0.8,0.0,0.0,0.0,0.0,0.2,0.0
Sess06_script03_F014,sadness,1.9,2.6,1,우리 아빠 기억해?,어,train,0.0,0.0,0.0,0.0,0.0,1.0,0.0
Sess06_script03_M016,sadness,1.7,3.2,1,u/ 갑자기 아버지 얘기를 왜 해.,어,train,0.1,0.0,0.1,0.0,0.3,0.3,0.2
Sess06_script03_F015,sadness,1.7,2.7,1,음 사실 우리 아빠도 나랑 같은 병이었어.,어,train,0.0,0.0,0.0,0.0,0.1,0.9,0.0
Sess06_script03_M017,sadness,1.8,3.3,1,아니 뭐 당신 어릴 적에 뭐 사고로 돌아가셨다매.,다매,train,0.0,0.0,0.0,0.0,0.1,0.1,0.8
Sess06_script03_M017,sadness,1.8,3.3,2,아니 아니 나 속인 거야?,야,train,0.0,0.0,0.0,0.0,0.1,0.1,0.8
Sess06_script03_F016,anger,1.6,2.9,1,미안해.,어,train,0.0,0.0,0.0,0.0,0.0,1.0,0.0
Sess06_script03_F016,anger,1.6,2.9,2,n/ 아빠는 3년동안 폐암으로 병원에 계시다가 돌아가셨어.,어,train,0.0,0.0,0.0,0.0,0.0,1.0,0.0
Sess06_script03_M018,sadness,1.8,3.6,1,b/ 아 미숙아 u/ 그게 중요한 게 아냐.,냐,train,0.4,0.0,0.1,0.0,0.1,0.4,0.0
Sess06_script03_M018,sadness,1.8,3.6,2,그런 건 중요한게 아니잖아.,잖아,train,0.4,0.0,0.1,0.0,0.1,0.4,0.0
Sess06_script03_M018,sadness,1.8,3.6,3,일단 우리 입원치료 하고 수술받자.,자,train,0.4,0.0,0.1,0.0,0.1,0.4,0.0
Sess06_script03_M018,sadness,1.8,3.6,4,b/ 그럼 살 수 있어.,어,train,0.4,0.0,0.1,0.0,0.1,0.4,0.0
Sess06_script03_F017,sadness,1.3,2.8,1,어차피 안 되는 일인데 어차피 살 수 없는데 사 실낱같은 목숨 붙잡아 두고 본힘드 본인도 힘들고 주위사람도 힘들고.,고,train,0.0,0.0,0.0,0.0,0.0,1.0,0.0
Sess06_script03_M019,sadness,1.6,3.5,1,여보 그런 생각 하지마.,어,train,0.1,0.0,0.2,0.0,0.2,0.5,0.0
Sess06_script03_M019,sadness,1.6,3.5,2,자 그 지금도 안 늦었어.,어,train,0.1,0.0,0.2,0.0,0.2,0.5,0.0
Sess06_script03_M019,sadness,1.6,3.5,3,n/ 일단 정리하고 병원 가자 어?,자,train,0.1,0.0,0.2,0.0,0.2,0.5,0.0
Sess06_script03_F018,sadness,1.3,3.0,1,무슨 의미가 있겠어.,어,train,0.0,0.0,0.0,0.0,0.0,1.0,0.0
Sess06_script03_F018,sadness,1.3,3.0,2,3년을 더 사셨다고 아빠는 행복했을까?,을까,train,0.0,0.0,0.0,0.0,0.0,1.0,0.0
Sess06_script03_M020,anger,1.5,3.4,1,아니 왜 이래.,어,train,0.6,0.0,0.1,0.0,0.1,0.2,0.0
Sess06_script03_M020,anger,1.5,3.4,2,왜 이렇게 약한 생각해.,어,train,0.6,0.0,0.1,0.0,0.1,0.2,0.0
Sess06_script03_F019,sadness,1.3,3.4,1,나도 살고 싶어.,어,train,0.0,0.0,0.0,0.0,0.0,1.0,0.0
Sess06_script03_F019,sadness,1.3,3.4,2,나도 사람인데 근데 싸우기엔 너무 늦었고 지쳤어.,어,train,0.0,0.0,0.0,0.0,0.0,1.0,0.0
Sess06_script03_F020,sadness,1.6,2.5,1,우리 애들 잘 부탁해?,어,train,0.0,0.0,0.0,0.0,0.0,1.0,0.0
Sess06_script03_F020,sadness,1.6,2.5,2,o/ 그리고 남은 시간 우리 행복하게 지내면 되잖아.,잖아,train,0.0,0.0,0.0,0.0,0.0,1.0,0.0
Sess06_script03_F020,sadness,1.6,2.5,3,나 행복하고싶어 그리고 행복하게 죽고싶어.,어 | 어,train,0.0,0.0,0.0,0.0,0.0,1.0,0.0
Sess06_script03_F020,sadness,1.6,2.5,4,o/ 예쁜 모습 좋은 모습만 남기고싶어.,어,train,0.0,0.0,0.0,0.0,0.0,1.0,0.0
Sess06_script03_F021,sadness,1.5,2.6,1,마지막 부탁이 있어.,어,train,0.0,0.0,0.0,0.0,0.1,0.9,0.0
Sess06_script03_F021,sadness,1.5,2.6,2,둘째 결혼시키고 당신도 재혼 해.,어,train,0.0,0.0,0.0,0.0,0.1,0.9,0.0
Sess06_script03_F021,sadness,1.5,2.6,3,혹시나 애들 결혼 전에 재혼하면 애들 상처받을 수 있으니까 애들 결혼만 시켜줘 그리고 좋은 여자 만나.,어 | 어,train,0.0,0.0,0.0,0.0,0.1,0.9,0.0
Sess06_script03_F021,sadness,1.5,2.6,4,알았지?,지,train,0.0,0.0,0.0,0.0,0.1,0.9,0.0
Sess06_script03_M023,anger,1.5,3.7,1,도대체 무슨 소릴 하고 있는 거야.,야,train,0.7,0.0,0.0,0.0,0.1,0.2,0.0
Sess06_script03_M024,sadness,1.5,3.7,1,그만하고 미숙아 진짜 내가 잘못했어.,어,train,0.0,0.0,0.1,0.0,0.0,0.9,0.0
Sess06_script03_M024,sadness,1.5,3.7,2,아 내가 잘못했어.,어,train,0.0,0.0,0.1,0.0,0.0,0.9,0.0
Sess06_script03_M024,sadness,1.5,3.7,3,제발 살아.,어,train,0.0,0.0,0.1,0.0,0.0,0.9,0.0
Sess06_script03_M024,sadness,1.5,3.7,4,제발 살아줘 제발.,어,train,0.0,0.0,0.1,0.0,0.0,0.9,0.0
Sess06_script05_F012,anger,2.0,3.0,1,너무 공격적으로 생각하시는 것 아닌가요?,ᆫ가요,train,0.6,0.0,0.0,0.0,0.4,0.0,0.0
Sess06_script05_F012,anger,2.0,3.0,2,저도 고민하고 심사숙고해서 낸 아이디어인데 뭐가 문제였는지 o/ 뭐가 부족했는지 물어볼 수 있지 않나요?,나요,train,0.6,0.0,0.0,0.0,0.4,0.0,0.0
Sess06_script05_F014,anger,1.7,3.2,1,(그리고+아니) 오타 때문에 아이디어를 탈락시켰다구요?,다구요,train,0.8,0.1,0.0,0.0,0.1,0.0,0.0
Sess06_script06_F013,anger,2.0,3.1,1,회사다닐 때 했습니다.,습니다,train,0.8,0.0,0.0,0.0,0.2,0.0,0.0
Sess06_script06_M014,anger,2.8,2.8,1,b/ 거 연애 이야기를 물어본 건 저도 뭐 실례니까 이해 해 주시고요 어쨌든 이게 다 면접 방식중에 하나에요.,고요 | 에요,train,0.0,0.1,0.0,0.0,0.9,0.0,0.0
Sess06_script06_M014,anger,2.8,2.8,2,이해하시죠?,죠,train,0.0,0.1,0.0,0.0,0.9,0.0,0.0
Sess06_script06_M014,anger,2.8,2.8,3,그리고 뭐 이력서에 보니까 b/ 특기가 노래랑 춤이라고 적혀있는데 그 노래 잘 해요?,어요,train,0.0,0.1,0.0,0.0,0.9,0.0,0.0
Sess06_script06_M015,anger,3.7,3.1,1,l/ 아이 뭐 설마가 사람 잡는다고 하잖아 응?,잖아,train,0.0,0.0,0.0,0.2,0.8,0.0,0.0
Sess06_script06_M015,anger,3.7,3.1,2,특기가 노래랑 춤이라며 아 그 보여줄 수 있어요?,어요,train,0.0,0.0,0.0,0.2,0.8,0.0,0.0
Sess06_script06_M015,anger,3.7,3.1,3,그 요즘 그 유행하는 노래 있잖아 그거 b/ 그 뭐지 그 초등학생들 그 부르는 노랜 그 그 그 사랑을 했다?,잖아 | 지 | 다,train,0.0,0.0,0.0,0.2,0.8,0.0,0.0
Sess06_script06_F015,anger,1.8,3.4,1,사랑을 했다요?,다,train,0.4,0.2,0.0,0.0,0.1,0.0,0.3
Sess06_script06_M016,anger,3.7,3.2,1,어어어 예 그거 한 번 해봐요 거 어?,어요 | 어,train,0.0,0.0,0.0,0.4,0.6,0.0,0.0
Sess06_script06_F016,anger,2.2,2.9,1,지금 여기서 춤 추고 노래 하라구요?,라구요,train,0.6,0.1,0.0,0.0,0.2,0.0,0.1
Sess06_script06_M017,anger,2.1,2.9,1,뭐 못하겠어요?,어요,train,0.4,0.1,0.0,0.0,0.5,0.0,0.0
Sess06_script06_M017,anger,2.1,2.9,2,뭐 이력서에 적혀있는 걸 뭐 우리가 확인 할 권한 있어요.,어요,train,0.4,0.1,0.0,0.0,0.5,0.0,0.0
Sess06_script06_M017,anger,2.1,2.9,3,이게 진짜인지 가짜인지 확인해봐야죠.,어야죠,train,0.4,0.1,0.0,0.0,0.5,0.0,0.0
Sess06_script06_F017,anger,2.1,3.2,1,(말든가+아) 아닙니다.,ᆸ니다,train,0.5,0.3,0.0,0.0,0.2,0.0,0.0
Sess06_script06_F017,anger,2.1,3.2,2,하겠습니다.,습니다,train,0.5,0.3,0.0,0.0,0.2,0.0,0.0
Sess06_script06_F017,anger,2.1,3.2,3,b/ 사랑을 했다.,다,train,0.5,0.3,0.0,0.0,0.2,0.0,0.0
Sess06_script06_M018,happiness,3.5,3.1,1,(만나+아이구) 잘하시네.,네,train,0.0,0.1,0.0,0.5,0.4,0.0,0.0
Sess06_script06_M018,happiness,3.5,3.1,2,l/ 아이 목소리가 너무 작네 어?,네,train,0.0,0.1,0.0,0.5,0.4,0.0,0.0
Sess06_script06_F018,anger,1.6,3.5,1,원래 면접을 이런 식으로 보나요?,나요,train,1.0,0.0,0.0,0.0,0.0,0.0,0.0
Sess06_script06_M019,anger,1.8,3.3,1,아니 지금 무슨 말을 그렇게 하는 거에요?,에요,train,0.6,0.0,0.0,0.0,0.1,0.0,0.3
Sess06_script06_F019,anger,1.4,4.1,1,신성 좋아하고 있네.,네,train,1.0,0.0,0.0,0.0,0.0,0.0,0.0
Sess06_script06_F019,anger,1.4,4.1,2,이력서 한 줄 채우려고 내가 특기를 좀 과장되게 썼지만 그렇다고 이걸 이런 식으로 엮는게 오히려 오히려 신성모독 아닌가?,ᆫ가,train,1.0,0.0,0.0,0.0,0.0,0.0,0.0
Sess06_script06_F019,anger,1.4,4.1,3,당신들 이거 습관인 거 같은데 가뜩이나 취직 안돼서 괴로워 죽겠는데 사람을 갖고 놀아?,어,train,1.0,0.0,0.0,0.0,0.0,0.0,0.0
Sess06_script06_F020,anger,1.4,4.5,1,아무리 약자라도 기본적이고 인간적인 대우를 해줘야 될 거 아니야.,야,train,1.0,0.0,0.0,0.0,0.0,0.0,0.0
Sess06_script06_F020,anger,1.4,4.5,2,o/ 지원자를 갖고 놀지 말라고.,라고,train,1.0,0.0,0.0,0.0,0.0,0.0,0.0
Sess06_script06_M020,anger,1.5,4.2,1,하 나 아 그럼 나가 어?,어,train,1.0,0.0,0.0,0.0,0.0,0.0,0.0
Sess06_impro01_M007,happiness,2.8,3.1,1,그 내가 어떻게 알아.,어,train,0.1,0.0,0.0,0.0,0.8,0.0,0.1
Sess06_impro01_M007,happiness,2.8,3.1,2,아니 원래 그 유명한 그 그 셰프들도 그 뭐냐 어 집에만 가면은 그리고 라면 먹고 막 그러는 거야.,냐 | 야,train,0.1,0.0,0.0,0.0,0.8,0.0,0.1
Sess06_impro01_M007,happiness,2.8,3.1,3,어 빨리 약상자 어딨어?,어,train,0.1,0.0,0.0,0.0,0.8,0.0,0.1
Sess06_impro01_M007,happiness,2.8,3.1,4,가져와 약 발라줄게.,ᆯ게,train,0.1,0.0,0.0,0.0,0.8,0.0,0.1
Sess06_impro01_M010,happiness,3.9,3.0,1,b/ 뭔 소리야 아직 바르지도 않았는데.,야 | 는데,train,0.0,0.0,0.0,0.4,0.6,0.0,0.0
Sess06_impro01_M010,happiness,3.9,3.0,2,l/ 이제 o/ 바른다.,ᆫ다,train,0.0,0.0,0.0,0.4,0.6,0.0,0.0
Sess06_impro01_F010,happiness,4.2,3.1,1,알겠어.,어,train,0.0,0.0,0.0,0.8,0.2,0.0,0.0
Sess06_impro01_M012,happiness,3.1,3.5,1,그럼 따 하 u/ 그럼 따갑지 안 아 안 따가?,어,train,0.1,0.0,0.0,0.0,0.8,0.0,0.1
Sess06_impro01_F012,happiness,4.0,3.1,1,l/ 아 좀 살살 좀 해줘.,어,train,0.0,0.0,0.0,0.6,0.4,0.0,0.0
Sess06_impro01_F013,happiness,4.3,3.5,1,옛날에 내가 아파서 병원갔을 때 자기 생각난다.,ᆫ다,train,0.0,0.0,0.0,0.8,0.2,0.0,0.0
Sess06_impro01_F013,happiness,4.3,3.5,2,l/ 그때 막 어 나 아프다고 막 살려주세요.,세요,train,0.0,0.0,0.0,0.8,0.2,0.0,0.0
Sess06_impro01_F013,happiness,4.3,3.5,3,살려주세요.,세요,train,0.0,0.0,0.0,0.8,0.2,0.0,0.0
Sess06_impro01_F013,happiness,4.3,3.5,4,나도 의사에요.,에요,train,0.0,0.0,0.0,0.8,0.2,0.0,0.0
Sess06_impro01_F013,happiness,4.3,3.5,5,막 이러고 그랬었잖아 자기가.,잖아,train,0.0,0.0,0.0,0.8,0.2,0.0,0.0
Sess06_impro01_M014,happiness,3.1,3.4,1,u/ o/ 아요 갑자기 뜬금없이 또 이거 추억 팔이한다 또 어?,ᆫ다,train,0.4,0.1,0.0,0.0,0.5,0.0,0.0
Sess06_impro01_M014,happiness,3.1,3.4,2,o/ N/아이 그거야 당연히 당신이 응급실에 그 누워있어가지고 그러지.,지,train,0.4,0.1,0.0,0.0,0.5,0.0,0.0
Sess06_impro01_M014,happiness,3.1,3.4,3,아우 내가 그때 맹장인 줄 알았으면 난 그러지도 않았어 어?,어,train,0.4,0.1,0.0,0.0,0.5,0.0,0.0
Sess06_impro01_F014,happiness,4.5,3.7,1,그때 나 많이 사랑했나봐?,어,train,0.0,0.0,0.0,0.8,0.2,0.0,0.0
Sess06_impro01_F020,anger,4.1,3.4,1,(왜 그래+아 내가) 오늘 행복해서 그렇지.,지,train,0.0,0.0,0.0,1.0,0.0,0.0,0.0
Sess06_impro01_M021,anger,2.4,3.4,1,o/ N/ 뭘 행복해.,어,train,0.6,0.1,0.0,0.0,0.2,0.0,0.1
Sess06_impro01_M021,anger,2.4,3.4,2,참나 행복할 것도 없다.,다,train,0.6,0.1,0.0,0.0,0.2,0.0,0.1
Sess06_impro01_M021,anger,2.4,3.4,3,(나 피곤하니까 지금 씻을게),을게,train,0.6,0.1,0.0,0.0,0.2,0.0,0.1
Sess06_impro01_M022,happiness,3.7,2.8,1,o/ N/ 왜 그래요?,어요,train,0.0,0.0,0.0,0.3,0.7,0.0,0.0
Sess06_impro01_M022,happiness,3.7,2.8,2,무섭게 왜 그러십니까?,ᆸ니까,train,0.0,0.0,0.0,0.3,0.7,0.0,0.0
Sess06_impro01_M022,happiness,3.7,2.8,3,아후 알겠어 알겠어 어?,어 | 어,train,0.0,0.0,0.0,0.3,0.7,0.0,0.0
Sess06_impro01_M022,happiness,3.7,2.8,4,에 사랑해요.,어요,train,0.0,0.0,0.0,0.3,0.7,0.0,0.0
Sess06_impro01_M022,happiness,3.7,2.8,5,어 나 이제 씻고 자도 되지?,지,train,0.0,0.0,0.0,0.3,0.7,0.0,0.0
Sess06_impro01_F022,happiness,4.5,4.1,1,l/ 뭐라고?,라고,train,0.0,0.0,0.0,1.0,0.0,0.0,0.0
Sess06_impro01_M023,anger,2.9,3.4,1,말했잖아.,잖아,train,0.8,0.1,0.0,0.0,0.1,0.0,0.0
Sess06_impro01_M023,anger,2.9,3.4,2,왜 그래.,어,train,0.8,0.1,0.0,0.0,0.1,0.0,0.0
Sess06_impro01_F023,happiness,4.6,4.1,1,아 못들었어.,어,train,0.0,0.0,0.0,1.0,0.0,0.0,0.0
Sess06_impro01_M024,anger,3.3,3.4,1,나 좀 쉴게.,ᆯ게,train,0.5,0.0,0.0,0.1,0.4,0.0,0.0
Sess06_impro01_M024,anger,3.3,3.4,2,나 u/ 피곤해 나 자야 돼.,어 | 어,train,0.5,0.0,0.0,0.1,0.4,0.0,0.0
Sess06_impro01_M024,anger,3.3,3.4,3,여보 진짜 힘들어요.,어요,train,0.5,0.0,0.0,0.1,0.4,0.0,0.0
Sess06_impro01_F024,happiness,4.4,4.1,1,진짜 내가 저 남자 때문에 산다니까 l/ 여보 한 번만 더 말해줘.,ᆫ다니까 | 어,train,0.0,0.0,0.0,0.9,0.1,0.0,0.0
Sess06_impro02_F005,anger,1.9,2.8,1,무슨 말씀을 그렇게 하세요?,세요,train,0.9,0.0,0.0,0.0,0.1,0.0,0.0
Sess06_impro02_M006,anger,2.2,2.7,1,예 방금 방금 본인이 그렇게 말씀하셨잖아요?,잖아요,train,0.0,0.4,0.0,0.0,0.5,0.0,0.1
Sess06_impro02_F006,anger,2.0,2.8,1,아 제 요리에 대해서 이렇게 무시하시는 건 조금 아니시죠.,죠,train,0.8,0.1,0.0,0.0,0.1,0.0,0.0
Sess06_impro02_M007,anger,2.4,2.7,1,뭐 기분 나쁘신가요?,ᆫ가,train,0.0,0.4,0.0,0.0,0.5,0.0,0.1
Sess06_impro02_F007,anger,1.9,2.9,1,당연하죠.,죠,train,0.5,0.1,0.0,0.0,0.4,0.0,0.0
Sess06_impro02_M009,anger,2.0,2.9,1,b/ 알겠어요.,어요,train,0.0,0.4,0.0,0.0,0.6,0.0,0.0
Sess06_impro02_M009,anger,2.0,2.9,2,그러면 b/ 탕수육 얘기를 한번 해봅시다.,ᆸ시다,train,0.0,0.4,0.0,0.0,0.6,0.0,0.0
Sess06_impro02_M009,anger,2.0,2.9,3,탕수육 가격이 너무 비싸다 생각하지 않아요?,어요,train,0.0,0.4,0.0,0.0,0.6,0.0,0.0
Sess06_impro02_M009,anger,2.0,2.9,4,튀긴 건지 이게 간만 비슷하고 맛이 없잖아요.,잖아요,train,0.0,0.4,0.0,0.0,0.6,0.0,0.0
Sess06_impro02_F009,anger,1.8,3.1,1,이거 너무 말씀이 너무 지나치신 거 아니에요 지금.,에요,train,0.8,0.0,0.0,0.0,0.2,0.0,0.0
Sess06_impro02_M010,anger,2.3,2.8,1,기분이 상하셨나요?,나요,train,0.1,0.3,0.0,0.0,0.3,0.0,0.3
Sess06_impro02_F010,anger,1.8,3.0,1,당연히 상하죠.,죠,train,0.9,0.0,0.0,0.0,0.1,0.0,0.0
Sess06_impro02_M011,anger,2.3,2.8,1,왜 상하시지?,지,train,0.0,0.3,0.0,0.0,0.5,0.0,0.2
Sess06_impro02_M011,anger,2.3,2.8,2,b/ 저는 그냥 정확한 말씀 말을 드린 거 뿐인데.,ᆫ데,train,0.0,0.3,0.0,0.0,0.5,0.0,0.2
Sess06_impro02_F011,anger,1.8,3.3,1,지금 제가 저도 요리에 일가견이 있어요.,어요,train,0.7,0.0,0.0,0.0,0.3,0.0,0.0
Sess06_impro02_F011,anger,1.8,3.3,2,가게에 책임자였다고요.,다고요,train,0.7,0.0,0.0,0.0,0.3,0.0,0.0
Sess06_impro02_F012,anger,1.9,3.3,1,근데 지금 말씀하시는게 저를 무시하시는 거잖아요.,잖아요,train,0.7,0.0,0.0,0.0,0.3,0.0,0.0
Sess06_impro02_M013,anger,2.3,2.9,1,무시하는게 아니라 이 음식에 대한 정확한 평을 하는 거에요.,에요,train,0.2,0.2,0.0,0.0,0.6,0.0,0.0
Sess06_impro02_F013,anger,1.6,3.6,1,지금 주방장님 말씀하시는 거는 저를 무시하시는 거고 제 요리에 대해 요리를 땅바닥에 집어던지고 지근지근 밟고 밟는 행동이라고요 지금.,라고요,train,0.9,0.0,0.0,0.0,0.1,0.0,0.0
Sess06_impro02_M014,anger,2.3,2.6,1,b/ 왜 그렇게 열을 내시지.,지,train,0.0,0.3,0.0,0.0,0.6,0.0,0.1
Sess06_impro02_M015,anger,2.0,3.1,1,아니 음식이 맛이 없다고 하고서 맛이 없다고 말씀 드리는 거 자체는 인정을 못 하시네.,네,train,0.0,0.2,0.0,0.0,0.8,0.0,0.0
Sess06_impro02_M016,anger,2.1,2.9,1,b/ 오케이 그렇게 지금 자존심 상하시죠?,죠,train,0.2,0.3,0.0,0.0,0.5,0.0,0.0
Sess06_impro02_M016,anger,2.1,2.9,2,지금 막 기분 나쁘시죠?,죠,train,0.2,0.3,0.0,0.0,0.5,0.0,0.0
Sess06_impro02_M017,anger,2.2,3.1,1,그런 기분으로 요리를 해보세요.,세요,train,0.4,0.2,0.0,0.0,0.4,0.0,0.0
Sess06_impro02_F016,anger,1.8,3.4,1,저는 이 시간부로 이 가게에 나오지 않겠습니다.,습니다,train,0.8,0.1,0.0,0.0,0.1,0.0,0.0
Sess06_impro02_M018,anger,2.0,3.3,1,결 u/ 해결했네요.,네요,train,0.8,0.2,0.0,0.0,0.0,0.0,0.0
Sess06_impro02_M018,anger,2.0,3.3,2,아 그래요 나오시지 마세요.,어요 | 세요,train,0.8,0.2,0.0,0.0,0.0,0.0,0.0
Sess06_impro02_M018,anger,2.0,3.3,3,나오시지 마시고 제가 한마디 충고하잖아요?,잖아요,train,0.8,0.2,0.0,0.0,0.0,0.0,0.0
Sess06_impro02_M018,anger,2.0,3.3,4,b/ 이 짬뽕을 만든다고 생각하지 말고 요리를 만든다고 생각하세요.,세요,train,0.8,0.2,0.0,0.0,0.0,0.0,0.0
Sess06_impro02_M018,anger,2.0,3.3,5,그깟 알량한 자존심 부리지 마시고 예?,고,train,0.8,0.2,0.0,0.0,0.0,0.0,0.0
Sess06_impro02_M018,anger,2.0,3.3,6,맛있는 요리를 만들라고요.,라고,train,0.8,0.2,0.0,0.0,0.0,0.0,0.0
Sess06_impro02_F017,anger,1.5,3.8,1,아 그래요.,어요,train,0.9,0.0,0.0,0.0,0.1,0.0,0.0
Sess06_impro02_F017,anger,1.5,3.8,2,그러면 주방장님이 요리를 한번 해보세요.,세요,train,0.9,0.0,0.0,0.0,0.1,0.0,0.0
Sess06_impro02_F017,anger,1.5,3.8,3,주방장님이 만 만든 짬뽕을 제가 먹어보고 일반 짬뽕이랑 맛이 똑같으면 주방장님이 나가세요.,세요,train,0.9,0.0,0.0,0.0,0.1,0.0,0.0
Sess06_impro02_F017,anger,1.5,3.8,4,맛있으면 그냥 제가 나갈게요.,ᆯ게요,train,0.9,0.0,0.0,0.0,0.1,0.0,0.0
Sess06_impro02_F017,anger,1.5,3.8,5,알겠어요?,어요,train,0.9,0.0,0.0,0.0,0.1,0.0,0.0
Sess06_impro02_M019,anger,2.1,2.8,1,b/ 한번 해봐요 그러면.,어요,train,0.3,0.2,0.0,0.0,0.5,0.0,0.0
Sess06_impro03_F014,sadness,2.5,2.7,1,형택아 그래 엄마는 사랑이 뭔지 몰라.,어,train,0.0,0.0,0.0,0.0,0.4,0.6,0.0
Sess06_impro03_F014,sadness,2.5,2.7,2,네 아빠 돌아가시고 이제 사랑이 뭔지도 잊었어.,어,train,0.0,0.0,0.0,0.0,0.4,0.6,0.0
Sess06_impro03_F014,sadness,2.5,2.7,3,근데 사랑이 언제나 늘 맛있을 수는 없어.,어,train,0.0,0.0,0.0,0.0,0.4,0.6,0.0
Sess06_impro03_F014,sadness,2.5,2.7,4,그건 나 때도 그랬고 너도 비슷할 거야.,야,train,0.0,0.0,0.0,0.0,0.4,0.6,0.0
Sess06_impro03_F014,sadness,2.5,2.7,5,어디 사랑 사랑이 매번 좋기만 하니.,니,train,0.0,0.0,0.0,0.0,0.4,0.6,0.0
Sess06_impro03_F014,sadness,2.5,2.7,6,쓴맛도 있고 매운맛도 있고 이상한 맛도 있을 수 있는 거야.,야,train,0.0,0.0,0.0,0.0,0.4,0.6,0.0
Sess06_impro03_M014,anger,1.6,3.1,1,c/ 근데 왜 난 맨날 쓴맛 이상한맛만 있는 건데.,ᆫ데,train,0.6,0.0,0.0,0.0,0.1,0.3,0.0
Sess06_impro03_F015,sadness,2.3,2.6,1,형택아 울고 싶으면 울어도 돼.,어,train,0.0,0.0,0.0,0.0,0.2,0.8,0.0
Sess06_impro03_F015,sadness,2.3,2.6,2,근데 형택아 너랑 헤어진 여자친구도 지금 세상에서 제일 힘들 거야.,야,train,0.0,0.0,0.0,0.0,0.2,0.8,0.0
Sess06_impro03_F015,sadness,2.3,2.6,3,이별은 혼자만 슬픈 게 아니니까 서로 상처받아서 우는 거야.,야,train,0.0,0.0,0.0,0.0,0.2,0.8,0.0
Sess06_impro03_F015,sadness,2.3,2.6,4,나도 돌아가신 아빠랑 싸우고 나면 그렇게 마음이 아팠어.,어,train,0.0,0.0,0.0,0.0,0.2,0.8,0.0
Sess06_impro03_F016,sadness,2.4,2.6,1,근데 사과도 못 했어.,어,train,0.0,0.0,0.0,0.0,0.2,0.8,0.0
Sess06_impro03_F016,sadness,2.4,2.6,2,아빤 돌아가셨잖아.,잖아,train,0.0,0.0,0.0,0.0,0.2,0.8,0.0
Sess06_impro03_F016,sadness,2.4,2.6,3,나도 그땐 그랬다.,다,train,0.0,0.0,0.0,0.0,0.2,0.8,0.0
Sess06_impro03_F016,sadness,2.4,2.6,4,왜 나만 이런 슬픔이 생기는 걸까?,ᆯ까,train,0.0,0.0,0.0,0.0,0.2,0.8,0.0
Sess06_impro03_F016,sadness,2.4,2.6,5,왜 나만 이런 아픔이 있는 걸까 하지만 엄만 너 보면서 참았어.,ᆯ까 | 어,train,0.0,0.0,0.0,0.0,0.2,0.8,0.0
Sess06_impro03_F016,sadness,2.4,2.6,6,너 보면서 견뎠어.,어,train,0.0,0.0,0.0,0.0,0.2,0.8,0.0
Sess06_impro03_M015,sadness,1.9,2.7,1,b/ 엄마 엄마 미안해요.,어요,train,0.1,0.0,0.0,0.0,0.2,0.7,0.0
Sess06_impro04_F008,anger,1.6,3.4,1,지금 자꾸 내 앞에서 왜 자꾸 말꼬리를 잡지?,지,train,0.8,0.1,0.0,0.0,0.1,0.0,0.0
Sess06_impro04_F008,anger,1.6,3.4,2,지금 부장한테 지금 대드는 거예요?,예요,train,0.8,0.1,0.0,0.0,0.1,0.0,0.0
Sess06_impro04_F008,anger,1.6,3.4,3,아니 그러게 왜 전무님이 추진한 아이템을 이따위로 만들어요.,어요,train,0.8,0.1,0.0,0.0,0.1,0.0,0.0
Sess06_impro04_M008,anger,1.9,3.0,1,b/ 그럼 이게 전무님이 다 계획한 큰 그림이라고요?,라고요,train,0.3,0.1,0.0,0.0,0.4,0.0,0.2
Sess12_script01_F009,anger,1.9,4.3,1,u/ 지금 무슨 소릴 하는거야.,야,train,0.7,0.0,0.2,0.0,0.0,0.0,0.1
Sess12_script01_F009,anger,1.9,4.3,2,지금 어딘가에 있을거야 우리가 사람을 쳤는데 당연히 찾아서 병원에 (데려가야지),야 | 어야지,train,0.7,0.0,0.2,0.0,0.0,0.0,0.1
Sess12_script01_M013,anger,1.7,4.4,1,(데려가야지+우리) 술마셨잖아.,어야지 | 잖아,train,0.9,0.0,0.1,0.0,0.0,0.0,0.0
Sess12_script01_F021,anger,1.5,4.7,1,(해야지+아) 지금 (뭐하려고),어야지 | 려고,train,0.6,0.0,0.2,0.0,0.0,0.0,0.2
Sess12_script02_M008,anger,2.2,2.3,1,(같은데+지나친건) 아니라고 봅니다.,ᆸ니다,train,0.4,0.3,0.0,0.0,0.3,0.0,0.0
Sess12_script02_M008,anger,2.2,2.3,2,오히려 지나친건 소은씨 같은데요.,은데요,train,0.4,0.3,0.0,0.0,0.3,0.0,0.0
Sess12_script02_M008,anger,2.2,2.3,3,곧 회의가 시작 될거라 저는 보고서를 다 파악해둬야는데 소은씨 덕분에 그 시간을 뺏기고 있으니까요.,으니까요,train,0.4,0.3,0.0,0.0,0.3,0.0,0.0
Sess12_script02_F010,anger,2.6,3.4,1,b/ 알겠습니다.,습니다,train,0.8,0.1,0.0,0.0,0.1,0.0,0.0
Sess12_script02_F010,anger,2.6,3.4,2,그럼 하나만 묻고 싶어요 제 아이디어는 왜 발탁이 안된건가요?,어요 | ᆫ가,train,0.8,0.1,0.0,0.0,0.1,0.0,0.0
Sess12_script02_F010,anger,2.6,3.4,3,남의 아이디어가 더 뛰어나서 그랬다 이런 식의 뻔한 댑 답변은 안 해주실거라 믿습니다.,다 | 습니다,train,0.8,0.1,0.0,0.0,0.1,0.0,0.0
Sess12_script02_M009,anger,2.2,2.7,1,생각보다 소은씨는 까다롭군요.,군요,train,0.1,0.3,0.0,0.0,0.6,0.0,0.0
Sess12_script02_M009,anger,2.2,2.7,2,n/ 그게 왜 궁금하죠?,죠,train,0.1,0.3,0.0,0.0,0.6,0.0,0.0
Sess12_script02_F011,anger,2.1,3.6,1,저를 발전 시키고 싶으니까요.,으니까요,train,0.7,0.0,0.0,0.0,0.3,0.0,0.0
Sess12_script02_M010,anger,2.2,2.5,1,어디까지 돼야 발전일까요?,ᆯ까요,train,0.5,0.2,0.0,0.0,0.3,0.0,0.0
Sess12_script02_M010,anger,2.2,2.5,2,아이디어를 내는 족족 채택되면 발전인겁니까?,ᆸ니까,train,0.5,0.2,0.0,0.0,0.3,0.0,0.0
Sess12_script02_M010,anger,2.2,2.5,3,아니면 회사에서 무조건 인정해주면 발전인겁니까?,ᆸ니까,train,0.5,0.2,0.0,0.0,0.3,0.0,0.0
Sess12_script02_F012,anger,2.0,3.6,1,너무 공격적으로 생각하시는 것 아니에요?,에요,train,0.8,0.0,0.0,0.0,0.2,0.0,0.0
Sess12_script02_F012,anger,2.0,3.6,2,저도 고민하고 심사숙고해서 낸 아이디었는데 뭐가 문제였는지 뭐가 부족했는지 물어볼 순 있지 않나요?,나요,train,0.8,0.0,0.0,0.0,0.2,0.0,0.0
Sess12_script02_M011,anger,2.6,2.7,1,좋은 질문이군요.,군요,train,0.3,0.4,0.0,0.0,0.3,0.0,0.0
Sess12_script02_M011,anger,2.6,2.7,2,솔직히 소은씨 아이디어가 가장 훌륭했고 가장 높은 점수를 받았습니다.,습니다,train,0.3,0.4,0.0,0.0,0.3,0.0,0.0
Sess12_script02_M011,anger,2.6,2.7,3,하지만 저는 소은씨 같은 스타일 싫어합니다.,ᆸ니다,train,0.3,0.4,0.0,0.0,0.3,0.0,0.0
Sess12_script02_F013,anger,2.1,3.1,1,개인적인 감정인가요?,ᆫ가,train,0.5,0.2,0.0,0.0,0.3,0.0,0.0
Sess12_script02_M012,anger,2.2,2.6,1,아뇨 기본이 부족해서 싫고 뭐 이 뜻은 심사위원 모두 공감했습니다.,습니다,train,0.3,0.3,0.0,0.0,0.4,0.0,0.0
Sess12_script02_M012,anger,2.2,2.6,2,제가 말씀 드리면 소은씨는 발전하는게 아니라 퇴보하게 될거에요.,에요,train,0.3,0.3,0.0,0.0,0.4,0.0,0.0
Sess12_script02_M012,anger,2.2,2.6,3,발전이란 바탕이 있어야 높아지는데 잔인한 이야기지만 소은씨는 바탕이 부족합니다.,ᆸ니다,train,0.3,0.3,0.0,0.0,0.4,0.0,0.0
Sess12_script02_M012,anger,2.2,2.6,4,작성 후 읽어는 보셨나요?,나요,train,0.3,0.3,0.0,0.0,0.4,0.0,0.0
Sess12_script02_M012,anger,2.2,2.6,5,페이지 하나 하나 마다 오타가 하나씩 있습니다 그리고.,습니다,train,0.3,0.3,0.0,0.0,0.4,0.0,0.0
Sess12_script02_F014,anger,1.7,4.0,1,아니 아 오타 때문에 아이디어를 탈락 시켰다구요?,다구요,train,0.7,0.1,0.0,0.0,0.0,0.0,0.2
Sess12_script02_M015,anger,2.0,2.7,1,이제 제 얘기는 끝난 것 같네요.,네요,train,0.2,0.4,0.0,0.0,0.4,0.0,0.0
Sess12_script02_M015,anger,2.0,2.7,2,회의 시작 10분 전입니다.,ᆸ니다,train,0.2,0.4,0.0,0.0,0.4,0.0,0.0
Sess12_script02_M015,anger,2.0,2.7,3,저는 소은씨에게 5분을 드렸고 소은씨는 어느정도 이해한것 같네요.,네요,train,0.2,0.4,0.0,0.0,0.4,0.0,0.0
Sess12_script02_M015,anger,2.0,2.7,4,버려진 5분만큼 본인을 발전 시키고 나중에 만납시다.,ᆸ시다,train,0.2,0.4,0.0,0.0,0.4,0.0,0.0
Sess12_script02_M015,anger,2.0,2.7,5,그럼 나가주시죠.,죠,train,0.2,0.4,0.0,0.0,0.4,0.0,0.0
Sess12_script03_F012,anger,2.0,2.3,1,b/ 회사 다닐 때 했습니다.,습니다,train,0.6,0.1,0.0,0.0,0.3,0.0,0.0
Sess12_script03_M017,happiness,3.4,3.3,1,l/ 어이구 잘하시네.,네,train,0.0,0.1,0.0,0.5,0.4,0.0,0.0
Sess12_script03_M017,happiness,3.4,3.3,2,아 근데 목소리가 너무 작네 그 좀 더 크게.,네,train,0.0,0.1,0.0,0.5,0.4,0.0,0.0
Sess12_script03_F017,anger,1.5,4.6,1,원래 면접을 이런 식으로 봐요?,어요,train,1.0,0.0,0.0,0.0,0.0,0.0,0.0
Sess12_script03_M018,anger,2.0,3.3,1,아니 무슨 말을 그렇게 합니까 신성한 면접실에서.,ᆸ니까,train,0.9,0.0,0.0,0.0,0.0,0.0,0.1
Sess12_script03_F018,anger,1.3,5.0,1,신성 좋아하고 있네.,네,train,1.0,0.0,0.0,0.0,0.0,0.0,0.0
Sess12_script03_F018,anger,1.3,5.0,2,이력서 한줄 채우려고 내가 특기를 좀 과장되게 썼는데 그렇다고 이걸 이런 식으로 o/ 엮는게 오히려 신성모독 아닐까요?,ᆯ까요,train,1.0,0.0,0.0,0.0,0.0,0.0,0.0
Sess12_script03_F018,anger,1.3,5.0,3,당신들 습관인 거 같은데 가뜩이나 취직 안 돼서 괴로워 죽겠는데 사람을 갖고 놀아?,어,train,1.0,0.0,0.0,0.0,0.0,0.0,0.0
Sess12_script03_F019,anger,1.3,5.0,1,아무리 약자라도 기본적이고 인간적인 대우를 해줘야 될 거 아냐.,냐,train,1.0,0.0,0.0,0.0,0.0,0.0,0.0
Sess12_script03_F019,anger,1.3,5.0,2,시간 때우려고.,려고,train,1.0,0.0,0.0,0.0,0.0,0.0,0.0
Sess12_script03_F019,anger,1.3,5.0,3,니들 심심풀이 땅콩으로 채우려고 지원자 갖고 놀지 (말라고),지,train,1.0,0.0,0.0,0.0,0.0,0.0,0.0
Sess12_script03_M019,anger,1.5,4.7,1,어이가 없어가지고 아 그럼 나가세요 당신 말곤 지원자는 널렸어요.,어요,train,1.0,0.0,0.0,0.0,0.0,0.0,0.0
Sess12_script04_F003,anger,2.0,3.4,1,아 거기 마트 생긴지 두 달이 넘었어.,어,train,0.7,0.2,0.0,0.0,0.1,0.0,0.0
Sess12_script04_F003,anger,2.0,3.4,2,그것도 몰라?,어,train,0.7,0.2,0.0,0.0,0.1,0.0,0.0
Sess12_script04_F007,sadness,2.2,2.2,1,당신 나 없이도 꿋꿋하게 애들 키우면서 살아야 돼.,어,train,0.0,0.0,0.0,0.0,0.2,0.8,0.0
Sess12_script04_M009,sadness,2.3,3.5,1,아 자기 지금 무슨 소리야 농담이지?,야 | 지,train,0.0,0.0,0.0,0.0,0.1,0.0,0.9
Sess12_script04_F008,sadness,1.9,2.1,1,b/ 악성이래 이미 왼쪽에 70프로 정도 퍼져있구 정확한 건 가슴을 열어봐야 알겠지만 림프절과 늑막에까지 전이가 됐대.,대,train,0.0,0.0,0.1,0.0,0.1,0.8,0.0
Sess12_script04_M010,sadness,2.0,4.0,1,아 장난이지?,지,train,0.0,0.0,0.0,0.0,0.1,0.0,0.9
Sess12_script04_M010,sadness,2.0,4.0,2,농담하는 거지?,지,train,0.0,0.0,0.0,0.0,0.1,0.0,0.9
Sess12_script04_M010,sadness,2.0,4.0,3,아 지금이라도 빨리 병원 가자.,자,train,0.0,0.0,0.0,0.0,0.1,0.0,0.9
Sess12_script04_F009,sadness,1.4,2.1,1,b/ 이미 늦었어.,어,train,0.0,0.0,0.0,0.0,0.0,1.0,0.0
Sess12_script04_M011,sadness,2.1,3.5,1,수술하면 되는 거 아냐?,냐,train,0.0,0.0,0.1,0.0,0.3,0.1,0.5
Sess12_script04_M012,sadness,2.0,3.4,1,얼마나 살 수 있대?,대,train,0.0,0.0,0.0,0.0,0.4,0.5,0.1
Sess12_script04_M013,anger,1.5,4.7,1,b/ n/ 아 그러니까 저번에 아 가슴 아프다고 할때 내가 병원에 가보자고 했잖아.,잖아,train,0.9,0.0,0.0,0.0,0.0,0.1,0.0
Sess12_script04_M013,anger,1.5,4.7,2,왜 그동안 안 간거야 아니 왜 왜 안간건데 왜.,야,train,0.9,0.0,0.0,0.0,0.0,0.1,0.0
Sess12_script04_F012,anger,2.0,2.0,1,화 낸다고 달라지는 거 없잖아.,잖아,train,0.0,0.1,0.0,0.0,0.4,0.5,0.0
Sess12_script04_M014,sadness,2.3,3.2,1,b/ 여보 미안해 소리쳐서 미안해.,어,train,0.0,0.0,0.0,0.0,0.3,0.7,0.0
Sess12_script04_M014,sadness,2.3,3.2,2,이왕 이렇게 된거 할 수 있는 거 뭐든 해보자.,자,train,0.0,0.0,0.0,0.0,0.3,0.7,0.0
Sess12_script04_M014,sadness,2.3,3.2,3,요즘 의사들 돌팔이들 많다잖아 아닐 수도 있어 응?,다잖아 | 어,train,0.0,0.0,0.0,0.0,0.3,0.7,0.0
Sess12_script04_M014,sadness,2.3,3.2,4,그리고 6개월이 아니라 6년 아니 60년이 살 수도 있고 그니까 어서 병원에 가자 응?,자,train,0.0,0.0,0.0,0.0,0.3,0.7,0.0
Sess12_script04_F013,sadness,1.2,1.7,1,아니 나 아냐 틀렸어.,어,train,0.0,0.0,0.0,0.0,0.0,1.0,0.0
Sess12_script04_M015,sadness,1.6,4.4,1,틀리긴 뭘 틀려.,어,train,0.3,0.0,0.0,0.0,0.0,0.7,0.0
Sess12_script04_M015,sadness,1.6,4.4,2,빨리 병원에 가자니까.,자니까,train,0.3,0.0,0.0,0.0,0.0,0.7,0.0
Sess12_script04_F016,sadness,1.3,2.2,1,b/ 미안해.,어,train,0.0,0.0,0.0,0.0,0.0,1.0,0.0
Sess12_script04_F016,sadness,1.3,2.2,2,아빠 b/ 3년 동안 폐암으로 병원에 계시다가 돌아가셨어.,어,train,0.0,0.0,0.0,0.0,0.0,1.0,0.0
Sess12_script04_M018,sadness,2.4,2.9,1,미숙아 그게 중요한게 아냐.,냐,train,0.0,0.0,0.0,0.0,0.2,0.8,0.0
Sess12_script04_M018,sadness,2.4,2.9,2,그런거 그런게 중요한게 아니잖아 일단 입원 치료하고 수술 받자.,잖아 | 자,train,0.0,0.0,0.0,0.0,0.2,0.8,0.0
Sess12_script04_M018,sadness,2.4,2.9,3,그럼 살 수 있어.,어,train,0.0,0.0,0.0,0.0,0.2,0.8,0.0
Sess12_script04_M019,sadness,2.4,3.0,1,자 여보 그런 생각 하지마.,어,train,0.0,0.0,0.0,0.0,0.3,0.7,0.0
Sess12_script04_M019,sadness,2.4,3.0,2,자 지금도 안 늦었고 일단 정리하고 병원 가자?,자,train,0.0,0.0,0.0,0.0,0.3,0.7,0.0
Sess12_script04_F018,sadness,1.1,2.5,1,b/ 무슨 의미가 있겠어?,어,train,0.0,0.0,0.0,0.0,0.1,0.9,0.0
Sess12_script04_F018,sadness,1.1,2.5,2,b/ 3년 더 사셨다구 아빠 행복했을까.,을까,train,0.0,0.0,0.0,0.0,0.1,0.9,0.0
Sess12_script04_M020,sadness,2.4,3.3,1,아 여보 왜 이래.,어,train,0.1,0.0,0.0,0.0,0.1,0.8,0.0
Sess12_script04_M020,sadness,2.4,3.3,2,왜 이리 약한 생각을 (해),어,train,0.1,0.0,0.0,0.0,0.1,0.8,0.0
Sess12_script04_F019,sadness,1.0,3.9,1,(해+나도) 살고싶어.,어,train,0.2,0.0,0.0,0.0,0.0,0.8,0.0
Sess12_script04_F019,sadness,1.0,3.9,2,나도 사람인데.,ᆫ데,train,0.2,0.0,0.0,0.0,0.0,0.8,0.0
Sess12_script04_F019,sadness,1.0,3.9,3,근데 b/ 싸우기엔 너무 늦었고 지쳤어.,어,train,0.2,0.0,0.0,0.0,0.0,0.8,0.0
Sess12_script04_F020,sadness,3.1,3.2,1,b/ 당신 우리 애들 잘 부탁해.,어,train,0.0,0.0,0.0,0.0,0.1,0.9,0.0
Sess12_script04_F020,sadness,3.1,3.2,2,그리고 남은 시간 우리 행복하게 지내면 되잖아 나 행복하고 싶어.,잖아 | 어,train,0.0,0.0,0.0,0.0,0.1,0.9,0.0
Sess12_script04_F020,sadness,3.1,3.2,3,그리고 행복하게 죽고 싶어.,어,train,0.0,0.0,0.0,0.0,0.1,0.9,0.0
Sess12_script04_F020,sadness,3.1,3.2,4,예쁜 모습 좋은 모습만 남기고 싶어.,어,train,0.0,0.0,0.0,0.0,0.1,0.9,0.0
Sess12_script04_F021,sadness,2.7,2.4,1,b/ 마지막 부탁이 있어.,어,train,0.0,0.0,0.0,0.0,0.1,0.9,0.0
Sess12_script04_F021,sadness,2.7,2.4,2,둘째 결혼 시키고 당신도 재혼해 혹시나 애들 결혼 전에 재혼하면 애들도 상처 받을 수 있으니까 애들 결혼만 시켜줘 그리고 b/ 좋은 여자 만나.,어 | 어,train,0.0,0.0,0.0,0.0,0.1,0.9,0.0
Sess12_script04_M023,sadness,1.6,3.8,1,도대체 무슨 소리 하는거야.,야,train,0.3,0.0,0.0,0.0,0.0,0.7,0.0
Sess12_script04_M024,sadness,1.6,3.8,1,미숙아 내가 잘못했어 내가 내가 잘못했어.,어 | 어,train,0.0,0.0,0.1,0.0,0.0,0.9,0.0
Sess12_script04_M024,sadness,1.6,3.8,2,제발 살아줘 o/ 제발 살아줘.,어,train,0.0,0.0,0.1,0.0,0.0,0.9,0.0
Sess12_script05_F001,happiness,4.2,3.2,1,b/ 음 맛있다.,다,train,0.0,0.0,0.0,0.6,0.4,0.0,0.0
Sess12_script05_F001,happiness,4.2,3.2,2,근데 자기 안 먹어?,어,train,0.0,0.0,0.0,0.6,0.4,0.0,0.0
Sess12_script05_M001,happiness,3.5,2.9,1,아이 천천히 먹어 햄버거 어디 안 도망가.,어,train,0.0,0.0,0.0,0.0,1.0,0.0,0.0
Sess12_script05_M001,happiness,3.5,2.9,2,o/ 콜라도 좀 먹고.,고,train,0.0,0.0,0.0,0.0,1.0,0.0,0.0
Sess12_script05_F002,happiness,4.2,3.3,1,고마워 근데 오빠는 꿈이 뭐야?,어 | 야,train,0.0,0.0,0.0,0.7,0.3,0.0,0.0
Sess12_script05_M003,happiness,2.9,3.1,1,글쎄 그건 왜 물어보는데?,는데,train,0.0,0.0,0.0,0.0,0.6,0.0,0.4
Sess12_script05_F006,anger,1.9,3.7,1,시 뭐야 나 말 안해.,야 | 어,train,0.7,0.1,0.0,0.0,0.2,0.0,0.0
Sess12_script05_M006,anger,3.4,3.4,1,아하 아니 내 뜻은 그런게 아니라 아이 갑자기 물어보니까 당황해서 그랬지.,지,train,0.0,0.0,0.0,0.0,0.3,0.0,0.7
Sess12_script05_M008,happiness,4.0,3.5,1,(궁금하냐고+어 그럼 그럼) 궁금하지.,지,train,0.0,0.0,0.0,0.4,0.4,0.0,0.2
Sess12_script05_M009,happiness,3.8,3.7,1,아 뭐 그렇게 그렇게 크게 말해.,어,train,0.0,0.1,0.0,0.1,0.1,0.0,0.7
Sess12_script05_F009,anger,3.9,4.1,1,b/ 어때 나 오빠 여잔데.,어 | ᆫ데,train,0.6,0.0,0.0,0.3,0.1,0.0,0.0
Sess12_script05_F010,anger,2.1,3.8,1,b/ 아니 같이 살려면 꿈이 있어야 되는거 아냐?,냐,train,0.6,0.0,0.0,0.0,0.2,0.0,0.2
Sess12_script05_M013,happiness,4.1,3.8,1,제주도 서귀포에 풍경 좋은 곳이 많거든?,거든,train,0.0,0.0,0.0,0.4,0.6,0.0,0.0
Sess12_script05_M013,happiness,4.1,3.8,2,o/ 그쪽에 바다가 보이는 양지바른 땅을 사서 하얗고 웅장하게 팬션을 짓는 거야.,야,train,0.0,0.0,0.0,0.4,0.6,0.0,0.0
Sess12_script05_F012,happiness,4.2,4.0,1,b/ 아 진짜 맛있겠다.,다,train,0.0,0.0,0.0,1.0,0.0,0.0,0.0
Sess12_script05_F015,anger,2.2,3.5,1,아 뭐야.,야,train,0.7,0.3,0.0,0.0,0.0,0.0,0.0
Sess12_script05_F016,anger,2.1,3.9,1,씨 나야말로 오빠랑 누가 결혼한대?,ᆫ대,train,0.8,0.1,0.0,0.0,0.1,0.0,0.0
Sess12_script05_M017,anger,2.9,2.8,1,방금 전에 한다고 했잖아.,잖아,train,0.0,0.0,0.0,0.1,0.9,0.0,0.0
Sess12_script05_F017,anger,2.1,3.9,1,하도 불쌍하고 보잘것 없어 보여서 해준다고 한거지.,지,train,0.7,0.3,0.0,0.0,0.0,0.0,0.0
Sess12_script05_F017,anger,2.1,3.9,2,내가 당신 처럼 어리바리한 남자를 뭐가 좋다고 결혼을 해?,어,train,0.7,0.3,0.0,0.0,0.0,0.0,0.0
Sess12_script05_F018,anger,2.2,2.7,1,아 됐어.,어,train,0.6,0.1,0.0,0.0,0.3,0.0,0.0
Sess12_script05_M022,sadness,2.2,2.0,1,미안해 그 사실 이번에도 월급을 못 받았어.,어 | 어,train,0.0,0.1,0.0,0.0,0.1,0.7,0.1
Sess12_script05_M022,sadness,2.2,2.0,2,뭐 가게 사정도 어렵구 근데 우리 오늘 만난지 100일인데 선물 사줄.,구,train,0.0,0.1,0.0,0.0,0.1,0.7,0.1
Sess12_script05_F023,happiness,4.4,4.2,1,l/ 아 오빠 너무 웃겨.,어,train,0.0,0.0,0.0,1.0,0.0,0.0,0.0
Sess12_script05_M023,happiness,3.6,3.6,1,이런 선물 받으니까 어이가 없지?,지,train,0.0,0.1,0.0,0.0,0.2,0.2,0.5
Sess12_script05_F024,sadness,4.4,4.4,1,아니 그러니가 젓가락 100개라는게 우리들 만난지 100일되는 날이어서 준비했다는 거야?,야,train,0.0,0.0,0.0,1.0,0.0,0.0,0.0
Sess12_script05_M024,happiness,3.1,3.6,1,o/ 아 하지만 다음에 만날 땐 내가 꼭 멋진 선물 사줄게.,ᆯ게,train,0.0,0.0,0.0,0.2,0.6,0.1,0.1
Sess12_script05_M024,happiness,3.1,3.6,2,내가 지금은 비록 중국집 배달부 밖에 안되지만 아 열심히 일하면 그 제주도 앞바다에 멋진 펜션 짓고 우리도 멋지 멋있게 행복하게 살 수 있어.,어,train,0.0,0.0,0.0,0.2,0.6,0.1,0.1
Sess12_script05_F027,anger,1.7,3.6,1,오빠 같은 사람하곤 이젠 못 만나겠다구.,다구,train,0.8,0.1,0.0,0.0,0.1,0.0,0.0
Sess12_script05_M027,anger,1.7,3.8,1,무슨 무슨 소리야.,야,train,0.0,0.0,0.1,0.0,0.1,0.0,0.8
Sess12_script05_F028,anger,1.6,3.8,1,이제 안 만나.,어,train,0.8,0.1,0.0,0.0,0.1,0.0,0.0
Sess12_script05_F029,happiness,4.5,4.3,1,대신 b/ 같이 살아야겠어.,어,train,0.0,0.0,0.0,1.0,0.0,0.0,0.0
Sess12_script05_F030,happiness,4.4,4.0,1,b/ 자 오빠는 젓가락 줬지만 난 좋은 거 줄게.,ᆯ게,train,0.0,0.0,0.0,1.0,0.0,0.0,0.0
Sess12_script05_M029,happiness,4.2,3.8,1,이게 뭔데?,ᆫ데,train,0.0,0.0,0.0,0.2,0.2,0.0,0.6
Sess12_script05_F031,happiness,3.9,4.2,1,으휴 이씨 이 무능력한 남자야.,야,train,0.4,0.0,0.0,0.6,0.0,0.0,0.0
Sess12_script05_F031,happiness,3.9,4.2,2,여자인 내가 반지를 준비해야 되겠어?,어,train,0.4,0.0,0.0,0.6,0.0,0.0,0.0
Sess12_script05_F031,happiness,3.9,4.2,3,오빠가 당연히 준비해야지.,어야지,train,0.4,0.0,0.0,0.6,0.0,0.0,0.0
Sess12_script05_M030,happiness,2.9,3.8,1,이거 어떻게 샀어?,어,train,0.0,0.0,0.0,0.0,0.2,0.0,0.8
Sess12_script05_M030,happiness,2.9,3.8,2,너 돈 없잖아?,잖아,train,0.0,0.0,0.0,0.0,0.2,0.0,0.8
Sess12_script05_F032,happiness,4.2,4.1,1,b/ 미장원에서 샴푸하면서 동네 아줌마들이 주는 팁 좀 모았지.,지,train,0.0,0.0,0.0,0.7,0.3,0.0,0.0
Sess12_script05_F032,happiness,4.2,4.1,2,으휴 오빠는 돈 걱정 하지마 내가 먹여 살릴게.,어 | ᆯ게,train,0.0,0.0,0.0,0.7,0.3,0.0,0.0
Sess12_script05_F033,happiness,4.1,3.9,1,(그래도+오빠) 누가 선물하고 누가 프로포즈 하면 어때?,어,train,0.0,0.0,0.0,0.9,0.1,0.0,0.0
Sess12_script05_F033,happiness,4.1,3.9,2,나는 오빠를 사랑하고 지금이 행복해 우리 둘이 함께 한다는 게 중요하잖아.,어 | 잖아,train,0.0,0.0,0.0,0.9,0.1,0.0,0.0
Sess12_script05_M033,happiness,4.7,4.4,1,여진아 n/ 사랑한다.,ᆫ다,train,0.0,0.0,0.0,1.0,0.0,0.0,0.0
Sess12_script05_M033,happiness,4.7,4.4,2,o/ 정말 사랑한다.,ᆫ다,train,0.0,0.0,0.0,1.0,0.0,0.0,0.0
Sess12_script06_M003,anger,2.1,3.1,1,BTS가 오빠냐?,냐,train,0.3,0.6,0.0,0.0,0.1,0.0,0.0
Sess12_script06_M003,anger,2.1,3.1,2,너보다 6살은 어려 웃기고 있네.,네,train,0.3,0.6,0.0,0.0,0.1,0.0,0.0
Sess12_script06_F005,anger,1.8,4.2,1,됐어.,어,train,0.9,0.0,0.0,0.0,0.1,0.0,0.0
Sess12_script06_F005,anger,1.8,4.2,2,나 드라마 (봐야 돼),어,train,0.9,0.0,0.0,0.0,0.1,0.0,0.0
Sess12_script06_M004,anger,2.6,3.3,1,(봐야 돼+아 가만히) 있어.,어 | 어,train,0.5,0.2,0.0,0.0,0.3,0.0,0.0
Sess12_script06_M004,anger,2.6,3.3,2,이게 다 정성을 o/ 담아서 정성을 담아야 당첨이 되는거야.,야,train,0.5,0.2,0.0,0.0,0.3,0.0,0.0
Sess12_script06_M004,anger,2.6,3.3,3,나의 온 기운을 모아서 그리고 소망을 담아서 한땀 한땀 마킹한 번호 6개가 빛나는 순간까지 이 본방을 지켜보며 간절히 원하고 또 원해야 당첨이 되는거 몰라?,어,train,0.5,0.2,0.0,0.0,0.3,0.0,0.0
Sess12_script06_F006,anger,2.2,3.4,1,아 모르겠고 드라마 할 시간이니까 리모콘이나 주시지?,지,train,0.6,0.2,0.0,0.0,0.2,0.0,0.0
Sess12_script06_M005,anger,2.8,3.3,1,이거 10분이면 끝나 조금만 기다려.,어,train,0.2,0.0,0.0,0.0,0.8,0.0,0.0
Sess12_script06_M006,anger,2.4,3.7,1,(검색하라고+아 지금) 하고 있으니까 o/ 끝나고 준다고.,ᆫ다고,train,0.7,0.2,0.0,0.0,0.1,0.0,0.0
Sess12_script06_M016,happiness,5.0,5.0,1,로또 1등 o/ 로또 1등이야 1등 야 이거 어쩔거야 어쩜 좋아.,야 | 어,train,0.0,0.0,0.0,0.9,0.0,0.0,0.1
Sess12_script06_F014,happiness,5.0,5.0,1,b/ 아 오빠 어떡해 o/ (어떡해),어,train,0.0,0.0,0.0,1.0,0.0,0.0,0.0
Sess12_script06_M017,happiness,5.0,5.0,1,(어떡해+야 나) 나 꼬집어 좀 꼬집어줘.,어 | 어,train,0.0,0.0,0.0,1.0,0.0,0.0,0.0
Sess12_script06_M017,happiness,5.0,5.0,2,이게 진짜니?,니,train,0.0,0.0,0.0,1.0,0.0,0.0,0.0
Sess12_script06_F015,happiness,4.9,4.8,1,얼마든지 꼬집어줄게.,ᆯ게,train,0.0,0.0,0.0,1.0,0.0,0.0,0.0
Sess12_script06_M018,anger,3.3,4.6,1,아 야 야 아프게 o/ 꼬집으면 어떡해 이씨.,어,train,0.6,0.0,0.0,0.1,0.0,0.0,0.3
Sess12_script06_F016,happiness,5.0,4.9,1,b/ 아 제대로 꼬집어야 꿈인지 o/ 아닌지 알 수 있지.,지,train,0.0,0.0,0.0,1.0,0.0,0.0,0.0
Sess12_script06_M019,happiness,4.8,4.9,1,와 나 심장 o/ (뛰는 거 봐+대박) 아 미칠거 같애.,어 | 애,train,0.0,0.0,0.0,0.8,0.0,0.0,0.2
Sess12_script06_F017,happiness,5.0,4.8,1,나 잊지마 나 잊으면 안돼.,어 | 어,train,0.0,0.0,0.0,1.0,0.0,0.0,0.0
Sess12_script06_M020,happiness,3.2,3.8,1,이 사실 누구한테도 말 하지마.,어,train,0.0,0.0,0.2,0.1,0.7,0.0,0.0
Sess12_script06_F018,happiness,4.5,4.5,1,b/ 알았어.,어,train,0.0,0.0,0.0,0.9,0.1,0.0,0.0
Sess12_script06_F018,happiness,4.5,4.5,2,걱정하지마.,어,train,0.0,0.0,0.0,0.9,0.1,0.0,0.0
Sess12_script06_F018,happiness,4.5,4.5,3,o/ 내가 입이 무겁잖아 그러니까 신상 (구두 좀 어떻게),잖아,train,0.0,0.0,0.0,0.9,0.1,0.0,0.0
Sess12_script06_M021,happiness,2.5,3.8,1,(구두 좀+그 로또 1등된) 사람만 쫓아다니면서 돈 뺏고 구걸하는 사람 있대잖아.,대 | 잖아,train,0.0,0.1,0.3,0.0,0.6,0.0,0.0
Sess12_script06_M021,happiness,2.5,3.8,2,야 혹시 모르니까 이건 너랑 나만 아는 비밀이야 알았어?,야 | 어,train,0.0,0.1,0.3,0.0,0.6,0.0,0.0
Sess12_script06_F019,happiness,4.4,4.4,1,걱정마.,어,train,0.0,0.0,0.0,0.6,0.4,0.0,0.0
Sess12_script06_F019,happiness,4.4,4.4,2,나 오빠 친동생이야.,야,train,0.0,0.0,0.0,0.6,0.4,0.0,0.0
Sess12_script06_F019,happiness,4.4,4.4,3,나 몰라?,어,train,0.0,0.0,0.0,0.6,0.4,0.0,0.0
Sess12_script06_F019,happiness,4.4,4.4,4,나 못 믿어?,어,train,0.0,0.0,0.0,0.6,0.4,0.0,0.0
Sess12_script06_F020,happiness,4.5,4.3,1,아 씨 오빠아아앙 아 내가 오빠 잘 될줄 (알았다니까+아이 됐고) 오빠앙 내 친구 은지랑 소개팅 하고 싶다고 했지?,지,train,0.0,0.0,0.0,0.7,0.3,0.0,0.0
Sess12_script06_F020,happiness,4.5,4.3,2,내가 바로 주선해볼게.,ᆯ게,train,0.0,0.0,0.0,0.7,0.3,0.0,0.0
Sess12_script06_M023,happiness,4.0,3.8,1,b/ 야 돈이 좋긴 좋네.,네,train,0.0,0.0,0.0,0.7,0.1,0.0,0.2
Sess12_script06_M024,happiness,4.0,3.8,1,(많아+진작에) 그럴 것이지.,지,train,0.0,0.0,0.0,0.8,0.2,0.0,0.0
Sess12_script06_M024,happiness,4.0,3.8,2,야 얼마 필요하냐?,냐,train,0.0,0.0,0.0,0.8,0.2,0.0,0.0
Sess12_script06_F022,happiness,4.8,4.7,1,진짜지?,지,train,0.0,0.0,0.0,1.0,0.0,0.0,0.0
Sess12_script06_F022,happiness,4.8,4.7,2,진짜지?,지,train,0.0,0.0,0.0,1.0,0.0,0.0,0.0
Sess12_script06_F022,happiness,4.8,4.7,3,야 오빠 오빠가 진짜 최고야 짱이야 나한텐 역시 우리오빠밖에 없어.,야 | 야 | 어,train,0.0,0.0,0.0,1.0,0.0,0.0,0.0
Sess12_script06_M025,happiness,4.1,3.6,1,1억이라 아 좋아.,어,train,0.0,0.0,0.0,0.6,0.4,0.0,0.0
Sess12_script06_M025,happiness,4.1,3.6,2,o/ 돈 찾으면 바로 현금으로 줄게.,ᆯ게,train,0.0,0.0,0.0,0.6,0.4,0.0,0.0
Sess12_script06_F023,happiness,4.9,4.9,1,u/ 생각만 해도 너무 (좋아),어,train,0.0,0.0,0.0,1.0,0.0,0.0,0.0
Sess12_script06_M026,happiness,4.8,4.5,1,(좋아+와) 나도 너무 놀라서 이게 꿈인가?,ᆫ가,train,0.0,0.0,0.0,0.9,0.0,0.0,0.1
Sess12_script06_M026,happiness,4.8,4.5,2,생시인가?,ᆫ가,train,0.0,0.0,0.0,0.9,0.0,0.0,0.1
Sess12_script06_M026,happiness,4.8,4.5,3,싶다.,다,train,0.0,0.0,0.0,0.9,0.0,0.0,0.1
Sess12_script06_M027,happiness,4.8,4.7,1,내일 날 밝으면 이제  고주홍의 시대가 열린다 이거야.,ᆫ다 | 야,train,0.0,0.0,0.0,1.0,0.0,0.0,0.0
Sess12_script06_M027,happiness,4.8,4.7,2,두고 봐 내가 이 돈으로 세상을 깜짝 놀라게 할거다.,다,train,0.0,0.0,0.0,1.0,0.0,0.0,0.0
Sess12_impro01_F015,happiness,3.8,3.1,1,알았어.,어,train,0.0,0.0,0.0,0.6,0.4,0.0,0.0
Sess12_impro01_F016,happiness,4.2,3.7,1,l/ 이거 보니까 옛날 생각난다.,ᆫ다,train,0.0,0.0,0.0,0.7,0.3,0.0,0.0
Sess12_impro01_F017,happiness,4.0,3.4,1,나 왜 b/ 자기랑 연애할 때 말이야.,야,train,0.0,0.0,0.0,0.6,0.4,0.0,0.0
Sess12_impro01_F017,happiness,4.0,3.4,2,어 엄청 아파서 b/ 회사를 한 일주일간 못 나간 적 있었지 아마?,지,train,0.0,0.0,0.0,0.6,0.4,0.0,0.0
Sess12_impro01_M018,happiness,3.5,3.1,1,b/ 그런 생각 갑자기 왜 해.,어,train,0.0,0.0,0.0,0.2,0.7,0.0,0.1
Sess12_impro01_F018,happiness,4.1,3.8,1,그때 기억나?,어,train,0.0,0.0,0.0,0.9,0.1,0.0,0.0
Sess12_impro01_M019,happiness,3.7,3.0,1,기억 안나 몰라.,어 | 어,train,0.0,0.0,0.0,0.4,0.6,0.0,0.0
Sess12_impro01_F019,happiness,4.6,4.4,1,l/ 그때 자기 진짜 엄청 웃겼는데.,는데,train,0.0,0.0,0.0,1.0,0.0,0.0,0.0
Sess12_impro01_M020,happiness,3.9,3.4,1,뭐가 웃겨 뭐가.,어,train,0.3,0.0,0.0,0.1,0.6,0.0,0.0
Sess12_impro01_F020,happiness,4.6,4.4,1,웃겼잖아.,잖아,train,0.0,0.0,0.0,1.0,0.0,0.0,0.0
Sess12_impro01_M021,happiness,3.8,3.9,1,아니 내가 맹장인 줄 알았으면 그렇게 o/ 했겠어?,어,train,0.0,0.0,0.0,0.6,0.3,0.0,0.1
Sess12_impro01_M021,happiness,3.8,3.9,2,혼자 아프다고 호들갑 다 떨어놓고선 그러니까 내가 에휴 몰라 난 몰라 (기억 안 나),어 | 어 | 어,train,0.0,0.0,0.0,0.6,0.3,0.0,0.1
Sess12_impro01_F021,happiness,4.8,4.6,1,(기억 안 나+아니) 죽을만큼 아팠던 걸 어떡해.,어 | 어,train,0.0,0.0,0.0,1.0,0.0,0.0,0.0
Sess12_impro01_F021,happiness,4.8,4.6,2,b/ 자기가 막 의사선생님 멱살 붙잡고 l/ 저도 의사에요 우리 은미 살려주세요 제가 뭐든 할테니까 우리 은미 살려주세요 살려주세요 그러면서 n/,에요 | 세요 | 세요 | 세요,train,0.0,0.0,0.0,1.0,0.0,0.0,0.0
Sess12_impro01_M022,happiness,3.8,3.1,1,그거 그냥 그런 거야 그냥 뭐.,야,train,0.0,0.0,0.0,0.1,0.9,0.0,0.0
Sess12_impro01_F022,happiness,4.6,4.0,1,에흐 그때 내가 그렇게 좋았나보지.,지,train,0.0,0.0,0.0,1.0,0.0,0.0,0.0
Sess12_impro01_F023,happiness,4.1,4.0,1,난 그럼 안 사랑했어 그때?,어,train,0.1,0.0,0.0,0.9,0.0,0.0,0.0
Sess12_impro01_F024,happiness,4.3,4.0,1,처음 봤다고?,다고,train,0.0,0.0,0.0,0.8,0.2,0.0,0.0
Sess12_impro01_F024,happiness,4.3,4.0,2,l/ 자기야 우리 그때 만나고 있었잖아.,잖아,train,0.0,0.0,0.0,0.8,0.2,0.0,0.0
Sess12_impro01_F026,happiness,4.0,4.0,1,나 사랑해?,어,train,0.0,0.0,0.0,0.8,0.2,0.0,0.0
Sess12_impro01_M027,happiness,3.3,2.9,1,아 갑자기 뭔 사랑이야.,야,train,0.1,0.0,0.0,0.0,0.9,0.0,0.0
Sess12_impro01_M028,happiness,3.9,3.2,1,허 참 해.,어,train,0.0,0.0,0.0,0.5,0.5,0.0,0.0
Sess12_impro01_F028,happiness,4.0,3.7,1,해?,어,train,0.0,0.0,0.0,0.7,0.3,0.0,0.0
Sess12_impro01_M030,happiness,4.0,3.6,1,그냥 해.,어,train,0.0,0.0,0.0,0.7,0.3,0.0,0.0
Sess12_impro01_F030,happiness,3.9,3.9,1,o/ 그냥 해?,어,train,0.1,0.1,0.0,0.5,0.3,0.0,0.0
Sess12_impro01_F030,happiness,3.9,3.9,2,해가 끝이야?,야,train,0.1,0.1,0.0,0.5,0.3,0.0,0.0
Sess12_impro01_M031,happiness,4.4,4.1,1,아 사랑해 o/ 사랑해.,어 | 어,train,0.0,0.0,0.0,1.0,0.0,0.0,0.0
Sess12_impro01_F031,happiness,4.6,4.1,1,l/ 옵 자기야 수줍게 말고 진지하게 내 눈을 보면서 얘기해봐 사랑하냐구.,어 | 냐구,train,0.0,0.0,0.0,0.9,0.1,0.0,0.0
Sess12_impro01_M032,happiness,4.0,3.4,1,진지해야 돼?,어,train,0.0,0.0,0.0,0.7,0.3,0.0,0.0
Sess12_impro01_F032,happiness,4.2,4.1,1,진지하게 좀 큰소리로 해줘야 돼.,어,train,0.0,0.0,0.0,1.0,0.0,0.0,0.0
Sess12_impro01_F032,happiness,4.2,4.1,2,나도 오랜만에 가슴 좀 설레보자.,자,train,0.0,0.0,0.0,1.0,0.0,0.0,0.0
Sess12_impro01_M033,happiness,3.7,3.3,1,사랑해.,어,train,0.0,0.0,0.0,0.5,0.5,0.0,0.0
Sess12_impro01_M034,happiness,3.7,3.1,1,사랑해.,어,train,0.1,0.0,0.0,0.5,0.4,0.0,0.0
Sess12_impro01_M035,happiness,4.0,4.0,1,사랑한다 사랑해.,ᆫ다 | 어,train,0.0,0.0,0.0,0.8,0.2,0.0,0.0
Sess12_impro01_F035,happiness,4.8,4.3,1,l/ 영혼 좀 넣어서 해주면 안될까?,ᆯ까,train,0.0,0.0,0.0,0.9,0.1,0.0,0.0
Sess12_impro01_M036,happiness,3.9,3.4,1,넘어가자 o/ 넘어가 피곤해 아휴.,어,train,0.0,0.0,0.0,0.7,0.3,0.0,0.0
Sess12_impro01_F038,happiness,3.8,3.7,1,아휴 진짜 오글거리게 아니 그건 상황이 어쩔 수 없을 수도 있는 건데 나 죽으면 자긴 어떨 거 같애?,애,train,0.0,0.0,0.0,0.6,0.4,0.0,0.0
Sess12_impro01_M039,happiness,2.3,3.9,1,뭘 어때 너 죽으면 나도 금방 콱 죽어버려야지.,어야지,train,0.3,0.0,0.0,0.0,0.6,0.1,0.0
Sess12_impro01_F039,happiness,3.9,3.7,1,참 b/ 아이구 아이구 우리 윤서는 어떡하고 나 죽으면 자기도 죽는데?,는데,train,0.0,0.1,0.0,0.6,0.1,0.0,0.2
Sess12_impro01_M040,happiness,2.6,3.1,1,은서 내가 죽으면 안 되겠구나.,구나,train,0.0,0.0,0.0,0.0,0.8,0.0,0.2
Sess12_impro01_M041,happiness,2.4,3.5,1,그러니까 그런 얘길 왜 하냐.,냐,train,0.3,0.1,0.0,0.0,0.6,0.0,0.0
Sess12_impro01_F041,happiness,4.2,3.9,1,에휴 그래도 b/ 사랑한단 말 오랜만에 들으니까 기분 좋네.,네,train,0.0,0.0,0.0,1.0,0.0,0.0,0.0
Sess12_impro01_M042,happiness,4.0,3.1,1,그래 니가 좋았으면 됐다.,다,train,0.0,0.0,0.0,0.4,0.6,0.0,0.0
Sess12_impro01_F042,happiness,4.4,4.2,1,아휴 내가 진짜 저 남자때문에 산다니까.,ᆫ다니까,train,0.0,0.0,0.0,1.0,0.0,0.0,0.0
Sess12_impro01_M043,happiness,3.7,2.8,1,이제 그만 자자 나 피곤해.,자 | 어,train,0.0,0.0,0.0,0.3,0.7,0.0,0.0
Sess12_impro02_F016,sadness,2.7,2.2,1,b/ o/ 우리 아들 엄마가 그걸 몰랐네.,네,train,0.0,0.0,0.0,0.0,0.4,0.5,0.1
Sess12_impro02_M013,sadness,1.6,2.2,1,난 진짜 진심으로 많이 좋아했거든.,거든,train,0.0,0.1,0.0,0.0,0.1,0.8,0.0
Sess12_impro02_M013,sadness,1.6,2.2,2,근데 근데 왜 나 나만 그래.,어,train,0.0,0.1,0.0,0.0,0.1,0.8,0.0
Sess12_impro02_M013,sadness,1.6,2.2,3,나는 왜 헤어지고 아우 난 왜 그럴까?,ᆯ까,train,0.0,0.1,0.0,0.0,0.1,0.8,0.0
Sess12_impro02_F018,sadness,2.4,2.2,1,하 b/ 그래 엄마는 이제 사랑이 뭔지 몰라 니 아빠 그렇게 가고나서 엄마는 이제 심장이 뛴다는 것도 모르겠고 사랑이 뭐야 아들 사랑이라는게 말이야 언제나 그렇게 행복하고 뭐 아름답고 맛있는 건 아니잖아.,어 | 야 | 잖아,train,0.0,0.0,0.0,0.0,0.2,0.8,0.0
Sess12_impro02_F018,sadness,2.4,2.2,2,달콤할 때도 있는 거고 쉴 때도 있는 거고 매울때도 있는 거고 뭐 이상한 맛이 날 때도 있는 거고 그런건데.,ᆫ데,train,0.0,0.0,0.0,0.0,0.2,0.8,0.0
Sess12_impro02_F019,sadness,3.1,2.0,1,아들 그래 울고 싶으면 울어.,어,train,0.0,0.0,0.0,0.0,0.1,0.9,0.0
Sess12_impro02_F019,sadness,3.1,2.0,2,우리 아들 오늘 세상에서 제일 슬프겠네.,네,train,0.0,0.0,0.0,0.0,0.1,0.9,0.0
Sess12_impro02_F019,sadness,3.1,2.0,3,그리고 우리 아들 버린 그 여자도 세상에서 제일 슬플거야.,야,train,0.0,0.0,0.0,0.0,0.1,0.9,0.0
Sess12_impro02_F019,sadness,3.1,2.0,4,원래 사랑이라는 게 말이야 엄마가 생각했을 땐 헤어지고 나서 한쪽만 슬픈 경우도 없잖아.,어,train,0.0,0.0,0.0,0.0,0.1,0.9,0.0
Sess12_impro02_F020,sadness,2.6,1.9,1,나도 니 아빠랑 싸우고 나서는 그렇게 마음이 아팠다.,다,train,0.0,0.0,0.0,0.0,0.0,1.0,0.0
Sess12_impro02_F020,sadness,2.6,1.9,2,나는 엄마는 b/ 아빠한테 사과도 못 했는데 아빤 그렇게 가버렸잖아.,잖아,train,0.0,0.0,0.0,0.0,0.0,1.0,0.0
Sess12_impro02_F020,sadness,2.6,1.9,3,엄마도 그땐 그렇게 생각했어.,어,train,0.0,0.0,0.0,0.0,0.0,1.0,0.0
Sess12_impro02_F020,sadness,2.6,1.9,4,왜 이런 일이 나한테만 생기나 왜 나만 이렇게 아픈가,ᆫ가,train,0.0,0.0,0.0,0.0,0.0,1.0,0.0
Sess12_impro02_F021,sadness,3.2,2.2,1,근데 그래도 엄마는 b/ 우리 아들이 있어서 견딜 수 있었어.,어,train,0.0,0.0,0.0,0.0,0.1,0.9,0.0
Sess12_impro02_F021,sadness,3.2,2.2,2,우리 아들은 나한테 든든한 아들이자 남편이자 뭐 동반달자 엄마가 가진 모든 거였으니까 b/ 에휴 우리 아들이 슬프면 엄마도 슬퍼.,어,train,0.0,0.0,0.0,0.0,0.1,0.9,0.0
Sess12_impro02_M017,sadness,1.8,2.3,1,아 몰라 그냥 투정 부리고 싶었나 봐.,어 | 어,train,0.0,0.1,0.0,0.0,0.3,0.6,0.0
Sess12_impro02_M017,sadness,1.8,2.3,2,미안해 엄마.,어,train,0.0,0.1,0.0,0.0,0.3,0.6,0.0
Sess12_impro02_F022,sadness,3.9,2.9,1,b/ 아들 엄마가 해준 김치 수제비 먹을 거지?,지,train,0.0,0.0,0.0,0.5,0.4,0.1,0.0
Sess12_impro02_M018,happiness,3.3,2.7,1,고기도 해 줘.,어,train,0.0,0.0,0.0,0.3,0.4,0.3,0.0
Sess12_impro02_F023,happiness,3.9,3.5,1,알았어.,어,train,0.0,0.0,0.0,0.8,0.2,0.0,0.0
Sess12_impro02_F023,happiness,3.9,3.5,2,오랜만에 엄마가 맛있게 끓여줄게.,ᆯ게,train,0.0,0.0,0.0,0.8,0.2,0.0,0.0
Sess12_impro02_M019,happiness,4.1,2.9,1,l/ 알았어 엄마.,어,train,0.0,0.0,0.0,0.8,0.2,0.0,0.0
Sess12_impro03_F011,anger,2.0,3.7,1,b/ 아니 그렇게 프로젝트를 진행하는데 추가 비용이 발생하면 그건 회사에서 어떻게 처리하라는 거예요?,예요,train,0.8,0.1,0.0,0.0,0.1,0.0,0.0
Sess12_impro03_M011,anger,2.0,4.1,1,그건 애초에 기본적으로 비용자체가 적었잖습니까.,습니까,train,0.7,0.1,0.0,0.0,0.2,0.0,0.0
Sess12_impro03_F012,anger,1.7,4.2,1,(그러니까+지금) 윤찬 대리 나한테 대드는 겁니까?,ᆸ니까,train,0.9,0.0,0.0,0.0,0.1,0.0,0.0
Sess12_impro03_F013,anger,1.8,4.0,1,이렇게 나오시면 위에서도 어쩔 수 없어요.,어요,train,1.0,0.0,0.0,0.0,0.0,0.0,0.0
Sess12_impro03_F013,anger,1.8,4.0,2,그러니까 왜 전무님이 추진한 프로젝트를 이따위로 만들었을까?,을까,train,1.0,0.0,0.0,0.0,0.0,0.0,0.0
Sess12_impro03_M012,anger,1.9,3.4,1,그러니까 그게 전무님이 추진한겁니까?,ᆸ니까,train,0.6,0.2,0.0,0.0,0.2,0.0,0.0
Sess12_impro03_F015,anger,2.0,3.8,1,짰다고?,다고,train,0.6,0.0,0.0,0.0,0.2,0.0,0.2
Sess12_impro03_F031,anger,1.7,4.6,1,아 씨 미치겠네 진짜.,네,train,0.9,0.0,0.1,0.0,0.0,0.0,0.0
Sess12_impro03_F031,anger,1.7,4.6,2,아 이걸 나혼자 어떻게 처리하라는 거야.,야,train,0.9,0.0,0.1,0.0,0.0,0.0,0.0
Sess12_impro03_F031,anger,1.7,4.6,3,나보고 독박쓰라는 거야 뭐야 진짜 미치겠네.,야 | 야 | 네,train,0.9,0.0,0.1,0.0,0.0,0.0,0.0
Sess12_impro04_M008,anger,2.2,2.2,1,그러니까 요리가 이렇지.,지,train,0.1,0.8,0.0,0.0,0.1,0.0,0.0
Sess12_impro04_F008,anger,2.1,3.7,1,그게 그게 지금 무슨 말씀이시죠?,죠,train,0.7,0.0,0.0,0.0,0.0,0.0,0.3
Sess12_impro04_M009,anger,2.3,2.4,1,당신이 먹어봤을 거 아니에요.,에요,train,0.1,0.6,0.0,0.0,0.3,0.0,0.0
Sess12_impro04_M012,anger,2.3,2.9,1,b/ 그러면요 제가 한마디 더 할게요.,ᆯ게요,train,0.1,0.5,0.0,0.0,0.4,0.0,0.0
Sess12_impro04_M012,anger,2.3,2.9,2,b/ 저 탕수육은 드셔보셨어요?,어요,train,0.1,0.5,0.0,0.0,0.4,0.0,0.0
Sess12_impro04_M013,anger,2.2,3.0,1,그 탕수육도 아무 문제가 없다고 생각하세요?,세요,train,0.1,0.4,0.0,0.0,0.5,0.0,0.0
Sess12_impro04_M014,anger,2.2,3.5,1,(없다고 생각한+이게 튀김인지) 뭔지 도대체 뭘 튀겨놓은 건지 아 o/ 튀김을 잘 못 하시나보네.,네,train,0.4,0.6,0.0,0.0,0.0,0.0,0.0
Sess12_impro04_F014,anger,2.5,3.6,1,지금 보자보자하니까 저한테 말씀이 조금 지나치신 거 같으신데요.,ᆫ데요,train,1.0,0.0,0.0,0.0,0.0,0.0,0.0
Sess12_impro04_M015,anger,2.2,2.5,1,화나세요?,세요,train,0.3,0.3,0.0,0.0,0.3,0.0,0.1
Sess12_impro04_F015,anger,2.3,3.4,1,조금 그렇네요.,네요,train,0.8,0.0,0.0,0.0,0.2,0.0,0.0
Sess12_impro04_F016,anger,2.6,3.4,1,아니 요리를 잘하셔서 수석셰프님으로 데려온 건 저도 알아요.,어요,train,0.6,0.2,0.0,0.0,0.2,0.0,0.0
Sess12_impro04_F017,anger,2.1,3.7,1,근데 당신이 여기 주방장으로 들어오기 전에 저도 여기에서 주방장으로 일했었어요.,어요,train,0.8,0.1,0.0,0.0,0.1,0.0,0.0
Sess12_impro04_F018,anger,2.0,2.9,1,근데 말씀을 그렇게 밖에 못 하시나요?,나요,train,0.9,0.1,0.0,0.0,0.0,0.0,0.0
Sess12_impro04_F019,anger,2.0,2.4,1,제 요리가 그렇게 형편없나요?,나요,train,0.5,0.2,0.0,0.0,0.3,0.0,0.0
Sess12_impro04_M019,anger,2.2,2.7,1,말은 잘 하시는 거 같은데 흥 요리도 좀 잘하셨으면 좋겠네요.,네요,train,0.0,0.7,0.0,0.0,0.3,0.0,0.0
Sess12_impro04_F020,anger,2.0,4.9,1,l/ 지금 아 지금 말 다 하셨어요?,어요,train,1.0,0.0,0.0,0.0,0.0,0.0,0.0
Sess12_impro04_F020,anger,2.0,4.9,2,b/ 아 그래 뭐 당신 요리 잘한다는 소문은 들었어요.,어요,train,1.0,0.0,0.0,0.0,0.0,0.0,0.0
Sess12_impro04_F020,anger,2.0,4.9,3,뭐 어디 해외고 나발이고 뭐 수상경력도 좋고 화려하다 그건 나도 알겠어요.,다 | 어요,train,1.0,0.0,0.0,0.0,0.0,0.0,0.0
Sess12_impro04_F020,anger,2.0,4.9,4,근데 그렇다고 이렇게 사람을 개무시해도 되는건가.,ᆫ가,train,1.0,0.0,0.0,0.0,0.0,0.0,0.0
Sess12_impro04_F020,anger,2.0,4.9,5,방송에서 사람들은 내 요리 다 맛있다고 하던데 왜 주방장님만 맛이 없으실까?,다 | ᆯ까,train,1.0,0.0,0.0,0.0,0.0,0.0,0.0
Sess12_impro04_M020,anger,2.2,2.5,1,b/ 그런 방송에서의 말만 믿고 그 인기만 가지고 요리를 만드니까 요리가 o/ 맛이 없지 않을까요?,을까요,train,0.3,0.6,0.0,0.0,0.1,0.0,0.0
Sess12_impro04_M020,anger,2.2,2.5,2,인기만 있겠지.,지,train,0.3,0.6,0.0,0.0,0.1,0.0,0.0
Sess12_impro04_M020,anger,2.2,2.5,3,당신은 요리삽니까 연예인입니까?,ᆸ니까 | ᆸ니까,train,0.3,0.6,0.0,0.0,0.1,0.0,0.0
Sess12_impro04_F021,anger,1.5,4.9,1,(예+저기요) 그렇게 당신이 요리를 잘하면 당신이 만들어서 당신이 먹어.,어,train,1.0,0.0,0.0,0.0,0.0,0.0,0.0
Sess12_impro04_F021,anger,1.5,4.9,2,나 됐어요.,어요,train,1.0,0.0,0.0,0.0,0.0,0.0,0.0
Sess12_impro04_F021,anger,1.5,4.9,3,저 오늘부로 이 주방에 나오지 않습니다.,습니다,train,1.0,0.0,0.0,0.0,0.0,0.0,0.0
Sess12_impro04_M021,anger,2.1,3.0,1,하 네 그렇게 하세요.,세요,train,0.2,0.7,0.0,0.0,0.1,0.0,0.0
Sess12_impro04_M021,anger,2.1,3.0,2,b/ 그렇게 하시되 당신 어디 가서든 요리사라고 말할 생각하지 (마세요+뭐라구요) 당신은 요리사가 아닙니다.,세요 | 라구 | ᆸ니다,train,0.2,0.7,0.0,0.0,0.1,0.0,0.0
Sess12_impro04_M022,anger,2.1,3.2,1,당신이 만든 그 요리가 정말 훌륭한 요리라고 생각해요?,어요,train,0.2,0.6,0.0,0.0,0.2,0.0,0.0
Sess12_impro04_F022,anger,1.5,3.9,1,지금 말 다 하셨어요?,어요,train,1.0,0.0,0.0,0.0,0.0,0.0,0.0
Sess12_impro04_M023,anger,2.3,2.7,1,그 인기가지고 뭐든 해보세요.,세요,train,0.3,0.5,0.0,0.0,0.2,0.0,0.0
Sess12_impro04_F023,anger,1.7,4.3,1,l/ 나 진짜 황당하고 어이가 없어서 b/ 당신이 얼마나 요리를 잘하는데요?,는데요,train,0.8,0.2,0.0,0.0,0.0,0.0,0.0
Sess12_impro04_F025,anger,1.8,3.5,1,그걸 누가 판단해주죠.,죠,train,0.6,0.3,0.0,0.0,0.1,0.0,0.0
Sess12_impro04_F026,anger,1.7,3.4,1,사람들이 내 요리가 맛있다고 한 건 논외인가요?,ᆫ가요,train,0.6,0.3,0.0,0.0,0.1,0.0,0.0
Sess12_impro04_M027,anger,2.3,2.2,1,그건 인기겠죠.,죠,train,0.0,0.6,0.0,0.0,0.4,0.0,0.0
Sess12_impro04_F027,anger,1.4,5.0,1,인기랑 요리 잘하는 거랑 뭐가 다르냐구요.,냐구요,train,1.0,0.0,0.0,0.0,0.0,0.0,0.0
Sess12_impro04_M028,anger,1.9,2.8,1,그건 요리가 맛있는게 아니라 인기 있는 거 뿐입니다.,ᆸ니다,train,0.2,0.5,0.0,0.0,0.3,0.0,0.0
Sess12_impro04_F028,anger,1.5,4.5,1,그거 둘이 뭐가 다른데요.,ᆫ데,train,0.9,0.0,0.0,0.0,0.1,0.0,0.0
Sess12_impro04_F028,anger,1.5,4.5,2,사람들이 좋아하고 찾아주면 그만 아닌가?,ᆫ가,train,0.9,0.0,0.0,0.0,0.1,0.0,0.0
Sess12_impro04_M029,anger,1.9,2.7,1,그러니까 당신이 요리사가 아니라는거죠.,죠,train,0.1,0.6,0.0,0.0,0.3,0.0,0.0
Sess12_impro04_F029,anger,1.4,4.9,1,아까부터 자꾸 말씀 심하게 하시네요.,네요,train,1.0,0.0,0.0,0.0,0.0,0.0,0.0
Sess12_impro04_F029,anger,1.4,4.9,2,b/ 그래 내가 요리 못 할 수 있어요.,어요,train,1.0,0.0,0.0,0.0,0.0,0.0,0.0
Sess12_impro04_F029,anger,1.4,4.9,3,당신 기준에 안 맞을 수도 있다고 그러면 당신은 요리를 얼마나 잘하는데 내 앞에서 그딴 식으로 지껄이는지 모르겠네.,네,train,1.0,0.0,0.0,0.0,0.0,0.0,0.0
Sess12_impro04_M030,anger,1.7,2.9,1,그 분한 기분을 가지고 요리라도 하세요 o/ 말만하지 마시고.,세요 | 고,train,0.4,0.6,0.0,0.0,0.0,0.0,0.0
Sess12_impro04_M030,anger,1.7,2.9,2,o/ 요리사랑은요 요리로서 말을 하세요.,세요,train,0.4,0.6,0.0,0.0,0.0,0.0,0.0
Sess12_impro04_F030,anger,1.4,5.0,1,당신이 요리를 얼마나 잘하시는지는 모르겠는데 b/ 당신이 한 짬뽕이 나보다 맛있으면 아니면 내가 먹어봤던 다른 짬뽕보다 맛있으면 그래 내가 인정하고 당신 밑에서 개처럼 요리할게 근데 내가 당신 요리 먹어봤을 때 드럽게 맛 없거나 나보다 못하다고 생각되면 당신 그때는 각오해야 될 거야 어?,ᆯ게 | 야,train,1.0,0.0,0.0,0.0,0.0,0.0,0.0
Sess12_impro04_F031,anger,1.4,4.8,1,나 나 여기서 계속 일할거야.,야,train,1.0,0.0,0.0,0.0,0.0,0.0,0.0
Sess12_impro04_F031,anger,1.4,4.8,2,그땐 당신이 나가 내 주방에서 당신이 이렇게 꼴같지 않게 깝치는 꼴 보고 싶지 않으니까 그때가 되면 당신이 나가라고.,라고,train,1.0,0.0,0.0,0.0,0.0,0.0,0.0
Sess18_script01_F012,anger,2.0,3.5,1,너무 공격적으로 생각하시는 거 아닌가요?,ᆫ가요,val,0.5,0.1,0.0,0.0,0.4,0.0,0.0
Sess18_script01_F012,anger,2.0,3.5,2,저도 고민하고 심사숙고해서 낸 아이디어인데 뭐가 문제였는지 뭐가 부족했는지 물어볼 순 있진 않나요?,나요,val,0.5,0.1,0.0,0.0,0.4,0.0,0.0
Sess18_script01_F013,anger,1.8,3.6,1,개인적인 감정인가요?,ᆫ가,val,0.7,0.2,0.0,0.0,0.1,0.0,0.0
Sess18_script01_F014,anger,1.7,4.0,1,아니 오타 때문에 아이디어를 탈락 시키셨다구요?,다구요,val,0.9,0.1,0.0,0.0,0.0,0.0,0.0
Sess18_script01_M013,anger,2.3,3.1,1,이번 장기 프로젝트의 핵심이 뭐였죠?,죠,val,0.1,0.6,0.0,0.0,0.3,0.0,0.0
Sess18_script02_F008,sadness,2.1,1.9,1,b/ 악성이래 이미 왼쪽에 70프로 정도 퍼져있구 정확한 건 가슴 열어봐야 알겠지만 림프절과 늑막에까지 전이가 됐대.,대,val,0.0,0.2,0.0,0.0,0.2,0.6,0.0
Sess18_script02_M010,sadness,2.0,3.6,1,그럼 지금 빨리 병원가자.,자,val,0.0,0.0,0.0,0.0,0.0,0.0,1.0
Sess18_script02_F009,sadness,1.8,1.8,1,이미 늦었어.,어,val,0.0,0.0,0.0,0.0,0.2,0.8,0.0
Sess18_script02_F013,sadness,1.6,1.8,1,아냐 난 아냐 틀렸어.,어,val,0.0,0.0,0.3,0.0,0.3,0.4,0.0
Sess18_script03_M003,happiness,2.8,3.6,1,o/ BTS BTS가 오빠냐?,냐,val,0.0,0.8,0.0,0.1,0.1,0.0,0.0
Sess18_script03_M003,happiness,2.8,3.6,2,야 너보다 여섯 살이 어려 웃기고 자빠졌네 (진짜),네,val,0.0,0.8,0.0,0.1,0.1,0.0,0.0
Sess18_script03_M005,anger,2.7,3.3,1,(주시지+이거) 10분이면 끝나 u/ 좀만 기다려.,지 | 어 | 어,val,0.4,0.0,0.0,0.0,0.6,0.0,0.0
Sess18_script03_F015,happiness,4.8,4.9,1,아 제대로 꼬집어야 꿈인지 아닌지 (알 수 있지),지,val,0.0,0.0,0.0,0.9,0.0,0.0,0.1
Sess18_script03_M019,happiness,4.4,5.0,1,(알 수 있지+u/) 와 b/ u/.,지,val,0.0,0.0,0.0,0.4,0.0,0.0,0.6
Sess18_script03_M020,happiness,4.4,4.4,1,u/ 어디가서 얘기하면 안 돼.,어,val,0.0,0.0,0.1,0.2,0.3,0.0,0.4
Sess18_script03_M021,happiness,4.2,4.5,1,u/ n/ 이거 당첨되면 이거 막 돈 달라고 하는 사람들 막 o/ 혹시 모르니까 너 너만 너랑 나 나 나만 아는 비밀이야 알았지?,야 | 지,val,0.0,0.0,0.2,0.1,0.2,0.0,0.5
Sess18_script03_M022,happiness,4.0,4.7,1,o/ N/ (알았다니까+아 아 알겠어 알겠어 u/) 이거 어 어디서 받아야되는 거 u/ 됐고.,어 | 어 | 고,val,0.0,0.0,0.0,0.3,0.6,0.0,0.1
Sess18_script04_F001,happiness,4.2,3.2,1,b/ 우아 맛있다.,다,val,0.0,0.0,0.0,0.6,0.4,0.0,0.0
Sess18_script04_F001,happiness,4.2,3.2,2,근데 자긴 안 먹어?,어,val,0.0,0.0,0.0,0.6,0.4,0.0,0.0
Sess18_script04_M001,happiness,3.7,2.9,1,콜라도 좀 먹고.,고,val,0.0,0.0,0.0,0.4,0.6,0.0,0.0
Sess18_script04_F009,happiness,3.9,3.6,1,어때?,어,val,0.4,0.0,0.0,0.4,0.2,0.0,0.0
Sess18_script04_F014,anger,2.4,3.8,1,아 뭐야.,야,val,0.5,0.1,0.0,0.0,0.3,0.0,0.1
Sess18_script04_F015,anger,2.3,3.8,1,나야 말로 뭐 오빠랑 누가 결혼한대?,ᆫ대,val,0.7,0.1,0.0,0.0,0.2,0.0,0.0
Sess18_script04_F028,happiness,4.2,3.5,1,대신 같이 살아야겠어.,어,val,0.0,0.0,0.0,0.9,0.1,0.0,0.0
Sess18_script04_F030,happiness,4.3,4.0,1,으이그 이 무능력한 남자야.,야,val,0.0,0.0,0.0,0.9,0.1,0.0,0.0
Sess18_script04_F030,happiness,4.3,4.0,2,여자인 내가 반지를 준비해야겠어?,어,val,0.0,0.0,0.0,0.9,0.1,0.0,0.0
Sess18_script04_F030,happiness,4.3,4.0,3,오빠가 당연히 준비해야지.,어야지,val,0.0,0.0,0.0,0.9,0.1,0.0,0.0
Sess18_script04_M029,happiness,3.2,2.9,1,너 이거 어떻게 샀어?,어,val,0.0,0.0,0.0,0.0,0.4,0.0,0.6
Sess18_script04_M029,happiness,3.2,2.9,2,너 돈 없잖아?,잖아,val,0.0,0.0,0.0,0.0,0.4,0.0,0.6
Sess18_script04_F033,happiness,4.3,3.4,1,b/ 대신 프로포즈 내가 먼저 했으니까 결혼식은 정말 멋지게 해줘야 돼?,어,val,0.0,0.0,0.0,0.8,0.2,0.0,0.0
Sess18_script04_F033,happiness,4.3,3.4,2,알았어?,어,val,0.0,0.0,0.0,0.8,0.2,0.0,0.0
Sess18_script05_F003,anger,1.7,4.6,1,o/ 지금 생각할게 뭐 있어 지섭씨 여깄어 어?,어 | 어,val,0.6,0.0,0.1,0.0,0.2,0.0,0.1
Sess18_script05_F003,anger,1.7,4.6,2,여기있어.,어,val,0.6,0.0,0.1,0.0,0.2,0.0,0.1
Sess18_script05_F003,anger,1.7,4.6,3,일단 내가 가서 보고올테니까.,니까,val,0.6,0.0,0.1,0.0,0.2,0.0,0.1
Sess18_script05_M007,anger,1.6,4.3,1,아 깜 어 왜 왜 깜짝이야.,ᆷ | 야,val,0.0,0.1,0.3,0.0,0.0,0.0,0.6
Sess18_script05_M007,anger,1.6,4.3,2,b/ 어떻게 됐어?,어,val,0.0,0.1,0.3,0.0,0.0,0.0,0.6
Sess18_script05_M007,anger,1.6,4.3,3,죽었어?,어,val,0.0,0.1,0.3,0.0,0.0,0.0,0.6
Sess18_script05_F009,anger,1.4,4.1,1,아 지금 무슨 소리 하는거야 어?,야,val,0.6,0.3,0.1,0.0,0.0,0.0,0.0
Sess18_script05_F009,anger,1.4,4.1,2,지금 어딘가 있을거야 우리 사람 쳤는데 당연히 찾아서 병원 (데려가야지),야 | 어야지,val,0.6,0.3,0.1,0.0,0.0,0.0,0.0
Sess18_script05_M027,sadness,3.2,3.7,1,b/ 그냥 가면 돼 뭐 아무일도 없.,어,val,0.0,0.1,0.3,0.0,0.6,0.0,0.0
Sess18_script06_F014,anger,2.1,3.5,1,사랑을 했다요?,다,val,0.4,0.4,0.0,0.0,0.1,0.0,0.1
Sess18_script06_F017,anger,1.9,3.6,1,저 원래 면접 이런 식으로 봐요?,어요,val,0.8,0.1,0.0,0.0,0.1,0.0,0.0
Sess18_script06_F019,anger,1.2,5.0,1,아무리 약자라도 기본적이고 인간적인 대우를 해줘야 될 거 아냐.,냐,val,1.0,0.0,0.0,0.0,0.0,0.0,0.0
Sess18_script06_F019,anger,1.2,5.0,2,시간 때우려고.,려고,val,1.0,0.0,0.0,0.0,0.0,0.0,0.0
Sess18_script06_F019,anger,1.2,5.0,3,니들 심심풀이 땅콩으로 채우려고 지원자 갖고 놀지 말라구.,라구,val,1.0,0.0,0.0,0.0,0.0,0.0,0.0
Sess18_impro01_M007,happiness,2.7,3.6,1,뭐야 이거?,야,val,0.1,0.0,0.0,0.0,0.1,0.0,0.8
Sess18_impro01_M008,happiness,2.7,3.5,1,아이 봐봐.,어,val,0.0,0.0,0.0,0.0,0.6,0.0,0.4
Sess18_impro01_M008,happiness,2.7,3.5,2,뭐야?,야,val,0.0,0.0,0.0,0.0,0.6,0.0,0.4
Sess18_impro01_F014,happiness,4.4,3.8,1,아 왜 이렇게 오늘따라 다정해?,어,val,0.0,0.0,0.0,0.9,0.1,0.0,0.0
Sess18_impro01_M019,happiness,3.4,3.9,1,반대쪽 손도 다쳤잖아.,잖아,val,0.2,0.2,0.0,0.0,0.4,0.0,0.2
Sess18_impro01_M019,happiness,3.4,3.9,2,봐봐.,어,val,0.2,0.2,0.0,0.0,0.4,0.0,0.2
Sess18_impro01_M019,happiness,3.4,3.9,3,하는 김에 제대로 해야지.,어야지,val,0.2,0.2,0.0,0.0,0.4,0.0,0.2
Sess18_impro01_M019,happiness,3.4,3.9,4,됐어.,어,val,0.2,0.2,0.0,0.0,0.4,0.0,0.2
Sess18_impro01_F019,happiness,3.9,3.1,1,아휴 고마워.,어,val,0.0,0.0,0.0,0.8,0.2,0.0,0.0
Sess18_impro01_M021,happiness,3.9,3.7,1,o/ N/ 왜 웃어?,어,val,0.0,0.0,0.0,0.4,0.4,0.0,0.2
Sess18_impro01_M021,happiness,3.9,3.7,2,아 왜 웃냐고.,냐고,val,0.0,0.0,0.0,0.4,0.4,0.0,0.2
Sess18_impro01_M022,happiness,3.9,3.1,1,아유 그 얘긴 하지맙시다.,ᆸ시다,val,0.0,0.2,0.0,0.1,0.7,0.0,0.0
Sess18_impro01_M023,happiness,4.1,3.0,1,(갔잖아+아유) 그만 좀 합시다.,잖아 | ᆸ시다,val,0.0,0.2,0.0,0.4,0.4,0.0,0.0
Sess18_impro01_M024,happiness,4.0,4.1,1,나도 그랬어.,어,val,0.3,0.1,0.0,0.2,0.3,0.0,0.1
Sess18_impro01_M024,happiness,4.0,4.1,2,인정해.,어,val,0.3,0.1,0.0,0.2,0.3,0.0,0.1
Sess18_impro01_M024,happiness,4.0,4.1,3,근데 당신 말은 똑바로 하자.,자,val,0.3,0.1,0.0,0.2,0.3,0.0,0.1
Sess18_impro01_F025,happiness,4.4,3.4,1,아 근데 그때 참 멋있었지.,지,val,0.0,0.0,0.0,0.8,0.2,0.0,0.0
Sess18_impro01_F025,happiness,4.4,3.4,2,(생각난다),ᆫ다,val,0.0,0.0,0.0,0.8,0.2,0.0,0.0
Sess18_impro01_M027,happiness,4.0,3.4,1,뭔데?,ᆫ데,val,0.0,0.0,0.0,0.4,0.5,0.0,0.1
Sess18_impro01_M027,happiness,4.0,3.4,2,l/ 왜 그래?,어,val,0.0,0.0,0.0,0.4,0.5,0.0,0.1
Sess18_impro01_M030,happiness,2.3,3.4,1,아니 지금 당신이 죽으면 내가 어떻게 살아.,어,val,0.1,0.3,0.0,0.0,0.4,0.2,0.0
Sess18_impro01_M030,happiness,2.3,3.4,2,미진이 내가 어떻게 키우고.,고,val,0.1,0.3,0.0,0.0,0.4,0.2,0.0
Sess18_impro01_M030,happiness,2.3,3.4,3,(근데 내가+미진이 시집) 미진이 시집 o/ 보내고 뭐 아휴 뭐 (이상한 소리하고 있어),어,val,0.1,0.3,0.0,0.0,0.4,0.2,0.0
Sess18_impro01_M033,happiness,3.7,3.1,1,사랑해.,어,val,0.0,0.0,0.0,0.2,0.8,0.0,0.0
Sess18_impro01_F032,happiness,4.5,3.4,1,역시 내 남편 밖에 없다.,다,val,0.0,0.0,0.0,0.9,0.1,0.0,0.0
Sess18_impro01_F032,happiness,4.5,3.4,2,내일 맛있는 거 해줄게.,ᆯ게,val,0.0,0.0,0.0,0.9,0.1,0.0,0.0
Sess18_impro02_F022,anger,1.8,4.4,1,저 혼자 해결하라고요?,라고,val,0.8,0.0,0.1,0.0,0.0,0.0,0.1
Sess18_impro02_F022,anger,1.8,4.4,2,아니 전무님 어떻게 그렇게 말씀하실 수가 있어.,어,val,0.8,0.0,0.1,0.0,0.0,0.0,0.1
Sess18_impro03_F011,anger,1.8,2.8,1,예 그럼 뭐 뭐뭐 제가 나가라는 말씀이세요.,세요,val,0.7,0.0,0.0,0.0,0.3,0.0,0.0
Sess18_impro03_F017,anger,1.9,4.2,1,아이 그러면 제가 나갈테니까 여기서 요리 다 해보세요.,세요,val,0.9,0.1,0.0,0.0,0.0,0.0,0.0
Sess18_impro03_F017,anger,1.9,4.2,2,얼마나 잘하는지 한 번 해보세요.,세요,val,0.9,0.1,0.0,0.0,0.0,0.0,0.0
Sess18_impro03_F017,anger,1.9,4.2,3,아니면 짬뽕 한 번 만들어보세요.,세요,val,0.9,0.1,0.0,0.0,0.0,0.0,0.0
Sess18_impro03_F018,anger,1.6,4.9,1,제가 지금까지 제 담당메뉴로 짬뽕을 해왔었는데 한 번 만들어보시고 그 맛이 진짜 다른 짬뽕하고 다르지 않다면 제가 주방장님 밑에서 개처럼 일해서 배울테니까 한번 해보시라고요.,라고요,val,1.0,0.0,0.0,0.0,0.0,0.0,0.0
Sess18_impro03_F018,anger,1.6,4.9,2,어떻게 생각하세요?,세요,val,1.0,0.0,0.0,0.0,0.0,0.0,0.0
Sess18_impro03_M020,anger,1.8,2.6,1,알겠습니다.,습니다,val,0.1,0.5,0.0,0.0,0.4,0.0,0.0
Sess18_impro03_M020,anger,1.8,2.6,2,그렇게 하시죠.,죠,val,0.1,0.5,0.0,0.0,0.4,0.0,0.0
Sess18_impro04_F008,anger,2.7,3.6,1,누가 그런 쓸데없는 소릴 했다고 말도 안되는 소리 하지마.,어,val,0.4,0.1,0.0,0.0,0.3,0.0,0.2
Sess18_impro04_F008,anger,2.7,3.6,2,그런 거 때문에 그런 거야?,야,val,0.4,0.1,0.0,0.0,0.3,0.0,0.2
Sess18_impro04_F020,sadness,2.7,3.4,1,그런 거 같지?,지,val,0.0,0.0,0.0,0.0,0.1,0.9,0.0
Sess18_impro04_F020,sadness,2.7,3.4,2,야 엄마도 알어.,어,val,0.0,0.0,0.0,0.0,0.1,0.9,0.0
Sess18_impro04_F020,sadness,2.7,3.4,3,그것도 사랑이지.,지,val,0.0,0.0,0.0,0.0,0.1,0.9,0.0
Sess18_impro04_F024,happiness,4.0,3.4,1,우리 오늘 그냥 기분좋게 맛있게 김치찌개 먹자.,자,val,0.0,0.0,0.0,0.6,0.4,0.0,0.0
Sess18_impro04_F024,happiness,4.0,3.4,2,엄마가 돼지고기 넣고 진짜 맛있게 해줄게.,ᆯ게,val,0.0,0.0,0.0,0.6,0.4,0.0,0.0
Sess06_script01_M025,sadness,2.5,2.9,1,n/ 여진이 그 너가 생각해도 젓가락 100개는 좀 그 심했지?,지,train,0.0,0.0,0.0,0.0,0.3,0.7,0.0
Sess06_script01_M025,sadness,2.5,2.9,2,b/ 미안해.,어,train,0.0,0.0,0.0,0.0,0.3,0.7,0.0
Sess06_script02_M002,anger,2.1,2.9,1,o/ 아니 친오빠한테 오지고 지리고?,고,train,0.6,0.2,0.0,0.0,0.2,0.0,0.0
Sess06_script02_M004,anger,2.4,3.6,1,이게 다 정성을 담아야 당첨되는 거야.,야,train,0.8,0.0,0.0,0.0,0.2,0.0,0.0
Sess06_script02_M004,anger,2.4,3.6,2,나의 온 기운을 모아서 그리고 이 소망을 담아서 한땀 한땀 이 마킹한 번호의 여섯개가 빛나는 순간까지 아유 아유 본방 지켜보고 간절히 원하고 또 원하면 이게 당첨되는 (거라고),라고,train,0.8,0.0,0.0,0.0,0.2,0.0,0.0
Sess06_script02_M016,happiness,5.0,5.0,1,와 1등 u/ 야 이거 대박 (아 어떡해 오빠 어떡해 어떡해 어떡해+야 이거 이) 야 야 야 u/ 야 야 나 좀 꼬집어 봐.,어 | 어 | 어 | 어 | 어,train,0.0,0.0,0.0,0.6,0.0,0.0,0.4
Sess06_script02_M016,happiness,5.0,5.0,2,야 u/ 야 야 (u/+u/ 꼬집어줄게) 야 미쳤다 이거.,ᆯ게,train,0.0,0.0,0.0,0.6,0.0,0.0,0.4
Sess06_script03_M001,happiness,4.5,4.0,1,촤 야 야 저 저 저거 봐봐 야 저 개그맨 웃기지 않냐?,야 | 어 | 냐,train,0.0,0.0,0.0,0.9,0.1,0.0,0.0
Sess06_script03_F001,happiness,2.2,2.0,1,뭐가 그렇게 재밌어?,어,train,0.2,0.1,0.0,0.0,0.5,0.2,0.0
Sess06_script03_M002,happiness,4.6,3.9,1,아이 웃기잖아.,잖아,train,0.0,0.0,0.0,0.9,0.1,0.0,0.0
Sess06_script03_M002,happiness,4.6,3.9,2,l/ 야 저거 봐봐 저거 아 야이 b/ 야 근데 바나나 맛있다?,어 | 다,train,0.0,0.0,0.0,0.9,0.1,0.0,0.0
Sess06_script03_M002,happiness,4.6,3.9,3,b/ 이거 어디서 산 거야?,야,train,0.0,0.0,0.0,0.9,0.1,0.0,0.0
Sess06_script03_F004,happiness,2.0,2.2,1,자 이거 받아.,어,train,0.3,0.1,0.0,0.0,0.5,0.1,0.0
Sess06_script04_M002,anger,1.5,4.3,1,아이 씨 그러니까 날 말렸어야지.,어야지,train,0.9,0.0,0.0,0.0,0.1,0.0,0.0
Sess06_script04_M002,anger,1.5,4.3,2,술 먹어서 운전 안 한다고 했잖아이.,잖아 | 이,train,0.9,0.0,0.0,0.0,0.1,0.0,0.0
Sess06_script04_F002,anger,2.2,3.6,1,o/ 지섭씨 일단 112에 신고 하자.,자,train,0.0,0.0,0.5,0.0,0.0,0.1,0.4
Sess06_script04_M006,anger,1.5,4.3,1,아 그러니까 왜 이 야바에 이 야밤에 돌아다녀가지고 차에 치이고 난리야 이씨.,야,train,0.9,0.0,0.0,0.0,0.1,0.0,0.0
Sess06_script04_M011,anger,1.4,4.6,1,씨 그럼 뭔데.,ᆫ데,train,1.0,0.0,0.0,0.0,0.0,0.0,0.0
Sess06_script04_M011,anger,1.4,4.6,2,그럼 뭐냐고 뭔데?,ᆫ데,train,1.0,0.0,0.0,0.0,0.0,0.0,0.0
Sess06_script04_M011,anger,1.4,4.6,3,아 씨 사람을 쳤는데 사람이 (없어졌대매),대매,train,1.0,0.0,0.0,0.0,0.0,0.0,0.0
Sess06_script04_F008,anger,1.8,3.7,1,(없어졌대매+그러니까) 그러니까 o/ 그게.,대매,train,0.0,0.0,0.7,0.0,0.0,0.1,0.2
Sess06_script04_M013,anger,1.3,4.6,1,(데려가야지+아니 우리) 술 마셨잖아.,어야지 | 잖아,train,1.0,0.0,0.0,0.0,0.0,0.0,0.0
Sess06_script04_M015,anger,1.7,3.8,1,나 공무원 시험도 못 보면은 우리 결혼도 못 해 알아?,어 | 어,train,0.5,0.0,0.4,0.0,0.1,0.0,0.0
Sess06_script04_M015,anger,1.7,3.8,2,그냥 가자.,자,train,0.5,0.0,0.4,0.0,0.1,0.0,0.0
Sess06_script04_F011,anger,1.9,3.9,1,자기 무섭게 왜 그래?,어,train,0.0,0.0,0.9,0.0,0.0,0.0,0.1
Sess06_script04_F012,anger,1.6,3.8,1,이건 사람이면 사람이면 이러면 안되잖아.,잖아,train,0.0,0.0,0.8,0.0,0.0,0.1,0.1
Sess06_script04_F012,anger,1.6,3.8,2,당신 이런 사람 아니잖아 왜 이러는데?,잖아 | 는데,train,0.0,0.0,0.8,0.0,0.0,0.1,0.1
Sess06_script04_M016,anger,1.7,3.5,1,야 o/ 너 내가 망가지는 걸 바래?,어,train,0.9,0.0,0.0,0.0,0.1,0.0,0.0
Sess06_script04_M016,anger,1.7,3.5,2,내 인생 바닥으로 떨어지길 원하냐고.,냐고,train,0.9,0.0,0.0,0.0,0.1,0.0,0.0
Sess06_script04_F013,anger,1.7,4.1,1,지섭씨 사람 목숨이 달린 거잖아.,잖아,train,0.0,0.0,0.8,0.0,0.0,0.1,0.1
Sess06_script04_F013,anger,1.7,4.1,2,일단 찾아보자 어?,자,train,0.0,0.0,0.8,0.0,0.0,0.1,0.1
Sess06_script04_F013,anger,1.7,4.1,3,혹시 모르니까 경찰에 신고도 해보고 내가 전화 할게.,ᆯ게,train,0.0,0.0,0.8,0.0,0.0,0.1,0.1
Sess06_script04_M017,anger,1.2,4.6,1,전화기 내려놔.,어,train,1.0,0.0,0.0,0.0,0.0,0.0,0.0
Sess06_script04_F014,anger,1.7,3.8,1,n/ 지섭씨 왜 이래?,어,train,0.0,0.0,0.7,0.0,0.0,0.0,0.3
Sess06_script04_M018,anger,1.3,3.9,1,야 너 o/ 자꾸 이러면 나 더이상 안 참아.,어,train,1.0,0.0,0.0,0.0,0.0,0.0,0.0
Sess06_script04_M019,anger,1.4,4.0,1,너도 사라지게 해줘?,어,train,1.0,0.0,0.0,0.0,0.0,0.0,0.0
Sess06_script04_F015,anger,1.5,3.4,1,지금 그 계속 무슨 말이야?,야,train,0.0,0.0,0.9,0.0,0.1,0.0,0.0
Sess06_script04_M020,anger,1.4,4.0,1,야 지금 나한테 하는 짓이 더 이상해.,어,train,1.0,0.0,0.0,0.0,0.0,0.0,0.0
Sess06_script04_M020,anger,1.4,4.0,2,알아?,어,train,1.0,0.0,0.0,0.0,0.0,0.0,0.0
Sess06_script04_M021,anger,1.2,4.4,1,날 지금 망가뜨리려고 작정했잖아.,잖아,train,1.0,0.0,0.0,0.0,0.0,0.0,0.0
Sess06_script04_M021,anger,1.2,4.4,2,우리 미래가 중요해?,어,train,1.0,0.0,0.0,0.0,0.0,0.0,0.0
Sess06_script04_M021,anger,1.2,4.4,3,너 입만 뻥끗해봐 너 똑같이 만들어줄테니까.,니까,train,1.0,0.0,0.0,0.0,0.0,0.0,0.0
Sess06_script04_F016,anger,1.7,3.6,1,지섭씨 무서워.,어,train,0.0,0.0,1.0,0.0,0.0,0.0,0.0
Sess06_script04_M022,anger,1.2,4.4,1,야 진짜 무서운게 뭔지 보여줘?,어,train,1.0,0.0,0.0,0.0,0.0,0.0,0.0
Sess06_script04_M022,anger,1.2,4.4,2,오늘 있었던 일 너랑 나랑만 아는 거다.,다,train,1.0,0.0,0.0,0.0,0.0,0.0,0.0
Sess06_script04_M022,anger,1.2,4.4,3,아무도 못 봤어.,어,train,1.0,0.0,0.0,0.0,0.0,0.0,0.0
Sess06_script04_M022,anger,1.2,4.4,4,그러니까 너 입 닥치고 있어.,어,train,1.0,0.0,0.0,0.0,0.0,0.0,0.0
Sess06_script04_M022,anger,1.2,4.4,5,오늘 우리 고라니 친 거야.,야,train,1.0,0.0,0.0,0.0,0.0,0.0,0.0
Sess06_script04_M022,anger,1.2,4.4,6,어차피 죽었는지 살았는지도 모르니까 알 바 없잖아.,어,train,1.0,0.0,0.0,0.0,0.0,0.0,0.0
Sess06_script04_M023,anger,1.3,3.6,1,그러니까 너도 똑바로 들어.,어,train,0.9,0.0,0.1,0.0,0.0,0.0,0.0
Sess06_script04_M024,anger,1.2,3.6,1,넌 차에서 내려도 경찰에 전화해도 너 죽어 알았어?,어 | 어,train,1.0,0.0,0.0,0.0,0.0,0.0,0.0
Sess06_script04_F017,anger,1.6,3.5,1,u/ 아 알았 알겠어 알겠어.,어 | 어,train,0.0,0.0,0.9,0.0,0.0,0.1,0.0
Sess06_script04_M025,anger,1.6,3.5,1,잊어.,어,train,1.0,0.0,0.0,0.0,0.0,0.0,0.0
Sess06_script04_M025,anger,1.6,3.5,2,너 다 잊는 거야.,야,train,1.0,0.0,0.0,0.0,0.0,0.0,0.0
Sess06_script04_M025,anger,1.6,3.5,3,그럼 다시 원래대로 돌아갈 수 있어.,어,train,1.0,0.0,0.0,0.0,0.0,0.0,0.0
Sess06_script04_M030,anger,1.5,3.9,1,b/ 야 뭘 어떡해.,어,train,0.8,0.0,0.1,0.0,0.0,0.0,0.1
Sess06_script04_M030,anger,1.5,3.9,2,이왕 이렇게 된 거 확실히 해야지.,어야지,train,0.8,0.0,0.1,0.0,0.0,0.0,0.1
Sess06_script04_F021,anger,1.4,4.2,1,지금 뭐 하려고.,려고,train,0.0,0.0,0.3,0.0,0.0,0.0,0.7
Sess06_script04_M031,anger,1.5,4.3,1,o/ 완전히 끝장 내야지.,어야지,train,0.8,0.0,0.2,0.0,0.0,0.0,0.0
Sess06_script04_M032,anger,1.3,4.1,1,o/ 이미 늦었어 씨.,어,train,0.9,0.0,0.1,0.0,0.0,0.0,0.0
Sess06_impro03_M004,sadness,1.8,2.1,1,엄만 내가 b/ 나 보기에 어때?,어,train,0.1,0.0,0.0,0.0,0.4,0.5,0.0
Sess06_impro03_M004,sadness,1.8,2.1,2,내가 그렇게 막 허접해 보여?,어,train,0.1,0.0,0.0,0.0,0.4,0.5,0.0
Sess06_impro03_M005,sadness,1.8,2.5,1,그래 뭐 내가 어 다이아몬드나 사파이언 아니어도 나 어디 가서 꿀리는 그런 사람은 아니거든?,거든,train,0.3,0.0,0.0,0.0,0.3,0.4,0.0
Sess06_impro03_F006,anger,2.2,2.6,1,뭐래?,래,train,0.0,0.1,0.0,0.0,0.9,0.0,0.0
Sess06_impro03_F006,anger,2.2,2.6,2,뭐라고 했어?,어,train,0.0,0.1,0.0,0.0,0.9,0.0,0.0
Sess06_impro03_F006,anger,2.2,2.6,3,아이고 이거 파가 파를 내가 안 샀나 어디 갔지?,지,train,0.0,0.1,0.0,0.0,0.9,0.0,0.0
Sess06_impro03_M007,anger,1.7,2.5,1,아 김 부장 그 나한테만 뭐라 맨날 뭐라한다.,ᆫ다,train,0.9,0.0,0.0,0.0,0.1,0.0,0.0
Sess06_impro03_F007,anger,2.7,2.6,1,그치 그 사람 근데 원래 그랬잖아.,잖아,train,0.0,0.0,0.0,0.0,1.0,0.0,0.0
Sess06_impro03_F007,anger,2.7,2.6,2,그냥 그러려니 해.,어,train,0.0,0.0,0.0,0.0,1.0,0.0,0.0
Sess06_impro03_F008,anger,2.7,2.6,1,o/ 내가 증말 아 어디다 뒀지?,지,train,0.0,0.0,0.0,0.0,1.0,0.0,0.0
Sess06_impro03_F008,anger,2.7,2.6,2,다시 시장엘 가야되나?,나,train,0.0,0.0,0.0,0.0,1.0,0.0,0.0
Sess06_impro03_M008,anger,1.8,2.5,1,엄마 o/ 내말 듣고 있어?,어,train,0.7,0.0,0.0,0.0,0.3,0.0,0.0
Sess06_impro03_F009,anger,3.1,2.7,1,아이 그럼 듣고 있지.,지,train,0.0,0.0,0.0,0.0,1.0,0.0,0.0
Sess06_impro03_M009,anger,1.6,3.2,1,b/ 엄마 내 말 안 들었지?,지,train,0.9,0.0,0.0,0.0,0.1,0.0,0.0
Sess06_impro03_F010,anger,3.0,2.7,1,아니 다 들었어.,어,train,0.0,0.0,0.0,0.0,1.0,0.0,0.0
Sess06_impro03_M010,anger,1.7,3.3,1,내가 뭐라 했는데?,는데,train,0.9,0.0,0.0,0.0,0.1,0.0,0.0
Sess06_impro03_F011,anger,3.0,2.6,1,아 들었어.,어,train,0.0,0.0,0.0,0.0,0.9,0.1,0.0
Sess06_impro03_F011,anger,3.0,2.6,2,미안해.,어,train,0.0,0.0,0.0,0.0,0.9,0.1,0.0
Sess06_impro03_M011,anger,1.6,3.9,1,내가 지금 김 부장 때문에 이러는 거 같아?,어,train,0.8,0.0,0.0,0.0,0.1,0.1,0.0
Sess06_impro03_M011,anger,1.6,3.9,2,나 지연이 때문에 그래.,어,train,0.8,0.0,0.0,0.0,0.1,0.1,0.0
Sess06_impro03_M011,anger,1.6,3.9,3,아니 지연이 떠나가지고 슬픈데 김 부장도 뭐라 하니까 그게 그게 속상해서 그런다고 왜 나만 나만 맨날 이렇게 당해야 되는데 어?,는데,train,0.8,0.0,0.0,0.0,0.1,0.1,0.0
Sess06_impro03_M011,anger,1.6,3.9,4,아니 나 진짜 아니 여자친구한테 버림받고 김 부장한테 까이고 어?,고,train,0.8,0.0,0.0,0.0,0.1,0.1,0.0
Sess06_impro03_M011,anger,1.6,3.9,5,내 이러고 살아야 돼?,어,train,0.8,0.0,0.0,0.0,0.1,0.1,0.0
Sess06_impro03_M011,anger,1.6,3.9,6,근데 엄만 내 말도 안 듣냐고.,냐고,train,0.8,0.0,0.0,0.0,0.1,0.1,0.0
Sess06_impro03_F012,anger,2.3,2.7,1,내가 몰랐네 미안해 엄마가.,네 | 어,train,0.0,0.0,0.0,0.0,0.6,0.3,0.1
Sess06_impro03_M012,anger,1.6,4.1,1,내 얘기 듣지도 않으면서 맨날 씨 o/ c/ 엄마나 진짜 지연이한테 얼마나 잘해줬는데.,는데,train,0.8,0.0,0.0,0.0,0.1,0.1,0.0
Sess06_impro03_M012,anger,1.6,4.1,2,c/ 나 지연이 없인 못 살아 어?,어,train,0.8,0.0,0.0,0.0,0.1,0.1,0.0
Sess06_impro03_M012,anger,1.6,4.1,3,나에 유일한 버팀목 같은 사람이었다고.,다고,train,0.8,0.0,0.0,0.0,0.1,0.1,0.0
Sess06_impro03_M012,anger,1.6,4.1,4,내가 유일하게 사랑했던 여자라고.,라고,train,0.8,0.0,0.0,0.0,0.1,0.1,0.0
Sess06_impro03_F013,anger,2.5,2.8,1,그 나이 땐 다 그럴 수 있어.,어,train,0.0,0.0,0.0,0.0,0.5,0.5,0.0
Sess06_impro03_M013,anger,1.5,3.8,1,엄마가 뭘 알아?,어,train,0.9,0.0,0.0,0.0,0.1,0.0,0.0
Sess06_impro03_M013,anger,1.5,3.8,2,엄마랑 그냥 아빠 혼자 만나고 아빠만 사랑한 거 아니야 아빠만 만나고.,야 | 고,train,0.9,0.0,0.0,0.0,0.1,0.0,0.0
Sess06_impro03_M013,anger,1.5,3.8,3,근데 엄마가 뭐 사랑에 대해서 알아?,어,train,0.9,0.0,0.0,0.0,0.1,0.0,0.0
Sess06_impro03_F017,sadness,3.2,3.1,1,b/ 니가 아파하면 엄마도 아프잖아.,어,train,0.0,0.0,0.0,0.0,0.6,0.4,0.0
Sess06_impro03_F017,sadness,3.2,3.1,2,알겠지?,지,train,0.0,0.0,0.0,0.0,0.6,0.4,0.0
Sess06_impro04_F010,anger,2.0,3.1,1,(이프로젝트를+전) 아이 전 잘 모르겠어요.,어요,train,0.1,0.1,0.0,0.0,0.8,0.0,0.0
Sess06_impro04_F010,anger,2.0,3.1,2,어쨋든 조만간 징계위원회에서 잘 해명하도록 하세요.,세요,train,0.1,0.1,0.0,0.0,0.8,0.0,0.0
Sess06_impro04_M010,anger,1.5,4.0,1,b/ 예 알겠습니다.,습니다,train,0.9,0.1,0.0,0.0,0.0,0.0,0.0
Sess06_impro04_M010,anger,1.5,4.0,2,그럼 징계위원회 가기 가겠습니다.,습니다,train,0.9,0.1,0.0,0.0,0.0,0.0,0.0
Sess06_impro04_M010,anger,1.5,4.0,3,근데 저 혼자 못 죽어요.,어요,train,0.9,0.1,0.0,0.0,0.0,0.0,0.0
Sess06_impro04_M010,anger,1.5,4.0,4,아시겠어요?,어요,train,0.9,0.1,0.0,0.0,0.0,0.0,0.0
Sess06_impro04_M010,anger,1.5,4.0,5,그 부 전무님 전무님이랑 부장님 사이에 있는 거 예 그런 거 다 제가 이중장부하는 거 모를 거 같아요?,어요,train,0.9,0.1,0.0,0.0,0.0,0.0,0.0
Sess06_impro04_M010,anger,1.5,4.0,6,b/ 그리고 이거 여기 핸드폰 안에 있는 거 이거 들리세요?,세요,train,0.9,0.1,0.0,0.0,0.0,0.0,0.0
Sess06_impro04_M011,anger,1.4,4.3,1,저 혼자 못 죽어요.,어요,train,1.0,0.0,0.0,0.0,0.0,0.0,0.0
Sess06_impro04_M011,anger,1.4,4.3,2,이거 그 부장님이 저한테 처음 프로젝트 맡았을 때 했던 얘기에요.,에요,train,1.0,0.0,0.0,0.0,0.0,0.0,0.0
Sess06_impro04_M011,anger,1.4,4.3,3,o/ 그래 알았어요.,어요,train,1.0,0.0,0.0,0.0,0.0,0.0,0.0
Sess06_impro04_M011,anger,1.4,4.3,4,u/ 부장님 저 징계위원회 갈게요.,ᆯ게요,train,1.0,0.0,0.0,0.0,0.0,0.0,0.0
Sess06_impro04_M011,anger,1.4,4.3,5,가서 어떻게 되는지 똑똑히 보자고.,자고,train,1.0,0.0,0.0,0.0,0.0,0.0,0.0
Sess06_impro04_M012,anger,1.4,4.6,1,그거 저 다 까발릴게요.,ᆯ게요,train,1.0,0.0,0.0,0.0,0.0,0.0,0.0
Sess06_impro04_M012,anger,1.4,4.6,2,거기서 어떤 반응이 나오는지 한번 보자구요.,자구,train,1.0,0.0,0.0,0.0,0.0,0.0,0.0
Sess06_impro04_F013,anger,2.2,3.9,1,아 윤찬 대리 지금 조금 오해가 있는 거 같은데.,은데,train,0.0,0.0,0.3,0.0,0.0,0.0,0.7
Sess06_impro04_F013,anger,2.2,3.9,2,(왜 그러),어,train,0.0,0.0,0.3,0.0,0.0,0.0,0.7
Sess06_impro04_M013,anger,1.4,4.1,1,(왜 그러+오해는) 오해같은 소리하시네.,어 | 네,train,1.0,0.0,0.0,0.0,0.0,0.0,0.0
Sess06_impro04_M013,anger,1.4,4.1,2,b/ 저 혼자 안 죽습니다.,습니다,train,1.0,0.0,0.0,0.0,0.0,0.0,0.0
Sess06_impro04_M013,anger,1.4,4.1,3,그럼 징계위원회에서 봅시다.,ᆸ시다,train,1.0,0.0,0.0,0.0,0.0,0.0,0.0
Sess12_script01_M002,anger,2.1,4.0,1,아이씨 그러니까 날 말렸어야지 술 먹으면 운전 안한다고 했잖아.,어야지 | 잖아,train,0.8,0.0,0.1,0.0,0.0,0.0,0.1
Sess12_script01_M006,anger,1.8,4.0,1,그러니까 이 야밤에 돌아다니다가 내 차에 치이고 난리야.,야,train,0.7,0.1,0.1,0.0,0.0,0.0,0.1
Sess12_script01_M010,happiness,3.0,4.0,1,l/ 아 u/ 그래 맞아.,어,train,0.0,0.0,0.3,0.4,0.2,0.0,0.1
Sess12_script01_M010,happiness,3.0,4.0,2,고라니였어.,어,train,0.0,0.0,0.3,0.4,0.2,0.0,0.1
Sess12_script01_M010,happiness,3.0,4.0,3,너랑 나랑 술 마셔서 고라니를 사람으로 착각한거야.,야,train,0.0,0.0,0.3,0.4,0.2,0.0,0.1
Sess12_script01_M011,anger,1.5,4.7,1,(아니잖아+그럼) 뭐야 그럼 어떻게 된 건데.,잖아 | 야 | ᆫ데,train,0.8,0.0,0.2,0.0,0.0,0.0,0.0
Sess12_script01_M016,anger,1.7,4.0,1,o/ 너 내가 망가지길 바래?,어,train,0.8,0.0,0.1,0.0,0.1,0.0,0.0
Sess12_script01_M016,anger,1.7,4.0,2,내가 인생 바닥으로 떨어지길 원하냐구.,냐구,train,0.8,0.0,0.1,0.0,0.1,0.0,0.0
Sess12_script01_M017,anger,1.7,4.0,1,(내가 전화할게+야 전화기) 내려놔.,ᆯ게 | 야 | 어,train,0.7,0.1,0.1,0.0,0.1,0.0,0.0
Sess12_script01_F014,anger,1.9,3.8,1,지섭씨 왜이래?,어,train,0.0,0.1,0.9,0.0,0.0,0.0,0.0
Sess12_script01_M018,anger,1.7,3.9,1,자꾸 이러면 나도 더 이상 안 참아.,어,train,0.8,0.0,0.1,0.0,0.1,0.0,0.0
Sess12_script01_M019,anger,1.6,4.0,1,너도 사라지게 해줘?,어,train,0.9,0.0,0.1,0.0,0.0,0.0,0.0
Sess12_script01_F015,anger,1.8,3.7,1,지금 지금 계속 무슨 말이야.,야,train,0.0,0.0,0.8,0.0,0.0,0.0,0.2
Sess12_script01_M020,anger,1.3,4.3,1,지금 니가 나한테 하는 짓이 더 이상해.,어,train,0.9,0.0,0.1,0.0,0.0,0.0,0.0
Sess12_script01_M021,anger,1.3,4.4,1,날 지금 망가트리려고 작정했잖아.,잖아,train,0.9,0.0,0.1,0.0,0.0,0.0,0.0
Sess12_script01_M021,anger,1.3,4.4,2,우리 미래가 중요해?,어,train,0.9,0.0,0.1,0.0,0.0,0.0,0.0
Sess12_script01_M021,anger,1.3,4.4,3,너 입만 뻥끗해봐 너도 똑같이 만들어줄테니까.,니까,train,0.9,0.0,0.1,0.0,0.0,0.0,0.0
Sess12_script01_M022,anger,1.6,4.1,1,진짜 무서운게 뭔지 보여줘?,어,train,0.7,0.1,0.1,0.0,0.1,0.0,0.0
Sess12_script01_M022,anger,1.6,4.1,2,오늘 있었던 일은 너랑 나랑만 아는거야 아무도 못 봤어.,어,train,0.7,0.1,0.1,0.0,0.1,0.0,0.0
Sess12_script01_M022,anger,1.6,4.1,3,그러니까 너 그냥 입 닥치고 있어.,어,train,0.7,0.1,0.1,0.0,0.1,0.0,0.0
Sess12_script01_M022,anger,1.6,4.1,4,o/ 오늘 우린 고라니를 친거야.,야,train,0.7,0.1,0.1,0.0,0.1,0.0,0.0
Sess12_script01_M022,anger,1.6,4.1,5,어차피 죽었는지 살았는지도 모르는데 알바 없잖아.,잖아,train,0.7,0.1,0.1,0.0,0.1,0.0,0.0
Sess12_script01_M023,anger,1.6,4.5,1,그리고 너도 똑바로 들어.,어,train,0.8,0.0,0.1,0.0,0.1,0.0,0.0
Sess12_script01_M024,anger,1.5,4.1,1,넌 차에서 내려도 경찰에 전화해도 넌 죽어 알았어?,어 | 어,train,0.8,0.1,0.1,0.0,0.0,0.0,0.0
Sess12_script01_M027,happiness,3.3,3.9,1,그냥 그냥 가면 돼 아무일도 없을거야.,야,train,0.1,0.0,0.3,0.4,0.2,0.0,0.0
Sess12_script01_M031,anger,1.9,4.2,1,(뭐하려고+완전히) 끝장을 내야지.,어야지,train,0.3,0.2,0.3,0.0,0.2,0.0,0.0
Sess12_script02_M014,anger,2.1,2.6,1,예 맞아요 그 지속성 그리고 기본적으로 이번 프로젝트는 3년이란 시간을 기본 바탕으로 하고 있습니다.,어요 | 습니다,train,0.6,0.2,0.0,0.0,0.2,0.0,0.0
Sess12_script02_M014,anger,2.1,2.6,2,그 중에 가장 필요한게 담당자의 책임감과 꾸준함이죠 환경 문제가 한번에 해결되는게 아니니까요.,죠 | 니까요,train,0.6,0.2,0.0,0.0,0.2,0.0,0.0
Sess12_script02_M014,anger,2.1,2.6,3,근데 하지만 소은씨는 그 기본 마저 안되어 있어요.,어요,train,0.6,0.2,0.0,0.0,0.2,0.0,0.0
Sess12_script02_M014,anger,2.1,2.6,4,자기 보고서 하나도 제대로 완수 하 못하고 오타를 내는 담당자에게 어떻게 3년이나 지속되는 프로젝트를 맡길 수 (있겠습니까),습니까,train,0.6,0.2,0.0,0.0,0.2,0.0,0.0
Sess12_script04_M001,happiness,4.0,3.3,1,l/ 야 저거 봐봐.,어,train,0.0,0.0,0.0,0.8,0.2,0.0,0.0
Sess12_script04_M001,happiness,4.0,3.3,2,저 개그맨 웃기지 않아?,어,train,0.0,0.0,0.0,0.8,0.2,0.0,0.0
Sess12_script04_F001,happiness,2.4,2.3,1,뭐가 그렇게 재밌어?,어,train,0.1,0.1,0.0,0.0,0.5,0.3,0.0
Sess12_script04_M002,happiness,4.1,3.5,1,어 웃기잖아.,잖아,train,0.0,0.0,0.0,0.7,0.2,0.0,0.1
Sess12_script04_M002,happiness,4.1,3.5,2,l/ b/ 아 근데 바나나 맛있다.,다,train,0.0,0.0,0.0,0.7,0.2,0.0,0.1
Sess12_script04_M002,happiness,4.1,3.5,3,어디서 산거야?,야,train,0.0,0.0,0.0,0.7,0.2,0.0,0.1
Sess12_script04_M004,happiness,3.9,3.1,1,모를 수도 있지 뭐 뭐 그게 무슨 대수인가?,지 | ᆫ가,train,0.0,0.0,0.0,0.6,0.4,0.0,0.0
Sess12_script04_M004,happiness,3.9,3.1,2,l/ 아 이거 진짜 웃기다.,다,train,0.0,0.0,0.0,0.6,0.4,0.0,0.0
Sess12_script05_F034,happiness,4.0,3.9,1,대신 프로포즈 내가 먼저 했으니까 결혼식은 정말 멋지게 해줘야돼?,어,train,0.0,0.0,0.0,0.5,0.5,0.0,0.0
Sess12_script05_F034,happiness,4.0,3.9,2,알았어?,어,train,0.0,0.0,0.0,0.5,0.5,0.0,0.0
Sess12_script06_M002,anger,2.5,3.2,1,(지리구요+친오빠한테) 오지구 지리구가 뭐냐.,구요 | 냐,train,0.5,0.3,0.0,0.0,0.2,0.0,0.0
Sess12_script06_F009,happiness,2.2,3.0,1,퍽이나 좋겠다.,다,train,0.2,0.7,0.0,0.0,0.1,0.0,0.0
Sess12_script06_M011,happiness,4.1,4.5,1,우아 야 네 네 개 네 개 맞았어.,어,train,0.0,0.0,0.0,0.5,0.1,0.0,0.4
Sess12_script06_M011,happiness,4.1,4.5,2,오오 이거 어떡해?,어,train,0.0,0.0,0.0,0.5,0.1,0.0,0.4
Sess12_script06_M012,happiness,4.4,4.7,1,제발 제발 아 어떡해.,어,train,0.0,0.0,0.0,0.8,0.0,0.0,0.2
Sess12_script06_F021,happiness,4.3,4.0,1,지금 전화 걸게 b/ 나 친구들 (많아),ᆯ게 | 어,train,0.0,0.0,0.0,0.5,0.5,0.0,0.0
Sess12_impro01_M037,anger,2.4,3.7,1,뭘 갑자기 그런 말을 왜 하냐.,냐,train,0.4,0.1,0.1,0.0,0.2,0.0,0.2
Sess12_impro02_M006,sadness,2.1,2.2,1,아니 내가 그래 뭐 잘난 것도 없고 뭐 그런 거 알겠는데 그래도 내가 그렇게 막 후지고 그런가?,ᆫ가,train,0.0,0.3,0.0,0.0,0.1,0.6,0.0
Sess12_impro02_F008,sadness,2.3,2.5,1,b/ 누가 우리 아들 후지대?,대,train,0.1,0.0,0.0,0.0,0.7,0.2,0.0
Sess12_impro02_F008,sadness,2.3,2.5,2,우리 아들 별로래?,래,train,0.1,0.0,0.0,0.0,0.7,0.2,0.0
Sess12_impro02_M007,anger,2.1,2.6,1,b/ 아니 뭐 그냥 아 뭐 김 부장 있잖아.,잖아,train,0.7,0.1,0.0,0.0,0.0,0.2,0.0
Sess12_impro02_M008,anger,1.9,3.0,1,아니 김 부장 왜 그래?,어,train,0.6,0.0,0.0,0.0,0.2,0.2,0.0
Sess12_impro02_M008,anger,1.9,3.0,2,왜 나한테만 맨날 그러는지 몰라.,어,train,0.6,0.0,0.0,0.0,0.2,0.2,0.0
Sess12_impro02_F010,anger,2.6,2.6,1,b/ 그러게 그 사람이 그러는게 하루 이틀이여?,여,train,0.0,0.1,0.0,0.0,0.9,0.0,0.0
Sess12_impro02_M009,anger,2.0,3.8,1,o/ 엄마 그러니까 그 하루 이틀이 아니라 엄마 내 말 듣고 있는 거지 지금?,지,train,0.8,0.0,0.0,0.0,0.2,0.0,0.0
Sess12_impro02_F014,anger,2.5,2.9,1,근데 이거 교환은 해줄라나?,ᆯ라나,train,0.0,0.0,0.0,0.0,1.0,0.0,0.0
Sess12_impro02_M012,sadness,1.7,2.2,1,그냥 김 부장이 문제가 아니라 아 몰라 그냥 지연이하고도 헤어졌는데 l/ 몬 모든 나쁜 일은 나한테만 생기는 거 같고.,어,train,0.0,0.0,0.0,0.0,0.1,0.9,0.0
Sess12_impro02_F017,sadness,3.5,2.3,1,아휴 괜찮아.,어,train,0.0,0.0,0.0,0.0,0.9,0.1,0.0
Sess12_impro02_F017,sadness,3.5,2.3,2,엄마도 너 나이땐 다 그랬어.,어,train,0.0,0.0,0.0,0.0,0.9,0.1,0.0
Sess12_impro02_M014,anger,1.9,3.6,1,엄마가 뭘 알아.,어,train,0.7,0.0,0.0,0.0,0.1,0.2,0.0
Sess12_impro02_M014,anger,1.9,3.6,2,엄마 그 그 나이때랑 엄마랑 우리가 지금 같애?,애,train,0.7,0.0,0.0,0.0,0.1,0.2,0.0
Sess12_impro03_M004,happiness,3.8,3.4,1,(들었어요+아 네) 감사합니다.,어요 | ᆸ니다,train,0.0,0.0,0.0,0.7,0.3,0.0,0.0
Sess12_impro03_M009,anger,2.0,4.0,1,아니 b/ 저 지금 징계 먹으면 그냥 나가라는 거잖아요.,잖아요,train,0.4,0.0,0.3,0.0,0.1,0.0,0.2
Sess12_impro03_F010,anger,1.9,3.2,1,(부장님+윤찬 대리) 나는 회사 규정대로 처리합니다.,ᆸ니다,train,0.3,0.1,0.0,0.0,0.6,0.0,0.0
Sess12_impro03_M010,anger,1.8,4.0,1,회사 규정이 뭔데요?,ᆫ데요,train,1.0,0.0,0.0,0.0,0.0,0.0,0.0
Sess12_impro03_M010,anger,1.8,4.0,2,저 일개 대리라고 지금 이러는 겁니까?,ᆸ니까,train,1.0,0.0,0.0,0.0,0.0,0.0,0.0
Sess12_impro03_F014,anger,2.1,3.4,1,하 난 그렇다고 말한 적은 없어요.,어요,train,0.2,0.0,0.0,0.0,0.8,0.0,0.0
Sess12_impro03_M013,anger,2.0,3.8,1,그러니까 부장님하고 전무님하고 두 분이서 짜신 거네요.,네요,train,1.0,0.0,0.0,0.0,0.0,0.0,0.0
Sess12_impro03_F016,anger,2.1,3.4,1,나는 대리가 진행한 프로젝트에 대해선 잘 모르는 일이에요.,에요,train,0.1,0.1,0.0,0.0,0.8,0.0,0.0
Sess12_impro03_F017,anger,2.0,3.0,1,그러니까 조만간 징계위원회에서 잘 해명하도록 해보세요.,세요,train,0.1,0.1,0.0,0.0,0.8,0.0,0.0
Sess12_impro03_M015,anger,2.0,3.4,1,정말로 징계위원회 가실 생각입니까?,ᆸ니까,train,0.7,0.1,0.0,0.0,0.2,0.0,0.0
Sess12_impro03_F018,anger,2.2,2.8,1,그럼 내가 어떡하죠?,죠,train,0.1,0.2,0.0,0.0,0.7,0.0,0.0
Sess12_impro03_M016,anger,1.9,3.8,1,그 말 후회 안 하시죠?,죠,train,0.6,0.3,0.0,0.0,0.1,0.0,0.0
Sess12_impro03_F019,anger,2.1,3.8,1,l/ 하 아니 징계위원회는 대리님 때문에 열리는 건데 내가 그걸 후회해야 될까?,ᆯ까,train,0.2,0.3,0.0,0.0,0.3,0.0,0.2
Sess12_impro03_M017,anger,1.9,3.4,1,아 가서 누가 더 불리한지 한번 봐 보죠 그럼.,죠,train,0.8,0.0,0.0,0.0,0.2,0.0,0.0
Sess12_impro03_M018,anger,1.8,4.0,1,n/ 부장님이 전무님하고 저한테 했던 말 다 녹음돼있습니다.,습니다,train,0.8,0.1,0.0,0.0,0.1,0.0,0.0
Sess12_impro03_M018,anger,1.8,4.0,2,기억하시죠?,죠,train,0.8,0.1,0.0,0.0,0.1,0.0,0.0
Sess12_impro03_M018,anger,1.8,4.0,3,저한테 뭐라고 하셨는지.,는지,train,0.8,0.1,0.0,0.0,0.1,0.0,0.0
Sess12_impro03_F021,anger,2.3,3.3,1,b/ 그게 뭐가 그렇게 문제가 됩니까?,ᆸ니까,train,0.1,0.0,0.0,0.0,0.6,0.0,0.3
Sess12_impro03_M019,anger,1.9,3.8,1,아 문제가 안되면 n/ b/ 그럼 징계위원회에서 한번 다 까보죠.,죠,train,0.6,0.3,0.0,0.0,0.1,0.0,0.0
Sess12_impro03_M020,anger,1.9,3.2,1,o/ 그 특히 이중장부도 까구요.,구요,train,0.6,0.3,0.0,0.0,0.1,0.0,0.0
Sess12_impro03_F022,anger,2.1,3.4,1,이중 n/ b/ 당신이 그걸 어떻게 알아요?,어요,train,0.0,0.0,0.0,0.0,0.1,0.0,0.9
Sess12_impro03_M021,anger,1.9,3.6,1,하하 제가 전무님하고 부장님하고 이중장부 만들고 있다는 거도 모를 줄 아세요?,세요,train,0.7,0.3,0.0,0.0,0.0,0.0,0.0
Sess12_impro03_M022,anger,1.8,3.9,1,예 누가 더 손핸지 한번 (보시구요),구요,train,0.7,0.2,0.0,0.0,0.1,0.0,0.0
Sess12_impro03_F024,anger,2.1,4.5,1,(보시구요+아니) 윤찬 대리 그러니까 그거 이중장부 아니에요.,구요 | 에요,train,0.1,0.1,0.1,0.0,0.0,0.0,0.7
Sess12_impro03_M023,anger,1.9,3.6,1,그럼 징계위원회 가서 보면 (되겠네요),네요,train,0.7,0.2,0.0,0.0,0.1,0.0,0.0
Sess12_impro03_F025,anger,2.0,4.5,1,(되겠네요+아 윤찬 대리) 아니 아니 윤찬 씨 아휴 왜 이래 알 거 아는 사람들끼리 지금 지금 지금 우리 사이에 굉장히 큰 오해가 있는 거 같은데 (그러니까),네요,train,0.0,0.0,0.5,0.0,0.0,0.0,0.5
Sess15_script01_M001,happiness,2.9,2.9,1,b/ 야 좀 천천히 먹어 햄버거 어디 안 가.,어,train,0.0,0.1,0.0,0.0,0.9,0.0,0.0
Sess15_script01_M001,happiness,2.9,2.9,2,거 콜라도 좀 먹고.,고,train,0.0,0.1,0.0,0.0,0.9,0.0,0.0
Sess15_script01_F007,happiness,4.0,3.3,1,궁금해?,어,train,0.0,0.0,0.0,0.6,0.4,0.0,0.0
Sess15_script01_F009,happiness,3.8,4.1,1,어때?,어,train,0.2,0.0,0.0,0.5,0.3,0.0,0.0
Sess15_script01_F015,anger,2.0,3.9,1,b/ 나야 말로 오빠랑 누가 결혼한대?,ᆫ대,train,0.5,0.2,0.0,0.0,0.1,0.0,0.2
Sess15_script01_F016,anger,1.8,4.2,1,하도 불쌍하고 보잘것 없어 보여서 해준다고 한거지.,지,train,0.7,0.2,0.0,0.0,0.0,0.0,0.1
Sess15_script01_F016,anger,1.8,4.2,2,내가 당신 처럼 어리버리한 남자를 뭐가 좋다고 결혼을 해?,어,train,0.7,0.2,0.0,0.0,0.0,0.0,0.1
Sess15_script01_F017,anger,2.1,3.5,1,아 됐어.,어,train,0.6,0.3,0.0,0.0,0.1,0.0,0.0
Sess15_script01_F022,happiness,4.4,4.1,1,l/ 아 오빠 너무 웃겨.,어,train,0.0,0.0,0.0,0.6,0.1,0.0,0.3
Sess15_script01_M021,happiness,3.6,3.4,1,이런 선물 받으니까 어이없지?,지,train,0.0,0.1,0.0,0.2,0.4,0.1,0.2
Sess15_script01_F023,happiness,4.6,4.3,1,아 그러니까 야 젓가락 100개란게 우리들 만난지 100일 되는 날이라서 준비했다는거야?,야,train,0.0,0.0,0.0,1.0,0.0,0.0,0.0
Sess15_script01_F027,anger,1.9,3.7,1,이젠 안 만나.,어,train,0.8,0.1,0.0,0.0,0.1,0.0,0.0
Sess15_script01_F028,happiness,4.4,4.4,1,대신에 같이 살아야겠어.,어,train,0.0,0.0,0.0,1.0,0.0,0.0,0.0
Sess15_script01_F029,happiness,4.2,4.2,1,자 n/ 오빠는 젓가락을 줬지만은 난 좋은 거 줄게.,ᆯ게,train,0.0,0.0,0.0,0.9,0.1,0.0,0.0
Sess15_script01_F030,happiness,3.9,3.7,1,으이그 이 무능력한 남자야.,야,train,0.1,0.0,0.0,0.7,0.2,0.0,0.0
Sess15_script01_F030,happiness,3.9,3.7,2,여자인 내가 반지를 준비해야겠어?,어,train,0.1,0.0,0.0,0.7,0.2,0.0,0.0
Sess15_script01_F030,happiness,3.9,3.7,3,당연히 오빠가 준비해야지.,어야지,train,0.1,0.0,0.0,0.7,0.2,0.0,0.0
Sess15_script01_M028,happiness,3.2,4.0,1,야 너 이거 어떻게 샀어?,어,train,0.0,0.1,0.0,0.2,0.2,0.0,0.5
Sess15_script01_M028,happiness,3.2,4.0,2,너 돈 없잖아?,잖아,train,0.0,0.1,0.0,0.2,0.2,0.0,0.5
Sess15_script01_F032,happiness,3.6,3.4,1,오빠 n/ 누가 선물하고 누가 프로포즈 하면 어때?,어,train,0.0,0.0,0.0,0.6,0.4,0.0,0.0
Sess15_script01_F032,happiness,3.6,3.4,2,난 오빠를 사랑하고 지금이 행복해 우리 둘이 함께 한다는 게 중요하잖아.,어 | 잖아,train,0.0,0.0,0.0,0.6,0.4,0.0,0.0
Sess15_script02_F005,anger,2.4,3.6,1,아 됐고.,고,train,0.4,0.4,0.0,0.0,0.2,0.0,0.0
Sess15_script02_F005,anger,2.4,3.6,2,아 나 드라마 봐야 (돼),어,train,0.4,0.4,0.0,0.0,0.2,0.0,0.0
Sess15_script02_F008,anger,1.6,4.6,1,(준다고+아) 몰라 아 그게 당첨되겠냐.,어 | 냐,train,0.8,0.2,0.0,0.0,0.0,0.0,0.0
Sess15_script02_F008,anger,1.6,4.6,2,아이구 어떤 여자가 될지 모르겠지만 오빠 같은 남자랑 결혼 할 여자가 아주 (불쌍하다 불쌍해),어,train,0.8,0.2,0.0,0.0,0.0,0.0,0.0
Sess15_script02_M019,happiness,3.4,3.9,1,너 이거 아무한테도 얘기하지마.,어,train,0.0,0.0,0.1,0.0,0.7,0.0,0.2
Sess15_script02_F017,happiness,4.7,4.7,1,응 알았어.,어,train,0.0,0.0,0.0,1.0,0.0,0.0,0.0
Sess15_script02_F017,happiness,4.7,4.7,2,걱정하지마.,어,train,0.0,0.0,0.0,1.0,0.0,0.0,0.0
Sess15_script02_F017,happiness,4.7,4.7,3,내가 입이 또 무겁잖아 그러니까 신상 구두 좀 (나),잖아,train,0.0,0.0,0.0,1.0,0.0,0.0,0.0
Sess15_script02_M020,happiness,3.6,4.0,1,(나+야) o/ 로또 1등 된 사람만 쫓아다니면서 그 구걸하는 애들 있대.,대,train,0.0,0.0,0.2,0.0,0.6,0.0,0.2
Sess15_script02_M020,happiness,3.6,4.0,2,그러니까 이거 너랑 나만 아는 사실이야 (알았지),야 | 지,train,0.0,0.0,0.2,0.0,0.6,0.0,0.2
Sess15_script02_F018,happiness,4.0,4.3,1,(알았지+아 걱정마) 나 오빠 동생이야.,지 | 어 | 야,train,0.0,0.0,0.0,0.6,0.4,0.0,0.0
Sess15_script02_F018,happiness,4.0,4.3,2,나 몰라?,어,train,0.0,0.0,0.0,0.6,0.4,0.0,0.0
Sess15_script02_F018,happiness,4.0,4.3,3,나 못믿어?,어,train,0.0,0.0,0.0,0.6,0.4,0.0,0.0
Sess15_script02_F019,happiness,4.3,4.5,1,b/ 오빠 내가 잘 될 줄 알았다니까.,다니까,train,0.0,0.0,0.0,1.0,0.0,0.0,0.0
Sess15_script02_M022,happiness,3.2,3.7,1,b/ 야야 됐고.,고,train,0.0,0.1,0.0,0.0,0.7,0.0,0.2
Sess15_script03_F010,anger,2.2,4.2,1,b/ 지금 무슨 소리 하는 거야?,야,train,0.5,0.1,0.0,0.0,0.0,0.0,0.4
Sess15_script03_F010,anger,2.2,4.2,2,지금 어딘가에 있을거야 우리가 사람을 쳤는데 당연히 찾아서 병원에 (데려가야지),야 | 어야지,train,0.5,0.1,0.0,0.0,0.0,0.0,0.4
Sess15_script04_M013,anger,3.0,3.2,1,암튼 그 취직 공부하느라고 뭐 연애할 시간도 없었겠네요?,네요,train,0.0,0.4,0.0,0.0,0.6,0.0,0.0
Sess15_script04_F013,anger,2.8,2.7,1,b/ 회사 다닐때 했습니다.,습니다,train,0.4,0.3,0.0,0.0,0.3,0.0,0.0
Sess15_script04_F019,anger,2.0,3.9,1,b/ 원래 면접 o/ 이런 식으로 보나봐요?,어요,train,1.0,0.0,0.0,0.0,0.0,0.0,0.0
Sess15_script05_F003,anger,2.2,3.5,1,거기 마트 생긴지 두 달이 넘었어.,어,train,0.6,0.1,0.0,0.0,0.3,0.0,0.0
Sess15_script05_F003,anger,2.2,3.5,2,그것도 몰라?,어,train,0.6,0.1,0.0,0.0,0.3,0.0,0.0
Sess15_script05_F006,sadness,1.8,1.9,1,잘 들어.,어,train,0.0,0.0,0.0,0.0,0.4,0.6,0.0
Sess15_script05_F006,sadness,1.8,1.9,2,나 폐에 종양 생겼대.,대,train,0.0,0.0,0.0,0.0,0.4,0.6,0.0
Sess15_script05_F007,sadness,2.1,2.0,1,당신 나 없이도 꿋꿋하게 애들 키우면서 살아야해.,어,train,0.0,0.0,0.0,0.0,0.2,0.8,0.0
Sess15_script05_M009,sadness,2.4,3.3,1,아이 뭔 소리 하는 거야.,야,train,0.0,0.0,0.0,0.0,0.2,0.0,0.8
Sess15_script05_M009,sadness,2.4,3.3,2,농담하지마.,어,train,0.0,0.0,0.0,0.0,0.2,0.0,0.8
Sess15_script05_F008,sadness,2.0,1.8,1,b/ 악성이래.,래,train,0.0,0.0,0.1,0.0,0.1,0.8,0.0
Sess15_script05_F008,sadness,2.0,1.8,2,이미 왼쪽에 70프로 정도 퍼져있구 정확한 것은 가슴 열어봐야 알겠지만은 림프절과 늑막에까지 전이 됐대.,대,train,0.0,0.0,0.1,0.0,0.1,0.8,0.0
Sess15_script05_M010,sadness,2.7,3.1,1,장난하는거지?,지,train,0.0,0.1,0.0,0.0,0.1,0.1,0.7
Sess15_script05_M010,sadness,2.7,3.1,2,지금이라도 빨리 병원 가자.,자,train,0.0,0.1,0.0,0.0,0.1,0.1,0.7
Sess15_script05_F009,sadness,1.9,2.0,1,이미 늦었어.,어,train,0.0,0.2,0.0,0.0,0.0,0.8,0.0
Sess15_script05_M011,sadness,2.1,3.5,1,수술하면 되는 거 아냐?,냐,train,0.0,0.0,0.2,0.0,0.3,0.2,0.3
Sess15_script05_M012,sadness,2.0,2.9,1,얼마나 살 수 있대?,대,train,0.0,0.0,0.0,0.0,0.4,0.4,0.2
Sess15_script05_M017,sadness,1.8,3.2,1,당신 어릴적에 사고로 돌아가셨대매.,대매,train,0.0,0.0,0.0,0.0,0.3,0.1,0.6
Sess15_script05_M017,sadness,1.8,3.2,2,날 속인거야?,야,train,0.0,0.0,0.0,0.0,0.3,0.1,0.6
Sess15_script05_F016,sadness,1.3,2.1,1,b/ 미안해 아빠는 3년 동안 폐암으로 병원에 o/ 계시다가 돌아가셨어.,어 | 어,train,0.0,0.0,0.0,0.0,0.0,1.0,0.0
Sess15_script06_F010,anger,2.5,3.2,1,알겠습니다.,습니다,train,0.5,0.2,0.0,0.0,0.3,0.0,0.0
Sess15_script06_F010,anger,2.5,3.2,2,그럼 하나만 묻고 싶어요 제 아이디어는 왜 발탁이 안된건가요?,어요 | ᆫ가,train,0.5,0.2,0.0,0.0,0.3,0.0,0.0
Sess15_script06_F010,anger,2.5,3.2,3,남의 아이디어가 더 뛰어나서 그랬다 뭐 이런 식의 답변 뻔한 답변은 안 해주실거라고 믿습니다.,다 | 습니다,train,0.5,0.2,0.0,0.0,0.3,0.0,0.0
Sess15_script06_F012,anger,2.1,3.3,1,너무 공격적으로 생각하시는 거 아닌가요?,ᆫ가요,train,0.8,0.0,0.0,0.0,0.2,0.0,0.0
Sess15_script06_F012,anger,2.1,3.3,2,저도 고민하고 심사숙고해서 낸 아이디어인데 뭐가 문제였는지 뭐가 부족했는지 뭐 물어볼 수 있지 않나요?,나요,train,0.8,0.0,0.0,0.0,0.2,0.0,0.0
Sess15_script06_F013,anger,2.2,3.2,1,개인적인 감정인가요?,ᆫ가,train,0.5,0.2,0.0,0.0,0.3,0.0,0.0
Sess15_script06_F014,anger,2.0,4.1,1,아니 오타 때문에 아이디어를 탈락 시켰다구요?,다구요,train,0.8,0.0,0.0,0.0,0.2,0.0,0.0
Sess15_impro01_M019,happiness,3.2,2.9,1,야 소독은 씨 내가 안 해.,어,train,0.0,0.0,0.0,0.0,0.9,0.1,0.0
Sess15_impro01_M019,happiness,3.2,2.9,2,간호사들이 하지.,지,train,0.0,0.0,0.0,0.0,0.9,0.1,0.0
Sess15_impro01_M019,happiness,3.2,2.9,3,다 했다.,다,train,0.0,0.0,0.0,0.0,0.9,0.1,0.0
Sess15_impro01_M019,happiness,3.2,2.9,4,o/ 붙이고 있어.,어,train,0.0,0.0,0.0,0.0,0.9,0.1,0.0
Sess15_impro01_F019,happiness,3.8,3.1,1,그러면 우리 남편 솜씨 좀 보려면은 내가 또 한번 많이 아파야겠네 제대로.,네,train,0.0,0.0,0.0,0.7,0.3,0.0,0.0
Sess15_impro01_M020,happiness,4.1,3.2,1,아유 아프시던가 그러면은 o/ 응?,던가,train,0.0,0.0,0.0,0.5,0.5,0.0,0.0
Sess15_impro01_M020,happiness,4.1,3.2,2,나한테 찾아오시던가.,던가,train,0.0,0.0,0.0,0.5,0.5,0.0,0.0
Sess15_impro01_M021,happiness,3.4,3.0,1,아유 씻기 귀찮다.,다,train,0.0,0.0,0.0,0.0,1.0,0.0,0.0
Sess15_impro01_F021,happiness,3.9,3.2,1,얼른 씻고 자.,어,train,0.0,0.0,0.0,0.8,0.2,0.0,0.0
Sess15_impro01_M022,happiness,3.1,2.6,1,씻기 싫다.,다,train,0.0,0.0,0.0,0.0,1.0,0.0,0.0
Sess15_impro01_M022,happiness,3.1,2.6,2,빨리 자고 싶어 너무 피곤해.,어 | 어,train,0.0,0.0,0.0,0.0,1.0,0.0,0.0
Sess15_impro01_F022,happiness,4.0,2.9,1,당신 근데 그거 기억나?,어,train,0.0,0.0,0.0,0.8,0.2,0.0,0.0
Sess15_impro01_F023,happiness,4.0,3.4,1,우리 연애했을 때 말이야.,야,train,0.0,0.0,0.0,0.9,0.1,0.0,0.0
Sess15_impro01_F023,happiness,4.0,3.4,2,내가 아파가지고 며칠동안 회사도 못가고 막 그랬을 때 o/ 어 그때 당신이 나한테 막 o/ 기억 안 나?,어,train,0.0,0.0,0.0,0.9,0.1,0.0,0.0
Sess15_impro01_F025,happiness,4.0,3.9,1,오빠 왜 죽어 니가 왜 죽어.,어 | 어,train,0.0,0.0,0.0,0.8,0.2,0.0,0.0
Sess15_impro01_M026,happiness,3.9,3.3,1,l/ 아니 너가 나도 진짜 죽는 줄 알고 나 아 그때 과선배였는데 내가 진짜 무릎 꿇고 빌었다니까.,다니까,train,0.0,0.0,0.0,0.4,0.6,0.0,0.0
Sess15_impro01_M026,happiness,3.9,3.3,2,나 거 그때는 잘 모르니까 살려달라고.,라고,train,0.0,0.0,0.0,0.4,0.6,0.0,0.0
Sess15_impro01_F026,happiness,4.4,3.2,1,그랬어요?,어요,train,0.0,0.0,0.0,0.8,0.2,0.0,0.0
Sess15_impro01_F027,happiness,4.3,3.7,1,l/ 어유 그렇게 무서웠어요?,어요,train,0.0,0.0,0.0,1.0,0.0,0.0,0.0
Sess15_impro01_F027,happiness,4.3,3.7,2,내가 죽을까봐?,어,train,0.0,0.0,0.0,1.0,0.0,0.0,0.0
Sess15_impro01_F027,happiness,4.3,3.7,3,(그렇게 겁이 났어),어,train,0.0,0.0,0.0,1.0,0.0,0.0,0.0
Sess15_impro01_F029,happiness,4.3,3.5,1,그래도 내가 엄청 좋았나봐 그때 막 나 죽을까봐 엄청 걱정하고 난리친 거 보면은.,어,train,0.0,0.0,0.0,1.0,0.0,0.0,0.0
Sess15_impro01_M030,happiness,4.0,3.2,1,아이 뭐 누 아이 누구라도 뭐 그렇게 난리치면은 당연히 병원 데려가지 뭐.,지,train,0.0,0.0,0.0,0.4,0.6,0.0,0.0
Sess15_impro01_F030,happiness,4.2,3.7,1,윤서 아버지 (왜 왜+윤찬씨 그러면은) 오랜만에 한번 말씀해보실까요?,ᆯ까요,train,0.0,0.0,0.0,0.7,0.3,0.0,0.0
Sess15_impro01_F031,happiness,4.2,3.6,1,저 사랑하세요?,세요,train,0.0,0.0,0.0,0.8,0.2,0.0,0.0
Sess15_impro01_M032,happiness,4.0,3.6,1,아 뭐 갑자기 그런 걸 물어 빨리 보일러나 틀어줘 나 (씻게),어,train,0.0,0.0,0.0,0.2,0.7,0.0,0.1
Sess15_impro01_F032,happiness,4.3,4.0,1,(씻게+아) 빨리 저 사랑하십니까?,ᆸ니까,train,0.0,0.0,0.0,0.9,0.1,0.0,0.0
Sess15_impro01_F032,happiness,4.3,4.0,2,아 아 아파 저 사랑하세요?,세요,train,0.0,0.0,0.0,0.9,0.1,0.0,0.0
Sess15_impro01_F033,happiness,4.4,4.2,1,뭐라구 에 에?,라구,train,0.0,0.0,0.0,0.9,0.1,0.0,0.0
Sess15_impro01_M034,happiness,4.2,3.4,1,사랑한다구.,ᆫ다구,train,0.0,0.0,0.0,0.5,0.5,0.0,0.0
Sess15_impro01_F036,happiness,4.4,3.5,1,l/ 아휴 그래도 그런 소리 들으니까 기분 좋네.,네,train,0.0,0.0,0.0,0.9,0.1,0.0,0.0
Sess15_impro01_F040,happiness,4.5,3.6,1,l/ 그게 다야?,야,train,0.0,0.0,0.0,0.9,0.0,0.0,0.1
Sess15_impro01_M041,happiness,3.4,2.7,1,근데 윤서도 있는데 음 나 그래도 따라 죽을 거 같아.,어,train,0.0,0.0,0.0,0.0,0.9,0.1,0.0
Sess15_impro01_F041,happiness,4.6,4.1,1,l/ 아 우리 남편은 내가 듣고 싶은 말만 아주 골라서 해서 예뻐죽겠어.,어,train,0.0,0.0,0.0,1.0,0.0,0.0,0.0
Sess15_impro01_F041,happiness,4.6,4.1,2,o/ 우리 남편 뭐 먹고 싶어 내가 다 해줄게.,어 | ᆯ게,train,0.0,0.0,0.0,1.0,0.0,0.0,0.0
Sess15_impro01_F041,happiness,4.6,4.1,3,(됐어+말만 해) 아으 말만 해 봐 뭐 먹고 싶어?,어 | 어 | 어 | 어,train,0.0,0.0,0.0,1.0,0.0,0.0,0.0
Sess15_impro01_F042,happiness,4.8,4.6,1,어 라면먹고 싶어?,어,train,0.0,0.0,0.0,1.0,0.0,0.0,0.0
Sess15_impro01_F042,happiness,4.8,4.6,2,내가 또 맛있게 끓여줄게.,ᆯ게,train,0.0,0.0,0.0,1.0,0.0,0.0,0.0
Sess15_impro01_F042,happiness,4.8,4.6,3,l/ 여보 그럼 씻고 와.,어,train,0.0,0.0,0.0,1.0,0.0,0.0,0.0
Sess15_impro01_F042,happiness,4.8,4.6,4,여보 사랑한다고 한번만 더 말하고 씻고 와.,어,train,0.0,0.0,0.0,1.0,0.0,0.0,0.0
Sess15_impro01_F043,happiness,4.5,4.2,1,l/ 아유 내가 저 남자 때문에 산다니깐.,다니깐,train,0.0,0.0,0.0,1.0,0.0,0.0,0.0
Sess15_impro03_F005,anger,2.6,2.9,1,무슨 문제가 있나요?,나요,train,0.5,0.0,0.0,0.0,0.4,0.0,0.1
Sess15_impro03_M006,anger,2.1,3.4,1,속이 뒤집어 질 거 같애요.,애요,train,0.3,0.5,0.0,0.0,0.2,0.0,0.0
Sess15_impro03_M006,anger,2.1,3.4,2,o/ 아 그냥 이렇게 여태까지 요리를 그냥 자극적으로만 이렇게 하면은 맛있다고 이렇게 생각을 하셨나 봐요?,어요,train,0.3,0.5,0.0,0.0,0.2,0.0,0.0
Sess15_impro03_F006,anger,2.7,3.3,1,그거는 o/ 언론에서도 주목을 받았던 o/ (요리구요),구요,train,0.6,0.1,0.0,0.1,0.2,0.0,0.0
Sess15_impro03_F007,anger,2.2,3.3,1,에 다른 데에서도 다 주목 받았던 요리기 때문에 그렇게까지 주방장님께서 뭐라고 할 부분까지는 제가 잘 모르겠네요.,네요,train,0.7,0.1,0.0,0.0,0.2,0.0,0.0
Sess15_impro03_M008,anger,2.2,2.9,1,기름 걷어내야 되는 거 생각 안해보셨어요?,어요,train,0.2,0.3,0.0,0.0,0.5,0.0,0.0
Sess15_impro03_M013,anger,2.3,3.6,1,좀 전에 만들었나요?,나요,train,0.0,0.6,0.0,0.0,0.0,0.0,0.4
Sess15_impro03_M014,anger,2.0,3.3,1,그 좀 전이라는 거는 언 몇 분 전이죠?,죠,train,0.3,0.4,0.0,0.0,0.2,0.0,0.1
Sess15_impro03_F013,anger,2.5,3.5,1,b/ 지금 저한테 싸우자고 하시는 (건가요),ᆫ가요,train,0.9,0.1,0.0,0.0,0.0,0.0,0.0
Sess15_impro03_M015,anger,2.1,3.6,1,(건가요+아니요 아니요) 아니 몇 분 전에 만들었냐구요.,ᆫ가요 | 냐구요,train,0.4,0.0,0.0,0.0,0.6,0.0,0.0
Sess15_impro03_F014,anger,2.0,4.0,1,(지금 이게+만든지) 얼마 안 됐습니다.,습니다,train,1.0,0.0,0.0,0.0,0.0,0.0,0.0
Sess15_impro03_M016,anger,1.7,3.1,1,아 한시간 된 거 같애요.,애요,train,0.3,0.6,0.0,0.0,0.1,0.0,0.0
Sess15_impro03_M016,anger,1.7,3.1,2,되게 눅눅해가지고 b/ 어 미연 씨는 제가 생각했을 때 음 뭐 그 언론에서 이렇게 지금 u/ 스타셰프라고 이렇게 띄워주니까 이케 사람들이 찾아온 거 같아요.,어요,train,0.3,0.6,0.0,0.0,0.1,0.0,0.0
Sess15_impro03_M016,anger,1.7,3.1,3,그런데 제가 봤을 때는 그냥 동네 중국집 그 그거보다도 못 한거 같애요.,애요,train,0.3,0.6,0.0,0.0,0.1,0.0,0.0
Sess15_impro03_F015,anger,2.3,4.8,1,b/ 보자보자 (왜요+하니까) 말씀이 좀 지나치신 거 아닌가요?,ᆫ가요,train,1.0,0.0,0.0,0.0,0.0,0.0,0.0
Sess15_impro03_F015,anger,2.3,4.8,2,저도 나름대로 요리에 일가견이 있구요.,구요,train,1.0,0.0,0.0,0.0,0.0,0.0,0.0
Sess15_impro03_F015,anger,2.3,4.8,3,저도 이 가게 책임지는 주방장이였습니다 당신 오기 전까지.,습니다,train,1.0,0.0,0.0,0.0,0.0,0.0,0.0
Sess15_impro03_F016,anger,1.9,4.8,1,네 당연한 거 아닌가요?,ᆫ가요,train,1.0,0.0,0.0,0.0,0.0,0.0,0.0
Sess15_impro03_M018,anger,1.8,4.0,1,b/ 그 말 잘하시네.,네,train,0.2,0.6,0.0,0.0,0.2,0.0,0.0
Sess15_impro03_M018,anger,1.8,4.0,2,그러면은 승질나면 자존심 상하면요 실력을 키우세요.,세요,train,0.2,0.6,0.0,0.0,0.2,0.0,0.0
Sess15_impro04_F025,anger,1.6,4.7,1,저보고 알아서 하라구요.,라구요,train,0.6,0.0,0.4,0.0,0.0,0.0,0.0
Sess15_impro04_F025,anger,1.6,4.7,2,아 아니 전무님 제 전무님 전무님 하씨 n/ u/ 나혼자 어떻게 하라는 거 b/ 나 혼자 독박 다 쓰게 생겼네 이거 진짜.,네,train,0.6,0.0,0.4,0.0,0.0,0.0,0.0
Sess01_script02_F013,anger,2.0,3.0,1,아 뭐야.,야,train,0.4,0.0,0.0,0.0,0.3,0.2,0.1
Sess01_script02_F014,anger,2.1,2.6,1,뭐 나야말로 오빠랑 누가 결혼한대?,ᆫ대,train,0.5,0.1,0.0,0.0,0.3,0.1,0.0
Sess01_script02_M016,anger,3.0,3.4,1,아이 방금 전엔 한다고 했잖아.,잖아,train,0.0,0.0,0.0,0.1,0.3,0.0,0.6
Sess01_script02_F022,happiness,4.5,4.0,1,l/ 아 오빠 너무 웃겨.,어,train,0.0,0.0,0.0,0.8,0.2,0.0,0.0
Sess01_script02_F028,happiness,4.5,3.7,1,대신 같이 살아야겠어.,어,train,0.0,0.0,0.0,0.9,0.1,0.0,0.0
Sess01_script03_M008,anger,2.1,2.2,1,(지나치신 것 같은데+지나친 건 아니라고 봅니다) 어차피 지나친 건 소은 씨 같군요 곧 회의가 시작 될 거라서 저는 보고서를 다 o/ 파악해야는데 소은 씨 덕분에 그 시간을 뺏기고 있지 않습니까.,ᆸ니다 | 군요 | 습니까,train,0.2,0.1,0.0,0.0,0.7,0.0,0.0
Sess01_script03_F012,anger,1.8,3.0,1,너무 공격적으로 생각하시는 것 아닌가요?,ᆫ가요,train,0.7,0.0,0.0,0.0,0.3,0.0,0.0
Sess01_script03_F012,anger,1.8,3.0,2,저도 고민하고 심사숙고해서 낸 아이디어인데 뭐가 문제였는지 뭐가 부족했는지 물어볼 순 있진 않나요?,나요,train,0.7,0.0,0.0,0.0,0.3,0.0,0.0
Sess01_script03_F013,anger,1.8,2.7,1,개인적인 감정인가요?,ᆫ가,train,0.5,0.2,0.0,0.0,0.3,0.0,0.0
Sess01_script03_F014,anger,1.4,3.3,1,(그리고+아니) 지금 오타 때문에 아이디어를 탈락 시켰다구요?,다구요,train,0.6,0.2,0.0,0.0,0.1,0.0,0.1
Sess01_script03_M014,anger,2.4,2.8,1,이번 장기 프로젝트의 핵심은 뭐죠?,죠,train,0.0,0.1,0.0,0.0,0.9,0.0,0.0
Sess01_script03_M016,anger,2.0,2.5,1,제 이야기는 끝난 것 같군요.,군요,train,0.1,0.1,0.0,0.0,0.8,0.0,0.0
Sess01_script03_M016,anger,2.0,2.5,2,회의 시작 10분 전입니다.,ᆸ니다,train,0.1,0.1,0.0,0.0,0.8,0.0,0.0
Sess01_script03_M016,anger,2.0,2.5,3,저는 소은 씨한테 5분을 드렸고 소은 씨는 어느 정도 이해한 것 같군요.,군요,train,0.1,0.1,0.0,0.0,0.8,0.0,0.0
Sess01_script03_M016,anger,2.0,2.5,4,버려진 5분만큼 발 본인을 발전시키고 n/ 나중에 만납시다.,ᆸ시다,train,0.1,0.1,0.0,0.0,0.8,0.0,0.0
Sess01_script03_M016,anger,2.0,2.5,5,그럼 나가주시죠.,죠,train,0.1,0.1,0.0,0.0,0.8,0.0,0.0
Sess01_script04_F012,anger,1.9,2.8,1,b/ 회사 다닐 때 했습니다.,습니다,train,0.7,0.0,0.0,0.0,0.2,0.1,0.0
Sess01_script04_F018,anger,1.4,3.8,1,원래 면접을 이런 식으로 봐요?,어요,train,0.9,0.0,0.0,0.0,0.0,0.0,0.1
Sess01_script04_F019,anger,1.4,4.3,1,신성 좋아하고 있네.,네,train,1.0,0.0,0.0,0.0,0.0,0.0,0.0
Sess01_script04_F019,anger,1.4,4.3,2,이력서 한 줄 채우려고 내가 특기를 좀 과장되게 썼지만 그렇다고 이걸 이런 식으로 엮는 게 오히려 이상한 신성모독 아닌가요?,ᆫ가요,train,1.0,0.0,0.0,0.0,0.0,0.0,0.0
Sess01_script04_F019,anger,1.4,4.3,3,"당신들 습관인 거 같은데 가뜩이나 취직 안 돼서 괴로워 죽겠는데, 사람 갖고 놀아?",어,train,1.0,0.0,0.0,0.0,0.0,0.0,0.0
Sess01_script05_F003,anger,2.1,2.3,1,거기 마트 생긴 지 두 달이 넘었어.,어,train,0.4,0.3,0.0,0.0,0.3,0.0,0.0
Sess01_script05_F003,anger,2.1,2.3,2,그것도 몰라?,어,train,0.4,0.3,0.0,0.0,0.3,0.0,0.0
Sess01_script05_F005,sadness,1.6,1.9,1,잘 들어 나 폐에 종양이 생겼대.,어 | 대,train,0.0,0.0,0.0,0.0,0.4,0.6,0.0
Sess01_script05_F006,sadness,1.6,1.9,1,당신 나 없이도 꿋꿋하게 애들 키우며 살아야 해.,어,train,0.0,0.0,0.0,0.0,0.3,0.7,0.0
Sess01_script05_M008,sadness,1.7,2.8,1,자기 지금 무슨 소리야 농담이지?,야 | 지,train,0.0,0.0,0.0,0.0,0.0,0.1,0.9
Sess01_script05_F007,sadness,1.5,1.9,1,악성이래 이미 왼쪽에 70프로 정도 퍼져있구 정확한 건 가슴을 열어봐야 알겠지만 림프절과 늑막에 전이가 됐대.,대,train,0.0,0.0,0.0,0.0,0.1,0.9,0.0
Sess01_script05_M009,sadness,1.4,2.9,1,장난하는 거지?,지,train,0.0,0.0,0.0,0.0,0.3,0.1,0.6
Sess01_script05_M009,sadness,1.4,2.9,2,농담하는 거잖아.,잖아,train,0.0,0.0,0.0,0.0,0.3,0.1,0.6
Sess01_script05_M009,sadness,1.4,2.9,3,지금이라도 빨리 병원 가자.,자,train,0.0,0.0,0.0,0.0,0.3,0.1,0.6
Sess01_script05_F008,sadness,1.4,2.0,1,이미 늦었어.,어,train,0.0,0.0,0.0,0.0,0.1,0.9,0.0
Sess01_script05_M010,sadness,1.7,2.9,1,아니 수술하면 되는 거 아니야?,야,train,0.0,0.0,0.2,0.0,0.3,0.1,0.4
Sess01_script05_M011,sadness,1.6,2.4,1,b/ 어 그 얼마나 살 수 있대?,대,train,0.0,0.0,0.2,0.0,0.4,0.2,0.2
Sess01_script05_M015,sadness,1.6,3.1,1,빨 빨 n/ 빨리 병원 가자.,자,train,0.0,0.0,0.5,0.0,0.1,0.4,0.0
Sess01_script05_M016,sadness,1.6,2.5,1,갑자기 아버지 이야긴 왜 꺼내?,어,train,0.0,0.0,0.2,0.0,0.2,0.2,0.4
Sess01_script05_F014,sadness,1.6,2.2,1,사실 우리 아빠도 나랑 같은 병이었어.,어,train,0.0,0.0,0.0,0.0,0.1,0.9,0.0
Sess01_script05_M017,sadness,1.6,2.6,1,당신 어릴 적에 사고로 돌아가셨다고 했지 않아?,어,train,0.1,0.0,0.0,0.0,0.1,0.2,0.6
Sess01_script05_M017,sadness,1.6,2.6,2,날 속인거야?,야,train,0.1,0.0,0.0,0.0,0.1,0.2,0.6
Sess01_script05_F015,sadness,1.3,2.0,1,미안해.,어,train,0.0,0.0,0.0,0.0,0.0,1.0,0.0
Sess01_script05_F015,sadness,1.3,2.0,2,아빤 삼 년 동안 폐암으로 병원에 계시다 돌아가셨어.,어,train,0.0,0.0,0.0,0.0,0.0,1.0,0.0
Sess01_script06_F005,anger,2.2,2.7,1,아 됐고.,고,train,0.7,0.1,0.0,0.0,0.2,0.0,0.0
Sess01_script06_F005,anger,2.2,2.7,2,나 드라마 봐야 해.,어,train,0.7,0.1,0.0,0.0,0.2,0.0,0.0
Sess01_script06_F006,anger,1.7,3.3,1,아 모르겠고 드라마 할 시간이니까 리모콘이나 (주시지),지,train,0.8,0.1,0.0,0.0,0.1,0.0,0.0
Sess01_script06_M005,anger,2.9,3.2,1,(주시지+야야야야야) 이거 이거 10분이면 끝나 이거 조금만 기다려.,지 | 어 | 어,train,0.0,0.1,0.0,0.0,0.9,0.0,0.0
Sess01_script06_F008,anger,1.8,3.9,1,아 몰라 그게 당첨되겠냐.,어 | 냐,train,1.0,0.0,0.0,0.0,0.0,0.0,0.0
Sess01_script06_F008,anger,1.8,3.9,2,어우 씨 진짜 어떤 여자가 너랑 너랑 결혼할지 진짜 불쌍하다 불쌍해.,어,train,1.0,0.0,0.0,0.0,0.0,0.0,0.0
Sess01_script06_F013,anger,3.2,4.1,1,(어쩌면 좋냐+아 진짜) 뭔데 빨리 빨리.,냐,train,0.5,0.0,0.0,0.0,0.1,0.0,0.4
Sess01_script06_M026,happiness,3.7,3.9,1,아이 진짜 씨 b/ 뭐라고?,라고,train,0.0,0.0,0.0,0.5,0.5,0.0,0.0
Sess01_script06_M027,happiness,4.2,4.4,1,n/ 1억이라.,라,train,0.0,0.0,0.0,0.4,0.6,0.0,0.0
Sess01_script06_M027,happiness,4.2,4.4,2,음 좋아 내가 돈 찾으면 내가 바로 현금으로 줄게.,어 | ᆯ게,train,0.0,0.0,0.0,0.4,0.6,0.0,0.0
Sess01_impro01_F006,anger,2.0,2.9,1,저 여기 스파주방장입니다.,ᆸ니다,train,0.4,0.3,0.0,0.0,0.3,0.0,0.0
Sess01_impro01_M006,anger,2.3,2.6,1,l/ 아 유명한 거 많이 얘기 들었습니다.,습니다,train,0.0,0.2,0.0,0.0,0.8,0.0,0.0
Sess01_impro01_M006,anger,2.3,2.6,2,"얘기 들었는데, 저야 어차피 그건 잘 모르고, 어차피 저희 자존심 걸린 문제는 이 맛으로부터 평가되지 않겠습니까?",습니까,train,0.0,0.2,0.0,0.0,0.8,0.0,0.0
Sess01_impro01_M006,anger,2.3,2.6,3,제가 외국에서 배웠을 때는 이런 라면은 쓰레기 취하 취합됩니다.,ᆸ니다,train,0.0,0.2,0.0,0.0,0.8,0.0,0.0
Sess01_impro01_F008,anger,2.2,3.2,1,외국에서 그렇게 잘나가시는 분이 왜 들어오셨을까?,을까,train,0.5,0.3,0.0,0.1,0.1,0.0,0.0
Sess01_impro01_F008,anger,2.2,3.2,2,왜 한국으로 기어들어오셨을까?,을까,train,0.5,0.3,0.0,0.1,0.1,0.0,0.0
Sess01_impro01_F008,anger,2.2,3.2,3,여기는 내 주방입니다.,ᆸ니다,train,0.5,0.3,0.0,0.1,0.1,0.0,0.0
Sess01_impro01_M009,anger,2.3,2.5,1,하나만 더 물어보죠.,죠,train,0.0,0.4,0.0,0.0,0.6,0.0,0.0
Sess01_impro01_M009,anger,2.3,2.5,2,방송국에 돈 찔렀죠?,죠,train,0.0,0.4,0.0,0.0,0.6,0.0,0.0
Sess01_impro01_M009,anger,2.3,2.5,3,돈 찔른 거 (아닙니까?),ᆸ니까,train,0.0,0.4,0.0,0.0,0.6,0.0,0.0
Sess01_impro01_F010,anger,1.9,3.1,1,"(아닙니까?+굉장히) 지금 위험한 발언을 하시는데, 그럼 지금 이사람들 바보로 지금 취급하시는 겁니까?",ᆸ니까 | ᆸ니까,train,0.9,0.1,0.0,0.0,0.0,0.0,0.0
Sess01_impro01_M010,anger,2.4,2.5,1,"저는 모릅니다 바보아닌지 바보인진 모르겠지만, 저 여기 앞에 지금 식당에 있는 이 손님들도 속아서 온 거일지도 모르지 않습니까?",ᆸ니다 | 습니까,train,0.0,0.2,0.0,0.0,0.8,0.0,0.0
Sess01_impro01_F011,anger,2.1,3.3,1,그래요.,어요,train,0.7,0.3,0.0,0.0,0.0,0.0,0.0
Sess01_impro01_F011,anger,2.1,3.3,2,손님들 말 잘하셨네요.,네요,train,0.7,0.3,0.0,0.0,0.0,0.0,0.0
Sess01_impro01_F011,anger,2.1,3.3,3,"손님들이 바보도 아니고, 이렇게 비싼 돈 내고 먹으러 왔겠습니까?",습니까,train,0.7,0.3,0.0,0.0,0.0,0.0,0.0
Sess01_impro01_M011,anger,2.2,2.6,1,그래서 얘기하는겁니다.,ᆸ니다,train,0.2,0.3,0.0,0.0,0.5,0.0,0.0
Sess01_impro01_M011,anger,2.2,2.6,2,지금 당신은 맛으로 승부한다기보다는 이 스타성 때문에 겉으로 지금 번들번들한 것 때문에 이거 땜에 지금 금액대가 올라간 거고 이거 땜에 지금 당신은 이 스타성을 유지하고 있다고 생각하지 않습니까?,습니까,train,0.2,0.3,0.0,0.0,0.5,0.0,0.0
Sess01_impro01_M011,anger,2.2,2.6,3,(아뇨 + 밖에) 지금 서 있는 저 줄 서 있는 저 사람들을 보십쇼.,ᆸ쇼,train,0.2,0.3,0.0,0.0,0.5,0.0,0.0
Sess01_impro01_M011,anger,2.2,2.6,4,그 정도의 댓가에 그런 맛입니까?,ᆸ니까,train,0.2,0.3,0.0,0.0,0.5,0.0,0.0
Sess01_impro01_M016,anger,2.1,2.7,1,좋습니다.,습니다,train,0.4,0.0,0.0,0.0,0.6,0.0,0.0
Sess01_impro01_M016,anger,2.1,2.7,2,제가 나가서 어떻게 되는지 한번 봅시다.,ᆸ시다,train,0.4,0.0,0.0,0.0,0.6,0.0,0.0
Sess01_impro02_F013,sadness,1.9,2.7,1,미안하다 엄마가 못나서.,다 | 어,train,0.2,0.0,0.0,0.0,0.2,0.6,0.0
Sess01_impro02_F017,sadness,2.1,2.7,1,사람이 힘들 때가 원래 힘든 일은 같이 우는 거야.,야,train,0.1,0.0,0.0,0.0,0.2,0.7,0.0
Sess01_impro03_F003,anger,2.0,2.7,1,지금 이 거래내역이 어떻게 되는 거죠?,죠,train,0.5,0.1,0.0,0.0,0.4,0.0,0.0
Sess01_impro03_F003,anger,2.0,2.7,2,왜 여기서 마이너스가 나는 거지,지,train,0.5,0.1,0.0,0.0,0.4,0.0,0.0
Sess01_impro03_M004,anger,2.2,2.4,1,하 죄송합니다 그게 제 탓으로 만 하기는 너무 억울하구요.,ᆸ니다 | 구요,train,0.0,0.0,0.2,0.0,0.6,0.2,0.0
Sess01_impro03_F006,anger,2.0,2.6,1,그러게 왜 일을 이런 식으로 했어요.,어요,train,0.4,0.3,0.0,0.0,0.3,0.0,0.0
Sess01_impro04_F013,happiness,4.4,3.4,1,나 그때 맹장 터졌을 때 l/ o/ 그때 막 병원에서 우리 은미 죽어요 l/ 하면서 막 뛰어왔잖아 o/ 맹장이 죽을병 걸린 줄 알겠어 누가 보면.,잖아 | 어,train,0.0,0.0,0.0,0.7,0.3,0.0,0.0
Sess01_impro04_M014,happiness,3.7,3.0,1,아니 자기는 그거를 매년마다 꺼낼 거야?,야,train,0.0,0.0,0.0,0.3,0.7,0.0,0.0
Sess01_impro04_M014,happiness,3.7,3.0,2,맨날 얘기하면서 그렇게 웃어?,어,train,0.0,0.0,0.0,0.3,0.7,0.0,0.0
Sess01_impro04_M015,happiness,3.7,3.5,1,"(어+아니) 그땐 나도 그게 죽을 병인지, 죽을 병인지 알았으니까 그렇게 된 거지 맹장인 줄 알았으면 아이고 나도 이제 안 그래.",어,train,0.1,0.0,0.0,0.1,0.8,0.0,0.0
Sess01_impro04_F015,happiness,4.6,3.4,1,나는 좋았다고 그 얘기를 하고 싶은 거예요.,예요,train,0.0,0.0,0.0,0.7,0.3,0.0,0.0
Sess01_impro04_M016,happiness,3.8,3.1,1,그래 나도 u/ 천만다행이었어.,어,train,0.0,0.0,0.0,0.2,0.8,0.0,0.0
Sess01_impro04_F016,happiness,4.7,3.6,1,아니 맹장이랑 몸 관리랑 무슨 상관이야.,야,train,0.0,0.0,0.0,0.9,0.1,0.0,0.0
Sess01_impro04_M018,happiness,3.0,2.7,1,그건 그런가?,ᆫ가,train,0.0,0.0,0.0,0.0,1.0,0.0,0.0
Sess01_impro04_F017,happiness,4.5,3.4,1,아휴 나보다 나를 더 챙겨주는 사람이 있다는 게 얼마나 좋은 건지 당신이랑 결혼해서 너무 좋아 다행이야.,어 | 야,train,0.0,0.0,0.0,0.7,0.3,0.0,0.0
Sess01_impro04_F018,happiness,4.2,3.2,1,미안해?,어,train,0.0,0.0,0.0,0.7,0.3,0.0,0.0
Sess01_impro04_M021,happiness,3.2,3.1,1,아유 됐어.,어,train,0.0,0.0,0.0,0.0,0.9,0.0,0.1
Sess01_impro04_M023,happiness,3.9,2.9,1,사랑해.,어,train,0.0,0.0,0.0,0.2,0.8,0.0,0.0
Sess01_impro04_F023,happiness,4.5,3.2,1,아 안 들려 안 들려.,어 | 어,train,0.0,0.0,0.0,0.7,0.3,0.0,0.0
Sess01_impro04_M024,happiness,3.6,3.2,1,귀까지 먹은 거야?,야,train,0.0,0.0,0.0,0.1,0.9,0.0,0.0
Sess01_impro04_F024,happiness,4.7,3.6,1,l/ 아 너무 작잖아 그 정도밖에 안돼?,잖아 | 어,train,0.0,0.0,0.0,0.9,0.1,0.0,0.0
Sess01_impro04_M027,happiness,3.9,3.1,1,사랑해 사랑해.,어,train,0.0,0.0,0.0,0.1,0.9,0.0,0.0
Sess01_impro04_M027,happiness,3.9,3.1,2,어 자기밖에 없어.,어,train,0.0,0.0,0.0,0.1,0.9,0.0,0.0
Sess01_impro04_F027,happiness,4.6,3.7,1,어머 저 말을 저렇게 무미건조하게 한다고?,ᆫ다고,train,0.0,0.0,0.0,1.0,0.0,0.0,0.0
Sess01_impro04_M029,happiness,4.0,3.1,1,아이 근데 나 피곤하긴 피곤한데.,ᆫ데,train,0.0,0.0,0.0,0.2,0.8,0.0,0.0
Sess01_impro04_M031,happiness,3.8,3.1,1,(귀여워 죽겠네+아니 근데) 수건 어디 갔어?,네 | 어,train,0.0,0.0,0.0,0.1,0.8,0.0,0.1
Sess01_impro04_M032,happiness,3.4,2.7,1,왜 수건 위치도 까먹어 남에 집 왔나 봐.,어,train,0.0,0.0,0.0,0.0,1.0,0.0,0.0
Sess01_impro04_F033,happiness,4.4,3.6,1,l/ 잔다니까?,ᆫ다니까,train,0.0,0.0,0.0,0.8,0.2,0.0,0.0
Sess20_script01_F003,anger,2.1,3.1,1,거기 마트 생긴지 두달이 넘었어.,어,val,0.6,0.0,0.0,0.0,0.4,0.0,0.0
Sess20_script01_F003,anger,2.1,3.1,2,그것도 몰라?,어,val,0.6,0.0,0.0,0.0,0.4,0.0,0.0
Sess20_script01_F007,sadness,1.7,2.5,1,당신 나 없이도 꿋꿋하게 애들 키우면서 살아야 돼.,어,val,0.0,0.0,0.0,0.0,0.1,0.9,0.0
Sess20_script01_M009,sadness,2.1,3.3,1,자기 지금 무슨 소리야.,야,val,0.0,0.1,0.0,0.0,0.1,0.0,0.8
Sess20_script01_M009,sadness,2.1,3.3,2,농담이지?,지,val,0.0,0.1,0.0,0.0,0.1,0.0,0.8
Sess20_script01_F008,sadness,1.6,2.5,1,악성이래.,래,val,0.0,0.1,0.0,0.0,0.1,0.8,0.0
Sess20_script01_F008,sadness,1.6,2.5,2,이미 왼쪽에 70프로 정도 퍼져있구 정확한 건 가슴을 열어봐야 알겠지만 림프절과 늑막에까지 전이가 됐대.,대,val,0.0,0.1,0.0,0.0,0.1,0.8,0.0
Sess20_script01_M010,sadness,2.0,3.5,1,아니 잠깐만 장난이지?,지,val,0.0,0.1,0.0,0.0,0.2,0.2,0.5
Sess20_script01_M010,sadness,2.0,3.5,2,농담하는 거지?,지,val,0.0,0.1,0.0,0.0,0.2,0.2,0.5
Sess20_script01_M010,sadness,2.0,3.5,3,지금이라도 빨리 병원가자.,자,val,0.0,0.1,0.0,0.0,0.2,0.2,0.5
Sess20_script01_F009,sadness,1.6,2.8,1,이미 늦었어.,어,val,0.0,0.1,0.0,0.0,0.2,0.7,0.0
Sess20_script01_M011,sadness,2.0,3.7,1,수술하면 되는거 아냐?,냐,val,0.3,0.1,0.0,0.0,0.3,0.1,0.2
Sess20_script01_F012,sadness,1.7,1.9,1,화 낸다고 달라질 건 없어.,어,val,0.0,0.1,0.0,0.0,0.3,0.6,0.0
Sess20_script01_F015,sadness,1.7,2.7,1,사실 우리 아빠도 나랑 똑같은 병이었어.,어,val,0.0,0.0,0.0,0.0,0.1,0.9,0.0
Sess20_script01_M017,sadness,1.9,3.7,1,당신 어릴적에 사고로 돌아가셨다고 했잖아?,잖아,val,0.2,0.1,0.0,0.0,0.0,0.0,0.7
Sess20_script01_M017,sadness,1.9,3.7,2,날 속인거야?,야,val,0.2,0.1,0.0,0.0,0.0,0.0,0.7
Sess20_script02_M003,anger,3.1,3.3,1,야 BTS가 오빠냐 너보다 6살은 어려 웃기고 있네.,냐 | 네,val,0.0,0.8,0.0,0.0,0.2,0.0,0.0
Sess20_script02_F005,anger,2.1,3.7,1,진짜 짜증나.,어,val,0.6,0.3,0.0,0.0,0.1,0.0,0.0
Sess20_script02_F005,anger,2.1,3.7,2,아 됐고 리모컨 내놔.,어,val,0.6,0.3,0.0,0.0,0.1,0.0,0.0
Sess20_script02_F005,anger,2.1,3.7,3,나 저기 드라마 봐야 돼 빨리.,어,val,0.6,0.3,0.0,0.0,0.1,0.0,0.0
Sess20_script02_M005,anger,3.2,3.5,1,야 이거 10분이면 끝나 좀 좀 기다려 봐.,어 | 어,val,0.4,0.2,0.0,0.0,0.4,0.0,0.0
Sess20_script02_F007,anger,2.0,4.3,1,그냥 인터넷으로 나중에 검색하라니까 핸드폰 있잖아.,잖아,val,0.7,0.2,0.0,0.0,0.1,0.0,0.0
Sess20_script02_M007,anger,2.6,3.5,1,(어+야야) 멍멍이 소리 그만하고 보기나 해.,어,val,0.2,0.4,0.0,0.0,0.4,0.0,0.0
Sess20_script02_M020,happiness,4.2,4.1,1,야야 성희야 이거 야 아무한테도 얘기하지마라 진짜.,야 | 어라,val,0.0,0.0,0.0,0.4,0.4,0.0,0.2
Sess20_script02_M022,happiness,3.3,4.3,1,근데 오케이 알았어 알았어 알았어.,어 | 어 | 어,val,0.0,0.0,0.0,0.3,0.7,0.0,0.0
Sess20_script02_F023,happiness,4.4,4.0,1,(응+오빠) o/ 내 친구 은지랑 소개팅 하고 싶다고 했지?,지,val,0.0,0.0,0.0,0.8,0.2,0.0,0.0
Sess20_script02_F023,happiness,4.4,4.0,2,내가 지금 바로 연락해볼까?,ᆯ까,val,0.0,0.0,0.0,0.8,0.2,0.0,0.0
Sess20_script03_M001,happiness,3.6,3.0,1,b/ 천천히 먹어 햄버거 어디 안 도망가.,어,val,0.0,0.0,0.0,0.3,0.7,0.0,0.0
Sess20_script03_M001,happiness,3.6,3.0,2,콜라도 좀 먹구.,구,val,0.0,0.0,0.0,0.3,0.7,0.0,0.0
Sess20_script03_F006,anger,2.1,2.4,1,아 뭐야 나 말 안 해.,야 | 어,val,0.5,0.1,0.0,0.0,0.3,0.1,0.0
Sess20_script03_M006,anger,3.7,2.9,1,아아아 아니 내 뜻은 그게 아니라 갑자기 물어보니까 당황해서 그렇지.,지,val,0.0,0.0,0.0,0.0,0.4,0.0,0.6
Sess20_script03_F013,happiness,4.0,3.5,1,오오 그 맛있겠다.,다,val,0.0,0.0,0.0,0.6,0.4,0.0,0.0
Sess20_script03_M015,happiness,3.9,3.1,1,b/ 어쨌든 아이 둘을 낳아서.,어서,val,0.0,0.0,0.0,0.2,0.8,0.0,0.0
Sess20_script03_M017,anger,3.5,3.0,1,o/ 방금 전에 뭐 니가 한다고 했잖아.,잖아,val,0.0,0.0,0.0,0.3,0.7,0.0,0.0
Sess20_script03_F017,anger,2.5,3.7,1,아니 난 그냥 오빠 좀 불쌍하고 그래서 내가 뭐 그 해준다고 한거지 치.,지,val,0.5,0.2,0.0,0.0,0.3,0.0,0.0
Sess20_script03_F017,anger,2.5,3.7,2,아 내가 뭐 오빠처럼 뭐 이렇게 눈치 없고 센스없고 어리바리한 남자를 내가 왜 데꼬 가냐?,냐,val,0.5,0.2,0.0,0.0,0.3,0.0,0.0
Sess20_script03_F023,happiness,4.1,4.2,1,하하하 아 나 진짜 어이없어.,어,val,0.0,0.0,0.0,0.9,0.1,0.0,0.0
Sess20_script03_F023,happiness,4.1,4.2,2,아 오빠 진짜 웃기다.,다,val,0.0,0.0,0.0,0.9,0.1,0.0,0.0
Sess20_script03_M023,happiness,3.8,3.1,1,이런 선물 받으니까 o/ 어이 어이가 없지?,지,val,0.0,0.1,0.0,0.1,0.4,0.4,0.0
Sess20_script03_F024,happiness,4.4,4.2,1,l/ 아 그래서 우리 만난지 백일 되서 이거 젓가락 백개를 준비했다는 거야?,야,val,0.0,0.0,0.0,0.9,0.1,0.0,0.0
Sess20_script03_F031,happiness,4.3,4.2,1,100일 반지 으이그 이 무능력한 남자야.,야,val,0.0,0.0,0.0,0.8,0.2,0.0,0.0
Sess20_script03_F031,happiness,4.3,4.2,2,여자인 내가 이렇게 반지를 준비해야겠어.,어,val,0.0,0.0,0.0,0.8,0.2,0.0,0.0
Sess20_script03_F031,happiness,4.3,4.2,3,오빠가 당연히 준비해야지.,어야지,val,0.0,0.0,0.0,0.8,0.2,0.0,0.0
Sess20_script04_F009,anger,2.4,3.1,1,팀장님 지금 말이 좀 심하신 거 같은데.,은데,val,0.6,0.2,0.0,0.0,0.2,0.0,0.0
Sess20_script04_F012,anger,2.1,3.5,1,지금 너무 공격적으로 생각하시는 것 같은데?,은데,val,0.6,0.1,0.0,0.0,0.3,0.0,0.0
Sess20_script04_F012,anger,2.1,3.5,2,아니 저도 고민하고 심사숙고해서 낸 아이디언데 뭐가 문제였는지 뭐가 부족했는지 물어볼 순 있잖아요?,잖아요,val,0.6,0.1,0.0,0.0,0.3,0.0,0.0
Sess20_script04_F013,anger,2.1,3.3,1,개인 감정인가요?,ᆫ가,val,0.5,0.1,0.0,0.0,0.4,0.0,0.0
Sess20_script04_F014,anger,2.1,4.0,1,아니 오타 때문에 지금 제 아이디어를 탈락 시키셨다는 거예요?,예요,val,0.9,0.1,0.0,0.0,0.0,0.0,0.0
Sess20_script04_F016,anger,2.0,3.5,1,(맡길 수 있습니까+아니) 그래도 지금 그게 문제가 (아니),습니까,val,0.9,0.1,0.0,0.0,0.0,0.0,0.0
Sess20_script05_M012,anger,3.1,3.0,1,(좀+아 저 됐구요) 취직 공부하느라고 연애할 시간도 없었던 거죠?,구요 | 죠,val,0.0,0.2,0.0,0.0,0.8,0.0,0.0
Sess20_script05_M012,anger,3.1,3.0,2,그럼 마지막 연애 한 게 언제에요?,에요,val,0.0,0.2,0.0,0.0,0.8,0.0,0.0
Sess20_script05_F017,anger,2.0,3.1,1,근데 원래 면접을 이런 식으로 보시나요?,나요,val,0.7,0.1,0.0,0.0,0.1,0.0,0.1
Sess20_script06_F007,anger,1.9,3.7,1,b/ 지섭씨 우리가 지금 사람하고 고라니를 착각 할 정돈 아니잖아.,잖아,val,0.4,0.0,0.1,0.0,0.3,0.0,0.2
Sess20_script06_F009,anger,1.6,4.2,1,(그럼 된 거 아냐+지금 무슨) 소릴 하는거야?,냐 | 야,val,0.7,0.1,0.0,0.0,0.0,0.0,0.2
Sess20_script06_F009,anger,1.6,4.2,2,지금 어딘가에 있을거야.,야,val,0.7,0.1,0.0,0.0,0.0,0.0,0.2
Sess20_script06_F009,anger,1.6,4.2,3,우리 분명히 사람을 쳤다고 당장 찾아서 병원 데려고 가야돼 그거.,어,val,0.7,0.1,0.0,0.0,0.0,0.0,0.2
Sess20_impro01_F009,happiness,3.9,3.1,1,참 아니 그렇게 소독해주겠단 사람이 집안 응급 상자는 어딨는지 몰라?,어,val,0.0,0.1,0.0,0.6,0.3,0.0,0.0
Sess20_impro01_M014,happiness,4.0,3.1,1,b/ 아니 그 알잖아.,잖아,val,0.0,0.1,0.0,0.0,0.9,0.0,0.0
Sess20_impro01_M014,happiness,4.0,3.1,2,내가 와서 일류요리사도 자기 라면 끓여먹지 자 아 밥 해먹고 이런 거 모르잖아.,지 | 잖아,val,0.0,0.1,0.0,0.0,0.9,0.0,0.0
Sess20_impro01_F013,happiness,3.8,3.5,1,윤서 잔다니까.,ᆫ다니까,val,0.1,0.0,0.0,0.5,0.4,0.0,0.0
Sess20_impro01_F015,happiness,3.4,3.1,1,l/ 수술만 안 아프게 하나 봐.,나 | 어,val,0.2,0.1,0.0,0.5,0.1,0.0,0.1
Sess20_impro01_M024,happiness,3.8,2.9,1,아이고 당신 윤서도 중요하지만 나한텐 당신도 중요하니까 몸 좀 챙기고 그래.,어,val,0.0,0.0,0.0,0.1,0.9,0.0,0.0
Sess20_impro01_F017,happiness,4.0,3.4,1,알았어.,어,val,0.0,0.0,0.0,0.8,0.2,0.0,0.0
Sess20_impro01_M025,happiness,3.6,2.9,1,뭐 하는 거야.,야,val,0.0,0.1,0.0,0.2,0.6,0.1,0.0
Sess20_impro01_M025,happiness,3.6,2.9,2,마음 아프게.,게,val,0.0,0.1,0.0,0.2,0.6,0.1,0.0
Sess20_impro01_F018,happiness,4.0,3.6,1,근데 당신 기억나?,어,val,0.0,0.0,0.0,0.9,0.1,0.0,0.0
Sess20_impro01_F019,happiness,4.1,3.6,1,그 때 나 아프다고 며칠동안 회사 못 나갔는데 그때 나 데리고 응급실 가서 c/ 어어 은미 살려주세요.,세요,val,0.0,0.0,0.0,0.9,0.1,0.0,0.0
Sess20_impro01_F019,happiness,4.1,3.6,2,저도 여기 의사에요.,에요,val,0.0,0.0,0.0,0.9,0.1,0.0,0.0
Sess20_impro01_F019,happiness,4.1,3.6,3,(저도 여기 알아요 그랬잖아),어요 | 잖아,val,0.0,0.0,0.0,0.9,0.1,0.0,0.0
Sess20_impro01_M026,happiness,3.9,3.5,1,(저도 여기 알아요 그랬잖아+에이 무슨 무슨 소리하는 거야) 그런 적이 언제 있어.,어요 | 잖아 | 야 | 어,val,0.0,0.0,0.0,0.4,0.4,0.0,0.2
Sess20_impro01_M026,happiness,3.9,3.5,2,(안그랬어),어,val,0.0,0.0,0.0,0.4,0.4,0.0,0.2
Sess20_impro01_F020,happiness,4.3,4.1,1,(안 그랬어+아 그랬잖아) 기억 안 나?,어 | 잖아 | 어,val,0.0,0.0,0.0,0.9,0.1,0.0,0.0
Sess20_impro01_F020,happiness,4.3,4.1,2,내가 전화해서 물어볼까?,ᆯ까,val,0.0,0.0,0.0,0.9,0.1,0.0,0.0
Sess20_impro01_M027,happiness,3.9,3.5,1,아이 그만해.,어,val,0.1,0.2,0.0,0.1,0.4,0.0,0.2
Sess20_impro01_M027,happiness,3.9,3.5,2,u/ 왜 그래.,어,val,0.1,0.2,0.0,0.1,0.4,0.0,0.2
Sess20_impro01_F021,happiness,4.3,3.7,1,그때 거기에서 일하던 사람들 몇 명 지금 있을텐데.,ᆫ데,val,0.0,0.1,0.0,0.8,0.1,0.0,0.0
Sess20_impro01_F021,happiness,4.3,3.7,2,내가 지금 전화해서 확인한다.,ᆫ다,val,0.0,0.1,0.0,0.8,0.1,0.0,0.0
Sess20_impro01_M028,happiness,3.9,3.3,1,에이 그러지 마세요.,세요,val,0.0,0.1,0.0,0.1,0.8,0.0,0.0
Sess20_impro01_M028,happiness,3.9,3.3,2,나 그거 맹장인 줄 알고 그랬지.,지,val,0.0,0.1,0.0,0.1,0.8,0.0,0.0
Sess20_impro01_M028,happiness,3.9,3.3,3,o/ 나 놀래가지고 당연히 그 상황에선 그럴 수 밖에 없는 거지.,지,val,0.0,0.1,0.0,0.1,0.8,0.0,0.0
Sess20_impro01_F022,happiness,4.1,3.2,1,오 그랬구나.,구나,val,0.0,0.0,0.0,0.9,0.1,0.0,0.0
Sess20_impro01_F022,happiness,4.1,3.2,2,그래서 그랬구나.,구나,val,0.0,0.0,0.0,0.9,0.1,0.0,0.0
Sess20_impro01_M029,happiness,3.7,3.0,1,그래 그래서 그런 거야.,야,val,0.0,0.0,0.0,0.2,0.8,0.0,0.0
Sess20_impro01_F023,happiness,4.1,3.0,1,그래서 내가 죽을까 봐 엄청 놀랬나 보지.,지,val,0.0,0.0,0.0,0.9,0.1,0.0,0.0
Sess20_impro01_M030,happiness,3.9,3.0,1,아 그만 좀 해.,어,val,0.0,0.0,0.0,0.2,0.8,0.0,0.0
Sess20_impro01_M030,happiness,3.9,3.0,2,윤서 깨겠다.,다,val,0.0,0.0,0.0,0.2,0.8,0.0,0.0
Sess20_impro01_F024,happiness,4.2,3.5,1,아 뭐 깨면 어때.,어,val,0.0,0.0,0.0,1.0,0.0,0.0,0.0
Sess20_impro01_F024,happiness,4.2,3.5,2,깨면 깨는 거지.,지,val,0.0,0.0,0.0,1.0,0.0,0.0,0.0
Sess20_impro01_F024,happiness,4.2,3.5,3,다시 재우면 되지.,지,val,0.0,0.0,0.0,1.0,0.0,0.0,0.0
Sess20_impro01_F025,happiness,4.2,3.0,1,어디 가.,어,val,0.0,0.0,0.0,0.9,0.1,0.0,0.0
Sess20_impro01_M032,happiness,3.9,3.1,1,아 왜 그러세요.,세요,val,0.0,0.0,0.0,0.4,0.6,0.0,0.0
Sess20_impro01_M032,happiness,3.9,3.1,2,빨리 잠이나 자세요.,세요,val,0.0,0.0,0.0,0.4,0.6,0.0,0.0
Sess20_impro01_M032,happiness,3.9,3.1,3,저 내일 아침 일찍 수술 있어서 빨리 가 (자야돼요),어요,val,0.0,0.0,0.0,0.4,0.6,0.0,0.0
Sess20_impro01_F026,happiness,4.3,3.9,1,(자야돼요+잠깐) 앉아 봐 앉아 봐.,어요 | 어,val,0.0,0.0,0.0,1.0,0.0,0.0,0.0
Sess20_impro01_F026,happiness,4.3,3.9,2,자기 나 사랑해?,어,val,0.0,0.0,0.0,1.0,0.0,0.0,0.0
Sess20_impro01_M033,happiness,3.9,3.1,1,아 왜 그래.,어,val,0.0,0.0,0.0,0.3,0.6,0.0,0.1
Sess20_impro01_F031,happiness,4.1,3.9,1,아 어디가.,어,val,0.1,0.1,0.0,0.5,0.3,0.0,0.0
Sess20_impro01_F031,happiness,4.1,3.9,2,다시 말해 봐.,어,val,0.1,0.1,0.0,0.5,0.3,0.0,0.0
Sess20_impro01_F031,happiness,4.1,3.9,3,잘 못 o/ 들었어.,어,val,0.1,0.1,0.0,0.5,0.3,0.0,0.0
Sess20_impro01_M037,happiness,4.0,4.0,1,사랑해.,어,val,0.0,0.0,0.0,0.5,0.5,0.0,0.0
Sess20_impro01_M037,happiness,4.0,4.0,2,사랑해.,어,val,0.0,0.0,0.0,0.5,0.5,0.0,0.0
Sess20_impro01_M037,happiness,4.0,4.0,3,됐지?,지,val,0.0,0.0,0.0,0.5,0.5,0.0,0.0
Sess20_impro01_M037,happiness,4.0,4.0,4,o/ 씻으러 간다.,ᆫ다,val,0.0,0.0,0.0,0.5,0.5,0.0,0.0
Sess20_impro01_M038,happiness,3.7,3.1,1,왜 그런데.,ᆫ데,val,0.0,0.0,0.0,0.4,0.6,0.0,0.0
Sess20_impro01_F033,happiness,4.4,4.1,1,진짜 내가 엎드려 절 받기 했다.,다,val,0.0,0.2,0.0,0.8,0.0,0.0,0.0
Sess20_impro01_F033,happiness,4.4,4.1,2,오늘만 하루 봐준다.,ᆫ다,val,0.0,0.2,0.0,0.8,0.0,0.0,0.0
Sess20_impro01_M039,happiness,3.7,3.1,1,알았어요.,어요,val,0.0,0.0,0.0,0.1,0.9,0.0,0.0
Sess20_impro01_M044,happiness,3.1,2.8,1,그럼 따라 죽어야지 그럼.,어야지,val,0.0,0.0,0.0,0.1,0.5,0.4,0.0
Sess20_impro01_M044,happiness,3.1,2.8,2,자살 자살할게.,ᆯ게,val,0.0,0.0,0.0,0.1,0.5,0.4,0.0
Sess20_impro01_F039,happiness,4.3,3.4,1,l/ 알았어.,어,val,0.0,0.0,0.0,0.9,0.1,0.0,0.0
Sess20_impro01_F039,happiness,4.3,3.4,2,빨리 씻고 와.,어,val,0.0,0.0,0.0,0.9,0.1,0.0,0.0
Sess20_impro01_F039,happiness,4.3,3.4,3,오늘은 이만 보내준다.,ᆫ다,val,0.0,0.0,0.0,0.9,0.1,0.0,0.0
Sess20_impro01_F040,happiness,4.5,3.7,1,근데 내일 뭐 먹고 싶어?,어,val,0.0,0.0,0.0,0.8,0.2,0.0,0.0
Sess20_impro01_F041,happiness,4.7,3.8,1,아 그러면 한 번만 더 사랑한다고 하고 가 봐.,어,val,0.0,0.0,0.0,0.9,0.1,0.0,0.0
Sess20_impro01_F042,happiness,4.3,3.8,1,l/ n/ 진짜 당신 때문에 산다.,ᆫ다,val,0.0,0.0,0.0,1.0,0.0,0.0,0.0
Sess20_impro01_F042,happiness,4.3,3.8,2,가.,어,val,0.0,0.0,0.0,1.0,0.0,0.0,0.0
Sess20_impro02_F006,anger,2.0,3.5,1,지금 좀 말이 지나치신 거 아세요?,세요,val,1.0,0.0,0.0,0.0,0.0,0.0,0.0
Sess20_impro02_M008,anger,1.8,3.6,1,그 지나친 거는 미윤 씨가 지 지나친 거 아니에요?,에요,val,0.4,0.6,0.0,0.0,0.0,0.0,0.0
Sess20_impro02_M010,anger,1.7,4.3,1,야 잘됐어요.,어요,val,0.4,0.6,0.0,0.0,0.0,0.0,0.0
Sess20_impro02_M010,anger,1.7,4.3,2,그러면은 하나 더 싸웁시다.,ᆸ시다,val,0.4,0.6,0.0,0.0,0.0,0.0,0.0
Sess20_impro02_M010,anger,1.7,4.3,3,보세요 이거.,세요,val,0.4,0.6,0.0,0.0,0.0,0.0,0.0
Sess20_impro02_M010,anger,1.7,4.3,4,이거 이거 탕수육이야 뭐야 이거.,야 | 야,val,0.4,0.6,0.0,0.0,0.0,0.0,0.0
Sess20_impro02_M010,anger,1.7,4.3,5,아님 이거 고기튀김이야?,야,val,0.4,0.6,0.0,0.0,0.0,0.0,0.0
Sess20_impro02_M011,anger,2.0,4.4,1,아니 이렇게 비싼 튀김 내 처음 먹어보는데 이건 뭐 탕수육도 아니고 그냥 돼지고기에다 그냥 덕지덕지 붙여놓고 튀긴 올린 거 그런 음식 아니야 지금.,야,val,0.3,0.7,0.0,0.0,0.0,0.0,0.0
Sess20_impro02_M012,anger,2.0,4.2,1,이거 팔겠다는 거에요 지금?,에요,val,0.4,0.6,0.0,0.0,0.0,0.0,0.0
Sess20_impro02_F009,anger,1.7,4.4,1,저도 나름 요리에 일가견있고 요리 오래한 사람이에요.,에요,val,0.8,0.2,0.0,0.0,0.0,0.0,0.0
Sess20_impro02_F010,anger,1.7,4.4,1,하 그쪽이 여기 수셰프로 오시기 전까지 제가 여기 수셰프이었거든요.,거든요,val,0.9,0.0,0.0,0.0,0.0,0.0,0.1
Sess20_impro02_M013,anger,2.6,4.0,1,성질나요?,어요,val,0.2,0.7,0.0,0.0,0.1,0.0,0.0
Sess20_impro02_M013,anger,2.6,4.0,2,막 분해요?,어요,val,0.2,0.7,0.0,0.0,0.1,0.0,0.0
Sess20_impro02_M013,anger,2.6,4.0,3,막 열 받어?,어,val,0.2,0.7,0.0,0.0,0.1,0.0,0.0
Sess20_impro02_M013,anger,2.6,4.0,4,짜증나요?,어요,val,0.2,0.7,0.0,0.0,0.1,0.0,0.0
Sess20_impro02_F011,anger,1.8,4.7,1,그럼 내가 당연히 그러지 지금 가만히.,지,val,0.9,0.0,0.0,0.0,0.0,0.0,0.1
Sess20_impro02_F011,anger,1.8,4.7,2,하 진짜 어이가 없어서.,어서,val,0.9,0.0,0.0,0.0,0.0,0.0,0.1
Sess20_impro02_F012,anger,1.6,4.7,1,지금 그쪽 인제 막 수셰프 됐다고 나 무시하고 내 요리 욕 하고 그러는 거에요?,에요,val,0.9,0.0,0.0,0.0,0.0,0.0,0.1
Sess20_impro02_M014,anger,2.6,3.8,1,l/ 말은 아주 잘하네요.,네요,val,0.1,0.7,0.0,0.0,0.2,0.0,0.0
Sess20_impro02_M015,anger,2.4,4.1,1,그래요 그럼 다 해결됐네요.,어요 | 네요,val,0.4,0.6,0.0,0.0,0.0,0.0,0.0
Sess20_impro02_M015,anger,2.4,4.1,2,그 말할 정도에 실력을 요리 실력도 그렇게 높이면 되겠네 지금.,네,val,0.4,0.6,0.0,0.0,0.0,0.0,0.0
Sess20_impro02_F013,anger,1.6,4.9,1,지금 뭐라 그랬어요?,어요,val,1.0,0.0,0.0,0.0,0.0,0.0,0.0
Sess20_impro02_F014,anger,1.5,4.6,1,하 그쪽이 그렇게 요리를 잘해요?,어요,val,0.9,0.1,0.0,0.0,0.0,0.0,0.0
Sess20_impro02_F014,anger,1.5,4.6,2,아 예 맞아요.,어요,val,0.9,0.1,0.0,0.0,0.0,0.0,0.0
Sess20_impro02_F014,anger,1.5,4.6,3,얘기 들었어요.,어요,val,0.9,0.1,0.0,0.0,0.0,0.0,0.0
Sess20_impro02_F014,anger,1.5,4.6,4,뭐 수상경력도 화려하고 뭐 해외도 몇 번 왔다갔다 하시고 그러시다고요.,다고요,val,0.9,0.1,0.0,0.0,0.0,0.0,0.0
Sess20_impro02_F015,anger,1.4,4.7,1,그런데 그래서 그래서 사람을 이렇게 인격모독까지 하면서 무시하시나?,나,val,0.7,0.3,0.0,0.0,0.0,0.0,0.0
Sess20_impro02_F015,anger,1.4,4.7,2,제 요리까지 그렇게 무시하시냐고요 예?,냐고요,val,0.7,0.3,0.0,0.0,0.0,0.0,0.0
Sess20_impro02_F016,anger,1.5,4.7,1,혼자 그렇게 알아서 먹으세요.,으세요,val,0.9,0.1,0.0,0.0,0.0,0.0,0.0
Sess20_impro02_F016,anger,1.5,4.7,2,여기서 이러지 말고.,고,val,0.9,0.1,0.0,0.0,0.0,0.0,0.0
Sess20_impro02_F018,anger,1.7,3.8,1,그래요.,어요,val,0.5,0.5,0.0,0.0,0.0,0.0,0.0
Sess20_impro02_F018,anger,1.7,3.8,2,그쪽이 그렇게 요리를 잘하나보죠?,죠,val,0.5,0.5,0.0,0.0,0.0,0.0,0.0
Sess20_impro02_F018,anger,1.7,3.8,3,자신감이 아주 철철 넘치네.,네,val,0.5,0.5,0.0,0.0,0.0,0.0,0.0
Sess20_impro02_F019,anger,1.6,4.5,1,그러면 내가 그쪽 짬뽕 먹고 감탄하면 내가 그쪽 밑에서 이 개처럼 일하면서 엄청 배울게.,ᆯ게,val,0.9,0.1,0.0,0.0,0.0,0.0,0.0
Sess20_impro02_F019,anger,1.6,4.5,2,엄청 설설기면서 열심히 배울게요.,ᆯ게요,val,0.9,0.1,0.0,0.0,0.0,0.0,0.0
Sess20_impro02_F019,anger,1.6,4.5,3,근데 아니면 그쪽이 여기서 때려치고 나가요.,어요,val,0.9,0.1,0.0,0.0,0.0,0.0,0.0
Sess20_impro02_F020,anger,1.6,4.1,1,내가 여기서 땀 흘리고 피 흘린 게 얼만데 어?,ᆫ데,val,0.9,0.1,0.0,0.0,0.0,0.0,0.0
Sess20_impro03_F030,anger,1.5,4.5,1,아니 그걸 저보고 하라.,라,val,0.5,0.0,0.1,0.0,0.0,0.2,0.2
Sess20_impro03_F030,anger,1.5,4.5,2,아 진짜 미치겠네.,네,val,0.5,0.0,0.1,0.0,0.0,0.2,0.2
Sess20_impro04_F024,happiness,3.9,3.2,1,b/ u/ 괜찮아.,어,val,0.0,0.0,0.0,0.7,0.3,0.0,0.0
Sess20_impro04_F024,happiness,3.9,3.2,2,우리 이제 맛있는 거 먹을까?,을까,val,0.0,0.0,0.0,0.7,0.3,0.0,0.0
Sess20_impro04_F024,happiness,3.9,3.2,3,뭐 해줄까?,ᆯ까,val,0.0,0.0,0.0,0.7,0.3,0.0,0.0
Sess20_impro04_F024,happiness,3.9,3.2,4,아 내가 김치찌개 해준다고 했지?,지,val,0.0,0.0,0.0,0.7,0.3,0.0,0.0
Sess20_impro04_F024,happiness,3.9,3.2,5,김치찌개 먹자.,자,val,0.0,0.0,0.0,0.7,0.3,0.0,0.0
Sess20_impro04_F024,happiness,3.9,3.2,6,고기 넣어줄게.,ᆯ게,val,0.0,0.0,0.0,0.7,0.3,0.0,0.0
Sess14_script01_M020,sadness,2.3,2.4,1,미안해 사실 n/ 이번에도 월급을 못 받았어.,어 | 어,train,0.0,0.0,0.0,0.0,0.3,0.7,0.0
Sess14_script01_M020,sadness,2.3,2.4,2,가게 사정도 어렵구 근데 우리 오늘 만난지 100일인데 선물.,구,train,0.0,0.0,0.0,0.0,0.3,0.7,0.0
Sess14_script01_M023,sadness,2.4,2.7,1,여진이 너가 생각해도 젓가락 100개는 좀 심했지?,지,train,0.0,0.1,0.0,0.0,0.3,0.6,0.0
Sess14_script01_M023,sadness,2.4,2.7,2,미안해.,어,train,0.0,0.1,0.0,0.0,0.3,0.6,0.0
Sess14_script02_M002,anger,2.5,2.6,1,친오빠한테 오지구 지리구가 뭐냐.,냐,train,0.5,0.2,0.0,0.0,0.3,0.0,0.0
Sess14_script02_M004,anger,2.7,3.8,1,(드라마 봐야 돼+아 가만있어) b/ 이게 다 정성을 담아야 o/ 당첨이 되는거야.,어 | 어 | 야,train,0.6,0.2,0.0,0.0,0.2,0.0,0.0
Sess14_script02_M004,anger,2.7,3.8,2,나의 온 기운을 모아서 그리고 소망을 담아서 한땀 한땀 마킹한 번호 6개가 빛나는 순간까지 본방을 지켜보며 간절히 원하고 또 원해야 당첨 되는거 (몰라),어,train,0.6,0.2,0.0,0.0,0.2,0.0,0.0
Sess14_script02_M005,anger,2.7,4.0,1,(주시지+아 이거) 10분이면 끝나 좀만 기다려.,지 | 어 | 어,train,0.8,0.0,0.0,0.0,0.2,0.0,0.0
Sess14_script02_F014,happiness,4.0,4.2,1,뭔데 아 빨리.,ᆫ데,train,0.2,0.0,0.0,0.0,0.2,0.0,0.6
Sess14_script02_M017,happiness,5.0,5.0,1,로또1등 로또1등 로또1 아이 야 어쩔 어쩔거야 어.,야,train,0.0,0.0,0.0,0.6,0.0,0.0,0.4
Sess14_script02_M025,happiness,4.0,3.8,1,이야 돈이 좋긴 좋네 언제?,네,train,0.0,0.0,0.0,0.7,0.1,0.0,0.2
Sess14_script03_M001,happiness,4.3,3.5,1,야 l/ 저거 봐봐 아 저 개그맨 웃기지 않아?,어 | 어,train,0.0,0.0,0.0,0.8,0.2,0.0,0.0
Sess14_script03_F001,happiness,2.7,2.3,1,뭐가 그렇게 재밌어?,어,train,0.0,0.0,0.0,0.0,1.0,0.0,0.0
Sess14_script03_M002,happiness,4.7,3.9,1,아 l/ 웃기잖아 야 근데 바나나 맛있다.,어 | 다,train,0.0,0.0,0.0,1.0,0.0,0.0,0.0
Sess14_script03_M002,happiness,4.7,3.9,2,어디서 산거야?,야,train,0.0,0.0,0.0,1.0,0.0,0.0,0.0
Sess14_script03_M004,happiness,4.0,3.5,1,아유 모를 수도 있지 뭐 b/ 그게 무슨 대수인가?,지 | ᆫ가,train,0.0,0.0,0.0,0.8,0.2,0.0,0.0
Sess14_script03_M004,happiness,4.0,3.5,2,l/ 야 저거 진짜 웃긴다.,ᆫ다,train,0.0,0.0,0.0,0.8,0.2,0.0,0.0
Sess14_script03_F004,happiness,2.6,2.2,1,o/ 자 이거 받아.,어,train,0.0,0.1,0.0,0.0,0.9,0.0,0.0
Sess14_script03_M013,anger,1.5,4.4,1,b/ n/ 아 그러니까 저번에 가슴 아프다고 할때 내가 병원에 가보라고 했잖아.,잖아,train,1.0,0.0,0.0,0.0,0.0,0.0,0.0
Sess14_script03_M013,anger,1.5,4.4,2,왜 그동안 안 간거야 왜.,야,train,1.0,0.0,0.0,0.0,0.0,0.0,0.0
Sess14_script04_M002,anger,1.4,5.0,1,아이씨 그러니까 날 말렸어야지 술 먹어서 운전 안한다고 했잖아.,어야지 | 잖아,train,1.0,0.0,0.0,0.0,0.0,0.0,0.0
Sess14_script04_M006,anger,1.6,4.3,1,그러니까 이 야밤에 돌아다니다가 내 차에 치이고 난리야 이 씨.,야,train,1.0,0.0,0.0,0.0,0.0,0.0,0.0
Sess14_script04_M010,happiness,3.6,4.3,1,아 l/ 그래 그래 그래 맞아.,어,train,0.0,0.0,0.1,0.8,0.1,0.0,0.0
Sess14_script04_M010,happiness,3.6,4.3,2,o/ 고라니였나 보다 어?,다,train,0.0,0.0,0.1,0.8,0.1,0.0,0.0
Sess14_script04_M010,happiness,3.6,4.3,3,고라니였어.,어,train,0.0,0.0,0.1,0.8,0.1,0.0,0.0
Sess14_script04_M010,happiness,3.6,4.3,4,너랑 나랑 술을 마셔서 고라니를 사람으로 착각한거야.,야,train,0.0,0.0,0.1,0.8,0.1,0.0,0.0
Sess14_script04_M011,anger,1.9,4.3,1,(아니잖아+그럼) 뭐야 어떻게 된건데.,잖아 | 야 | ᆫ데,train,0.9,0.0,0.0,0.1,0.0,0.0,0.0
Sess14_script04_M013,anger,1.4,4.9,1,우리 술 마셨잖아.,잖아,train,1.0,0.0,0.0,0.0,0.0,0.0,0.0
Sess14_script04_M016,anger,1.9,3.6,1,너 내가 망가지길 바래?,어,train,0.8,0.1,0.0,0.0,0.1,0.0,0.0
Sess14_script04_M016,anger,1.9,3.6,2,내가 인생 바닥으로 떨어지길 원하냐구.,냐구,train,0.8,0.1,0.0,0.0,0.1,0.0,0.0
Sess14_script04_M017,anger,1.6,4.7,1,(전화 할+야야) 전화기 내려놔.,어,train,0.9,0.0,0.0,0.0,0.0,0.0,0.1
Sess14_script04_F014,anger,2.1,3.6,1,지섭씨 왜 그래?,어,train,0.0,0.0,0.5,0.0,0.1,0.0,0.4
Sess14_script04_M018,anger,1.9,3.2,1,자꾸 이러면 나도 더 이상 안 참아.,어,train,0.8,0.2,0.0,0.0,0.0,0.0,0.0
Sess14_script04_M019,anger,1.8,2.9,1,너도 사라지게 해줘?,어,train,0.9,0.1,0.0,0.0,0.0,0.0,0.0
Sess14_script04_F015,anger,1.9,3.1,1,지금 계속 무슨 말이야?,야,train,0.0,0.0,0.9,0.0,0.0,0.0,0.1
Sess14_script04_M020,anger,1.9,3.3,1,지금 니가 나한테 하는 짓이 더 이상해.,어,train,0.8,0.2,0.0,0.0,0.0,0.0,0.0
Sess14_script04_M021,anger,1.7,4.5,1,나 지금 망가트리려고 작정했잖아.,잖아,train,1.0,0.0,0.0,0.0,0.0,0.0,0.0
Sess14_script04_M021,anger,1.7,4.5,2,우리 미래 중요하잖아?,잖아,train,1.0,0.0,0.0,0.0,0.0,0.0,0.0
Sess14_script04_M021,anger,1.7,4.5,3,너 입만 뻥끗해봐 너도 똑같이 만들어줄테니까.,니까,train,1.0,0.0,0.0,0.0,0.0,0.0,0.0
Sess14_script04_F016,anger,1.6,2.9,1,지섭씨 무서워.,어,train,0.0,0.0,1.0,0.0,0.0,0.0,0.0
Sess14_script04_M022,anger,1.9,3.6,1,진짜 무서운게 뭔지 보여줘?,어,train,0.9,0.1,0.0,0.0,0.0,0.0,0.0
Sess14_script04_M022,anger,1.9,3.6,2,오늘 있었던 일은 너랑 나랑만 아는거야 아무도 못 봤어.,어,train,0.9,0.1,0.0,0.0,0.0,0.0,0.0
Sess14_script04_M022,anger,1.9,3.6,3,그러니까 넌 입 닥치고 있어 우린 오늘 고라니를 친거야.,어 | 야,train,0.9,0.1,0.0,0.0,0.0,0.0,0.0
Sess14_script04_M022,anger,1.9,3.6,4,아 어차피 죽었는지 살았는지도 모르는데 알바 없잖아.,잖아,train,0.9,0.1,0.0,0.0,0.0,0.0,0.0
Sess14_script04_M023,anger,2.0,3.5,1,o/ 그리고 너 똑바로 들어.,어,train,0.8,0.1,0.0,0.0,0.1,0.0,0.0
Sess14_script04_M024,anger,1.9,3.2,1,넌 차에서 내려도 경찰에 전화해도 넌 죽어 알았어?,어 | 어,train,0.8,0.2,0.0,0.0,0.0,0.0,0.0
Sess14_script04_F017,anger,2.1,2.9,1,알았어.,어,train,0.0,0.1,0.8,0.0,0.1,0.0,0.0
Sess14_script04_M026,happiness,3.8,3.6,1,l/ 이대로 가면 돼.,어,train,0.1,0.0,0.1,0.6,0.2,0.0,0.0
Sess14_script04_M026,happiness,3.8,3.6,2,우린 아 아무 일도 없는거야 우린 그 전처럼 돌아가면 되는거야.,야 | 야,train,0.1,0.0,0.1,0.6,0.2,0.0,0.0
Sess14_script04_M026,happiness,3.8,3.6,3,그 사람이 죽었든 살았든 우린 사람을 친 적이 없어.,어,train,0.1,0.0,0.1,0.6,0.2,0.0,0.0
Sess14_script04_M027,happiness,3.8,3.6,1,l/ 그냥 가면 돼 아무일도 없을거야.,야,train,0.0,0.0,0.1,0.6,0.3,0.0,0.0
Sess14_script04_M030,anger,1.9,3.7,1,b/ 뭘 어떡해.,어,train,0.4,0.0,0.2,0.0,0.2,0.0,0.2
Sess14_script04_M030,anger,1.9,3.7,2,이왕 이렇게 된거 확실하게 해야지.,어야지,train,0.4,0.0,0.2,0.0,0.2,0.0,0.2
Sess14_script04_M031,anger,1.9,3.8,1,완저히 (끝장내야지),어야지,train,0.4,0.3,0.1,0.0,0.2,0.0,0.0
Sess14_script04_F022,anger,1.8,4.1,1,(끝장내야지+아) 지섭씨 제발.,어야지,train,0.0,0.2,0.5,0.0,0.0,0.0,0.3
Sess14_script04_M032,anger,1.9,3.6,1,이미 늦었어.,어,train,0.5,0.1,0.2,0.0,0.2,0.0,0.0
Sess14_script05_F017,happiness,2.9,3.2,1,사랑을 했다 우리가 만나.,다 | 어,train,0.1,0.1,0.0,0.0,0.8,0.0,0.0
Sess14_script05_M018,happiness,3.6,3.5,1,l/ o/ 잘하시네.,네,train,0.0,0.1,0.0,0.5,0.4,0.0,0.0
Sess14_script05_M018,happiness,3.6,3.5,2,아이 목소리가 너무 작네 좀 더 크게.,네,train,0.0,0.1,0.0,0.5,0.4,0.0,0.0
Sess14_script06_M014,anger,1.8,3.4,1,맞아요 그 지속성 그리고 기본적으로 이번 프로젝트는 3년이란 시간을 기본 바탕으로 하고 있습니다.,어요 | 습니다,train,0.5,0.4,0.0,0.0,0.1,0.0,0.0
Sess14_script06_M014,anger,1.8,3.4,2,그 중에 가장 필요한게 담당자의 책임감과 꾸준함이죠.,죠,train,0.5,0.4,0.0,0.0,0.1,0.0,0.0
Sess14_script06_M014,anger,1.8,3.4,3,환경 문제가 한번에 해결되는게 아니니까요.,니까요,train,0.5,0.4,0.0,0.0,0.1,0.0,0.0
Sess14_script06_M014,anger,1.8,3.4,4,하지만 호은씨 그 기본 마저 안되어 있어요.,어요,train,0.5,0.4,0.0,0.0,0.1,0.0,0.0
Sess14_script06_M014,anger,1.8,3.4,5,자기 보고서 하나도 제대로 완수 못하고 오타를 내는 담당자에게 어떻게 3년이나 지속되는 프로젝트를 맡길 수 있습니까?,습니까,train,0.5,0.4,0.0,0.0,0.1,0.0,0.0
Sess14_impro02_F005,happiness,3.6,2.8,1,윤찬 대리 온 이후로 회사 분위기 더 밝아진 거 같아.,어,train,0.0,0.0,0.0,0.1,0.9,0.0,0.0
Sess14_impro02_F005,happiness,3.6,2.8,2,(하 감사합니다+넘 기분좋고) 보기 좋아요.,ᆸ니다 | 어요,train,0.0,0.0,0.0,0.1,0.9,0.0,0.0
Sess14_impro02_M013,anger,2.0,4.0,1,아니 부장님 아니 저한테 이러시면 안되는 거 아닙니까?,ᆸ니까,train,0.7,0.1,0.0,0.0,0.0,0.0,0.2
Sess14_impro02_M014,anger,1.7,4.4,1,아니 징계위원회 열리면 못해도 좌천에 감봉에 아 저 그러면 빨간줄 그어지는 거 아닙니까?,ᆸ니까,train,0.9,0.0,0.1,0.0,0.0,0.0,0.0
Sess14_impro02_M014,anger,1.7,4.4,2,그럼 저 나가라는 거잖아요.,잖아요,train,0.9,0.0,0.1,0.0,0.0,0.0,0.0
Sess14_impro02_F015,anger,2.3,2.7,1,그런 거까진 아닌데 아무튼 잘 하시구 본인이 계획하셨으니까 책임도 본인이 지셔야죠.,어야죠,train,0.3,0.0,0.0,0.0,0.7,0.0,0.0
Sess14_impro02_M015,anger,1.9,4.5,1,아예 그건 인정합니다 인정하는데 제가 처음에 이거 프로젝트 정상화 시킬라면 이거는 추가 비용이 당연히 들어갈 수 밖에 없다고 다 설명드리고 다 말씀드렸잖아요.,ᆸ니다 | 잖아요,train,0.9,0.0,0.0,0.0,0.1,0.0,0.0
Sess14_impro02_M015,anger,1.9,4.5,2,그런데 갑자기 저한테 이러시면 어떡해요?,어요,train,0.9,0.0,0.0,0.0,0.1,0.0,0.0
Sess14_impro02_M016,anger,1.7,4.4,1,지금 저 대리라고 무시하시는 겁니까?,ᆸ니까,train,1.0,0.0,0.0,0.0,0.0,0.0,0.0
Sess14_impro02_F018,anger,1.9,2.6,1,회사 방침이라 어쩔 수 없어요.,어요,train,0.4,0.2,0.0,0.0,0.4,0.0,0.0
Sess14_impro02_M018,anger,1.7,3.8,1,b/ 그니깐 징계위원회를 열려서 저 지금 처벌받으시라는 얘기시죠?,죠,train,0.9,0.1,0.0,0.0,0.0,0.0,0.0
Sess14_impro02_F019,anger,2.3,2.7,1,책임지셔야죠.,어야죠,train,0.2,0.2,0.0,0.0,0.6,0.0,0.0
Sess14_impro02_F020,anger,2.2,3.5,1,그 뭔 말이에요?,에요,train,0.1,0.0,0.0,0.0,0.2,0.0,0.7
Sess14_impro02_F022,anger,1.8,4.3,1,무슨 이중장부를 말하는 거에요.,에요,train,0.1,0.0,0.0,0.0,0.0,0.0,0.9
Sess14_impro02_M022,anger,1.6,3.7,1,이 프로젝트 진행하면서 이중장부 만든 거 제가 모를 줄 아셨습니까?,습니까,train,0.6,0.3,0.0,0.0,0.1,0.0,0.0
Sess14_impro02_M023,anger,1.8,3.7,1,아 알겠습니다.,습니다,train,0.7,0.3,0.0,0.0,0.0,0.0,0.0
Sess14_impro02_M023,anger,1.8,3.7,2,그러면 제가 징계위원회에서 어제 부장님이랑 전무님이 회삿돈 빼돌 빼돌리셨는지 제가 한번 다 밝혀보겠습니다.,습니다,train,0.7,0.3,0.0,0.0,0.0,0.0,0.0
Sess14_impro02_F024,anger,1.7,4.2,1,아 u/ 그걸 어떻게 알아요.,어요,train,0.4,0.0,0.0,0.0,0.1,0.0,0.5
Sess14_impro02_M024,anger,1.9,3.5,1,아 뭐 못 믿으시겠으면 저랑 같이 징계위원회 한 번 가보시던가요.,던가,train,0.7,0.2,0.0,0.0,0.1,0.0,0.0
Sess14_impro02_F025,anger,1.9,3.9,1,아 u/ 알겠어요.,어요,train,0.0,0.0,0.2,0.0,0.3,0.0,0.5
Sess14_impro02_F026,anger,2.0,3.4,1,b/ 미안해요.,어요,train,0.0,0.1,0.4,0.0,0.3,0.0,0.2
Sess14_impro02_F026,anger,2.0,3.4,2,아 u/ 그렇게 하지 말고 b/ 아냐 내가 그 없던 일로 하죠.,죠,train,0.0,0.1,0.4,0.0,0.3,0.0,0.2
Sess14_impro02_M027,anger,1.6,4.3,1,나 혼자 절대 못 죽습니다.,습니다,train,1.0,0.0,0.0,0.0,0.0,0.0,0.0
Sess14_impro02_M027,anger,1.6,4.3,2,나 혼자 안 죽어.,어,train,1.0,0.0,0.0,0.0,0.0,0.0,0.0
Sess14_impro02_M027,anger,1.6,4.3,3,나 당신들 다 감싸고 죽을 거야.,야,train,1.0,0.0,0.0,0.0,0.0,0.0,0.0
Sess14_impro02_M027,anger,1.6,4.3,4,누가 이기나 한번 해보자.,자,train,1.0,0.0,0.0,0.0,0.0,0.0,0.0
Sess14_impro03_M006,sadness,2.2,2.1,1,내가 그렇게 후졌어?,어,train,0.0,0.1,0.0,0.0,0.3,0.6,0.0
Sess14_impro03_M008,anger,2.0,3.9,1,아 왜 맨날 나한테만 뭐라 그러지.,지,train,0.9,0.1,0.0,0.0,0.0,0.0,0.0
Sess14_impro03_F011,anger,2.2,2.7,1,에휴 김 부장 그놈의 시키가 문제지.,지,train,0.3,0.1,0.0,0.0,0.6,0.0,0.0
Sess14_impro03_M009,anger,1.9,3.9,1,아니 내가 뭘 그렇게 잘못을 했다고 맨날 나한테만 뭐라고 하냐고 나는 내가 최 최선을 다해서 하는 거 엄마도 잘 알잖아.,잖아,train,1.0,0.0,0.0,0.0,0.0,0.0,0.0
Sess14_impro03_F012,anger,2.5,3.0,1,(알지+그치) 그 김 부장.,지,train,0.0,0.1,0.0,0.0,0.9,0.0,0.0
Sess14_impro03_M010,anger,1.8,4.2,1,아이 근데 그 새끼는 맨날 나한테만 뭐라그러는 거야 맨날.,야,train,1.0,0.0,0.0,0.0,0.0,0.0,0.0
Sess14_impro03_F013,anger,2.7,3.0,1,그러게 말이다.,다,train,0.0,0.1,0.0,0.0,0.9,0.0,0.0
Sess14_impro03_F013,anger,2.7,3.0,2,(어 이거 잘못 샀네),네,train,0.0,0.1,0.0,0.0,0.9,0.0,0.0
Sess14_impro03_M013,anger,1.9,3.5,1,아 내 얘기 듣고 있는 거야 지금?,야,train,0.8,0.0,0.0,0.0,0.2,0.0,0.0
Sess14_impro03_F015,anger,2.4,3.4,1,듣고있지.,지,train,0.3,0.1,0.0,0.0,0.2,0.0,0.4
Sess14_impro03_F015,anger,2.4,3.4,2,그 김 부장 그거 하루이틀도 아니고 그거 신경쓰지도 마.,어,train,0.3,0.1,0.0,0.0,0.2,0.0,0.4
Sess14_impro03_F016,anger,2.6,3.1,1,근데 이거 환불해주는가 마는가 씨.,는가,train,0.1,0.0,0.0,0.0,0.9,0.0,0.0
Sess14_impro03_M014,anger,1.7,4.4,1,아 내 얘기 제대로 안 듣고 있잖아 엄마 지금.,잖아,train,0.8,0.0,0.0,0.0,0.2,0.0,0.0
Sess14_impro03_F017,anger,2.9,3.2,1,듣고 있어.,어,train,0.0,0.0,0.0,0.0,1.0,0.0,0.0
Sess14_impro03_F017,anger,2.9,3.2,2,듣고 있어.,어,train,0.0,0.0,0.0,0.0,1.0,0.0,0.0
Sess14_impro03_M015,sadness,1.5,4.6,1,거짓말 하지마 씨 u/ 가뜩이나 힘들어 죽겠는데 아 그리고 u/ 김 부장 때문이 아니라 나 지연이랑 헤어졌다구 엄마.,다구,train,0.5,0.0,0.0,0.0,0.0,0.5,0.0
Sess14_impro03_M015,sadness,1.5,4.6,2,아 왜 맨날 나만 힘들어야 돼?,어,train,0.5,0.0,0.0,0.0,0.0,0.5,0.0
Sess14_impro03_M016,sadness,1.5,3.6,1,결혼하고 싶었는데 엄마 나 그만 만나재.,재,train,0.0,0.0,0.0,0.0,0.0,1.0,0.0
Sess14_impro03_M016,sadness,1.5,3.6,2,못 만나겠데 인제.,데,train,0.0,0.0,0.0,0.0,0.0,1.0,0.0
Sess14_impro03_M019,sadness,2.4,2.2,1,미안해 엄마.,어,train,0.0,0.0,0.0,0.0,0.1,0.9,0.0
Sess14_impro04_M001,anger,1.8,3.0,1,b/ 이 짬뽕 이거 어떻게 만든 겁니까?,ᆸ니까,train,0.4,0.3,0.0,0.0,0.3,0.0,0.0
Sess14_impro04_M002,anger,2.0,3.6,1,이 올리브맛 기름맛 이거 뭐냐구요.,냐구요,train,0.4,0.4,0.0,0.0,0.2,0.0,0.0
Sess14_impro04_F002,anger,3.2,3.2,1,말씀하신대로 올리브오일을 넣어서 그런 거 같습니다.,습니다,train,0.0,0.1,0.0,0.0,0.9,0.0,0.0
Sess14_impro04_M003,anger,2.0,3.7,1,그니까 올리브오일을 넣은 걸 내가 말하는 게 아니라 양을 얼만큼 넣었냐구요.,냐구요,train,0.7,0.1,0.0,0.0,0.2,0.0,0.0
Sess14_impro04_F003,anger,3.2,3.1,1,b/ 제 손에 익힌대로 올리브오일을 넣었습니다.,습니다,train,0.0,0.0,0.0,0.0,1.0,0.0,0.0
Sess14_impro04_M005,anger,1.9,3.4,1,이렇게 많이 넣어서 올리브오일을 많이 넣어서 만들면 강한 맛을 잡아주기는 커녕 오히려 느끼한 맛만 올라오는 거 아닐까요?,ᆯ까요,train,0.6,0.2,0.0,0.0,0.2,0.0,0.0
Sess14_impro04_F005,anger,3.0,3.1,1,아 그러셨어요.,어요,train,0.3,0.0,0.0,0.1,0.6,0.0,0.0
Sess14_impro04_M006,anger,1.8,4.0,1,(주목받은+아니) 언론 얘기 그만하시고 본인 뭐 판단없어요?,어요,train,0.8,0.2,0.0,0.0,0.0,0.0,0.0
Sess14_impro04_M006,anger,1.8,4.0,2,그러니까 이건 언론에서 만들어준 요리다 이거네?,다 | 네,train,0.8,0.2,0.0,0.0,0.0,0.0,0.0
Sess14_impro04_F006,anger,2.5,3.4,1,아니죠.,죠,train,0.4,0.0,0.0,0.0,0.6,0.0,0.0
Sess14_impro04_F006,anger,2.5,3.4,2,o/ 많은 사람들이 주목을 했으니까.,으니까,train,0.4,0.0,0.0,0.0,0.6,0.0,0.0
Sess14_impro04_M007,anger,1.8,4.4,1,그럼 돼요?,어요,train,0.7,0.2,0.0,0.0,0.1,0.0,0.0
Sess14_impro04_M007,anger,1.8,4.4,2,그럼 끄 끝이에요?,에요,train,0.7,0.2,0.0,0.0,0.1,0.0,0.0
Sess14_impro04_M007,anger,1.8,4.4,3,많은 사람들이 주목만 하면 끝이에요?,에요,train,0.7,0.2,0.0,0.0,0.1,0.0,0.0
Sess14_impro04_M007,anger,1.8,4.4,4,요리라 요리사로서 요리가 내가 먹었을 때 맛이 있어야 되는 거 아닌가요?,ᆫ가요,train,0.7,0.2,0.0,0.0,0.1,0.0,0.0
Sess14_impro04_M007,anger,1.8,4.4,5,지금 이게 무슨 요리에요 이게.,에요,train,0.7,0.2,0.0,0.0,0.1,0.0,0.0
Sess14_impro04_M007,anger,1.8,4.4,6,이걸 요리라고 할 수 있어요?,어요,train,0.7,0.2,0.0,0.0,0.1,0.0,0.0
Sess14_impro04_M011,anger,1.7,4.2,1,요리사가 인성이 왜 필요해요?,어요,train,0.6,0.4,0.0,0.0,0.0,0.0,0.0
Sess14_impro04_M011,anger,1.7,4.2,2,o/ 요리만 맛있으면 됐지.,지,train,0.6,0.4,0.0,0.0,0.0,0.0,0.0
Sess14_impro04_M015,anger,1.7,3.7,1,좋아.,어,train,0.5,0.2,0.0,0.0,0.3,0.0,0.0
Sess14_impro04_M015,anger,1.7,3.7,2,그러니까 내 짬뽕이 맛있으면 내가 어떤 식으로 얘기하고 어떤 식으로 가르치던 내 밑에서 개처럼 배우겠당 (이거죠+응) 오케 받아주겠어요.,다 | 죠 | 어요,train,0.5,0.2,0.0,0.0,0.3,0.0,0.0
Sess19_script01_M016,anger,2.0,3.1,1,못하겠어요?,어요,val,0.4,0.3,0.0,0.0,0.3,0.0,0.0
Sess19_script01_M016,anger,2.0,3.1,2,이력서에 적혀있는 걸 우린 확인 할 권리가 있어요.,어요,val,0.4,0.3,0.0,0.0,0.3,0.0,0.0
Sess19_script01_M016,anger,2.0,3.1,3,진짜인지 가짜인지 확인해봐야죠.,어야죠,val,0.4,0.3,0.0,0.0,0.3,0.0,0.0
Sess19_script01_M016,anger,2.0,3.1,4,아니면 적질 말든가.,든가,val,0.4,0.3,0.0,0.0,0.3,0.0,0.0
Sess19_script02_M001,happiness,4.6,3.4,1,l/ 이야 저거 봐봐 저 개그맨 웃기지 않아?,어 | 어,val,0.0,0.0,0.0,0.9,0.1,0.0,0.0
Sess19_script02_F001,happiness,2.2,2.3,1,뭐가 그렇게 재밌어?,어,val,0.0,0.2,0.0,0.0,0.6,0.2,0.0
Sess19_script02_M002,happiness,4.5,3.5,1,웃기잖아.,잖아,val,0.0,0.0,0.0,0.9,0.1,0.0,0.0
Sess19_script02_M002,happiness,4.5,3.5,2,l/ 아 근데 바나나 맛있다.,다,val,0.0,0.0,0.0,0.9,0.1,0.0,0.0
Sess19_script02_M002,happiness,4.5,3.5,3,어디서 산거야?,야,val,0.0,0.0,0.0,0.9,0.1,0.0,0.0
Sess19_script02_M004,happiness,3.9,3.1,1,모를 수도 있지 뭐 그게 무슨 대수인가?,지 | ᆫ가,val,0.0,0.0,0.0,0.7,0.3,0.0,0.0
Sess19_script02_M004,happiness,3.9,3.1,2,l/ 야 진짜 저거 진짜 웃기다.,다,val,0.0,0.0,0.0,0.7,0.3,0.0,0.0
Sess19_script02_M013,anger,1.5,4.9,1,b/ 그러니까 저번에 가슴 아프다고 할 때 내가 병원에 가보자고 했잖아.,잖아,val,1.0,0.0,0.0,0.0,0.0,0.0,0.0
Sess19_script02_M013,anger,1.5,4.9,2,왜 그동안 안 갔어 왜 왜 왜 씨.,어,val,1.0,0.0,0.0,0.0,0.0,0.0,0.0
Sess19_script02_F012,sadness,1.8,2.0,1,화낸다고 달라질 건 없잖아.,잖아,val,0.1,0.1,0.0,0.0,0.4,0.4,0.0
Sess19_script02_M014,sadness,1.8,3.5,1,여보 미안해 소리 질러서 미안해.,어,val,0.1,0.0,0.1,0.0,0.1,0.7,0.0
Sess19_script02_M014,sadness,1.8,3.5,2,이왕 이렇게 된 거 할 수 있는 한 뭐든 해보자.,자,val,0.1,0.0,0.1,0.0,0.1,0.7,0.0
Sess19_script02_M014,sadness,1.8,3.5,3,요즘 의사들 돌팔이들 많다잖아 어?,다잖아,val,0.1,0.0,0.1,0.0,0.1,0.7,0.0
Sess19_script02_M014,sadness,1.8,3.5,4,아닐 수도 있어.,어,val,0.1,0.0,0.1,0.0,0.1,0.7,0.0
Sess19_script02_M014,sadness,1.8,3.5,5,그리고 6개월이 아니라 6년 아니 60년을 살 수도 있고 어서 병원에 가자 응?,자,val,0.1,0.0,0.1,0.0,0.1,0.7,0.0
Sess19_script02_F014,sadness,1.9,1.9,1,여보 울 아빠 기억해?,어,val,0.0,0.0,0.0,0.0,0.7,0.3,0.0
Sess19_script02_M016,anger,1.7,4.1,1,(아빠+갑자기) 아버지 이야긴 왜 꺼내?,어,val,0.5,0.0,0.0,0.0,0.3,0.2,0.0
Sess19_script02_M023,sadness,1.4,4.3,1,도대체 무슨 소리 하는 거야.,야,val,0.3,0.0,0.0,0.0,0.0,0.7,0.0
Sess19_script02_M023,sadness,1.4,4.3,2,그런 얘기 좀 그만해.,어,val,0.3,0.0,0.0,0.0,0.0,0.7,0.0
Sess19_script03_M002,anger,2.9,3.2,1,이게 친오빠한테 오지구 지리구가 뭐냐.,냐,val,0.6,0.1,0.0,0.0,0.3,0.0,0.0
Sess19_script03_M006,anger,2.6,3.9,1,(검색하라구+아 지금) 하고 있으니까 끝나고 (준다고),라구,val,0.7,0.1,0.0,0.0,0.2,0.0,0.0
Sess19_script03_F008,anger,1.6,4.1,1,(준다고+아) 몰라 그게 당첨되겠냐.,어 | 냐,val,0.4,0.5,0.0,0.0,0.1,0.0,0.0
Sess19_script03_F008,anger,1.6,4.1,2,아유 어떤 여자가 될지 모르겠지만 오빠 같은 남자랑 결혼 할 여자가 아주 불쌍하다 (불쌍해),다 | 어,val,0.4,0.5,0.0,0.0,0.1,0.0,0.0
Sess19_script03_M007,anger,2.6,3.3,1,(불쌍해+멍멍이) 소리 그만하고 보기나 해.,어,val,0.7,0.1,0.0,0.0,0.2,0.0,0.0
Sess19_script03_M008,happiness,3.8,3.5,1,오 시작한다.,ᆫ다,val,0.0,0.0,0.0,0.7,0.3,0.0,0.0
Sess19_script03_F009,happiness,2.1,2.7,1,퍽이나 좋겠다.,다,val,0.0,0.9,0.0,0.0,0.1,0.0,0.0
Sess19_script03_M012,happiness,4.6,4.6,1,제발 제발 야 어떡해?,어,val,0.0,0.0,0.0,0.7,0.0,0.0,0.3
Sess19_script03_F011,happiness,3.8,4.2,1,오빠아아 진짜 어떡해 여섯 개 다 맞는거 아냐?,어 | 냐,val,0.0,0.0,0.0,0.0,0.0,0.0,1.0
Sess19_script03_M016,happiness,4.9,5.0,1,l/ 이거 어쩔거야 어쩜 좋냐.,야 | 냐,val,0.0,0.0,0.0,0.9,0.0,0.0,0.1
Sess19_script04_M008,happiness,3.9,3.6,1,그럼 궁금하지.,지,val,0.0,0.0,0.0,0.6,0.4,0.0,0.0
Sess19_script04_M010,happiness,3.9,3.6,1,그게 아니라 갑자기 그러니까 당연히 당황하지.,지,val,0.0,0.0,0.0,0.4,0.2,0.0,0.4
Sess19_script04_M021,sadness,3.0,2.6,1,미안해 사실 이번에도 월급을 못 받았어.,어 | 어,val,0.0,0.0,0.0,0.0,0.3,0.7,0.0
Sess19_script04_M021,sadness,3.0,2.6,2,가게 사정도 어렵구 근데 오늘 우리 만난지 100일인데 선물 사줄.,구,val,0.0,0.0,0.0,0.0,0.3,0.7,0.0
Sess19_script04_M024,sadness,3.6,2.9,1,여진이 너가 생각해도 젓가락 백개는 좀 심했지?,지,val,0.0,0.0,0.0,0.1,0.1,0.5,0.3
Sess19_script04_M024,sadness,3.6,2.9,2,미안해.,어,val,0.0,0.0,0.0,0.1,0.1,0.5,0.3
Sess19_script04_M029,happiness,3.9,3.4,1,이거 어떻게 샀어?,어,val,0.0,0.0,0.0,0.6,0.2,0.0,0.2
Sess19_script04_M029,happiness,3.9,3.4,2,아 너 돈 없잖아?,잖아,val,0.0,0.0,0.0,0.6,0.2,0.0,0.2
Sess19_script05_M002,anger,1.5,4.5,1,아이씨 그러니까 날 말렸어야지.,어야지,val,0.8,0.0,0.1,0.0,0.0,0.0,0.1
Sess19_script05_M002,anger,1.5,4.5,2,술 먹어서 운전 안한다 했잖아.,잖아,val,0.8,0.0,0.1,0.0,0.0,0.0,0.1
Sess19_script05_F002,anger,2.3,3.8,1,아 지섭씨 일단 112에 (신고하자),자,val,0.0,0.0,0.3,0.0,0.3,0.0,0.4
Sess19_script05_M006,anger,1.6,4.6,1,그러니까 이 야밤에 돌아다니다가 아 내 차에 치이고 난리야 씨.,야,val,1.0,0.0,0.0,0.0,0.0,0.0,0.0
Sess19_script05_M010,happiness,4.5,4.3,1,아 그래 맞아.,어,val,0.0,0.0,0.1,0.9,0.0,0.0,0.0
Sess19_script05_M010,happiness,4.5,4.3,2,고라니였나 보다 그치?,다,val,0.0,0.0,0.1,0.9,0.0,0.0,0.0
Sess19_script05_M010,happiness,4.5,4.3,3,고라니였어.,어,val,0.0,0.0,0.1,0.9,0.0,0.0,0.0
Sess19_script05_M010,happiness,4.5,4.3,4,너랑 나랑 술을 마셔서 그 고라니를 사람으로 (착각한거야),야,val,0.0,0.0,0.1,0.9,0.0,0.0,0.0
Sess19_script05_M011,anger,1.7,4.7,1,그럼 뭐야 어떻게 된 거냐고 사람은 쳤는데 그 사람이 없어졌다는게.,야,val,0.7,0.0,0.2,0.0,0.0,0.0,0.1
Sess19_script05_M013,anger,1.4,4.8,1,(데려가야지+우리 술) 마셨잖아.,어야지 | 잖아,val,1.0,0.0,0.0,0.0,0.0,0.0,0.0
Sess19_script05_M014,anger,1.7,3.8,1,그러니까 그냥 이대로 가자.,자,val,0.5,0.1,0.2,0.0,0.2,0.0,0.0
Sess19_script05_M014,anger,1.7,3.8,2,나 이번에 들키면 공무원 시험도 못 봐.,어,val,0.5,0.1,0.2,0.0,0.2,0.0,0.0
Sess19_script05_M015,anger,1.9,4.2,1,(지섭씨+나) 공무원 못 되면 우리 결혼도 못해 그찮아?,어 | 어,val,0.7,0.0,0.1,0.0,0.2,0.0,0.0
Sess19_script05_M015,anger,1.9,4.2,2,그냥 가자 응?,자,val,0.7,0.0,0.1,0.0,0.2,0.0,0.0
Sess19_script05_F011,anger,2.1,2.9,1,하 자기 무섭게 왜 이래.,어,val,0.0,0.0,1.0,0.0,0.0,0.0,0.0
Sess19_script05_F012,anger,2.0,3.4,1,이건 사람이면 사람이면 이러면 안되는 거잖아.,잖아,val,0.0,0.5,0.5,0.0,0.0,0.0,0.0
Sess19_script05_F012,anger,2.0,3.4,2,아 당신 이런 사람 아니잖아 (왜이러는데),잖아 | 는데,val,0.0,0.5,0.5,0.0,0.0,0.0,0.0
Sess19_script05_M016,anger,1.6,4.8,1,(왜 이러는데+너) 내가 망가지길 바래?,어,val,1.0,0.0,0.0,0.0,0.0,0.0,0.0
Sess19_script05_M016,anger,1.6,4.8,2,내가 인생 바닥으로 떨어지길 (원하냐구),냐구,val,1.0,0.0,0.0,0.0,0.0,0.0,0.0
Sess19_script05_F013,anger,2.3,3.6,1,(원하냐구+지섭씨) 사람 목숨이 달린거잖아 일단 찾아보자 응?,냐구 | 잖아 | 자,val,0.0,0.1,0.5,0.0,0.3,0.0,0.1
Sess19_script05_F013,anger,2.3,3.6,2,혹시 모르니까 경찰에 신고도 해보고 내가 전화할게.,ᆯ게,val,0.0,0.1,0.5,0.0,0.3,0.0,0.1
Sess19_script05_M017,anger,1.3,4.9,1,야 야 전화기 내려놔.,어,val,1.0,0.0,0.0,0.0,0.0,0.0,0.0
Sess19_script05_F014,anger,2.2,2.9,1,지섭씨 왜 (이래),어,val,0.0,0.0,0.9,0.0,0.0,0.0,0.1
Sess19_script05_M018,anger,1.6,4.4,1,(이래+자꾸) 이러면 나도 더 이상 안 참아.,어,val,0.8,0.2,0.0,0.0,0.0,0.0,0.0
Sess19_script05_M019,anger,1.5,4.2,1,너도 사라지게 해줘?,어,val,0.8,0.2,0.0,0.0,0.0,0.0,0.0
Sess19_script05_M020,anger,1.7,4.5,1,지금 니가 나한테 하는 짓이 더 이상해.,어,val,0.9,0.1,0.0,0.0,0.0,0.0,0.0
Sess19_script05_M021,anger,1.4,4.9,1,날 지금 망가트리려고 작정했잖아.,잖아,val,0.9,0.1,0.0,0.0,0.0,0.0,0.0
Sess19_script05_M021,anger,1.4,4.9,2,우리 미래가 중요해?,어,val,0.9,0.1,0.0,0.0,0.0,0.0,0.0
Sess19_script05_M021,anger,1.4,4.9,3,너 입만 뻥끗해봐 너도 똑같이 만들어줄테니까.,니까,val,0.9,0.1,0.0,0.0,0.0,0.0,0.0
Sess19_script05_F016,anger,1.7,3.1,1,지 지섭씨 무서워.,어,val,0.0,0.0,1.0,0.0,0.0,0.0,0.0
Sess19_script05_M022,anger,1.4,4.1,1,진짜 무서운게 뭔지 보여줘?,어,val,0.8,0.2,0.0,0.0,0.0,0.0,0.0
Sess19_script05_M022,anger,1.4,4.1,2,오늘 있었던 일은 너랑 나랑만 아는거야 아무도 못 봤어.,어,val,0.8,0.2,0.0,0.0,0.0,0.0,0.0
Sess19_script05_M022,anger,1.4,4.1,3,그러니까 넌 입 닥치고 있어 오늘 우린 고라니를 친거야.,어 | 야,val,0.8,0.2,0.0,0.0,0.0,0.0,0.0
Sess19_script05_M022,anger,1.4,4.1,4,n/ 어차피 죽었는지 살았는지도 모르는데 알바 없잖아.,잖아,val,0.8,0.2,0.0,0.0,0.0,0.0,0.0
Sess19_script05_M023,anger,1.5,4.5,1,그리고 너도 똑바로 들어.,어,val,0.7,0.1,0.0,0.0,0.2,0.0,0.0
Sess19_script05_M024,anger,1.5,4.8,1,넌 차에서 내려도 경찰에 전화해도 넌 죽어 알았어?,어 | 어,val,0.9,0.1,0.0,0.0,0.0,0.0,0.0
Sess19_script05_F017,anger,1.4,3.0,1,아 알았어.,어,val,0.0,0.0,1.0,0.0,0.0,0.0,0.0
Sess19_script05_M026,happiness,3.7,4.2,1,이대로 가면 돼.,어,val,0.3,0.1,0.1,0.5,0.0,0.0,0.0
Sess19_script05_M026,happiness,3.7,4.2,2,n/ 우린 아무 일도 없던거야 우린 그 전처럼 돌아가면 되는거야.,야 | 야,val,0.3,0.1,0.1,0.5,0.0,0.0,0.0
Sess19_script05_M026,happiness,3.7,4.2,3,그 사람이 죽었는 죽었든 살았든 n/ 우린 사람을 친 적이 없어.,어,val,0.3,0.1,0.1,0.5,0.0,0.0,0.0
Sess19_script05_M027,happiness,4.1,4.5,1,l/ 그냥 가면 돼 아무일도 없을거야.,야,val,0.0,0.1,0.3,0.6,0.0,0.0,0.0
Sess19_script05_F020,anger,1.6,4.5,1,(나타난 거야+어) 살아있나봐 어떡해?,야 | 어 | 어,val,0.0,0.0,0.8,0.0,0.0,0.0,0.2
Sess19_script05_F020,anger,1.6,4.5,2,지섭씨 (어떡해),어,val,0.0,0.0,0.8,0.0,0.0,0.0,0.2
Sess19_script05_M030,anger,1.6,4.7,1,(어떡해+뭘) 어떡해 이왕 이렇게 된거 확실하게 (해야지),어 | 어 | 어야지,val,0.6,0.3,0.1,0.0,0.0,0.0,0.0
Sess19_script05_M031,anger,1.4,4.9,1,(할려고+완전히) 끝장내야지.,어야지,val,0.5,0.4,0.1,0.0,0.0,0.0,0.0
Sess19_script05_M032,anger,1.6,3.5,1,o/ 이미 늦었어.,어,val,0.7,0.2,0.1,0.0,0.0,0.0,0.0
Sess19_script06_M008,anger,2.2,3.0,1,(같은데+지나친건) 아니라고 봅니다.,ᆸ니다,val,0.4,0.4,0.0,0.0,0.2,0.0,0.0
Sess19_script06_M008,anger,2.2,3.0,2,오히려 지나친건 소은씨 같군요.,군요,val,0.4,0.4,0.0,0.0,0.2,0.0,0.0
Sess19_script06_M008,anger,2.2,3.0,3,곧 회의가 시작 될거라 저는 보고서를 다 파악해둬야 되는데 소은씨 덕분에 그 시간을 뺏기고 있으니까요.,으니까요,val,0.4,0.4,0.0,0.0,0.2,0.0,0.0
Sess19_impro01_M004,sadness,2.4,2.1,1,내가 그렇게 후져?,어,val,0.0,0.1,0.0,0.0,0.3,0.6,0.0
Sess19_impro01_M010,sadness,1.8,1.9,1,사실 나 지연이랑 헤어졌어.,어,val,0.0,0.0,0.0,0.0,0.1,0.9,0.0
Sess19_impro01_F011,sadness,2.9,2.9,1,그치 헤어졌지.,지,val,0.0,0.0,0.0,0.0,1.0,0.0,0.0
Sess19_impro01_M012,anger,1.8,4.5,1,아 엄마 내 얘기 듣고 있는 거야?,야,val,1.0,0.0,0.0,0.0,0.0,0.0,0.0
Sess19_impro01_F013,anger,2.4,3.7,1,어 미안해.,어,val,0.0,0.0,0.0,0.0,0.1,0.0,0.9
Sess19_impro01_F013,anger,2.4,3.7,2,지연이랑 헤어졌다고?,다고,val,0.0,0.0,0.0,0.0,0.1,0.0,0.9
Sess19_impro01_M014,sadness,1.8,2.5,1,지연이랑 싸워서 헤어졌는데 연락도 안 되고 내 얘긴 들어주는 사람도 없고.,고,val,0.0,0.0,0.0,0.0,0.0,1.0,0.0
Sess19_impro01_M015,sadness,1.4,1.9,1,그냥 좋아하는 사람이 없어졌을 뿐인데 내 주위엔 아무도 없는 거 같고 그냥 너무 외롭고 그냥 오직 내 편이었던 사람이 사라진 거 같아.,어,val,0.0,0.0,0.0,0.0,0.0,1.0,0.0
Sess19_impro01_F016,sadness,2.9,2.8,1,엄마도 너 나이땐 다 그랬어.,어,val,0.0,0.0,0.0,0.0,0.6,0.4,0.0
Sess19_impro01_M016,sadness,1.7,2.3,1,엄마가 뭘 알아.,어,val,0.2,0.3,0.0,0.0,0.0,0.5,0.0
Sess19_impro01_M017,anger,1.5,3.5,1,근데 왜 나만 이렇게 아파야 하는데?,는데,val,0.7,0.0,0.0,0.0,0.0,0.3,0.0
Sess19_impro01_F019,sadness,3.3,2.5,1,그래 울고 싶으면 울어.,어,val,0.0,0.0,0.0,0.0,0.5,0.5,0.0
Sess19_impro01_F019,sadness,3.3,2.5,2,오늘 가장 슬픈 건 널 테니까.,니까,val,0.0,0.0,0.0,0.0,0.5,0.5,0.0
Sess19_impro01_M018,sadness,2.4,2.0,1,미안해 엄마.,어,val,0.0,0.0,0.0,0.0,0.0,1.0,0.0
Sess19_impro01_F021,sadness,3.3,2.3,1,하아 갑자기 뭘 미안해.,어,val,0.0,0.0,0.0,0.0,0.6,0.4,0.0
Sess19_impro01_F021,sadness,3.3,2.3,2,내가 미안하지.,지,val,0.0,0.0,0.0,0.0,0.6,0.4,0.0
Sess19_impro01_F021,sadness,3.3,2.3,3,우리 아들 마음도 몰라주고.,고,val,0.0,0.0,0.0,0.0,0.6,0.4,0.0
Sess19_impro01_M019,sadness,1.7,2.6,1,그래서 엄마한테 투정부리고 싶었어.,어,val,0.0,0.0,0.0,0.0,0.0,1.0,0.0
Sess19_impro01_F022,sadness,3.3,2.3,1,언제든지 너 힘든 거 있음 엄마한테 얘기해.,음 | 어,val,0.0,0.0,0.0,0.0,0.5,0.5,0.0
Sess19_impro01_F022,sadness,3.3,2.3,2,너가 아프면 나도 아프고 너가 힘들면 나도 힘들어.,어,val,0.0,0.0,0.0,0.0,0.5,0.5,0.0
Sess19_impro01_M020,sadness,2.3,2.2,1,고마워.,어,val,0.0,0.0,0.0,0.0,0.0,1.0,0.0
Sess19_impro01_M020,sadness,2.3,2.2,2,그리고 미안해 엄마.,어,val,0.0,0.0,0.0,0.0,0.0,1.0,0.0
Sess19_impro01_F023,sadness,3.9,3.0,1,울면 쓰나.,나,val,0.0,0.0,0.0,0.1,0.6,0.3,0.0
Sess19_impro02_M007,anger,2.4,4.0,1,하지만 완성하려고 하는데에는 그만큼 비용이 들 수 밖에 없었어요.,어요,val,0.6,0.0,0.0,0.0,0.3,0.0,0.1
Sess19_impro02_M007,anger,2.4,4.0,2,부장님도 아시잖아요.,잖아요,val,0.6,0.0,0.0,0.0,0.3,0.0,0.1
Sess19_impro02_M008,anger,2.1,4.4,1,(때문에+아 부장님) 그때 분명 말씀하셨잖아요.,잖아요,val,1.0,0.0,0.0,0.0,0.0,0.0,0.0
Sess19_impro02_M008,anger,2.1,4.4,2,비용 들 수 있다고.,다고,val,1.0,0.0,0.0,0.0,0.0,0.0,0.0
Sess19_impro02_M009,anger,2.3,3.8,1,전 할말을 하는 거 뿐입니다.,ᆸ니다,val,0.6,0.3,0.0,0.0,0.1,0.0,0.0
Sess19_impro02_M009,anger,2.3,3.8,2,이건 너무 억울하잖아요.,잖아요,val,0.6,0.3,0.0,0.0,0.1,0.0,0.0
Sess19_impro02_F010,anger,2.2,3.6,1,뭐 억울해도 어쩔 수 없어요.,어요,val,0.3,0.2,0.0,0.0,0.5,0.0,0.0
Sess19_impro02_F010,anger,2.2,3.6,2,여기는 회사에요.,에요,val,0.3,0.2,0.0,0.0,0.5,0.0,0.0
Sess19_impro02_F010,anger,2.2,3.6,3,b/ 그렇게 알고 나가세요.,세요,val,0.3,0.2,0.0,0.0,0.5,0.0,0.0
Sess19_impro02_M010,anger,2.6,3.7,1,부장님 정말 너무하시네요.,네요,val,0.6,0.3,0.0,0.0,0.1,0.0,0.0
Sess19_impro02_M010,anger,2.6,3.7,2,이제와서 추가 비용이 좀 나왔으니까 저보고 독박쓰라는 (거죠),죠,val,0.6,0.3,0.0,0.0,0.1,0.0,0.0
Sess19_impro02_M011,anger,2.3,4.6,1,저 말고 부장님 계시잖아요.,잖아요,val,1.0,0.0,0.0,0.0,0.0,0.0,0.0
Sess19_impro02_M011,anger,2.3,4.6,2,부장님도 동의하신 거 아니에요?,에요,val,1.0,0.0,0.0,0.0,0.0,0.0,0.0
Sess19_impro02_M012,anger,2.1,3.6,1,아 그냥 저한테 다 떠넘기시겠다 이런 건가요?,다 | ᆫ가요,val,0.7,0.3,0.0,0.0,0.0,0.0,0.0
Sess19_impro02_M014,anger,2.2,3.7,1,전무님이시죠?,죠,val,0.8,0.2,0.0,0.0,0.0,0.0,0.0
Sess19_impro02_M015,anger,2.0,4.0,1,저 다 알고 있어요.,어요,val,0.9,0.1,0.0,0.0,0.0,0.0,0.0
Sess19_impro02_F016,anger,2.3,3.8,1,진짜 무슨 말도 안되는 소리야.,야,val,0.2,0.5,0.0,0.0,0.2,0.0,0.1
Sess19_impro02_F016,anger,2.3,3.8,2,나가보세요.,세요,val,0.2,0.5,0.0,0.0,0.2,0.0,0.1
Sess19_impro02_M016,anger,2.4,4.2,1,그럼 딱 한마디만 하고 나가죠.,죠,val,0.5,0.4,0.0,0.0,0.1,0.0,0.0
Sess19_impro02_M016,anger,2.4,4.2,2,이중장부 알고 계시죠?,죠,val,0.5,0.4,0.0,0.0,0.1,0.0,0.0
Sess19_impro02_F017,anger,2.3,4.0,1,이 이중장부 무슨 말을 하는 거야.,야,val,0.0,0.0,0.0,0.0,0.0,0.0,1.0
Sess19_impro02_M017,anger,2.7,4.1,1,이렇게 말 더듬는 거 보니까 알고 계시네.,네,val,0.8,0.2,0.0,0.0,0.0,0.0,0.0
Sess19_impro02_M017,anger,2.7,4.1,2,저 혼자 이렇게 못 죽어요.,어요,val,0.8,0.2,0.0,0.0,0.0,0.0,0.0
Sess19_impro02_F018,anger,2.0,4.3,1,어디서 어떻게 무슨 소릴 들었는지 모르겠지만 얼른 나가요.,어요,val,0.4,0.0,0.0,0.0,0.0,0.0,0.6
Sess19_impro02_F018,anger,2.0,4.3,2,사실 아니니까.,니까,val,0.4,0.0,0.0,0.0,0.0,0.0,0.6
Sess19_impro02_M018,anger,2.4,4.5,1,o/ 어디 회사에 한 번 알려볼까요?,ᆯ까요,val,0.9,0.1,0.0,0.0,0.0,0.0,0.0
Sess19_impro02_M018,anger,2.4,4.5,2,다 퍼트려요?,어요,val,0.9,0.1,0.0,0.0,0.0,0.0,0.0
Sess19_impro02_F019,anger,2.0,4.0,1,그걸 이재민 대리가 어떻게 알아요?,어요,val,0.2,0.1,0.0,0.0,0.0,0.0,0.7
Sess19_impro02_M020,anger,2.9,4.1,1,제가 다 봤는걸요.,는걸요,val,0.4,0.4,0.0,0.2,0.0,0.0,0.0
Sess19_impro02_F021,anger,2.3,3.5,1,그걸 어디서 봐?,어,val,0.0,0.0,0.0,0.0,0.3,0.0,0.7
Sess19_impro02_M022,anger,2.9,4.3,1,b/ o/ 한 번 해보죠.,죠,val,0.4,0.2,0.0,0.3,0.1,0.0,0.0
Sess19_impro02_F023,anger,2.6,4.4,1,내가 다 설명할게.,ᆯ게,val,0.0,0.0,0.1,0.0,0.3,0.0,0.6
Sess19_impro02_F023,anger,2.6,4.4,2,(아니요+일단) 앉아봐.,어,val,0.0,0.0,0.1,0.0,0.3,0.0,0.6
Sess19_impro02_F023,anger,2.6,4.4,3,흥분 가라앉히고 일단 (앉아봐),어,val,0.0,0.0,0.1,0.0,0.3,0.0,0.6
Sess19_impro02_M023,anger,2.7,4.2,1,(앉아봐+왜 이제서야) 이러시는 건데요?,어,val,0.6,0.4,0.0,0.0,0.0,0.0,0.0
Sess19_impro02_M023,anger,2.7,4.2,2,이제 좀 뭔가 쪼들리신가보죠?,죠,val,0.6,0.4,0.0,0.0,0.0,0.0,0.0
Sess19_impro02_F024,anger,2.5,4.3,1,쪼들리는 게 아니라 오해를 하고 있으니까 내가 그 오해를 풀어주겠다는 거지.,지,val,0.1,0.0,0.3,0.0,0.0,0.0,0.6
Sess19_impro02_M024,anger,2.9,4.4,1,한번 합시다.,ᆸ시다,val,0.8,0.2,0.0,0.0,0.0,0.0,0.0
Sess19_impro02_M024,anger,2.9,4.4,2,저 나갈게요.,ᆯ게요,val,0.8,0.2,0.0,0.0,0.0,0.0,0.0
Sess19_impro02_M024,anger,2.9,4.4,3,제가 다 (독박쓸게요+잠깐만 어딜 나가) 징계위원회?,ᆯ게요 | 어,val,0.8,0.2,0.0,0.0,0.0,0.0,0.0
Sess19_impro02_M024,anger,2.9,4.4,4,제가 다 할게요.,ᆯ게요,val,0.8,0.2,0.0,0.0,0.0,0.0,0.0
Sess19_impro02_F025,anger,2.1,4.4,1,내 얘기 좀 들어보라니까.,라니까,val,0.1,0.0,0.6,0.0,0.1,0.0,0.2
Sess19_impro02_F025,anger,2.1,4.4,2,다 오해라니.,라니,val,0.1,0.0,0.6,0.0,0.1,0.0,0.2
Sess19_impro03_M005,anger,2.1,4.1,1,당연히 올리브오일을 넣었겠죠.,죠,val,0.4,0.4,0.0,0.0,0.2,0.0,0.0
Sess19_impro03_M005,anger,2.1,4.1,2,음식인데.,ᆫ데,val,0.4,0.4,0.0,0.0,0.2,0.0,0.0
Sess19_impro03_M007,anger,2.1,3.3,1,n/ 오일 양이라는 거에요.,에요,val,0.5,0.3,0.0,0.0,0.2,0.0,0.0
Sess19_impro03_M009,anger,2.1,4.0,1,오일양이 문제라는 겁니다.,ᆸ니다,val,0.6,0.3,0.0,0.0,0.1,0.0,0.0
Sess19_impro03_M009,anger,2.1,4.0,2,너무 많이 들어갔다는 거죠.,죠,val,0.6,0.3,0.0,0.0,0.1,0.0,0.0
Sess19_impro04_M014,anger,3.0,3.8,1,아이 찾아봐.,어,val,0.6,0.0,0.0,0.0,0.4,0.0,0.0
Sess19_impro04_M014,anger,3.0,3.8,2,아님 내가 찾아볼게.,ᆯ게,val,0.6,0.0,0.0,0.0,0.4,0.0,0.0
Sess19_impro04_M014,anger,3.0,3.8,3,말해줘 어딨어?,어,val,0.6,0.0,0.0,0.0,0.4,0.0,0.0
Sess19_impro04_M017,anger,3.1,3.7,1,아 당연하지.,지,val,0.5,0.1,0.0,0.0,0.3,0.1,0.0
Sess19_impro04_M017,anger,3.1,3.7,2,그 상처난 데 이 소독약 바르는데 안 따갑겠어?,어,val,0.5,0.1,0.0,0.0,0.3,0.1,0.0
Sess13_script01_F012,anger,2.0,2.8,1,너무 공격적으로 생각하시는 것 아닌가요?,ᆫ가요,train,0.8,0.1,0.0,0.0,0.1,0.0,0.0
Sess13_script01_F012,anger,2.0,2.8,2,저도 고민하고 심사숙고해서 낸 아이디어인데 뭐가 문제였는지 뭐가 부족했는지 뭐 물어볼 순 있지 않나요?,나요,train,0.8,0.1,0.0,0.0,0.1,0.0,0.0
Sess13_script01_M011,anger,2.2,3.4,1,좋은 질문이네요.,네요,train,0.1,0.5,0.0,0.0,0.4,0.0,0.0
Sess13_script01_M011,anger,2.2,3.4,2,솔직히 소은씨가 아이디어가 가장 훌륭했고 가장 높은 점수를 받았습니다.,습니다,train,0.1,0.5,0.0,0.0,0.4,0.0,0.0
Sess13_script01_M011,anger,2.2,3.4,3,하지만 저는 소은씨 같은 스타일을 싫어합니다.,ᆸ니다,train,0.1,0.5,0.0,0.0,0.4,0.0,0.0
Sess13_script01_M012,anger,2.1,2.7,1,기본이 부족해서 싫고 아 이 뜻은 심사위원 모두 공감했습니다.,습니다,train,0.1,0.5,0.0,0.0,0.4,0.0,0.0
Sess13_script01_M012,anger,2.1,2.7,2,제가 말씀 드리면 소은씨는 발전하는게 아니라 퇴보하게 될거에요.,에요,train,0.1,0.5,0.0,0.0,0.4,0.0,0.0
Sess13_script01_M012,anger,2.1,2.7,3,발전이란 바탕이 있어야 높아지는데 아 잔인한 이야기지만 소은씨는 바탕이 부족합니다.,ᆸ니다,train,0.1,0.5,0.0,0.0,0.4,0.0,0.0
Sess13_script01_M012,anger,2.1,2.7,4,작성 후 읽어는 보셨나요?,나요,train,0.1,0.5,0.0,0.0,0.4,0.0,0.0
Sess13_script01_M012,anger,2.1,2.7,5,페이지 하나 하나 마다 오타가 있습니다 그리고.,습니다,train,0.1,0.5,0.0,0.0,0.4,0.0,0.0
Sess13_script01_F014,anger,1.9,3.2,1,아니 오타 때문에 아이디어를 탈락 시키셨다구요?,다구요,train,0.7,0.1,0.0,0.0,0.1,0.0,0.1
Sess13_script02_F003,anger,1.7,4.1,1,아 지금 생각할게 뭐가 있어.,어,train,0.7,0.0,0.2,0.0,0.0,0.0,0.1
Sess13_script02_F003,anger,1.7,4.1,2,지섭씨 여기 있어.,어,train,0.7,0.0,0.2,0.0,0.0,0.0,0.1
Sess13_script02_F003,anger,1.7,4.1,3,n/ 일단 내가 가서 (보고올게),ᆯ게,train,0.7,0.0,0.2,0.0,0.0,0.0,0.1
Sess13_script03_F001,happiness,4.2,3.4,1,b/ 음 맛있다.,다,train,0.0,0.0,0.0,0.7,0.3,0.0,0.0
Sess13_script03_F001,happiness,4.2,3.4,2,b/ 근데 자긴 안 먹어?,어,train,0.0,0.0,0.0,0.7,0.3,0.0,0.0
Sess13_script03_M001,happiness,4.1,3.2,1,b/ 천천히 먹어 햄버거 어디 안 도망가.,어,train,0.0,0.0,0.0,0.4,0.6,0.0,0.0
Sess13_script03_M001,happiness,4.1,3.2,2,콜라도 좀 먹구.,구,train,0.0,0.0,0.0,0.4,0.6,0.0,0.0
Sess13_script03_F009,happiness,4.3,3.7,1,어때?,어,train,0.0,0.0,0.0,0.6,0.4,0.0,0.0
Sess13_script03_F009,happiness,4.3,3.7,2,나 오빠 여잔데.,ᆫ데,train,0.0,0.0,0.0,0.6,0.4,0.0,0.0
Sess13_script03_F009,happiness,4.3,3.7,3,내가 부끄러워?,어,train,0.0,0.0,0.0,0.6,0.4,0.0,0.0
Sess13_script03_F013,happiness,3.5,3.6,1,(그래서+에이) 무슨 셋은 낳아야지.,어야지,train,0.0,0.2,0.0,0.6,0.2,0.0,0.0
Sess13_script03_F015,anger,2.0,3.4,1,아이 나야말로 u/ 오빠랑 결혼 한대?,ᆫ대,train,0.6,0.1,0.0,0.0,0.2,0.0,0.1
Sess13_script03_F016,anger,2.0,2.9,1,하도 불쌍하고 어?,고,train,0.5,0.2,0.0,0.0,0.3,0.0,0.0
Sess13_script03_F016,anger,2.0,2.9,2,보잘것 없이 보여가지고 해준다고 한거지.,지,train,0.5,0.2,0.0,0.0,0.3,0.0,0.0
Sess13_script03_F016,anger,2.0,2.9,3,n/ 내가 당신 처럼 어리바리한 남자를 뭐가 좋다고 결혼을 하냐?,냐,train,0.5,0.2,0.0,0.0,0.3,0.0,0.0
Sess13_script03_F022,happiness,4.0,3.3,1,l/ 너무 웃기다.,다,train,0.0,0.0,0.0,0.5,0.4,0.0,0.1
Sess13_script03_F023,happiness,3.8,3.5,1,그러니까 젓가락 100개라는게 우리들 만난지 100일 되는 날이라서 뭐 준비했다는거야?,야,train,0.0,0.0,0.0,0.7,0.3,0.0,0.0
Sess13_script03_F028,happiness,4.2,3.4,1,대신 같이 살아야겠어.,어,train,0.0,0.0,0.0,0.9,0.1,0.0,0.0
Sess13_script03_M028,happiness,4.2,4.2,1,이게 뭔데?,ᆫ데,train,0.0,0.0,0.0,0.1,0.0,0.0,0.9
Sess13_script04_F006,sadness,2.1,2.0,1,잘 들어.,어,train,0.0,0.0,0.0,0.0,0.3,0.7,0.0
Sess13_script04_F006,sadness,2.1,2.0,2,o/ 나 o/ 폐에 종양이 생겼대.,대,train,0.0,0.0,0.0,0.0,0.3,0.7,0.0
Sess13_script04_F007,sadness,1.9,2.0,1,당신 나 없이도 꿋꿋하게 애들 키우면서 잘 살아야 돼.,어,train,0.0,0.0,0.0,0.0,0.2,0.8,0.0
Sess13_script04_M009,sadness,2.0,3.6,1,자기 n/ 지금 무슨 소리야?,야,train,0.0,0.0,0.0,0.0,0.0,0.0,1.0
Sess13_script04_M009,sadness,2.0,3.6,2,농담이지?,지,train,0.0,0.0,0.0,0.0,0.0,0.0,1.0
Sess13_script04_F008,sadness,1.7,1.9,1,악성이래 이미 왼쪽에 70프로 정도 퍼져있구 정확한 것은 가슴을 열어봐야 알겠지만은 림프절하고 녹막까지 전이가 됐대.,대,train,0.0,0.0,0.0,0.0,0.1,0.9,0.0
Sess13_script04_M010,sadness,1.8,4.0,1,장난이지?,지,train,0.0,0.0,0.0,0.0,0.0,0.0,1.0
Sess13_script04_M010,sadness,1.8,4.0,2,농담하는 거지?,지,train,0.0,0.0,0.0,0.0,0.0,0.0,1.0
Sess13_script04_M010,sadness,1.8,4.0,3,b/ 그 b/ 지금 빨리 병원 가자.,자,train,0.0,0.0,0.0,0.0,0.0,0.0,1.0
Sess13_script04_F009,sadness,1.5,1.9,1,이미 늦었어.,어,train,0.0,0.1,0.1,0.0,0.2,0.6,0.0
Sess13_script04_M011,sadness,2.0,3.7,1,b/ 수술하면 되는 거 아냐?,냐,train,0.0,0.0,0.0,0.0,0.2,0.0,0.8
Sess13_script04_M012,sadness,1.9,3.5,1,b/ 얼마나 살 수 있대?,대,train,0.0,0.0,0.2,0.0,0.1,0.1,0.6
Sess13_script04_M017,sadness,1.9,4.2,1,n/ 당신 어릴적에 사고로 돌아가셨다 했잖아.,잖아,train,0.0,0.1,0.0,0.0,0.0,0.0,0.9
Sess13_script04_M017,sadness,1.9,4.2,2,나 속인 거야?,야,train,0.0,0.1,0.0,0.0,0.0,0.0,0.9
Sess13_script04_F016,sadness,1.6,1.4,1,미안해.,어,train,0.0,0.0,0.0,0.0,0.0,1.0,0.0
Sess13_script04_F016,sadness,1.6,1.4,2,아빠 3년동안 폐암으로 병원에 계시다가 돌아가셨어.,어,train,0.0,0.0,0.0,0.0,0.0,1.0,0.0
Sess13_script05_F017,anger,1.4,4.5,1,아 원래 면접을 이런 식으로 봐요?,어요,train,1.0,0.0,0.0,0.0,0.0,0.0,0.0
Sess13_script06_F004,happiness,2.9,3.7,1,제발 어디 좀 어 어디가가지고 친오빠라고 하지좀 마.,어,train,0.0,0.4,0.0,0.4,0.2,0.0,0.0
Sess13_script06_F004,happiness,2.9,3.7,2,나한텐 오빠는 BTS 오빠들 뿐이야.,야,train,0.0,0.4,0.0,0.4,0.2,0.0,0.0
Sess13_script06_F007,anger,2.0,3.5,1,헐 그냥 인터넷으로 나중에 검색하라고.,라고,train,0.7,0.2,0.0,0.0,0.1,0.0,0.0
Sess13_script06_F018,happiness,4.1,3.8,1,나 잊으면 안돼.,어,train,0.0,0.0,0.0,1.0,0.0,0.0,0.0
Sess13_script06_F018,happiness,4.1,3.8,2,나 잊으면 안돼.,어,train,0.0,0.0,0.0,1.0,0.0,0.0,0.0
Sess13_script06_M020,happiness,4.3,4.1,1,(응+이) 그 사실 누구한테도 얘기 하지마.,어,train,0.0,0.0,0.1,0.2,0.5,0.0,0.2
Sess13_script06_F019,happiness,4.0,3.8,1,알았어 걱정 u/ 걱정하지마.,어 | 어,train,0.0,0.0,0.0,0.9,0.1,0.0,0.0
Sess13_script06_F019,happiness,4.0,3.8,2,내가 입이 o/ 무겁잖아 그러니까 오빠 o/ 신상 (구두),잖아,train,0.0,0.0,0.0,0.9,0.1,0.0,0.0
Sess13_script06_M021,happiness,3.9,4.1,1,(구두+야) 로또 1등 된 사람만 쫓아다니면서 돈 뺏고 구걸하는 사람도 있다잖아.,다잖아,train,0.0,0.0,0.4,0.2,0.4,0.0,0.0
Sess13_script06_M021,happiness,3.9,4.1,2,혹시 모르니까 b/ 이건 너랑 나랑만 아는 비밀이다 알았어?,어,train,0.0,0.0,0.4,0.2,0.4,0.0,0.0
Sess13_script06_F020,happiness,4.2,4.1,1,아이 걱정마.,어,train,0.0,0.0,0.0,0.7,0.3,0.0,0.0
Sess13_script06_F020,happiness,4.2,4.1,2,나 오빠 동생이야.,야,train,0.0,0.0,0.0,0.7,0.3,0.0,0.0
Sess13_script06_F020,happiness,4.2,4.1,3,나 몰라?,어,train,0.0,0.0,0.0,0.7,0.3,0.0,0.0
Sess13_script06_F020,happiness,4.2,4.1,4,나 못믿어?,어,train,0.0,0.0,0.0,0.7,0.3,0.0,0.0
Sess13_script06_M022,happiness,4.1,4.3,1,아유 그럼 그럼 믿지.,지,train,0.0,0.1,0.0,0.2,0.5,0.0,0.2
Sess13_script06_M022,happiness,4.1,4.3,2,못믿지.,지,train,0.0,0.1,0.0,0.2,0.5,0.0,0.2
Sess13_script06_M023,happiness,4.1,4.2,1,b/ (알았다니까+아) 됐고.,고,train,0.0,0.3,0.0,0.1,0.4,0.0,0.2
Sess13_script06_F022,happiness,4.2,3.7,1,o/ 내 친구 은지랑 소개팅 하고 싶다고 그랬지.,지,train,0.0,0.0,0.0,0.6,0.4,0.0,0.0
Sess13_script06_F023,happiness,3.9,3.6,1,n/ 내가 바로 주선해볼게.,ᆯ게,train,0.0,0.0,0.0,0.6,0.4,0.0,0.0
Sess13_impro01_F027,anger,1.6,4.7,1,아 아 나 혼자 지금 나한테 책임 맡 와 큰일났네.,네,train,0.9,0.0,0.0,0.0,0.0,0.0,0.1
Sess13_impro01_F027,anger,1.6,4.7,2,이거 씨 전무님 그러면 안되죠.,죠,train,0.9,0.0,0.0,0.0,0.0,0.0,0.1
Sess13_impro01_F027,anger,1.6,4.7,3,저랑 나랑 저랑 나랑은 무슨 전무님하고 저랑 한 얘기가 있는데.,는데,train,0.9,0.0,0.0,0.0,0.0,0.0,0.1
Sess13_impro02_F004,anger,2.0,3.8,1,아니 휘발유를 장난하세요?,세요,train,0.8,0.0,0.0,0.0,0.1,0.0,0.1
Sess13_impro02_F004,anger,2.0,3.8,2,당연히 올리브오일이죠.,죠,train,0.8,0.0,0.0,0.0,0.1,0.0,0.1
Sess13_impro02_F006,anger,2.0,2.9,1,언론이 요리를 만들었다구요?,다구요,train,0.9,0.0,0.0,0.0,0.1,0.0,0.0
Sess13_impro02_F006,anger,2.0,2.9,2,아니 지금 무슨 말씀을 (하시는거예요+아니) 싸우자는 건가요?,예요 | ᆫ가,train,0.9,0.0,0.0,0.0,0.1,0.0,0.0
Sess13_impro02_F007,anger,1.9,4.0,1,약간 제 (요리에 대해서+할말이 없는데 네) 무시하는 거 같은데 제가 (무시는+요리에) 대해서 무시를 하면 저에 대해서 무시를 하는 거와 같은 거예요.,네 | 예요,train,1.0,0.0,0.0,0.0,0.0,0.0,0.0
Sess13_impro02_M010,anger,2.2,3.4,1,아 그럼 뭐 잘됐 잘됐네 뭐 할말 다 할게요.,네 | ᆯ게요,train,0.3,0.4,0.0,0.0,0.3,0.0,0.0
Sess13_impro02_M011,anger,1.8,4.0,1,그러면 뭐 탕수육있잖아요 이게 튀김이야 뭐야?,잖아요 | 야 | 야,train,0.4,0.5,0.0,0.0,0.1,0.0,0.0
Sess13_impro02_F008,anger,1.8,4.1,1,이 정도면 바삭바삭하죠.,죠,train,1.0,0.0,0.0,0.0,0.0,0.0,0.0
Sess13_impro02_F008,anger,1.8,4.1,2,아니 왜 그래요?,어요,train,1.0,0.0,0.0,0.0,0.0,0.0,0.0
Sess13_impro02_F008,anger,1.8,4.1,3,o/ 싸우자는 거예요?,예요,train,1.0,0.0,0.0,0.0,0.0,0.0,0.0
Sess13_impro02_F011,anger,1.3,4.9,1,그럼 성질 안 나겠어요?,어요,train,1.0,0.0,0.0,0.0,0.0,0.0,0.0
Sess13_impro02_F011,anger,1.3,4.9,2,아니 이렇게 사람 무시하는데 성질 안나겠냐구.,냐구,train,1.0,0.0,0.0,0.0,0.0,0.0,0.0
Sess13_impro02_F012,anger,1.3,4.9,1,진짜 어이가 없네요.,네요,train,1.0,0.0,0.0,0.0,0.0,0.0,0.0
Sess13_impro02_F012,anger,1.3,4.9,2,아니 수석주방장님이 이렇게 사람 무시하고 짓밟아도 되는 겁니까?,ᆸ니까,train,1.0,0.0,0.0,0.0,0.0,0.0,0.0
Sess13_impro02_F012,anger,1.3,4.9,3,되는 거냐구요?,냐구요,train,1.0,0.0,0.0,0.0,0.0,0.0,0.0
Sess13_impro02_F012,anger,1.3,4.9,4,얼마나 잘 만드셨길래 아이 그러면 혼자 만드시고 혼자 먹지 그래요?,어요,train,1.0,0.0,0.0,0.0,0.0,0.0,0.0
Sess13_impro02_F012,anger,1.3,4.9,5,o/ 혼자 다 해드세요.,어요,train,1.0,0.0,0.0,0.0,0.0,0.0,0.0
Sess13_impro02_F012,anger,1.3,4.9,6,저는 이제 여기 안 있겠습니다.,습니다,train,1.0,0.0,0.0,0.0,0.0,0.0,0.0
Sess13_impro02_F012,anger,1.3,4.9,7,(차라리 나가겠습니다),습니다,train,1.0,0.0,0.0,0.0,0.0,0.0,0.0
Sess13_impro02_F013,anger,1.8,3.1,1,아이고 o/ 수상경력 좀 몇 개 쌓았다고 아주 저한테 무시하고 좋네요 네.,네요,train,0.7,0.3,0.0,0.0,0.0,0.0,0.0
Sess13_impro02_F014,anger,1.8,3.6,1,그게 아니다 싶으면 n/ 당신 밑에 들어와가지고 개처럼 당신 요리 배우겠습니다.,습니다,train,0.9,0.1,0.0,0.0,0.0,0.0,0.0
Sess13_impro02_M019,anger,2.0,3.2,1,배우겠네 그러면.,네,train,0.2,0.5,0.0,0.0,0.3,0.0,0.0
Sess13_impro02_F015,anger,1.6,4.3,1,하하하하 근데 아니면요 저 당신 얼굴도 안 볼거예요 그리고 이 주방에 들어올 생각도 하지 마세요.,예요 | 세요,train,0.9,0.1,0.0,0.0,0.0,0.0,0.0
Sess13_impro02_F015,anger,1.6,4.3,2,알았 알겠어요?,어요,train,0.9,0.1,0.0,0.0,0.0,0.0,0.0
Sess13_impro02_F015,anger,1.6,4.3,3,알겠냐구요?,냐구,train,0.9,0.1,0.0,0.0,0.0,0.0,0.0
Sess13_impro02_F015,anger,1.6,4.3,4,어디 한번 요리 해보시죠?,죠,train,0.9,0.1,0.0,0.0,0.0,0.0,0.0
Sess13_impro03_F009,happiness,4.0,3.2,1,여깄네.,네,train,0.0,0.0,0.0,0.9,0.1,0.0,0.0
Sess13_impro03_M010,happiness,2.8,2.9,1,일루와바 o/ 약 좀 바르자.,자,train,0.0,0.0,0.0,0.0,1.0,0.0,0.0
Sess13_impro03_M012,happiness,3.1,3.0,1,(여기+아무리) 딸도 중요하지만 나한테는 당신도 중요해.,어,train,0.0,0.0,0.0,0.0,0.7,0.3,0.0
Sess13_impro03_M013,happiness,3.1,3.0,1,괜찮아?,어,train,0.0,0.0,0.0,0.0,0.9,0.1,0.0
Sess13_impro03_M013,happiness,3.1,3.0,2,따끔할 거야.,야,train,0.0,0.0,0.0,0.0,0.9,0.1,0.0
Sess13_impro03_M017,happiness,3.9,3.3,1,o/ N/ 갑자기 왜 이래?,어,train,0.0,0.0,0.0,0.2,0.2,0.0,0.6
Sess13_impro03_M017,happiness,3.9,3.3,2,당신도 아픈거야?,야,train,0.0,0.0,0.0,0.2,0.2,0.0,0.6
Sess13_impro03_F018,happiness,3.8,3.9,1,l/ 그때 내가 좀 아팠잖아.,잖아,train,0.0,0.0,0.0,0.6,0.4,0.0,0.0
Sess13_impro03_F018,happiness,3.8,3.9,2,그래가지고 회사두 며칠 o/ 못 나오고 그랬는데.,는데,train,0.0,0.0,0.0,0.6,0.4,0.0,0.0
Sess13_impro03_M018,happiness,3.6,3.3,1,b/ 그 얘기 그만해 뭐 (좋은 기억이라고 그걸 또 꺼내냐),어 | 냐,train,0.0,0.1,0.0,0.3,0.6,0.0,0.0
Sess13_impro03_M020,happiness,3.7,3.7,1,(하고 살려달라고 살려달라고 그렇게 어+아 아니야 야 말은 바로하자) 아 솔직히 자기 맹장인줄 알았으면 그랬겠어?,야 | 자 | 어,train,0.0,0.1,0.0,0.4,0.5,0.0,0.0
Sess13_impro03_M020,happiness,3.7,3.7,2,당신이 곧 죽을 것처럼 응급실에 지 뭐 누워있으니까 내가 어?,지,train,0.0,0.1,0.0,0.4,0.5,0.0,0.0
Sess13_impro03_M020,happiness,3.7,3.7,3,당연히 그럴 수밖에 없었지 너무 사랑하고 그러니까.,지,train,0.0,0.1,0.0,0.4,0.5,0.0,0.0
Sess13_impro03_F021,happiness,4.3,3.9,1,b/ 나 그렇게 좋았어?,어,train,0.0,0.0,0.0,0.9,0.1,0.0,0.0
Sess13_impro03_F022,happiness,4.3,3.9,1,(내가 그렇게 좋았냐고),냐고,train,0.0,0.0,0.0,0.7,0.3,0.0,0.0
Sess13_impro03_M022,happiness,3.5,3.3,1,(내가 그렇게 좋았냐고+아이 몰라) 손 다시 줘 봐 여기 좀 더 발라야 돼.,어 | 어 | 어,train,0.0,0.0,0.0,0.4,0.6,0.0,0.0
Sess13_impro03_F023,happiness,4.4,4.0,1,아니 자기 나 사랑해?,어,train,0.0,0.0,0.0,0.9,0.1,0.0,0.0
Sess13_impro03_M023,happiness,3.3,3.6,1,아이 그만 좀 해.,어,train,0.2,0.0,0.0,0.4,0.4,0.0,0.0
Sess13_impro03_M023,happiness,3.3,3.6,2,윤서 깨겠다.,다,train,0.2,0.0,0.0,0.4,0.4,0.0,0.0
Sess13_impro03_F024,happiness,4.5,3.9,1,아 깨면 좀 어때 사랑하냐구 말해 봐 입으로 o/ 듣고 싶어.,어 | 어,train,0.0,0.0,0.0,0.8,0.2,0.0,0.0
Sess13_impro03_M024,happiness,3.3,3.0,1,됐고 나 씻을거야.,야,train,0.0,0.0,0.0,0.2,0.8,0.0,0.0
Sess13_impro03_F025,happiness,4.5,3.5,1,으으으으음 못 씻어 씻기 전에 얘기하구 가.,어,train,0.0,0.0,0.0,0.9,0.1,0.0,0.0
Sess13_impro03_F025,happiness,4.5,3.5,2,사랑해 나 자기 사랑해?,어 | 어,train,0.0,0.0,0.0,0.9,0.1,0.0,0.0
Sess13_impro03_M025,happiness,2.8,3.5,1,아 진짜 아 그만해 좀 거.,어,train,0.1,0.1,0.0,0.2,0.5,0.0,0.1
Sess13_impro03_F026,happiness,4.1,3.4,1,아 한 번만 해 줘.,어,train,0.0,0.0,0.0,0.6,0.4,0.0,0.0
Sess13_impro03_M026,happiness,3.3,3.2,1,사랑해.,어,train,0.0,0.1,0.0,0.3,0.6,0.0,0.0
Sess13_impro03_M036,happiness,2.5,3.4,1,어떻게 살아 내가.,어,train,0.2,0.0,0.0,0.2,0.5,0.1,0.0
Sess13_impro04_F024,happiness,4.0,3.3,1,힘내자.,자,train,0.0,0.0,0.0,0.7,0.3,0.0,0.0
Sess07_script01_F005,anger,1.8,3.4,1,(웃기고 앉아있네+됐고) 나 드라마 봐야 되니까 꺼져.,네 | 어,train,0.7,0.2,0.0,0.0,0.1,0.0,0.0
Sess07_script01_F007,anger,1.9,3.4,1,헐 아 그냥 u/ 인터넷에 나중에 검색 하라고.,라고,train,0.6,0.3,0.0,0.0,0.1,0.0,0.0
Sess07_script01_F008,anger,1.7,3.8,1,아 몰라 그 당첨 되겠냐 그게?,어 | 냐,train,0.6,0.3,0.0,0.0,0.1,0.0,0.0
Sess07_script01_F008,anger,1.7,3.8,2,어휴 어떤 여자가 어 될진 모르겠지만 오빠같은 남자랑 결혼 할 여자가 아주 불쌍하다 불쌍해.,어,train,0.6,0.3,0.0,0.0,0.1,0.0,0.0
Sess07_script01_M018,happiness,4.3,4.9,1,어 b/ 야 나 심장 뛰는 거 봐.,어,train,0.0,0.0,0.0,0.2,0.2,0.0,0.6
Sess07_script01_M018,happiness,4.3,4.9,2,b/ 나 미칠 거 같다.,다,train,0.0,0.0,0.0,0.2,0.2,0.0,0.6
Sess07_script01_F017,happiness,4.6,4.4,1,사랑하는 오빠 나 잊지마.,어,train,0.0,0.0,0.0,1.0,0.0,0.0,0.0
Sess07_script01_F017,happiness,4.6,4.4,2,나 잊으면 안돼.,어,train,0.0,0.0,0.0,1.0,0.0,0.0,0.0
Sess07_script01_F017,happiness,4.6,4.4,3,아 b/ 나 마침 구두를 새로 사야 하는데.,는데,train,0.0,0.0,0.0,1.0,0.0,0.0,0.0
Sess07_script01_M019,happiness,2.4,3.3,1,b/ 이 사실을 그 누구한테도 얘기 하지마.,어,train,0.0,0.0,0.0,0.1,0.9,0.0,0.0
Sess07_script01_F018,happiness,4.6,4.4,1,어 알았어.,어,train,0.0,0.0,0.0,0.7,0.3,0.0,0.0
Sess07_script01_F018,happiness,4.6,4.4,2,걱정하지마 오빠.,어,train,0.0,0.0,0.0,0.7,0.3,0.0,0.0
Sess07_script01_F018,happiness,4.6,4.4,3,내가 또 입이 무겁잖아 응?,잖아,train,0.0,0.0,0.0,0.7,0.3,0.0,0.0
Sess07_script01_M020,happiness,2.1,3.9,1,b/ (좀+로또) 1등 된 사람만 쫓아다니면서 돈 뺐고 구걸하는 사람이 있다잖아.,다잖아,train,0.3,0.1,0.3,0.0,0.3,0.0,0.0
Sess07_script01_F019,happiness,4.6,4.0,1,걱정마 나 오빠 동생이야 몰라?,어 | 야 | 어,train,0.0,0.0,0.0,0.6,0.4,0.0,0.0
Sess07_script01_F019,happiness,4.6,4.0,2,b/ 나 못믿어?,어,train,0.0,0.0,0.0,0.6,0.4,0.0,0.0
Sess07_script01_F020,happiness,4.3,3.6,1,아 내가 오빠 잘 될 줄 알았다니까.,다니까,train,0.0,0.0,0.0,0.8,0.2,0.0,0.0
Sess07_script01_F021,happiness,4.5,3.6,1,b/ 오빠 내 친구 은지랑 소개팅 하고 싶다 그랬지?,지,train,0.0,0.0,0.0,0.6,0.4,0.0,0.0
Sess07_script01_F021,happiness,4.5,3.6,2,내가 바로 전화해볼게.,ᆯ게,train,0.0,0.0,0.0,0.6,0.4,0.0,0.0
Sess07_script01_F024,happiness,4.7,4.6,1,(응+오빠가) 진짜 짱이야 최고야.,야 | 야,train,0.0,0.0,0.0,0.9,0.0,0.0,0.1
Sess07_script01_F024,happiness,4.7,4.6,2,n/ 아 나한텐 역시 우리 오빠가 짱이야 짱.,야,train,0.0,0.0,0.0,0.9,0.0,0.0,0.1
Sess07_script01_F024,happiness,4.7,4.6,3,오빠 나 딱 1억만 주라.,라,train,0.0,0.0,0.0,0.9,0.0,0.0,0.1
Sess07_script02_F003,anger,1.9,2.3,1,거기 마트 생긴지 두 달이 됐거든요?,거든요,train,0.5,0.2,0.0,0.0,0.3,0.0,0.0
Sess07_script02_F003,anger,1.9,2.3,2,그것도 몰라?,어,train,0.5,0.2,0.0,0.0,0.3,0.0,0.0
Sess07_script02_F004,anger,2.2,2.4,1,이거나 받어.,어,train,0.4,0.3,0.0,0.0,0.3,0.0,0.0
Sess07_script02_F005,anger,2.0,2.7,1,안 봐?,어,train,0.5,0.3,0.0,0.0,0.2,0.0,0.0
Sess07_script02_M007,anger,2.6,2.9,1,아이 뭔데.,ᆫ데,train,0.4,0.0,0.0,0.0,0.6,0.0,0.0
Sess07_script02_F007,sadness,2.0,2.6,1,b/ 당신 나 없이도 꿋꿋하게 애들 키우며 살아야 돼.,어,train,0.1,0.0,0.0,0.0,0.2,0.7,0.0
Sess07_script02_M010,sadness,2.1,3.7,1,u/ 자 자기 지금 무슨 소리야.,야,train,0.0,0.0,0.1,0.0,0.1,0.0,0.8
Sess07_script02_M010,sadness,2.1,3.7,2,야 농담이지?,지,train,0.0,0.0,0.1,0.0,0.1,0.0,0.8
Sess07_script02_F008,sadness,1.6,2.7,1,악성이래.,래,train,0.0,0.0,0.0,0.0,0.1,0.9,0.0
Sess07_script02_F008,sadness,1.6,2.7,2,이미 왼쪽에 70프로 정도 퍼져있고 정확한 건 가슴을 열어봐야 알겠지만 림프절과 늑막에까지 전이가 됐대.,대,train,0.0,0.0,0.0,0.0,0.1,0.9,0.0
Sess07_script02_M011,sadness,1.9,3.5,1,장난이지?,지,train,0.1,0.0,0.2,0.0,0.1,0.1,0.5
Sess07_script02_M011,sadness,1.9,3.5,2,농담하는 거지?,지,train,0.1,0.0,0.2,0.0,0.1,0.1,0.5
Sess07_script02_M011,sadness,1.9,3.5,3,지금이라도 빨리 병원 가자.,자,train,0.1,0.0,0.2,0.0,0.1,0.1,0.5
Sess07_script02_F009,sadness,1.5,2.0,1,이미 늦었어.,어,train,0.0,0.0,0.0,0.0,0.1,0.9,0.0
Sess07_script02_M012,sadness,2.0,3.6,1,b/ 수술하면 되는 거 아냐?,냐,train,0.0,0.0,0.2,0.0,0.1,0.3,0.4
Sess07_script02_M013,sadness,1.9,3.4,1,얼마나 살 수 있대?,대,train,0.0,0.0,0.2,0.0,0.1,0.3,0.4
Sess07_script02_M019,sadness,1.7,4.0,1,당신 어릴 적에 사고로 돌아가셨다 했잖아.,잖아,train,0.0,0.0,0.0,0.0,0.0,0.0,1.0
Sess07_script02_M020,sadness,1.6,3.9,1,나 속인 거야?,야,train,0.0,0.0,0.0,0.0,0.1,0.0,0.9
Sess07_script03_M001,happiness,4.1,3.2,1,천천히 먹어.,어,train,0.0,0.0,0.0,0.4,0.6,0.0,0.0
Sess07_script03_M001,happiness,4.1,3.2,2,햄버거 어디 안 도망가.,어,train,0.0,0.0,0.0,0.4,0.6,0.0,0.0
Sess07_script03_M001,happiness,4.1,3.2,3,이게 콜라도 좀 먹고.,고,train,0.0,0.0,0.0,0.4,0.6,0.0,0.0
Sess07_script03_F006,anger,1.9,2.7,1,아 뭐야.,야,train,0.6,0.2,0.0,0.0,0.2,0.0,0.0
Sess07_script03_F006,anger,1.9,2.7,2,나 말 안 해.,어,train,0.6,0.2,0.0,0.0,0.2,0.0,0.0
Sess07_script03_F013,happiness,4.1,3.3,1,b/ 어 맛있겠다.,다,train,0.0,0.0,0.0,0.8,0.2,0.0,0.0
Sess07_script03_F014,anger,2.6,3.2,1,에이 셋은 낳아야지.,어야지,train,0.4,0.0,0.0,0.0,0.3,0.0,0.3
Sess07_script03_F015,anger,2.1,3.8,1,아 뭐야.,야,train,0.7,0.0,0.0,0.0,0.0,0.0,0.3
Sess07_script03_F016,anger,2.0,4.0,1,b/ 나야말로 오빠랑 결혼 한대?,ᆫ대,train,0.9,0.0,0.0,0.0,0.0,0.0,0.1
Sess07_script03_M017,anger,3.2,3.0,1,방금 전에 한다 했잖아.,잖아,train,0.1,0.0,0.0,0.2,0.7,0.0,0.0
Sess07_script03_F017,anger,2.0,2.9,1,하도 불쌍하고 보잘것 없어서 그래서 해준다 한 거지 b/ 내가 당신처럼 어리버리한 남자 뭐가 좋다고 결혼을 해.,어,train,0.4,0.2,0.0,0.0,0.3,0.1,0.0
Sess07_script03_F027,anger,1.8,3.1,1,오빠같은 사람하고 이제 못 만나겠다고.,다고,train,0.5,0.2,0.0,0.0,0.3,0.0,0.0
Sess07_script03_M027,anger,2.1,3.8,1,하 뭔 (소리야),야,train,0.0,0.0,0.0,0.0,0.1,0.0,0.9
Sess07_script03_F028,anger,1.7,3.7,1,(소리야+이젠) 안 만나.,어,train,0.8,0.1,0.0,0.0,0.1,0.0,0.0
Sess07_script04_F009,anger,2.3,3.0,1,팀장님 말씀이 좀 지나치시다.,다,train,0.6,0.2,0.0,0.0,0.2,0.0,0.0
Sess07_script04_F010,anger,2.0,3.0,1,알겠습니다.,습니다,train,0.6,0.1,0.0,0.0,0.3,0.0,0.0
Sess07_script04_F010,anger,2.0,3.0,2,그럼 하나만 묻고 싶네요.,네요,train,0.6,0.1,0.0,0.0,0.3,0.0,0.0
Sess07_script04_F010,anger,2.0,3.0,3,제 아이디어는 왜 발탁이 안 된 거죠?,죠,train,0.6,0.1,0.0,0.0,0.3,0.0,0.0
Sess07_script04_F010,anger,2.0,3.0,4,남의 아이디어가 더 뛰어나서 그랬다 o/ 이런 식의 뻔한 답변은 안 해주실 거라 믿습니다.,다 | 습니다,train,0.6,0.1,0.0,0.0,0.3,0.0,0.0
Sess07_script04_F012,anger,1.7,3.6,1,너무 공격적으로 생각하시는 거 아닌가요?,ᆫ가요,train,0.9,0.0,0.0,0.0,0.1,0.0,0.0
Sess07_script04_F012,anger,1.7,3.6,2,저도 고민하고 심사숙고해서 낸 아이디어인데 뭐가 문제였는지 뭐가 부족했는지 물어볼 수 있지 않나요?,나요,train,0.9,0.0,0.0,0.0,0.1,0.0,0.0
Sess07_script04_F013,anger,1.8,3.0,1,개인적인 감정인가요?,ᆫ가,train,0.8,0.1,0.0,0.0,0.1,0.0,0.0
Sess07_script04_M012,anger,2.2,2.8,1,기본이 부족해서 싫고 이 뜻은 심사위원 모두가 공감했습니다.,습니다,train,0.2,0.3,0.0,0.0,0.5,0.0,0.0
Sess07_script04_M012,anger,2.2,2.8,2,제가 말씀드리면 소은씨는 발전하는게 아니라 퇴보하게 될 거에요.,에요,train,0.2,0.3,0.0,0.0,0.5,0.0,0.0
Sess07_script04_M012,anger,2.2,2.8,3,발전이란 바탕이 있어야 높아지는데 잔인한 이야기지만 소은씨는 바탕이 부족합니다.,ᆸ니다,train,0.2,0.3,0.0,0.0,0.5,0.0,0.0
Sess07_script04_M012,anger,2.2,2.8,4,작성 후 읽어는 보셨나요?,나요,train,0.2,0.3,0.0,0.0,0.5,0.0,0.0
Sess07_script04_M012,anger,2.2,2.8,5,페이지 하나 하나마다 오타가 있었습니다.,습니다,train,0.2,0.3,0.0,0.0,0.5,0.0,0.0
Sess07_script04_F014,anger,1.7,3.4,1,아니 아니 지금 오타 때문에 아이디어를 탈락 시켰다구요?,다구요,train,0.6,0.1,0.0,0.0,0.1,0.0,0.2
Sess07_script04_M013,anger,2.3,2.7,1,이번 장기 프로젝트의 핵심은 뭐죠?,죠,train,0.3,0.2,0.0,0.0,0.5,0.0,0.0
Sess07_script04_F016,anger,2.0,3.4,1,(있겠어요+아니) 그래도.,어요,train,0.7,0.1,0.0,0.0,0.2,0.0,0.0
Sess07_script05_F003,anger,1.7,4.0,1,아 지금 u/ 뭐가 있어.,어,train,0.5,0.0,0.2,0.0,0.0,0.0,0.3
Sess07_script05_F003,anger,1.7,4.0,2,b/ 지섭씨는 여기 있어.,어,train,0.5,0.0,0.2,0.0,0.0,0.0,0.3
Sess07_script05_F003,anger,1.7,4.0,3,일단 내가 가서 보고 올게.,ᆯ게,train,0.5,0.0,0.2,0.0,0.0,0.0,0.3
Sess07_script06_M018,anger,2.0,2.8,1,b/ 못하겠어요?,어요,train,0.3,0.1,0.0,0.1,0.5,0.0,0.0
Sess07_script06_M018,anger,2.0,2.8,2,이력서에 적힌 걸 우린 확인할 권리가 있어요.,어요,train,0.3,0.1,0.0,0.1,0.5,0.0,0.0
Sess07_script06_M018,anger,2.0,2.8,3,진짠지 가짠지 확인 해봐야죠.,어야죠,train,0.3,0.1,0.0,0.1,0.5,0.0,0.0
Sess07_script06_M018,anger,2.0,2.8,4,아니면 적질 말든가.,든가,train,0.3,0.1,0.0,0.1,0.5,0.0,0.0
Sess07_script06_F019,anger,1.5,4.1,1,아이 원래 면접을 이런 식으로 보십니까?,ᆸ니까,train,1.0,0.0,0.0,0.0,0.0,0.0,0.0
Sess07_impro01_F002,anger,1.8,2.7,1,뭘 짬뽕을 어떤 맛으로 내요.,어요,train,0.6,0.2,0.0,0.0,0.2,0.0,0.0
Sess07_impro01_F002,anger,1.8,2.7,2,청양고추로 맛을 냈죠.,죠,train,0.6,0.2,0.0,0.0,0.2,0.0,0.0
Sess07_impro01_M004,anger,2.3,2.9,1,뒤에 텁텁하게 오는 이 맛 있잖아요.,잖아요,train,0.1,0.2,0.0,0.0,0.7,0.0,0.0
Sess07_impro01_F005,anger,1.8,2.9,1,뭐가 텁텁하다는 거예요.,예요,train,0.6,0.1,0.0,0.0,0.3,0.0,0.0
Sess07_impro01_M006,anger,2.0,3.0,1,아 뒷맛에 살짝 오는 거 약간 오일 맛이 나는데 이거 뭐에요 이거?,에요,train,0.1,0.3,0.0,0.0,0.6,0.0,0.0
Sess07_impro01_M007,anger,2.3,2.7,1,올리브오일을 넣으셨어요?,어요,train,0.3,0.2,0.0,0.0,0.5,0.0,0.0
Sess07_impro01_F010,anger,1.7,3.5,1,문제 장난하세요 지금?,세요,train,0.8,0.0,0.0,0.0,0.1,0.0,0.1
Sess07_impro01_F010,anger,1.7,3.5,2,잘 먹어보 잘 먹어보시고 말씀하시는 거예요 지금?,예요,train,0.8,0.0,0.0,0.0,0.1,0.0,0.1
Sess07_impro01_M011,anger,2.0,2.9,1,오일 분류는 할 줄 알아요?,어요,train,0.2,0.4,0.0,0.0,0.4,0.0,0.0
Sess07_impro01_M011,anger,2.0,2.9,2,휘발윤지 오일인지 모르는 거 아니에요?,에요,train,0.2,0.4,0.0,0.0,0.4,0.0,0.0
Sess07_impro01_F011,anger,1.7,3.5,1,저 다 구분할 줄 알거든요.,거든요,train,0.8,0.1,0.0,0.0,0.1,0.0,0.0
Sess07_impro01_F011,anger,1.7,3.5,2,어이가 없어가지고 진 요리 잘하는 줄 알아?,어,train,0.8,0.1,0.0,0.0,0.1,0.0,0.0
Sess07_impro01_M015,anger,1.7,3.2,1,그러니까 그러지.,지,train,0.3,0.4,0.0,0.0,0.3,0.0,0.0
Sess07_impro01_F014,anger,1.4,4.1,1,(없으신가+저기요) 이보세요.,세요,train,0.9,0.1,0.0,0.0,0.0,0.0,0.0
Sess07_impro01_F014,anger,1.4,4.1,2,저 b/ 올 저 언론에서 미각천재라는 말 듣고 살았어요.,어요,train,0.9,0.1,0.0,0.0,0.0,0.0,0.0
Sess07_impro01_F014,anger,1.4,4.1,3,뭐 아시나 몰라.,어,train,0.9,0.1,0.0,0.0,0.0,0.0,0.0
Sess07_impro01_M016,anger,1.9,3.0,1,b/ 그래요 아니 오일은 그렇다 칩시다 근데 양은 양 조절을 못 했으니까 이렇게 텁텁한 맛이 나는 거 아니에요 지금.,ᆸ시다 | 에요,train,0.3,0.4,0.0,0.0,0.3,0.0,0.0
Sess07_impro01_F015,anger,1.6,3.9,1,전 정량 넣었어요.,어요,train,1.0,0.0,0.0,0.0,0.0,0.0,0.0
Sess07_impro01_F017,anger,1.6,3.6,1,아니 뭐 알고나 말하시나 몰라요.,어요,train,0.8,0.1,0.0,0.0,0.1,0.0,0.0
Sess07_impro01_M019,anger,1.8,3.3,1,아 됐구요.,구요,train,0.3,0.3,0.0,0.0,0.4,0.0,0.0
Sess07_impro01_M019,anger,1.8,3.3,2,짬뽕은 짬뽕이다 칩시다 근데 그것도 아니고 탕수육 탕수육 이거 어떡할거예요?,ᆸ시다 | 예요,train,0.3,0.3,0.0,0.0,0.4,0.0,0.0
Sess07_impro01_F018,anger,1.4,3.8,1,왜 사사건건 시비에요?,에요,train,0.9,0.0,0.0,0.0,0.1,0.0,0.0
Sess07_impro01_F018,anger,1.4,3.8,2,제 저 좋아하세요?,세요,train,0.9,0.0,0.0,0.0,0.1,0.0,0.0
Sess07_impro01_F021,anger,1.8,3.5,1,잠깐잠깐 잠깐 지금 샘나서 그러시는 거죠?,죠,train,0.6,0.2,0.0,0.0,0.2,0.0,0.0
Sess07_impro01_F022,anger,2.0,3.3,1,지금 그쪽한테 안 오니까 맞죠?,죠,train,0.5,0.3,0.0,0.0,0.2,0.0,0.0
Sess07_impro01_F024,anger,1.7,3.7,1,정량 드럽게 좋아하시네.,네,train,0.9,0.1,0.0,0.0,0.0,0.0,0.0
Sess07_impro01_F024,anger,1.7,3.7,2,듣자듣자 하니까 좀 너무한 거 아니에요?,에요,train,0.9,0.1,0.0,0.0,0.0,0.0,0.0
Sess07_impro01_F026,anger,1.6,3.9,1,수석 수석이란 말 듣고 살았고 언론에서 저 많이 띄워주시는 거 알죠?,죠,train,1.0,0.0,0.0,0.0,0.0,0.0,0.0
Sess07_impro01_F026,anger,1.6,3.9,2,b/ (너무 화가나서 못 참겠네요),네요,train,1.0,0.0,0.0,0.0,0.0,0.0,0.0
Sess07_impro01_F031,anger,1.5,4.1,1,(있으니까+그렇게) 잘났으면 당신이 하면 되잖아요.,잖아요,train,1.0,0.0,0.0,0.0,0.0,0.0,0.0
Sess07_impro01_F032,anger,1.4,4.4,1,나 오늘부로 당장 그만둘테니까 당신이 하세요 당신이.,세요,train,0.9,0.1,0.0,0.0,0.0,0.0,0.0
Sess07_impro01_F034,anger,2.1,3.4,1,흥 그래요 그 제안 받아드리죠.,죠,train,0.5,0.2,0.0,0.0,0.3,0.0,0.0
Sess07_impro01_F034,anger,2.1,3.4,2,저도 서로 먹어보고 당신 쪽이 더 맛있으면 제가 나갈게요.,ᆯ게요,train,0.5,0.2,0.0,0.0,0.3,0.0,0.0
Sess07_impro03_F012,anger,2.0,2.8,1,이러면 안 나 나 서운하지 그러면.,어 | 지,train,0.5,0.2,0.0,0.0,0.3,0.0,0.0
Sess07_impro03_F015,anger,1.9,3.3,1,(가야+잘못한 게) 뭐가 없어.,어,train,0.8,0.1,0.0,0.0,0.1,0.0,0.0
Sess07_impro03_F015,anger,1.9,3.3,2,지금 추가 비용이 나왔다니까.,다니까,train,0.8,0.1,0.0,0.0,0.1,0.0,0.0
Sess07_impro03_F029,anger,1.6,4.0,1,헛 희대 씨 희대 씨 아 미쳐버리겠네 진짜.,네,train,0.5,0.0,0.1,0.0,0.1,0.0,0.3
Sess07_impro03_F031,anger,1.5,4.0,1,아이 전무님 전무님이 전무님이 그때 지금 책임지신다고.,ᆫ다고,train,0.5,0.0,0.3,0.0,0.0,0.0,0.2
Sess07_impro03_F031,anger,1.5,4.0,2,아우 미쳐버리겠네 진짜 내가 독박 쓰게 생겼어.,네 | 어,train,0.5,0.0,0.3,0.0,0.0,0.0,0.2
Sess07_impro04_F025,happiness,4.2,3.3,1,o/ 나도 가끔 그 생각해.,어,train,0.0,0.0,0.0,0.6,0.4,0.0,0.0
Sess07_impro04_F026,happiness,4.1,3.4,1,자기 안 그래도 옛날에 나 술먹었다고 술 먹고 자빠져가지고 집에서부터 노원까지 다 쓰레빠 벗고 달려왔잖아.,잖아,train,0.0,0.0,0.0,0.9,0.1,0.0,0.0
Sess07_impro04_M026,happiness,3.8,3.3,1,o/ 내가 그때 얼마나 식겁했는 줄 알아?,어,train,0.4,0.0,0.0,0.1,0.5,0.0,0.0
Sess07_impro04_M027,happiness,3.9,3.0,1,o/ 무거운 사람이었어 봐.,어,train,0.5,0.0,0.0,0.0,0.5,0.0,0.0
Sess07_impro04_M027,happiness,3.9,3.0,2,아주 그냥 뼈 몇 군데 부서졌어 내가 지금.,어,train,0.5,0.0,0.0,0.0,0.5,0.0,0.0
Sess07_impro04_M028,happiness,3.6,3.0,1,그땐 진짜 하늘이 무너지는 줄 알았다.,다,train,0.2,0.0,0.0,0.0,0.8,0.0,0.0
Sess07_impro04_M038,happiness,3.6,3.1,1,사랑한다고.,ᆫ다고,train,0.0,0.0,0.0,0.1,0.9,0.0,0.0
Sess07_impro04_F045,happiness,4.6,3.4,1,어 우리 같이 씻을까?,을까,train,0.0,0.0,0.0,0.6,0.4,0.0,0.0
Sess07_impro04_M047,happiness,3.2,3.9,1,야이 u/ 남녀가 어떻게 그 같이 씻어.,어,train,0.0,0.0,0.0,0.0,0.2,0.0,0.8
Sess07_impro04_M047,happiness,3.2,3.9,2,이 내가 금방 씻고 올게.,ᆯ게,train,0.0,0.0,0.0,0.0,0.2,0.0,0.8
Sess07_impro04_M047,happiness,3.2,3.9,3,(잠깐 기다려),어,train,0.0,0.0,0.0,0.0,0.2,0.0,0.8
Sess07_impro04_F046,happiness,4.4,3.2,1,(잠깐 기다려+장난이야) 한솔이 재워야 돼.,어 | 야 | 어,train,0.0,0.0,0.0,0.6,0.4,0.0,0.0
Sess07_impro04_F046,happiness,4.4,3.2,2,얼른 씻고 와 밥해놓고 있을게.,을게,train,0.0,0.0,0.0,0.6,0.4,0.0,0.0
Sess07_impro04_F047,happiness,4.2,3.1,1,치 어휴 못 살아 내가 진짜.,어,train,0.0,0.0,0.0,0.8,0.2,0.0,0.0
Sess11_script01_F008,anger,1.6,4.0,1,(준다고+아 몰라) 그게 당첨 되겠냐?,냐,train,0.2,0.8,0.0,0.0,0.0,0.0,0.0
Sess11_script01_F008,anger,1.6,4.0,2,b/ 아 진짜 어떤 여자가 될지 모르지만 오빠 같은 남자랑 결혼 할 여자가 아주 불쌍하다 불쌍해.,어,train,0.2,0.8,0.0,0.0,0.0,0.0,0.0
Sess11_script01_M009,happiness,3.9,3.5,1,아싸 번호 하나 맞았고.,어,train,0.0,0.0,0.0,0.7,0.3,0.0,0.0
Sess11_script01_M010,happiness,4.0,3.9,1,오케바리 야 u/ 5천원 확보.,야,train,0.0,0.0,0.0,0.8,0.1,0.0,0.1
Sess11_script01_F009,happiness,2.2,3.0,1,치 퍽이나 좋겠다.,다,train,0.0,0.7,0.0,0.1,0.2,0.0,0.0
Sess11_script01_M012,happiness,4.5,4.7,1,어떡해 어떡해.,어 | 어,train,0.0,0.0,0.0,0.6,0.0,0.0,0.4
Sess11_script01_F011,happiness,4.5,4.6,1,오빠 어 진짜 어떡해 여섯개 다 맞는 거 아냐?,어 | 냐,train,0.0,0.0,0.0,0.1,0.0,0.0,0.9
Sess11_script01_M016,happiness,5.0,5.0,1,어쩔 거야 어?,야,train,0.0,0.0,0.0,0.7,0.0,0.0,0.3
Sess11_script01_F014,happiness,5.0,5.0,1,b/ 어떡해 어떡해.,어 | 어,train,0.0,0.0,0.0,0.8,0.0,0.0,0.2
Sess11_script01_M017,happiness,4.9,4.9,1,o/ N/ 나좀 꼬집어 꼬집어봐.,어,train,0.0,0.0,0.0,0.6,0.0,0.0,0.4
Sess11_script01_M017,happiness,4.9,4.9,2,이게 진짜야?,야,train,0.0,0.0,0.0,0.6,0.0,0.0,0.4
Sess11_script01_F015,happiness,4.9,4.9,1,얼마든지 꼬집어줄게.,ᆯ게,train,0.0,0.0,0.0,1.0,0.0,0.0,0.0
Sess11_script01_M018,happiness,4.1,4.8,1,아 씨 아이 아프게 꼬집으면 어떡해.,어,train,0.2,0.1,0.0,0.6,0.0,0.0,0.1
Sess11_script01_M019,happiness,4.7,4.6,1,(있지+우와) u/ 심장 뛰는 거 봐.,어,train,0.0,0.0,0.0,0.7,0.1,0.0,0.2
Sess11_script01_M019,happiness,4.7,4.6,2,미칠거 같다 진짜.,다,train,0.0,0.0,0.0,0.7,0.1,0.0,0.2
Sess11_script01_F017,happiness,4.8,4.8,1,사랑하는 오빠 나 나 잊지마 나 잊으면 안된다?,어 | ᆫ다,train,0.0,0.0,0.0,1.0,0.0,0.0,0.0
Sess11_script01_M024,happiness,4.3,3.9,1,이야 o/ 돈이 좋긴 하네 n/ (언제),네,train,0.0,0.1,0.0,0.7,0.1,0.0,0.1
Sess11_script01_F022,happiness,4.6,4.5,1,(언제+나) 지금 걸게.,ᆯ게,train,0.0,0.0,0.0,0.9,0.1,0.0,0.0
Sess11_script01_F022,happiness,4.6,4.5,2,어 내 친구들 많아.,어,train,0.0,0.0,0.0,0.9,0.1,0.0,0.0
Sess11_script01_M028,happiness,4.6,4.6,1,b/ 내일 날 밝으면 이제 n/ 고주홍의 시대가 열린다 이거야.,ᆫ다 | 야,train,0.0,0.0,0.0,0.9,0.1,0.0,0.0
Sess11_script01_M028,happiness,4.6,4.6,2,두고 봐.,어,train,0.0,0.0,0.0,0.9,0.1,0.0,0.0
Sess11_script01_M028,happiness,4.6,4.6,3,내가 이 돈으로 세상을 깜짝 놀라게 할거니까.,니까,train,0.0,0.0,0.0,0.9,0.1,0.0,0.0
Sess11_script02_M022,sadness,2.2,2.1,1,미안해 사실 이번에도 월급 못 받았어.,어 | 어,train,0.0,0.0,0.0,0.0,0.3,0.7,0.0
Sess11_script02_M022,sadness,2.2,2.1,2,가게 u/ o/ 사정도 어렵구 근데 오늘 우리 만난지 100일인데 선물 사줄.,구,train,0.0,0.0,0.0,0.0,0.3,0.7,0.0
Sess11_script02_M023,sadness,2.5,2.7,1,그 이런 선물 받으니까 어이가 없지?,지,train,0.0,0.1,0.0,0.0,0.4,0.5,0.0
Sess11_script02_F024,happiness,3.7,4.3,1,아잉까 젓가락 100개 라는게 u/ 우리 만난지 100일 되는 날이라서 준비했다는거야?,야,train,0.0,0.1,0.0,0.6,0.0,0.0,0.3
Sess11_script02_M025,sadness,2.4,2.3,1,그 여진이 너가 생각하기에도 젓가락 100개는 좀 심했지?,지,train,0.0,0.1,0.0,0.0,0.3,0.6,0.0
Sess11_script02_M025,sadness,2.4,2.3,2,미안해.,어,train,0.0,0.1,0.0,0.0,0.3,0.6,0.0
Sess11_script02_M027,sadness,1.9,2.5,1,무슨 소리야?,야,train,0.0,0.0,0.0,0.0,0.2,0.5,0.3
Sess11_script02_F029,happiness,4.4,3.6,1,대신에 같이 살아야겠어.,어,train,0.0,0.0,0.0,0.9,0.1,0.0,0.0
Sess11_script02_F030,happiness,3.9,3.6,1,자 오빠는 젓가락 줬지만 나 좋은 거 줄게.,ᆯ게,train,0.0,0.0,0.0,0.6,0.4,0.0,0.0
Sess11_script02_M029,happiness,3.7,3.5,1,이게 뭔데?,ᆫ데,train,0.0,0.0,0.0,0.4,0.3,0.0,0.3
Sess11_script02_F032,happiness,3.9,3.7,1,미장원에서 샴푸하면서 동네 아줌마한테 동 동네 아줌마들이 주는 팁 좀 모아봤지.,지,train,0.0,0.0,0.0,0.5,0.5,0.0,0.0
Sess11_script02_F032,happiness,3.9,3.7,2,그리고 오빠는 돈 걱정 하지마 내가 먹여 살릴게.,어 | ᆯ게,train,0.0,0.0,0.0,0.5,0.5,0.0,0.0
Sess11_script02_F033,happiness,4.2,3.3,1,오빠 누가 선물하고 누가 프로포즈 하면 어때?,어,train,0.0,0.0,0.0,0.7,0.3,0.0,0.0
Sess11_script02_F033,happiness,4.2,3.3,2,난 오빠를 사랑하고 지금이 행복한데.,ᆫ데,train,0.0,0.0,0.0,0.7,0.3,0.0,0.0
Sess11_script02_F033,happiness,4.2,3.3,3,우리 둘이 함께 한다는 게 중요하잖아.,잖아,train,0.0,0.0,0.0,0.7,0.3,0.0,0.0
Sess11_script02_F034,happiness,4.2,3.5,1,결혼식은 정말 멋지게 해줘야해?,어,train,0.0,0.0,0.0,0.8,0.2,0.0,0.0
Sess11_script02_F034,happiness,4.2,3.5,2,알았어?,어,train,0.0,0.0,0.0,0.8,0.2,0.0,0.0
Sess11_script02_M033,happiness,4.7,4.5,1,여진아 사랑한다.,ᆫ다,train,0.0,0.0,0.0,1.0,0.0,0.0,0.0
Sess11_script02_M033,happiness,4.7,4.5,2,정말 사랑해.,어,train,0.0,0.0,0.0,1.0,0.0,0.0,0.0
Sess11_script03_M018,anger,2.0,3.7,1,아니 무슨 말을 그렇게 합니까 신성한 면접실에서.,ᆸ니까,train,1.0,0.0,0.0,0.0,0.0,0.0,0.0
Sess11_script03_F019,anger,1.1,4.6,1,아니 아무리 약자라도 기본적이고 인간적인 대우를 해줘야 될 거 아냐.,냐,train,1.0,0.0,0.0,0.0,0.0,0.0,0.0
Sess11_script03_F019,anger,1.1,4.6,2,시간 때우려고 니들 심심풀이 땅콩으로 채우려고 지원자 갖고 놀지 말라구.,라구,train,1.0,0.0,0.0,0.0,0.0,0.0,0.0
Sess11_script03_M019,anger,1.4,4.6,1,아니 나원 참 어이가 없어서.,어서,train,1.0,0.0,0.0,0.0,0.0,0.0,0.0
Sess11_script03_M019,anger,1.4,4.6,2,그럼 나가세요 그러면.,세요,train,1.0,0.0,0.0,0.0,0.0,0.0,0.0
Sess11_script03_M019,anger,1.4,4.6,3,당신 말고도 지원자는 널렸어.,어,train,1.0,0.0,0.0,0.0,0.0,0.0,0.0
Sess11_script05_M002,anger,1.3,4.2,1,아이씨 그니까 날 말렸어야지 u/ 술 먹어서 운전 안한다고 했잖아 씨.,어야지 | 잖아,train,1.0,0.0,0.0,0.0,0.0,0.0,0.0
Sess11_script05_M006,anger,1.3,4.4,1,그러니까 내가 이 야밤에 돌아다니다가 차에 치이고 난리야 아우 씨이 진짜.,야,train,1.0,0.0,0.0,0.0,0.0,0.0,0.0
Sess11_script05_M010,happiness,3.3,3.8,1,아 아 그래 맞아.,어,train,0.0,0.0,0.1,0.6,0.1,0.0,0.2
Sess11_script05_M010,happiness,3.3,3.8,2,고라니였어.,어,train,0.0,0.0,0.1,0.6,0.1,0.0,0.2
Sess11_script05_M010,happiness,3.3,3.8,3,그 너랑 나랑 술을 마셔가지고 고라니를 사람으로 착각한거야.,야,train,0.0,0.0,0.1,0.6,0.1,0.0,0.2
Sess11_script05_M011,anger,1.2,4.5,1,그럼 뭐야 이거 어떻게 된거야 사람은 쳤는데 그 사람이 없어졌다는게.,야 | 야,train,1.0,0.0,0.0,0.0,0.0,0.0,0.0
Sess11_script05_M013,anger,1.5,4.5,1,(데려가야지+우리) 술 마셨잖아.,어야지 | 잖아,train,1.0,0.0,0.0,0.0,0.0,0.0,0.0
Sess11_script05_M016,anger,1.7,3.8,1,너 너너 내가 망가지길 바래?,어,train,1.0,0.0,0.0,0.0,0.0,0.0,0.0
Sess11_script05_M016,anger,1.7,3.8,2,내 인생이 바닥으로 떨어지길 (원하냐구),냐구,train,1.0,0.0,0.0,0.0,0.0,0.0,0.0
Sess11_script05_F013,anger,2.1,3.3,1,(원하냐구+지섭씨) 사람 목숨이 달린거잖아.,냐구 | 잖아,train,0.0,0.2,0.5,0.0,0.1,0.0,0.2
Sess11_script05_F013,anger,2.1,3.3,2,일단 찾아보자 응?,자,train,0.0,0.2,0.5,0.0,0.1,0.0,0.2
Sess11_script05_F013,anger,2.1,3.3,3,혹시 모르니까 경찰에 신고도 해보고 내가 (전화할게),ᆯ게,train,0.0,0.2,0.5,0.0,0.1,0.0,0.2
Sess11_script05_M017,anger,1.3,4.5,1,(전화할게+야) 전화기 내려놔.,ᆯ게 | 어,train,1.0,0.0,0.0,0.0,0.0,0.0,0.0
Sess11_script05_F014,anger,1.7,3.4,1,지섭씨 왜 이래?,어,train,0.0,0.2,0.5,0.0,0.0,0.0,0.3
Sess11_script05_M018,anger,1.3,4.1,1,자꾸 이러면 나도 더 이상 안 참아.,어,train,1.0,0.0,0.0,0.0,0.0,0.0,0.0
Sess11_script05_M019,anger,1.2,4.6,1,너도 사라지게 해줘?,어,train,1.0,0.0,0.0,0.0,0.0,0.0,0.0
Sess11_script05_F015,anger,1.4,3.3,1,지금 계속 무슨 소리 하는 거야.,야,train,0.0,0.2,0.5,0.0,0.0,0.2,0.1
Sess11_script05_M020,anger,1.2,4.6,1,지금 니가 나한테 하는 짓이 더 이상해.,어,train,0.9,0.0,0.1,0.0,0.0,0.0,0.0
Sess11_script05_M021,anger,1.2,4.6,1,날 마 지금 망가트리려고 작정했잖아 지금.,잖아,train,1.0,0.0,0.0,0.0,0.0,0.0,0.0
Sess11_script05_M021,anger,1.2,4.6,2,우리 미래 안 중요해?,어,train,1.0,0.0,0.0,0.0,0.0,0.0,0.0
Sess11_script05_M021,anger,1.2,4.6,3,너 입만 뻥끗해봐 너도 똑같이 만들어줄테니까.,니까,train,1.0,0.0,0.0,0.0,0.0,0.0,0.0
Sess11_script05_F016,anger,1.4,2.7,1,지섭씨 u/ 무서워.,어,train,0.0,0.0,1.0,0.0,0.0,0.0,0.0
Sess11_script05_M022,anger,1.4,3.2,1,진짜 무서운게 뭔지 보여줘?,어,train,0.9,0.1,0.0,0.0,0.0,0.0,0.0
Sess11_script05_M022,anger,1.4,3.2,2,오늘 있던 일은 너랑 나랑만 아는거야 아무도 못 봤어 그러니까 넌 입 닥치고 있어 오늘 우린 고라니를 친거야.,어 | 어 | 야,train,0.9,0.1,0.0,0.0,0.0,0.0,0.0
Sess11_script05_M022,anger,1.4,3.2,3,어차피 죽었는지 살았는지도 모르는데 알바 없잖아.,잖아,train,0.9,0.1,0.0,0.0,0.0,0.0,0.0
Sess11_script05_M023,anger,1.3,4.5,1,그리고 너 똑바로 들어.,어,train,1.0,0.0,0.0,0.0,0.0,0.0,0.0
Sess11_script05_M024,anger,1.2,4.5,1,내 차에서 내려도 경찰에 전화해도 넌 죽어 알았어?,어 | 어,train,1.0,0.0,0.0,0.0,0.0,0.0,0.0
Sess11_script05_F017,anger,1.5,2.8,1,알았어.,어,train,0.0,0.1,0.7,0.0,0.1,0.1,0.0
Sess11_script05_M030,anger,1.6,3.4,1,뭘 어떡해 이왕 이렇게 된거 확실하게 해야지.,어 | 어야지,train,0.3,0.2,0.2,0.0,0.2,0.0,0.1
Sess11_script06_M001,happiness,4.1,3.3,1,l/ 야 저거 봐봐 저 개그맨 웃기지 않아?,어 | 어,train,0.0,0.0,0.0,0.9,0.1,0.0,0.0
Sess11_script06_F001,happiness,2.1,2.2,1,o/ N/ 뭐가 그렇게 재밌어?,어,train,0.1,0.3,0.0,0.0,0.4,0.2,0.0
Sess11_script06_M002,happiness,4.4,3.5,1,웃기잖아.,잖아,train,0.0,0.0,0.0,0.9,0.1,0.0,0.0
Sess11_script06_M002,happiness,4.4,3.5,2,l/ 아니 근데 바나나 맛있다.,다,train,0.0,0.0,0.0,0.9,0.1,0.0,0.0
Sess11_script06_M002,happiness,4.4,3.5,3,어디서 산거야?,야,train,0.0,0.0,0.0,0.9,0.1,0.0,0.0
Sess11_script06_M004,happiness,3.9,3.3,1,모를 수도 있지 뭐 그게 무슨 대순가?,지 | ᆫ가,train,0.0,0.0,0.0,0.8,0.2,0.0,0.0
Sess11_script06_M004,happiness,3.9,3.3,2,l/ u/ 저거 진짜 웃기다.,다,train,0.0,0.0,0.0,0.8,0.2,0.0,0.0
Sess11_script06_M012,sadness,2.0,1.9,1,얼마나 살 수 있대?,대,train,0.0,0.0,0.2,0.0,0.2,0.6,0.0
Sess11_script06_M013,sadness,1.2,4.5,1,b/ 그러니까 내가 저번에 가슴 아프다고 할때 내가 병원에 가보라고 했잖아.,잖아,train,1.0,0.0,0.0,0.0,0.0,0.0,0.0
Sess11_script06_M013,sadness,1.2,4.5,2,왜 그동안 안 간거야 왜 왜.,야,train,1.0,0.0,0.0,0.0,0.0,0.0,0.0
Sess11_script06_F012,anger,1.7,1.8,1,화 낸다고 달라질 거 없잖아.,잖아,train,0.0,0.0,0.0,0.0,0.5,0.5,0.0
Sess11_script06_M014,sadness,1.6,2.8,1,여보 미안해 소리쳐서 미안해 이왕 이렇게 된거 할 수 있는 거 다 뭐든 해보자.,다 | 자,train,0.0,0.0,0.1,0.0,0.1,0.8,0.0
Sess11_script06_M014,sadness,1.6,2.8,2,요즘 의사들 돌팔이들 많다잖아.,다잖아,train,0.0,0.0,0.1,0.0,0.1,0.8,0.0
Sess11_script06_M014,sadness,1.6,2.8,3,아닐 수도 있어 응?,어,train,0.0,0.0,0.1,0.0,0.1,0.8,0.0
Sess11_script06_M014,sadness,1.6,2.8,4,그리고 6개월이 아니라 6년 아니 60년을 살 수도 있고 어서 병원 가자 응?,자,train,0.0,0.0,0.1,0.0,0.1,0.8,0.0
Sess11_script06_F013,sadness,1.3,1.5,1,b/ 아냐 난 아냐 틀렸어.,어,train,0.0,0.0,0.0,0.0,0.1,0.9,0.0
Sess11_script06_M015,sadness,1.3,3.9,1,틀리긴 뭘 틀려.,어,train,0.9,0.0,0.0,0.0,0.0,0.1,0.0
Sess11_script06_M015,sadness,1.3,3.9,2,빨리 병원에 가자니까.,자니까,train,0.9,0.0,0.0,0.0,0.0,0.1,0.0
Sess11_script06_M019,sadness,2.3,2.9,1,여보 그런 생각 하지마 어?,어,train,0.0,0.0,0.2,0.0,0.1,0.7,0.0
Sess11_script06_M019,sadness,2.3,2.9,2,자 지금도 안 늦었어.,어,train,0.0,0.0,0.2,0.0,0.1,0.7,0.0
Sess11_script06_M019,sadness,2.3,2.9,3,일단 정리하고 병원 가자?,자,train,0.0,0.0,0.2,0.0,0.1,0.7,0.0
Sess11_script06_F018,sadness,1.2,2.7,1,무슨 의미가 있었겠어?,어,train,0.1,0.0,0.0,0.0,0.0,0.9,0.0
Sess11_script06_F018,sadness,1.2,2.7,2,3년을 더 사셨다구 아빠는 행복했을까.,을까,train,0.1,0.0,0.0,0.0,0.0,0.9,0.0
Sess11_script06_M020,sadness,1.4,3.6,1,여보 왜 이래.,어,train,0.6,0.0,0.1,0.0,0.0,0.3,0.0
Sess11_script06_M020,sadness,1.4,3.6,2,왜 이리 약한 생각을 해.,어,train,0.6,0.0,0.1,0.0,0.0,0.3,0.0
Sess11_script06_F019,sadness,1.1,2.7,1,나두 살구 싶어.,어,train,0.0,0.1,0.1,0.0,0.0,0.8,0.0
Sess11_script06_F019,sadness,1.1,2.7,2,나도 사람인데.,ᆫ데,train,0.0,0.1,0.1,0.0,0.0,0.8,0.0
Sess11_script06_F019,sadness,1.1,2.7,3,근데 싸우기엔 너무 늦었고 지쳤어.,어,train,0.0,0.1,0.1,0.0,0.0,0.8,0.0
Sess11_script06_F020,sadness,1.6,1.7,1,당신 우리 애들 잘 부탁해.,어,train,0.0,0.0,0.0,0.0,0.2,0.8,0.0
Sess11_script06_F020,sadness,1.6,1.7,2,그리고 남은 시간 우리 행복하게 지내면 되잖아 나 행복하고 싶어.,잖아 | 어,train,0.0,0.0,0.0,0.0,0.2,0.8,0.0
Sess11_script06_F020,sadness,1.6,1.7,3,그리고 행복하게 죽고 싶어.,어,train,0.0,0.0,0.0,0.0,0.2,0.8,0.0
Sess11_script06_F020,sadness,1.6,1.7,4,그냥 예쁜 모습 좋은 모습만 남기고 싶어.,어,train,0.0,0.0,0.0,0.0,0.2,0.8,0.0
Sess11_script06_F021,sadness,2.3,2.1,1,나 마지막 부탁이 있는데  둘째 결혼 시키고 당신도 재혼해 혹시 애들 o/ 결혼 전에 재혼하면 애들도 상처 받을 수 있으니까 애들 결혼만 시켜줘 그리고 좋은 여자 만나 알겠지?,어 | 지,train,0.0,0.0,0.0,0.0,0.2,0.8,0.0
Sess11_script06_M023,sadness,1.4,4.0,1,도대체 무슨 얘기 하는거야.,야,train,0.9,0.0,0.0,0.0,0.0,0.1,0.0
Sess11_script06_M023,sadness,1.4,4.0,2,그런 얘기 좀 그만해.,어,train,0.9,0.0,0.0,0.0,0.0,0.1,0.0
Sess11_script06_M024,sadness,1.7,2.1,1,미숙아 내가 내가 다 잘못했어 내가 잘못했어.,어 | 어,train,0.0,0.0,0.1,0.0,0.0,0.9,0.0
Sess11_script06_M024,sadness,1.7,2.1,2,제발 살아줘 응?,어,train,0.0,0.0,0.1,0.0,0.0,0.9,0.0
Sess11_script06_M024,sadness,1.7,2.1,3,제발 살아줘.,어,train,0.0,0.0,0.1,0.0,0.0,0.9,0.0
Sess11_impro01_M012,anger,2.2,2.8,1,아 제꺼 먹어보셨습니까?,습니까,train,0.5,0.1,0.0,0.0,0.4,0.0,0.0
Sess11_impro01_M013,anger,2.2,3.4,1,저는요.,요,train,0.8,0.1,0.0,0.0,0.1,0.0,0.0
Sess11_impro01_M013,anger,2.2,3.4,2,음 당신이 말한 객관적인 거 있죠?,죠,train,0.8,0.1,0.0,0.0,0.1,0.0,0.0
Sess11_impro01_M013,anger,2.2,3.4,3,그런 뭐 언론에 떠드는 객관적 말구요.,구요,train,0.8,0.1,0.0,0.0,0.1,0.0,0.0
Sess11_impro01_M013,anger,2.2,3.4,4,이런 게 객관적인 거예요.,예요,train,0.8,0.1,0.0,0.0,0.1,0.0,0.0
Sess11_impro01_M013,anger,2.2,3.4,5,아시겠어요?,어요,train,0.8,0.1,0.0,0.0,0.1,0.0,0.0
Sess11_impro01_F014,anger,1.8,3.7,1,아니 지금 뭔데 지금 저한테 이렇게 얘기하시는 거예요?,예요,train,0.9,0.1,0.0,0.0,0.0,0.0,0.0
Sess11_impro01_M015,anger,1.4,3.5,1,아 그니까 식당에서 배웠다 미윤씨 객관적이라는 건요.,요,train,0.5,0.5,0.0,0.0,0.0,0.0,0.0
Sess11_impro01_M015,anger,1.4,3.5,2,어디 학굘 나왔고 어디 대학을 나왔고 어디서 강의를 하고 이런게 객관적인 거예요.,예요,train,0.5,0.5,0.0,0.0,0.0,0.0,0.0
Sess11_impro01_M015,anger,1.4,3.5,3,아시겠어요?,어요,train,0.5,0.5,0.0,0.0,0.0,0.0,0.0
Sess11_impro01_F016,anger,1.8,2.9,1,그러니까 주방장님 요리가 그런 거예요.,예요,train,0.2,0.7,0.0,0.0,0.1,0.0,0.0
Sess11_impro01_F016,anger,1.8,2.9,2,맛이 없잖아요.,잖아요,train,0.2,0.7,0.0,0.0,0.1,0.0,0.0
Sess11_impro01_M016,anger,1.7,3.7,1,아 맛이 없다.,다,train,0.7,0.0,0.0,0.0,0.2,0.0,0.1
Sess11_impro01_M016,anger,1.7,3.7,2,음 제 요리 얼만큼 먹어봤어요?,어요,train,0.7,0.0,0.0,0.0,0.2,0.0,0.1
Sess11_impro01_M021,anger,1.4,3.3,1,어이 없는 친구네 이거.,네,train,0.7,0.3,0.0,0.0,0.0,0.0,0.0
Sess11_impro01_M021,anger,1.4,3.3,2,음 n/ 지금 짜증나세요?,세요,train,0.7,0.3,0.0,0.0,0.0,0.0,0.0
Sess11_impro01_M021,anger,1.4,3.3,3,u/ 분해요?,어요,train,0.7,0.3,0.0,0.0,0.0,0.0,0.0
Sess11_impro01_M021,anger,1.4,3.3,4,화나요?,어요,train,0.7,0.3,0.0,0.0,0.0,0.0,0.0
Sess11_impro01_M021,anger,1.4,3.3,5,자존심 상합니까?,ᆸ니까,train,0.7,0.3,0.0,0.0,0.0,0.0,0.0
Sess11_impro01_M022,anger,1.6,3.5,1,그 뭐 그럴 수 있어요.,어요,train,0.6,0.4,0.0,0.0,0.0,0.0,0.0
Sess11_impro01_M022,anger,1.6,3.5,2,근데 어떡합니까 제가 수석인데 지금 자존심 하나로 요리하는 게 아니잖아요.,ᆸ니까 | 잖아요,train,0.6,0.4,0.0,0.0,0.0,0.0,0.0
Sess11_impro02_F002,sadness,3.1,2.9,1,뭐야 무슨 일 있었어?,야 | 어,train,0.0,0.0,0.0,0.0,0.6,0.0,0.4
Sess11_impro02_F002,sadness,3.1,2.9,2,표정이 왜 그래?,어,train,0.0,0.0,0.0,0.0,0.6,0.0,0.4
Sess11_impro02_M003,sadness,2.1,2.3,1,엄마 내가 그렇게 별로야?,야,train,0.0,0.0,0.0,0.0,0.2,0.8,0.0
Sess11_impro02_M004,sadness,2.0,2.3,1,아니 내가 좀 별론가?,ᆫ가,train,0.0,0.0,0.0,0.0,0.4,0.6,0.0
Sess11_impro02_F005,sadness,3.0,3.0,1,참 별 소리를 다 하네 뭐 별로래?,네 | 래,train,0.1,0.0,0.0,0.0,0.7,0.0,0.2
Sess11_impro02_M006,anger,1.9,2.7,1,b/ 뭐 아닌가 보네.,네,train,0.9,0.0,0.0,0.0,0.1,0.0,0.0
Sess11_impro02_M006,anger,1.9,2.7,2,아 씨 짜증나 씨.,어,train,0.9,0.0,0.0,0.0,0.1,0.0,0.0
Sess11_impro02_M007,anger,1.7,3.3,1,아 내 얘기 듣고 있어?,어,train,0.9,0.0,0.0,0.0,0.1,0.0,0.0
Sess11_impro02_F008,anger,2.8,3.1,1,듣고 있지 그래서 뭐 누가 그랬다고?,지 | 다고,train,0.1,0.0,0.0,0.0,0.7,0.0,0.2
Sess11_impro02_M008,anger,1.9,3.0,1,b/ 아이 김 부장 애가 또 또 난리잖아.,잖아,train,1.0,0.0,0.0,0.0,0.0,0.0,0.0
Sess11_impro02_M008,anger,1.9,3.0,2,아 뭐 u/ 하다보면 그럴수도 있지.,지,train,1.0,0.0,0.0,0.0,0.0,0.0,0.0
Sess11_impro02_F010,anger,3.0,2.9,1,환불이 되나?,나,train,0.0,0.0,0.0,0.0,1.0,0.0,0.0
Sess11_impro02_M010,anger,1.8,3.6,1,후 아 내 얘기 듣고 있냐고.,냐고,train,1.0,0.0,0.0,0.0,0.0,0.0,0.0
Sess11_impro02_F011,anger,2.7,2.9,1,듣고 있어.,어,train,0.0,0.0,0.0,0.0,0.9,0.0,0.1
Sess11_impro02_F012,anger,2.8,2.8,1,그래서 뭐 어떻게 됐는데?,는데,train,0.0,0.0,0.0,0.0,0.9,0.0,0.1
Sess11_impro02_M011,anger,2.0,3.2,1,가뜩이나 힘 힘든데 n/ 힘든데 그러니깐 짜증나잖아.,잖아,train,0.9,0.0,0.0,0.0,0.1,0.0,0.0
Sess11_impro02_F013,sadness,3.5,2.8,1,에휴 근데 김 부장이 뭐 자기가 자기 일 할려고 그런 거겠지.,지,train,0.0,0.0,0.0,0.0,1.0,0.0,0.0
Sess11_impro02_F013,sadness,3.5,2.8,2,너무 그런 말 휘둘리지 마.,어,train,0.0,0.0,0.0,0.0,1.0,0.0,0.0
Sess11_impro02_M012,sadness,1.7,1.9,1,지연이가 헤 지연이가 헤어지재.,재,train,0.0,0.0,0.0,0.0,0.0,1.0,0.0
Sess11_impro02_M013,sadness,1.6,1.8,1,아 아이 헤어졌어.,어,train,0.0,0.0,0.0,0.0,0.0,1.0,0.0
Sess11_impro02_M014,sadness,1.7,1.8,1,그게 b/ 그게 중요한 건 아니고 b/ 그 그냥 헤어졌어.,어,train,0.1,0.0,0.0,0.0,0.0,0.9,0.0
Sess11_impro02_M015,anger,1.6,2.5,1,아이 근데 그런데 김 부장까지 그러니까 그 구 그런 거잖아.,잖아,train,0.5,0.0,0.0,0.0,0.1,0.4,0.0
Sess11_impro02_F015,sadness,2.5,2.3,1,으휴 힘든 것도 모르고 엄마가 너무 미안하다.,다,train,0.0,0.0,0.0,0.0,0.1,0.8,0.1
Sess11_impro02_F016,sadness,2.4,2.5,1,무슨 무슨 일 있었는데?,는데,train,0.0,0.0,0.0,0.0,0.4,0.6,0.0
Sess11_impro02_M017,sadness,1.8,2.6,1,u/ 뭐 회사생활 그럴 수 있고 지연이랑도 그럴 수 있는데 그냥 나만 힘든 거 같애 나만.,애,train,0.2,0.1,0.0,0.0,0.1,0.6,0.0
Sess11_impro02_M018,anger,1.5,3.7,1,나만 나만 깨지는 거 같고 b/ 나만 혼나는 것 같고 나만 차인 거 같고 그냥 그냥 내 그냥 내가 문제 같애 내가 내가 문제 그래 그래서 그래서 그래.,애 | 어,train,0.8,0.0,0.0,0.0,0.0,0.2,0.0
Sess11_impro02_M019,sadness,1.3,2.2,1,b/ 나는 c/ 나만 이렇게 비참하게 사는 거 같고 그래.,어,train,0.0,0.1,0.0,0.0,0.0,0.9,0.0
Sess11_impro02_F018,sadness,2.5,2.5,1,울고 싶으면 울어.,어,train,0.0,0.0,0.0,0.0,0.2,0.8,0.0
Sess11_impro02_F018,sadness,2.5,2.5,2,오늘 힘들었을텐데.,ᆫ데,train,0.0,0.0,0.0,0.0,0.2,0.8,0.0
Sess11_impro02_F019,sadness,2.7,2.4,1,b/ 엄마도 아빠 죽고 뭐 이래저래 힘든일 겹치면서 되게 많이 힘들었었거든?,거든,train,0.0,0.0,0.0,0.2,0.2,0.6,0.0
Sess11_impro02_F019,sadness,2.7,2.4,2,왜 나만 이렇게 힘들지?,지,train,0.0,0.0,0.0,0.2,0.2,0.6,0.0
Sess11_impro02_F019,sadness,2.7,2.4,3,왜 이렇게 나만 슬프고 힘든 일 겹치지 그랬는데 b/ 다 너가 있어서 견딘거야.,지 | 야,train,0.0,0.0,0.0,0.2,0.2,0.6,0.0
Sess11_impro02_F020,sadness,3.2,2.6,1,너 아프다고 하면 b/ 나도 같이 아프다 그러면 너 너무 힘들어할까 봐.,어,train,0.0,0.0,0.0,0.1,0.1,0.8,0.0
Sess11_impro02_F020,sadness,3.2,2.6,2,그래서 내가 말을 못 했다.,다,train,0.0,0.0,0.0,0.1,0.1,0.8,0.0
Sess11_impro02_F021,sadness,3.3,2.7,1,엄마가 미안해.,어,train,0.0,0.0,0.0,0.1,0.2,0.7,0.0
Sess11_impro02_M021,happiness,2.6,2.4,1,아니에요.,에요,train,0.0,0.1,0.0,0.0,0.1,0.8,0.0
Sess11_impro02_M021,happiness,2.6,2.4,2,b/ 제 제가 미안해요.,어요,train,0.0,0.1,0.0,0.0,0.1,0.8,0.0
Sess11_impro02_M022,sadness,3.0,2.4,1,미안해.,어,train,0.0,0.1,0.0,0.0,0.3,0.6,0.0
Sess11_impro02_M022,sadness,3.0,2.4,2,엄마도 힘등 힘들텐데 그냥 투정부리고 싶었어요.,어요,train,0.0,0.1,0.0,0.0,0.3,0.6,0.0
Sess11_impro02_F022,sadness,3.9,3.2,1,아니야 야 너 다 큰 아들이 왜 울고 그래.,어,train,0.0,0.0,0.0,0.3,0.2,0.5,0.0
Sess11_impro02_F022,sadness,3.9,3.2,2,l/ 아휴 그치고 같이 밥이나 해 먹을까?,을까,train,0.0,0.0,0.0,0.3,0.2,0.5,0.0
Sess11_impro02_F023,happiness,4.2,3.0,1,맛있는 김치찌개 해먹자.,자,train,0.0,0.0,0.0,0.9,0.1,0.0,0.0
Sess11_impro02_M024,happiness,4.1,3.3,1,좋아요.,어요,train,0.0,0.0,0.0,0.9,0.1,0.0,0.0
Sess11_impro03_M002,happiness,3.7,3.1,1,아이 별 말씀을요.,요,train,0.0,0.0,0.0,0.6,0.4,0.0,0.0
Sess11_impro03_F007,anger,2.7,2.7,1,회사는 규칙대로 하는 거니깐요 네.,니깐요,train,0.0,0.0,0.0,0.0,1.0,0.0,0.0
Sess11_impro03_F007,anger,2.7,2.7,2,(규칙+이제) 자리로 돌아가시면 될 거 같습니다.,습니다,train,0.0,0.0,0.0,0.0,1.0,0.0,0.0
Sess11_impro03_M008,anger,1.9,3.8,1,아니 뭐 일 프로젝트 진행하다 보면은 비용이 발생할 수도 있는 거니까 그것도 요청을 한건데 이거 가지고 저한테 뭐 징계를 준다고 하면은 뭐 몇이나 여기서 나 살아남아요.,어요,train,0.9,0.0,0.0,0.0,0.0,0.0,0.1
Sess11_impro03_F008,anger,2.4,2.5,1,제가 여기서 할말은 없는 거 같네요.,네요,train,0.0,0.2,0.0,0.0,0.8,0.0,0.0
Sess11_impro03_M009,anger,2.1,3.1,1,아 잠시만요.,요,train,0.6,0.0,0.0,0.0,0.3,0.0,0.1
Sess11_impro03_M010,anger,1.6,3.9,1,아 그렇다고 저한테 지금 징계를 주시면 지금 앞길 창창한 대리한테 이게 지 말이 안되는 거 아닙니까 예?,ᆸ니까,train,1.0,0.0,0.0,0.0,0.0,0.0,0.0
Sess11_impro03_F009,anger,1.9,3.0,1,지금 부장한테 대드는 겁니까?,ᆸ니까,train,0.8,0.1,0.0,0.0,0.1,0.0,0.0
Sess11_impro03_F010,anger,1.6,3.5,1,아니 왜 전무님이 추진한 아이템을 이딴 식으로 만드냐구요.,냐구요,train,1.0,0.0,0.0,0.0,0.0,0.0,0.0
Sess11_impro03_M012,anger,1.9,3.7,1,아 그래서 그러신 거에요?,에요,train,0.7,0.3,0.0,0.0,0.0,0.0,0.0
Sess11_impro03_M012,anger,1.9,3.7,2,지금 전무님 꺼 지금 깠다고 그러신 거에요?,어 | 에요,train,0.7,0.3,0.0,0.0,0.0,0.0,0.0
Sess11_impro03_F011,anger,2.0,3.0,1,아니 프로젝트 자체가 윤찬 씨가 한 거잖아요.,잖아요,train,0.3,0.4,0.0,0.0,0.3,0.0,0.0
Sess11_impro03_F011,anger,2.0,3.0,2,(아+끝까지) 책임을 지고 비용에 대해선 것도 지금 책임을 주셔야죠.,어야죠,train,0.3,0.4,0.0,0.0,0.3,0.0,0.0
Sess11_impro03_M013,anger,1.7,3.9,1,아 그러니까 지금 거 부장님 말씀은 전무님 마음에 안 들어서 그렇다는 거죠?,죠,train,0.8,0.2,0.0,0.0,0.0,0.0,0.0
Sess11_impro03_F012,anger,2.0,2.7,1,전 잘 모르겠구요.,구요,train,0.2,0.2,0.0,0.0,0.6,0.0,0.0
Sess11_impro03_F012,anger,2.0,2.7,2,조만간 징계위원회에서 잘 해명해보세요.,세요,train,0.2,0.2,0.0,0.0,0.6,0.0,0.0
Sess11_impro03_M014,anger,1.9,2.4,1,b/ 네 뭐 알겠 알겠습니다.,습니다,train,0.4,0.3,0.0,0.0,0.3,0.0,0.0
Sess11_impro03_M015,anger,2.0,2.7,1,근데 이거 뭔지 아세요?,세요,train,0.5,0.3,0.0,0.0,0.2,0.0,0.0
Sess11_impro03_M016,anger,2.0,2.5,1,제가 그렇게 맨날 당하고만 있을 거 같죠?,죠,train,0.4,0.4,0.0,0.0,0.2,0.0,0.0
Sess11_impro03_M016,anger,2.0,2.5,2,저 이거 다 녹음했어요.,어요,train,0.4,0.4,0.0,0.0,0.2,0.0,0.0
Sess11_impro03_M017,anger,2.0,3.2,1,어 진짜 이거 그럼 제가 이거 징계위원회에서 틀게요.,ᆯ게요,train,0.7,0.2,0.0,0.0,0.1,0.0,0.0
Sess11_impro03_M017,anger,2.0,3.2,2,같이 틀게 한 번 해봐 해봐요 (한번),어요,train,0.7,0.2,0.0,0.0,0.1,0.0,0.0
Sess11_impro03_F014,anger,2.3,3.2,1,(한번+아니) 윤찬 씨 여 여이 무슨 말인지 잘 모르겠는데요?,는데요,train,0.0,0.0,0.0,0.0,0.1,0.0,0.9
Sess11_impro03_M018,anger,1.9,3.8,1,아 무슨 말인지 모르시겠으면 같이 징계위원회 해서 해보자구요.,자구,train,1.0,0.0,0.0,0.0,0.0,0.0,0.0
Sess11_impro03_F015,anger,2.4,3.7,1,하 진짜 그때 했던 말 별 거 아니잖아요.,잖아요,train,0.7,0.1,0.0,0.0,0.2,0.0,0.0
Sess11_impro03_F015,anger,2.4,3.7,2,뭐 그거갖고 그러시나 본데 그럼 다 한번 해보세요.,세요,train,0.7,0.1,0.0,0.0,0.2,0.0,0.0
Sess11_impro03_F015,anger,2.4,3.7,3,그때 징계위원 위원회 가서 얘기해봅시다.,ᆸ시다,train,0.7,0.1,0.0,0.0,0.2,0.0,0.0
Sess11_impro03_M019,anger,2.0,2.9,1,알겠습니다.,습니다,train,0.4,0.4,0.0,0.0,0.2,0.0,0.0
Sess11_impro03_M019,anger,2.0,2.9,2,제가 징계위원회에서 이 녹음파일이랑 이중장부도 같이 깔게요.,ᆯ게요,train,0.4,0.4,0.0,0.0,0.2,0.0,0.0
Sess11_impro03_M019,anger,2.0,2.9,3,괜찮으시죠?,죠,train,0.4,0.4,0.0,0.0,0.2,0.0,0.0
Sess11_impro03_M020,anger,1.9,3.1,1,다 모를 거 같았죠?,죠,train,0.4,0.4,0.0,0.0,0.2,0.0,0.0
Sess11_impro03_M020,anger,1.9,3.1,2,저 다 알아요.,어요,train,0.4,0.4,0.0,0.0,0.2,0.0,0.0
Sess11_impro03_M020,anger,1.9,3.1,3,증거도 다 있어요.,어요,train,0.4,0.4,0.0,0.0,0.2,0.0,0.0
Sess11_impro03_M021,anger,1.9,2.9,1,b/ 부장님께서 뭔데 저한테 이렇게 나오셨으니까 저도 그렇게 (할게요),ᆯ게요,train,0.5,0.3,0.0,0.0,0.2,0.0,0.0
Sess11_impro03_M022,anger,1.9,3.1,1,어 말도 안되는 소리라뇨.,라뇨,train,0.5,0.4,0.0,0.0,0.1,0.0,0.0
Sess11_impro03_M023,anger,1.7,3.0,1,b/ 부장님 저도 그냥 조용히 넘어갈려고 했는데요.,는데요,train,0.5,0.3,0.0,0.0,0.2,0.0,0.0
Sess11_impro03_M023,anger,1.7,3.0,2,부장님 이러시면 저도 어쩔 수가 없죠.,죠,train,0.5,0.3,0.0,0.0,0.2,0.0,0.0
Sess11_impro04_F006,happiness,3.8,3.0,1,이거 가지고가 아니라 아니 b/ 여보 당신 남편 의사야.,야,train,0.0,0.0,0.0,0.8,0.2,0.0,0.0
Sess11_impro04_F006,happiness,3.8,3.0,2,아 이걸로 병원 안 가면 어떡해 빨리 와바 아 진짜.,어,train,0.0,0.0,0.0,0.8,0.2,0.0,0.0
Sess11_impro04_F006,happiness,3.8,3.0,3,봐봐.,어,train,0.0,0.0,0.0,0.8,0.2,0.0,0.0
Sess11_impro04_M012,happiness,2.9,3.6,1,o/ N/ 말도 안되는 소리하고 있어.,어,train,0.6,0.0,0.0,0.1,0.2,0.0,0.1
Sess11_impro04_M012,happiness,2.9,3.6,2,그런 소리 하지를 마.,어,train,0.6,0.0,0.0,0.1,0.2,0.0,0.1
Sess11_impro04_M015,happiness,3.4,4.1,1,o/ N/ 아 하지마.,어,train,0.4,0.1,0.0,0.0,0.1,0.0,0.4
Sess11_impro04_M015,happiness,3.4,4.1,2,하지마.,어,train,0.4,0.1,0.0,0.0,0.1,0.0,0.4
Sess11_impro04_M015,happiness,3.4,4.1,3,맨날 그 얘기야.,야,train,0.4,0.1,0.0,0.0,0.1,0.0,0.4
Sess11_impro04_F020,happiness,4.6,3.6,1,지금은 나 사랑해?,어,train,0.0,0.0,0.0,1.0,0.0,0.0,0.0
Sess11_impro04_M022,happiness,3.8,3.8,1,아이 뭐 그런 말을 해.,어,train,0.0,0.1,0.0,0.6,0.2,0.0,0.1
Sess11_impro04_F022,happiness,4.2,3.3,1,빨리 김윤철 씨 저 사랑해요?,어요,train,0.0,0.0,0.0,1.0,0.0,0.0,0.0
Sess11_impro04_M023,happiness,3.6,3.2,1,사랑해요.,어요,train,0.0,0.0,0.0,0.7,0.3,0.0,0.0
Sess11_impro04_F023,happiness,4.6,3.6,1,뭐라구요?,라구요,train,0.0,0.0,0.0,1.0,0.0,0.0,0.0
Sess11_impro04_M024,happiness,4.0,3.3,1,사랑해요.,어요,train,0.0,0.0,0.0,0.7,0.3,0.0,0.0
Sess11_impro04_F024,happiness,4.6,3.8,1,제대로 얘기하세요.,세요,train,0.0,0.0,0.0,1.0,0.0,0.0,0.0
Sess11_impro04_M025,happiness,4.1,3.4,1,아 사랑한다고 됐지?,지,train,0.2,0.0,0.0,0.5,0.3,0.0,0.0
Sess11_impro04_M028,happiness,2.2,3.7,1,아 당신이 먼저 죽어.,어,train,0.6,0.2,0.0,0.0,0.1,0.0,0.1
Sess11_impro04_F031,happiness,4.4,3.8,1,아 빨리 뭐 먹고 싶은데 내가 맛있는 거 해줄게.,ᆯ게,train,0.0,0.0,0.0,1.0,0.0,0.0,0.0
Sess11_impro04_M032,happiness,4.1,3.2,1,엄 잠 자고 싶어 (제발 좀 재워줘),어,train,0.0,0.0,0.1,0.5,0.4,0.0,0.0
Sess11_impro04_F032,happiness,4.4,3.8,1,(제발 좀 재워줘+안돼) 내가 맛있는 거 해준다니까.,어 | 어 | ᆫ다니까,train,0.0,0.0,0.0,1.0,0.0,0.0,0.0
Sess11_impro04_F032,happiness,4.4,3.8,2,o/ 빨리 얘기해봐.,어,train,0.0,0.0,0.0,1.0,0.0,0.0,0.0
Sess11_impro04_M033,happiness,4.1,3.3,1,나 그냥 자고 싶어 제발 재워줘.,어,train,0.0,0.0,0.2,0.5,0.2,0.1,0.0
Sess11_impro04_M033,happiness,4.1,3.3,2,내일 수술있단 말이야 나 잘게 알았지?,야 | 지,train,0.0,0.0,0.2,0.5,0.2,0.1,0.0
Sess11_impro04_M033,happiness,4.1,3.3,3,자기야.,야,train,0.0,0.0,0.2,0.5,0.2,0.1,0.0
Sess11_impro04_F033,happiness,3.4,3.6,1,아 수술보다 내가 더 중요한 거 아니야 지금?,야,train,0.4,0.0,0.0,0.5,0.1,0.0,0.0
Sess11_impro04_F034,happiness,3.9,3.6,1,b/ 그래 그러면 자기 전에 사랑한다고 다시 좀 얘기해 봐.,어,train,0.0,0.0,0.0,0.8,0.2,0.0,0.0
Sess11_impro04_M037,happiness,3.9,3.2,1,아이 사랑해.,어,train,0.0,0.0,0.0,0.8,0.2,0.0,0.0
Sess11_impro04_M038,happiness,4.5,3.6,1,사랑해.,어,train,0.0,0.0,0.0,0.9,0.1,0.0,0.0
Sess11_impro04_M038,happiness,4.5,3.6,2,잔다.,ᆫ다,train,0.0,0.0,0.0,0.9,0.1,0.0,0.0
Sess11_impro04_M038,happiness,4.5,3.6,3,안녕 잔다.,ᆫ다,train,0.0,0.0,0.0,0.9,0.1,0.0,0.0
Sess11_impro04_F038,happiness,4.8,3.6,1,l/ 아휴 내가 진짜 저남자때문에 산다.,ᆫ다,train,0.0,0.0,0.0,1.0,0.0,0.0,0.0
Sess11_impro04_F039,happiness,5.0,4.7,1,잘자 사랑한다 한 번만 더 해 봐 여보.,ᆫ다,train,0.0,0.0,0.0,1.0,0.0,0.0,0.0
Sess05_script01_F008,anger,2.1,3.3,1,(준다고+아) 몰라 b/ 그게 당첨 되겠냐?,어 | 냐,train,0.3,0.5,0.0,0.0,0.2,0.0,0.0
Sess05_script01_F008,anger,2.1,3.3,2,아이고 어떤 여자가 될 지 모르겠지만 n/ 오빠같은 남자랑 결혼 할 여자가 아주 불쌍하다 불쌍해.,어,train,0.3,0.5,0.0,0.0,0.2,0.0,0.0
Sess05_script01_M007,anger,2.4,3.1,1,멍멍이 소리 그만하고 보기나 해 이씨.,어,train,0.6,0.0,0.0,0.0,0.4,0.0,0.0
Sess05_script01_M008,happiness,3.9,3.5,1,어 시작한다.,ᆫ다,train,0.0,0.0,0.0,0.8,0.2,0.0,0.0
Sess05_script01_M008,happiness,3.9,3.5,2,l/ 옳지 아싸 번호 하나 맞았고.,어,train,0.0,0.0,0.0,0.8,0.2,0.0,0.0
Sess05_script01_F009,happiness,2.9,3.0,1,퍽이나 좋겠다 진짜.,다,train,0.0,0.4,0.0,0.0,0.6,0.0,0.0
Sess05_script01_M011,happiness,4.4,4.3,1,우왓 네개 네개 맞았어.,어,train,0.0,0.0,0.0,0.6,0.0,0.0,0.4
Sess05_script01_M011,happiness,4.4,4.3,2,우와 이거 어뜩할 거야.,야,train,0.0,0.0,0.0,0.6,0.0,0.0,0.4
Sess05_script01_M019,happiness,4.9,4.8,1,s/ 와 이거 어쩔 거야.,야,train,0.0,0.0,0.0,0.6,0.1,0.0,0.3
Sess05_script01_M019,happiness,4.9,4.8,2,u/ 어떡하지 아 s/ l/ 야 야야 야 야 나 나 좀 꼬집어.,어,train,0.0,0.0,0.0,0.6,0.1,0.0,0.3
Sess05_script01_M019,happiness,4.9,4.8,3,s/ (나 좀 어 야 이 이게 진짜니),니,train,0.0,0.0,0.0,0.6,0.1,0.0,0.3
Sess05_script01_F018,happiness,4.8,4.9,1,o/ N/ (나 좀 어 야 이 이게 진짜니+아이 얼마든지 u/ 꼬집어줄게 꼬집어줄게) s/ 이거 꼬집어야 이거 (u/+야 아프게 꼬집으면 어떡해 야 아 아퍼 이 기지배야) 어떡해.,ᆯ게 | 어 | 야 | 어,train,0.0,0.0,0.0,0.3,0.0,0.0,0.7
Sess05_script01_F022,happiness,4.6,4.7,1,아 걱정마 나 오빠 동생이야.,어 | 야,train,0.0,0.0,0.0,0.6,0.4,0.0,0.0
Sess05_script01_F022,happiness,4.6,4.7,2,나 몰라?,어,train,0.0,0.0,0.0,0.6,0.4,0.0,0.0
Sess05_script01_F022,happiness,4.6,4.7,3,나 못 믿어?,어,train,0.0,0.0,0.0,0.6,0.4,0.0,0.0
Sess05_script01_F022,happiness,4.6,4.7,4,못 믿냐고.,냐고,train,0.0,0.0,0.0,0.6,0.4,0.0,0.0
Sess05_script01_F022,happiness,4.6,4.7,5,o/ 나 못 믿냐고.,냐고,train,0.0,0.0,0.0,0.6,0.4,0.0,0.0
Sess05_script01_F024,happiness,4.3,4.2,1,b/ 오빠 오빠 아 내 친구 은지랑 소개팅 u/ 싶다고 그랬지 어?,지,train,0.0,0.0,0.0,0.7,0.3,0.0,0.0
Sess05_script01_F024,happiness,4.3,4.2,2,소개팅 내가 바로 주선해줄게 주선해줄게 어?,ᆯ게,train,0.0,0.0,0.0,0.7,0.3,0.0,0.0
Sess05_script01_F024,happiness,4.3,4.2,3,(주선해줄게),ᆯ게,train,0.0,0.0,0.0,0.7,0.3,0.0,0.0
Sess05_script01_M026,happiness,4.2,4.0,1,(주선해줄게+오) 진짜?,ᆯ게,train,0.0,0.0,0.0,0.5,0.1,0.0,0.4
Sess05_script01_M027,happiness,4.4,4.0,1,o/ 이야 돈이 좋긴 좋네.,네,train,0.0,0.0,0.0,0.8,0.1,0.0,0.1
Sess05_script01_F026,happiness,4.2,4.3,1,아 지금 지금 지금 바로 지금 바로 나 친구들 많아.,어,train,0.0,0.0,0.0,0.7,0.3,0.0,0.0
Sess05_script01_M028,happiness,4.5,4.0,1,(지금 바로 할게 지금+진작에) 진작에 그럴 것이지.,ᆯ게 | 지,train,0.0,0.0,0.0,0.8,0.2,0.0,0.0
Sess05_script01_M028,happiness,4.5,4.0,2,o/ 얼마 필요하냐?,냐,train,0.0,0.0,0.0,0.8,0.2,0.0,0.0
Sess05_script01_F029,happiness,4.7,4.6,1,아 오빠 생각만 해도 너무 좋아.,어,train,0.0,0.0,0.0,1.0,0.0,0.0,0.0
Sess05_script01_M031,happiness,4.6,4.5,1,(1억+나도) 너무 o/ 놀라서 이게 야 o/ 꿈인가 생시인가 싶다.,다,train,0.0,0.0,0.0,0.9,0.0,0.0,0.1
Sess05_script01_M032,happiness,4.8,4.8,1,o/ 오 오 b/ 내일 날 밝으면 이제 고주홍의 시대가 o/ 열린다 이거야.,ᆫ다 | 야,train,0.0,0.0,0.0,1.0,0.0,0.0,0.0
Sess05_script01_M032,happiness,4.8,4.8,2,두고봐 내가 이 돈으로 세상을 깜짝 놀라게 할 거니까.,니까,train,0.0,0.0,0.0,1.0,0.0,0.0,0.0
Sess05_script03_M013,happiness,4.2,3.5,1,b/ 제주도 서귀포에 풍경 좋은 곳이 많거든?,거든,train,0.0,0.0,0.0,0.7,0.3,0.0,0.0
Sess05_script03_M013,happiness,4.2,3.5,2,그 쪽에 바다가 보이는 양지바른 땅을 사서 하얗고 웅장하게 펜션을 짓는 거야.,야,train,0.0,0.0,0.0,0.7,0.3,0.0,0.0
Sess05_script03_M021,happiness,2.3,2.6,1,미안해.,어,train,0.0,0.0,0.0,0.0,0.1,0.9,0.0
Sess05_script03_M021,happiness,2.3,2.6,2,사실 이번에도 월급을 못 받았어.,어,train,0.0,0.0,0.0,0.0,0.1,0.9,0.0
Sess05_script03_F022,happiness,4.1,3.6,1,오빠 오빠 왜 이렇게 웃겨?,어,train,0.0,0.0,0.0,0.8,0.2,0.0,0.0
Sess05_script03_M022,happiness,2.9,2.9,1,이런 선물 받으니 어이가 없지.,지,train,0.0,0.0,0.0,0.0,0.3,0.6,0.1
Sess05_script03_F023,happiness,4.1,4.0,1,o/ 아이 그러니까 이 젓가락 100개란게 우리들 만난지 100일 된 날이라서 준비했다는 거야?,야,train,0.0,0.0,0.0,0.8,0.2,0.0,0.0
Sess05_script03_F023,happiness,4.1,4.0,2,l/ 이게 뭐야.,야,train,0.0,0.0,0.0,0.8,0.2,0.0,0.0
Sess05_script03_M024,sadness,2.1,2.6,1,이 여진이 너가 생각해도 젓가락 100개는 좀 심했지?,지,train,0.0,0.0,0.0,0.0,0.3,0.7,0.0
Sess05_script03_M024,sadness,2.1,2.6,2,미안해.,어,train,0.0,0.0,0.0,0.0,0.3,0.7,0.0
Sess05_script03_F025,sadness,2.1,2.7,1,안되겠다.,다,train,0.1,0.2,0.0,0.0,0.7,0.0,0.0
Sess05_script03_F025,sadness,2.1,2.7,2,오빠랑은 이제 못 만나겠네.,네,train,0.1,0.2,0.0,0.0,0.7,0.0,0.0
Sess05_script03_F034,happiness,4.4,3.7,1,대신 프로포즈는 내가 했으니까 결혼식은 진짜 멋지게 해줘야 돼?,어,train,0.0,0.0,0.0,0.8,0.2,0.0,0.0
Sess05_script03_F034,happiness,4.4,3.7,2,알았어?,어,train,0.0,0.0,0.0,0.8,0.2,0.0,0.0
Sess05_script03_M033,happiness,4.2,3.5,1,o/ 여진아 사랑한다.,ᆫ다,train,0.0,0.0,0.0,0.7,0.1,0.2,0.0
Sess05_script03_M033,happiness,4.2,3.5,2,b/ 정말 사랑해.,어,train,0.0,0.0,0.0,0.7,0.1,0.2,0.0
Sess05_script04_M002,anger,1.5,4.2,1,아이 씨 그러니까 날 말렸어야지.,어야지,train,0.7,0.0,0.1,0.0,0.1,0.0,0.1
Sess05_script04_M002,anger,1.5,4.2,2,술 먹어서 운전 안 한다고 했잖아.,잖아,train,0.7,0.0,0.1,0.0,0.1,0.0,0.1
Sess05_script04_M009,happiness,3.0,4.2,1,l/ 그래 맞아.,어,train,0.0,0.0,0.5,0.5,0.0,0.0,0.0
Sess05_script04_M009,happiness,3.0,4.2,2,아 그래 맞아 고라니였나보다 고라니 어?,어,train,0.0,0.0,0.5,0.5,0.0,0.0,0.0
Sess05_script04_M009,happiness,3.0,4.2,3,고라니였어.,어,train,0.0,0.0,0.5,0.5,0.0,0.0,0.0
Sess05_script04_M009,happiness,3.0,4.2,4,아 너랑 나랑 술을 마셔서 어 그 고라니를 사람으로 착각한 거야.,야,train,0.0,0.0,0.5,0.5,0.0,0.0,0.0
Sess05_script04_M010,anger,1.3,4.6,1,(아니잖아+그럼 뭐야) 어떻게 된 거야?,잖아 | 야 | 야,train,1.0,0.0,0.0,0.0,0.0,0.0,0.0
Sess05_script04_M012,anger,1.1,4.5,1,(데려가야지+우리) 술마셨잖아 씨.,어야지 | 잖아,train,1.0,0.0,0.0,0.0,0.0,0.0,0.0
Sess05_script04_M015,anger,1.3,4.5,1,(건데+너) 내가 망가지길 바래?,어,train,0.9,0.0,0.1,0.0,0.0,0.0,0.0
Sess05_script04_M015,anger,1.3,4.5,2,b/ 내가 인생 바닥으로 떨어지길 원하냐고.,냐고,train,0.9,0.0,0.1,0.0,0.0,0.0,0.0
Sess05_script04_F012,anger,1.4,4.0,1,사람 목숨이 달린 거잖아.,잖아,train,0.0,0.1,0.7,0.0,0.0,0.2,0.0
Sess05_script04_F012,anger,1.4,4.0,2,일단 찾아보자 어?,자,train,0.0,0.1,0.7,0.0,0.0,0.2,0.0
Sess05_script04_F012,anger,1.4,4.0,3,b/ 혹시 모르니까 경찰에 신고도 해보고 내 내가 (전화할게),ᆯ게,train,0.0,0.1,0.7,0.0,0.0,0.2,0.0
Sess05_script04_M016,anger,1.2,4.6,1,(전화할게+야) 전화기 내려놔.,ᆯ게 | 어,train,1.0,0.0,0.0,0.0,0.0,0.0,0.0
Sess05_script04_F013,anger,1.3,4.1,1,지섭씨 왜 이래?,어,train,0.0,0.0,0.7,0.0,0.0,0.0,0.3
Sess05_script04_M017,anger,1.2,4.0,1,자꾸 이러면 나도 더이상 안 참아.,어,train,1.0,0.0,0.0,0.0,0.0,0.0,0.0
Sess05_script04_M018,anger,1.3,4.2,1,너도 사라지게 해줘?,어,train,0.9,0.0,0.1,0.0,0.0,0.0,0.0
Sess05_script04_F014,anger,1.3,3.7,1,b/ 계속 무슨 말이야?,야,train,0.0,0.0,0.9,0.0,0.0,0.0,0.1
Sess05_script04_M019,anger,1.4,4.2,1,지금 니가 나한테 하는 짓이 더 이상해.,어,train,0.9,0.0,0.1,0.0,0.0,0.0,0.0
Sess05_script04_M020,anger,1.2,4.5,1,날 지금 망가뜨리려고 작정했잖아.,잖아,train,1.0,0.0,0.0,0.0,0.0,0.0,0.0
Sess05_script04_M020,anger,1.2,4.5,2,우리 미래가 중요해?,어,train,1.0,0.0,0.0,0.0,0.0,0.0,0.0
Sess05_script04_M020,anger,1.2,4.5,3,우리 미래가 중요해?,어,train,1.0,0.0,0.0,0.0,0.0,0.0,0.0
Sess05_script04_M020,anger,1.2,4.5,4,너 입만 뻥끗해봐.,어,train,1.0,0.0,0.0,0.0,0.0,0.0,0.0
Sess05_script04_M020,anger,1.2,4.5,5,너도 너도 똑같이 만들어 줄 테니까.,니까,train,1.0,0.0,0.0,0.0,0.0,0.0,0.0
Sess05_script04_F015,anger,1.2,4.0,1,지섭씨 b/ 어 나 무서워.,어,train,0.0,0.0,0.9,0.0,0.0,0.1,0.0
Sess05_script04_M021,anger,1.5,3.8,1,o/ 진짜 무서운게 뭔지 보여줘?,어,train,0.9,0.0,0.1,0.0,0.0,0.0,0.0
Sess05_script04_M021,anger,1.5,3.8,2,오늘 있었던 일은 너랑 나랑만 아는 거야.,야,train,0.9,0.0,0.1,0.0,0.0,0.0,0.0
Sess05_script04_M021,anger,1.5,3.8,3,아무도 못 봤어.,어,train,0.9,0.0,0.1,0.0,0.0,0.0,0.0
Sess05_script04_M021,anger,1.5,3.8,4,그러니까 넌 입 닥치고 있어.,어,train,0.9,0.0,0.1,0.0,0.0,0.0,0.0
Sess05_script04_M021,anger,1.5,3.8,5,오늘 우린 고라니를 친 거야.,야,train,0.9,0.0,0.1,0.0,0.0,0.0,0.0
Sess05_script04_M021,anger,1.5,3.8,6,어차피 죽었는지 살았는지도 모르는데 알 바 없잖아.,어,train,0.9,0.0,0.1,0.0,0.0,0.0,0.0
Sess05_script04_M022,anger,1.3,4.4,1,그리고 너도 똑바로 들어.,어,train,1.0,0.0,0.0,0.0,0.0,0.0,0.0
Sess05_script04_M023,anger,1.2,4.2,1,b/ 넌 차에서 내려도 경찰에 전화해도 b/ 넌 죽어.,어,train,0.9,0.0,0.1,0.0,0.0,0.0,0.0
Sess05_script04_M023,anger,1.2,4.2,2,알았어?,어,train,0.9,0.0,0.1,0.0,0.0,0.0,0.0
Sess05_script04_F016,anger,1.4,3.4,1,아 알았어.,어,train,0.0,0.0,0.8,0.0,0.1,0.1,0.0
Sess05_script04_M031,anger,1.4,3.7,1,아 완전히 끝장 내야지.,어야지,train,0.6,0.0,0.4,0.0,0.0,0.0,0.0
Sess05_script04_M032,anger,1.4,3.9,1,이미 늦었어.,어,train,0.7,0.0,0.2,0.0,0.1,0.0,0.0
Sess05_script05_M015,anger,4.0,3.2,1,어어 그거 그거 한번 해봐요.,어요,train,0.0,0.0,0.0,0.6,0.4,0.0,0.0
Sess05_script05_M017,anger,4.1,3.8,1,l/ 아이고 잘하시네요.,네요,train,0.0,0.1,0.0,0.8,0.1,0.0,0.0
Sess05_script05_M017,anger,4.1,3.8,2,아 아이 목소리가 너무 작네.,네,train,0.0,0.1,0.0,0.8,0.1,0.0,0.0
Sess05_script05_M018,anger,1.6,3.6,1,아니 아 무슨 말을 그렇게 합니까?,ᆸ니까,train,0.6,0.0,0.0,0.0,0.0,0.0,0.4
Sess05_script05_M019,anger,1.5,4.0,1,b/ 아니 나 원 참 어이가 없어서.,어서,train,1.0,0.0,0.0,0.0,0.0,0.0,0.0
Sess05_script05_M019,anger,1.5,4.0,2,그럼 나가세요.,세요,train,1.0,0.0,0.0,0.0,0.0,0.0,0.0
Sess05_script05_M019,anger,1.5,4.0,3,당신 말고도 지원자는 널렸어.,어,train,1.0,0.0,0.0,0.0,0.0,0.0,0.0
Sess05_script06_M001,happiness,4.6,3.5,1,l/ 이야 야 저거 봐봐 야 저 개그맨 웃기지 않아?,어 | 어,train,0.0,0.0,0.0,0.9,0.1,0.0,0.0
Sess05_script06_F001,happiness,2.4,2.5,1,o/ 뭐가 그렇게 재밌어?,어,train,0.1,0.0,0.0,0.0,0.7,0.2,0.0
Sess05_script06_M002,happiness,4.4,3.4,1,웃기잖아.,잖아,train,0.0,0.0,0.0,0.8,0.1,0.0,0.1
Sess05_script06_M002,happiness,4.4,3.4,2,l/ 어 음 음 야 u/ 근데 여 바나나 맛있다.,다,train,0.0,0.0,0.0,0.8,0.1,0.0,0.1
Sess05_script06_M002,happiness,4.4,3.4,3,어 어디서 산 거야?,야,train,0.0,0.0,0.0,0.8,0.1,0.0,0.1
Sess05_script06_M004,happiness,4.4,3.1,1,아 모를 수도 있지 뭐.,지,train,0.0,0.0,0.0,0.7,0.3,0.0,0.0
Sess05_script06_M004,happiness,4.4,3.1,2,아이 그게 무슨 대수인가?,ᆫ가,train,0.0,0.0,0.0,0.7,0.3,0.0,0.0
Sess05_script06_M004,happiness,4.4,3.1,3,l/ 야 이야 저거 진짜 웃기다.,다,train,0.0,0.0,0.0,0.7,0.3,0.0,0.0
Sess05_script06_F004,happiness,2.4,2.8,1,o/ N/ 자 이거 받어.,어,train,0.0,0.0,0.0,0.0,0.9,0.1,0.0
Sess05_script06_M011,sadness,2.0,3.4,1,b/ 수술하면 되는 거 아냐?,냐,train,0.0,0.0,0.2,0.0,0.2,0.3,0.3
Sess05_script06_M012,sadness,2.0,3.4,1,얼마나 살 수 있대?,대,train,0.0,0.0,0.2,0.0,0.0,0.4,0.4
Sess05_script06_M013,sadness,1.2,4.6,1,b/ 그러니까 저번에 가슴아프다고 할 때 내가 병원에 가보라고 했잖아.,잖아,train,1.0,0.0,0.0,0.0,0.0,0.0,0.0
Sess05_script06_M013,sadness,1.2,4.6,2,왜 그 동안 안 간 거야.,야,train,1.0,0.0,0.0,0.0,0.0,0.0,0.0
Sess05_script06_F012,sadness,1.7,2.6,1,o/ 화 낸다고 달라질 것 없잖아.,잖아,train,0.0,0.0,0.0,0.0,0.0,1.0,0.0
Sess05_script06_M014,sadness,1.6,4.0,1,c/ o/ 여보 미안해.,어,train,0.0,0.0,0.1,0.0,0.0,0.8,0.1
Sess05_script06_M014,sadness,1.6,4.0,2,소리쳐서 미안해.,어,train,0.0,0.0,0.1,0.0,0.0,0.8,0.1
Sess05_script06_M014,sadness,1.6,4.0,3,이왕 이렇게 된 거 할 수 있는 한 뭐든지 해보자.,자,train,0.0,0.0,0.1,0.0,0.0,0.8,0.1
Sess05_script06_M014,sadness,1.6,4.0,4,아 요즘 의사들 돌팔이들 많대잖아.,대 | 잖아,train,0.0,0.0,0.1,0.0,0.0,0.8,0.1
Sess05_script06_M014,sadness,1.6,4.0,5,아닐 수도 있어 응?,어,train,0.0,0.0,0.1,0.0,0.0,0.8,0.1
Sess05_script06_M014,sadness,1.6,4.0,6,어서 병원에 가자 어?,자,train,0.0,0.0,0.1,0.0,0.0,0.8,0.1
Sess05_script06_F013,sadness,1.8,2.5,1,난 아니야.,야,train,0.0,0.0,0.0,0.0,0.0,1.0,0.0
Sess05_script06_F013,sadness,1.8,2.5,2,(틀렸어),어,train,0.0,0.0,0.0,0.0,0.0,1.0,0.0
Sess05_script06_M015,sadness,1.5,4.2,1,(틀렸어+틀리긴) 뭘 틀려.,어 | 어,train,0.7,0.0,0.0,0.0,0.0,0.3,0.0
Sess05_script06_M015,sadness,1.5,4.2,2,빨리 병원에 가자니까.,자니까,train,0.7,0.0,0.0,0.0,0.0,0.3,0.0
Sess05_script06_F014,sadness,2.0,2.7,1,o/ 여보 울 아빠 기억해?,어,train,0.0,0.0,0.0,0.0,0.2,0.8,0.0
Sess05_script06_M016,sadness,1.8,3.5,1,갑자기 아버지 이야긴 왜 꺼내.,어,train,0.6,0.0,0.0,0.0,0.2,0.2,0.0
Sess05_script06_F015,sadness,2.0,2.7,1,사실 우리 아빠도 나랑 같은 병이었어.,어,train,0.0,0.0,0.0,0.0,0.2,0.8,0.0
Sess05_script06_F016,sadness,1.8,2.6,1,b/ 미안해.,어,train,0.0,0.0,0.0,0.0,0.0,1.0,0.0
Sess05_script06_F016,sadness,1.8,2.6,2,아빠는 3년동안 폐암으로 병원에 계시다가 돌아가셨어.,어,train,0.0,0.0,0.0,0.0,0.0,1.0,0.0
Sess05_script06_M018,sadness,1.6,4.1,1,그게 중요한 게 아니야.,야,train,0.2,0.0,0.2,0.0,0.0,0.6,0.0
Sess05_script06_M018,sadness,1.6,4.1,2,b/ 그런 거 중요한 게 아니잖아.,잖아,train,0.2,0.0,0.2,0.0,0.0,0.6,0.0
Sess05_script06_M018,sadness,1.6,4.1,3,입원치료 하고 수술 받자.,자,train,0.2,0.0,0.2,0.0,0.0,0.6,0.0
Sess05_script06_M018,sadness,1.6,4.1,4,그럼 살 수 있어.,어,train,0.2,0.0,0.2,0.0,0.0,0.6,0.0
Sess05_script06_F017,sadness,1.2,2.7,1,어차피 안 되는 일인데 어차피 살 수 없는 일인데 b/ 실낱같은 목숨 붙잡아두고 본인도 힘들고 주위사람도 힘들고.,고,train,0.0,0.0,0.0,0.0,0.0,1.0,0.0
Sess05_script06_M019,sadness,1.6,3.9,1,그런 생각 하지마.,어,train,0.0,0.0,0.1,0.0,0.0,0.8,0.1
Sess05_script06_M019,sadness,1.6,3.9,2,저 지금도 안 늦었어.,어,train,0.0,0.0,0.1,0.0,0.0,0.8,0.1
Sess05_script06_M019,sadness,1.6,3.9,3,일단 정리하고 병원 가자.,자,train,0.0,0.0,0.1,0.0,0.0,0.8,0.1
Sess05_script06_F018,sadness,1.5,2.9,1,무슨 의미가 있겠어.,어,train,0.0,0.0,0.0,0.0,0.0,1.0,0.0
Sess05_script06_F018,sadness,1.5,2.9,2,b/ 3년을 더 사셨다고 아빠는 행복했을까?,을까,train,0.0,0.0,0.0,0.0,0.0,1.0,0.0
Sess05_script06_M020,sadness,1.4,4.1,1,o/ 왜 이래.,어,train,0.1,0.0,0.1,0.0,0.0,0.8,0.0
Sess05_script06_M020,sadness,1.4,4.1,2,아 왜 이리 약한 생각을 해.,어,train,0.1,0.0,0.1,0.0,0.0,0.8,0.0
Sess05_script06_F019,sadness,1.4,2.9,1,나도 살고싶어.,어,train,0.0,0.0,0.0,0.0,0.0,1.0,0.0
Sess05_script06_F019,sadness,1.4,2.9,2,나도 사람인데 b/ 근데 싸우기엔 너무 늦었고 지쳤어.,어,train,0.0,0.0,0.0,0.0,0.0,1.0,0.0
Sess05_script06_F020,sadness,1.8,3.1,1,c/ 당신 우리 애들 잘 부탁해.,어,train,0.0,0.0,0.0,0.0,0.0,1.0,0.0
Sess05_script06_F020,sadness,1.8,3.1,2,c/ 그리고 남은 시간 우리 행복하게 지내면 되잖아.,잖아,train,0.0,0.0,0.0,0.0,0.0,1.0,0.0
Sess05_script06_F020,sadness,1.8,3.1,3,나 행복하고 싶어.,어,train,0.0,0.0,0.0,0.0,0.0,1.0,0.0
Sess05_script06_F020,sadness,1.8,3.1,4,c/ 그리고 행복하게 죽고싶어.,어,train,0.0,0.0,0.0,0.0,0.0,1.0,0.0
Sess05_script06_F020,sadness,1.8,3.1,5,예쁜 모습 좋은 모습만 남기고 싶어.,어,train,0.0,0.0,0.0,0.0,0.0,1.0,0.0
Sess05_script06_F021,sadness,1.9,3.2,1,마지막 부탁이 하나 있어.,어,train,0.0,0.0,0.0,0.0,0.0,1.0,0.0
Sess05_script06_F021,sadness,1.9,3.2,2,둘째 결혼 시키고 당신도 c/ 재혼 해.,어,train,0.0,0.0,0.0,0.0,0.0,1.0,0.0
Sess05_script06_F021,sadness,1.9,3.2,3,c/ 혹시나 애들 결혼 전에 재혼하면 애들도 상처받을 수 있으니까 c/ 애들 결혼만 시켜줘.,어,train,0.0,0.0,0.0,0.0,0.0,1.0,0.0
Sess05_script06_F021,sadness,1.9,3.2,4,그리고 c/ 좋은 여자 만나.,어,train,0.0,0.0,0.0,0.0,0.0,1.0,0.0
Sess05_script06_F021,sadness,1.9,3.2,5,알았지?,지,train,0.0,0.0,0.0,0.0,0.0,1.0,0.0
Sess05_script06_M023,sadness,1.1,4.5,1,c/ 도대체 무슨 소리 하는 거야.,야,train,0.5,0.0,0.0,0.0,0.0,0.5,0.0
Sess05_script06_M023,sadness,1.1,4.5,2,그런 얘기 좀 그만 해.,어,train,0.5,0.0,0.0,0.0,0.0,0.5,0.0
Sess05_script06_M024,sadness,1.2,4.4,1,미숙아 n/ 내가 잘못했어.,어,train,0.0,0.0,0.0,0.0,0.0,1.0,0.0
Sess05_script06_M024,sadness,1.2,4.4,2,o/ 내가 잘못했어.,어,train,0.0,0.0,0.0,0.0,0.0,1.0,0.0
Sess05_script06_M024,sadness,1.2,4.4,3,제발 살아줘.,어,train,0.0,0.0,0.0,0.0,0.0,1.0,0.0
Sess05_script06_M024,sadness,1.2,4.4,4,제발 살아줘.,어,train,0.0,0.0,0.0,0.0,0.0,1.0,0.0
Sess05_script06_M024,sadness,1.2,4.4,5,살아주라.,라,train,0.0,0.0,0.0,0.0,0.0,1.0,0.0
Sess05_impro01_M006,sadness,2.1,2.4,1,요새 보면 내가 o/ 그런 것도 아닌 거 같아.,어,train,0.2,0.1,0.0,0.0,0.3,0.4,0.0
Sess05_impro01_F008,sadness,3.1,2.9,1,영철아 o/ 다 뭐 사는 게 다 그런 거지 뭐 사는 게 다 똑같겠어?,지 | 어,train,0.1,0.0,0.0,0.0,0.8,0.1,0.0
Sess05_impro01_M007,anger,2.0,2.6,1,b/ 아이 뭐 서 됐다.,다,train,0.6,0.1,0.0,0.0,0.2,0.1,0.0
Sess05_impro01_M007,anger,2.0,2.6,2,내 엄마랑 뭔 말을 하냐 내가.,냐,train,0.6,0.1,0.0,0.0,0.2,0.1,0.0
Sess05_impro01_F009,anger,2.7,3.3,1,(짜증 나요라고 u/),어요,train,0.0,0.0,0.0,0.0,1.0,0.0,0.0
Sess05_impro01_M008,sadness,1.7,3.8,1,(아이 그냥 김 부장도 요즘+짜증 나요라고 u/) 존나 짜증나고 그리고 김 부장 때문만 그런 거 아니고 민지가 헤어지재 씨.,어요 | 어,train,0.5,0.0,0.0,0.0,0.0,0.5,0.0
Sess05_impro01_F010,sadness,2.5,2.8,1,민지가 헤어지자 그랬어?,어,train,0.0,0.0,0.0,0.0,0.7,0.0,0.3
Sess05_impro01_M009,sadness,1.5,3.6,1,내가 진짜 이 좆같은 세상에서 엄마도 알잖아 걔가 유일한 그래도 내 보험이었다.,잖아 | 다,train,0.4,0.0,0.0,0.0,0.1,0.5,0.0
Sess05_impro01_M009,sadness,1.5,3.6,2,내 보험이었는데 씨발 그냥 엄마 미안 그냥 그냥 헤어지자고 그러더라.,더라,train,0.4,0.0,0.0,0.0,0.1,0.5,0.0
Sess05_impro01_F012,sadness,2.7,2.9,1,어떻게 그런 응 그런 감정들이 계속 지속될 수가 있겠어 응?,어,train,0.0,0.0,0.0,0.0,0.7,0.3,0.0
Sess05_impro01_F012,sadness,2.7,2.9,2,그런 날이 올 수도 있는 거고 어떻게 계속 달콤하기만 하겠어.,어,train,0.0,0.0,0.0,0.0,0.7,0.3,0.0
Sess05_impro01_M011,anger,1.5,3.8,1,엄만 내가 아니니까 그런 말 할 수 있는 거야 솔직히 말해서.,야,train,0.9,0.0,0.0,0.0,0.0,0.1,0.0
Sess05_impro01_M011,anger,1.5,3.8,2,엄마가 내 인생 살아본 것도 아니고 그리고 엄마도 그 아빠랑 그 중매해갖고 만났지.,지,train,0.9,0.0,0.0,0.0,0.0,0.1,0.0
Sess05_impro01_M011,anger,1.5,3.8,3,그 연애해가지고 막 그런 막 그런 떨리고 이상한 u/ 이런 기분 엄마가 알겠어?,어,train,0.9,0.0,0.0,0.0,0.0,0.1,0.0
Sess05_impro01_M011,anger,1.5,3.8,4,진짜 삶도 팍팍하고 엿 같은데 그렇게까지 되니까 진짜 내가 엄만 죽었다 깨어나도 몰라.,어,train,0.9,0.0,0.0,0.0,0.0,0.1,0.0
Sess05_impro01_F013,anger,2.5,3.1,1,(몰라),어,train,0.2,0.0,0.0,0.0,0.6,0.1,0.1
Sess05_impro01_M012,anger,1.7,3.4,1,(몰라+내가) 엄마한테 뭘 바라냐.,어 | 냐,train,0.5,0.1,0.0,0.0,0.2,0.2,0.0
Sess05_impro01_F014,sadness,2.5,3.2,1,영철아 나도 너 마음 이해해.,어,train,0.0,0.0,0.0,0.0,0.2,0.8,0.0
Sess05_impro01_F014,sadness,2.5,3.2,2,b/ 아빠 돌아가 u/ b/ 아빠 돌아가시고 나서 엄마가 얼마나 후회했는데 b/ 아빠한테 잘 해주지 못해서 미안하다고 말도 못 하고 보내서 얼마나 후회했는데.,는데,train,0.0,0.0,0.0,0.0,0.2,0.8,0.0
Sess05_impro01_F015,sadness,2.7,3.4,1,엄마 일부러 모르는 척한 거야.,야,train,0.0,0.0,0.0,0.0,0.1,0.9,0.0
Sess05_impro01_F015,sadness,2.7,3.4,2,엄마까지 마음이 아파하면은 우리 영철이 마음은 더 무너질 거 아니야.,야,train,0.0,0.0,0.0,0.0,0.1,0.9,0.0
Sess05_impro01_F015,sadness,2.7,3.4,3,그래서 모르는 척하고 그냥 듣기만 해준 거였어.,어,train,0.0,0.0,0.0,0.0,0.1,0.9,0.0
Sess05_impro01_F015,sadness,2.7,3.4,4,엄마 마음 이해하지.,지,train,0.0,0.0,0.0,0.0,0.1,0.9,0.0
Sess05_impro01_F016,sadness,3.3,3.2,1,엄마 심심할 때마다 웃겨주고 그리고 또 어느 때는 또 남편처럼 아주 든든하게 또 옆에서 지켜주고 또 어느 때는 또 얼마나 우리 아버지처럼 이렇게 나를 세워주는데 그래서 나는 우리 영철이 때문에 꾹 참고 이렇게 여기까지 온 거라고 생각해.,어,train,0.0,0.0,0.0,0.0,0.4,0.6,0.0
Sess05_impro01_M013,sadness,1.9,2.4,1,미안해 엄마.,어,train,0.0,0.0,0.0,0.0,0.2,0.8,0.0
Sess05_impro01_F017,sadness,3.6,3.3,1,기운내자 응?,자,train,0.0,0.0,0.0,0.2,0.7,0.1,0.0
Sess05_impro01_F017,sadness,3.6,3.3,2,b/ 엄마가 맛있는 김치찌개 하나 끓여줄까?,ᆯ까,train,0.0,0.0,0.0,0.2,0.7,0.1,0.0
Sess05_impro03_M010,anger,1.9,3.5,1,회사 입장 하 제 입장은 생각 안 하십니까?,ᆸ니까,train,0.6,0.0,0.1,0.0,0.2,0.1,0.0
Sess05_impro03_M011,anger,2.0,3.5,1,아 그렇게 된 겁니까?,ᆸ니까,train,0.7,0.0,0.0,0.0,0.3,0.0,0.0
Sess05_impro03_M011,anger,2.0,3.5,2,지금 이거 전무님도 알고 계십니까?,ᆸ니까,train,0.7,0.0,0.0,0.0,0.3,0.0,0.0
Sess05_impro03_F011,anger,2.3,2.8,1,전무님도 알고 있는 사항이죠.,죠,train,0.0,0.0,0.0,0.0,1.0,0.0,0.0
Sess05_impro03_F011,anger,2.3,2.8,2,전무님의 아이템을 그렇게 만드셔서 어쩔 수가 없습니다.,습니다,train,0.0,0.0,0.0,0.0,1.0,0.0,0.0
Sess05_impro03_M012,anger,2.0,3.5,1,그렇군요.,군요,train,0.8,0.1,0.0,0.0,0.1,0.0,0.0
Sess05_impro03_M012,anger,2.0,3.5,2,두 분이 짜고 절 팽하려고 작정하셨군요 지금.,군요,train,0.8,0.1,0.0,0.0,0.1,0.0,0.0
Sess05_impro03_M012,anger,2.0,3.5,3,저한테 뒤집어 씌우려고.,려고,train,0.8,0.1,0.0,0.0,0.1,0.0,0.0
Sess05_impro03_F012,anger,2.5,2.9,1,짐 그런 얘기가 아니잖아요.,잖아요,train,0.3,0.0,0.0,0.0,0.7,0.0,0.0
Sess05_impro03_M013,anger,1.7,3.8,1,지금 정황상 그렇지 않습니까?,습니까,train,1.0,0.0,0.0,0.0,0.0,0.0,0.0
Sess05_impro03_M013,anger,1.7,3.8,2,힘없는 대리한테 뒤집어 씌우고 빠져나가실 b/ 빠져나가실려는 거 아닙니까 지금.,ᆸ니까,train,1.0,0.0,0.0,0.0,0.0,0.0,0.0
Sess05_impro03_F013,anger,2.0,2.8,1,지금 전무님과 저를 무시하는 겁니까?,ᆸ니까,train,0.7,0.0,0.0,0.0,0.2,0.0,0.1
Sess05_impro03_M014,anger,1.7,3.6,1,부장님이라말로 부장님이야말로 저 무시하지 마시죠.,죠,train,0.8,0.0,0.0,0.0,0.2,0.0,0.0
Sess05_impro03_F014,anger,2.0,2.9,1,이건 어쩔 수 없는 선택이었고 충분히 책임을 져야 할 사항입니다.,ᆸ니다,train,0.4,0.0,0.0,0.0,0.6,0.0,0.0
Sess05_impro03_M015,anger,1.8,3.4,1,제 휴대폰에 지금 뭐가 있을까요?,을까요,train,0.5,0.2,0.0,0.0,0.3,0.0,0.0
Sess05_impro03_M015,anger,1.8,3.4,2,책임질 준비돼있으십니까?,ᆸ니까,train,0.5,0.2,0.0,0.0,0.3,0.0,0.0
Sess05_impro03_M016,anger,1.7,3.8,1,그건 개처럼 일하면서 개처럼 지시받은 거 코피 흘려가며 야근했던 거 그 지시사항 다 제 휴대폰으로 하지 않으셨습니까?,습니까,train,1.0,0.0,0.0,0.0,0.0,0.0,0.0
Sess05_impro03_M016,anger,1.7,3.8,2,(여기에+윤찬 대리) 여기에 다 있습니다.,습니다,train,1.0,0.0,0.0,0.0,0.0,0.0,0.0
Sess05_impro03_M016,anger,1.7,3.8,3,(여기다 저장+그거는) 돼있습니다.,습니다,train,1.0,0.0,0.0,0.0,0.0,0.0,0.0
Sess05_impro03_M016,anger,1.7,3.8,4,(그래요+윤찬 대리) 갑시다.,ᆸ시다,train,1.0,0.0,0.0,0.0,0.0,0.0,0.0
Sess05_impro03_M016,anger,1.7,3.8,5,가서 어떻게 되나 한 번 어디 그분들이 어떻게 될지 모르겠네요 이 녹음 파일들.,네요,train,1.0,0.0,0.0,0.0,0.0,0.0,0.0
Sess05_impro03_F015,anger,2.2,3.7,1,윤찬 대리도 무사할 수 있을 거 같아?,어,train,0.0,0.0,0.6,0.0,0.1,0.0,0.3
Sess05_impro03_F015,anger,2.2,3.7,2,우리 같은 배를 탄 사람들이야.,야,train,0.0,0.0,0.6,0.0,0.1,0.0,0.3
Sess05_impro03_F015,anger,2.2,3.7,3,한번만 다시 생각해줘.,어,train,0.0,0.0,0.6,0.0,0.1,0.0,0.3
Sess05_impro03_M017,anger,1.8,3.4,1,그쵸 같이 죽으면 되겠네.,네,train,0.7,0.3,0.0,0.0,0.0,0.0,0.0
Sess05_impro03_M017,anger,1.8,3.4,2,o/ N/ 같이 죽으면 되겠네.,네,train,0.7,0.3,0.0,0.0,0.0,0.0,0.0
Sess05_impro03_F016,anger,1.8,4.0,1,그래 그거를 까발린다고 쳐 무사할 거 같아?,어,train,1.0,0.0,0.0,0.0,0.0,0.0,0.0
Sess05_impro03_M020,anger,2.0,3.1,1,o/ 잘 생각해보세요.,세요,train,0.5,0.3,0.0,0.0,0.2,0.0,0.0
Sess05_impro03_M020,anger,2.0,3.1,2,이중장부 건까지 징계위원회에서 알게 되면 어떻게 될까요?,ᆯ까요,train,0.5,0.3,0.0,0.0,0.2,0.0,0.0
Sess05_impro03_M020,anger,2.0,3.1,3,전무님 부장님 부장님 끈 떨어진 연 되고 전무님은 그냥 있을까요?,을까요,train,0.5,0.3,0.0,0.0,0.2,0.0,0.0
Sess05_impro03_M020,anger,2.0,3.1,4,(아니지+윤찬 대리) 전무님은 부장님 버릴겁니다.,지 | ᆸ니다,train,0.5,0.3,0.0,0.0,0.2,0.0,0.0
Sess05_impro03_M020,anger,2.0,3.1,5,저야 잘리고 (다른 일하면 되죠),죠,train,0.5,0.3,0.0,0.0,0.2,0.0,0.0
Sess05_impro04_M014,happiness,2.7,2.9,1,아이 그래 아유 o/ 속상해 진짜.,어,train,0.0,0.0,0.0,0.0,0.4,0.6,0.0
Sess05_impro04_M014,happiness,2.7,2.9,2,아 흉지면 안되는데.,는데,train,0.0,0.0,0.0,0.0,0.4,0.6,0.0
Sess05_impro04_F014,happiness,4.1,3.2,1,괜찮아 o/ 금방 낫겠지.,어 | 지,train,0.0,0.0,0.0,0.9,0.1,0.0,0.0
Sess05_impro04_F020,happiness,4.5,3.9,1,자기야.,야,train,0.0,0.0,0.0,0.9,0.1,0.0,0.0
Sess05_impro04_M028,anger,2.2,3.7,1,아이 만에 하나가 어딨어.,어,train,0.3,0.0,0.1,0.0,0.1,0.2,0.3
Sess05_impro04_M028,anger,2.2,3.7,2,아 그러면 뭐 어떡해.,어,train,0.3,0.0,0.1,0.0,0.1,0.2,0.3
Sess05_impro04_M028,anger,2.2,3.7,3,그 c/ 당신 보내고 나도 따라 죽어야지 뭘 거.,어야지,train,0.3,0.0,0.1,0.0,0.1,0.2,0.3
Sess05_impro04_M028,anger,2.2,3.7,4,당신 없이 내가 어떻게 사냐?,냐,train,0.3,0.0,0.1,0.0,0.1,0.2,0.3
Sess05_impro04_M029,happiness,2.0,3.7,1,아이 내 사람 없이 내가 어떻게 살아.,어,train,0.4,0.0,0.1,0.0,0.1,0.3,0.1
Sess05_impro04_M034,happiness,4.4,4.0,1,사랑한다 사랑한다 사랑해.,ᆫ다 | ᆫ다 | 어,train,0.0,0.0,0.0,0.7,0.3,0.0,0.0
Sess05_impro04_M034,happiness,4.4,4.0,2,아이씨 윤 윤서 깨겠다.,다,train,0.0,0.0,0.0,0.7,0.3,0.0,0.0
Sess05_impro04_M035,happiness,4.4,3.4,1,뭐 해줄건데?,ᆫ데,train,0.0,0.0,0.0,0.8,0.2,0.0,0.0
Sess05_impro04_M036,happiness,4.6,3.6,1,그래 저 캔 그 옥수수 많이 주라.,라,train,0.0,0.0,0.0,1.0,0.0,0.0,0.0
Sess05_impro04_F035,happiness,4.5,4.0,1,알았어.,어,train,0.0,0.0,0.0,1.0,0.0,0.0,0.0
Sess05_impro04_M037,happiness,4.5,3.7,1,등심으로 해줘야 돼.,어,train,0.0,0.0,0.0,0.9,0.1,0.0,0.0
Sess05_impro04_F036,happiness,4.6,4.0,1,엉 알았어.,어,train,0.0,0.0,0.0,1.0,0.0,0.0,0.0
Sess08_script01_M009,happiness,3.0,3.2,1,b/ 제가 보기에는 10점도 안되는데.,는데,train,0.0,0.1,0.0,0.5,0.2,0.0,0.2
Sess08_script01_M018,anger,4.4,3.2,1,l/ 아 잘 하시네.,네,train,0.0,0.0,0.0,0.8,0.2,0.0,0.0
Sess08_script01_M018,anger,4.4,3.2,2,이거 목소리가 너무 작네 좀 더 크게.,네,train,0.0,0.0,0.0,0.8,0.2,0.0,0.0
Sess08_script01_M019,anger,2.1,3.0,1,아니 무슨 말을 그렇게 합니까?,ᆸ니까,train,0.6,0.0,0.0,0.0,0.2,0.0,0.2
Sess08_script01_F019,anger,1.5,4.3,1,(면접실에서+신성) 신성 좋아하고 있네.,네,train,1.0,0.0,0.0,0.0,0.0,0.0,0.0
Sess08_script01_F019,anger,1.5,4.3,2,이력서 한줄 채우려고 내가 특기를 좀 과장되게 썼는데 그렇다고 이걸 이런 식으로 엮는게 오히려 신성모독 아닌가?,ᆫ가,train,1.0,0.0,0.0,0.0,0.0,0.0,0.0
Sess08_script01_F019,anger,1.5,4.3,3,당신들 습관인 거 같은데 가뜩이나 취직 안돼서 괴로워 죽겠는데 사람을 갖고 놀아?,어,train,1.0,0.0,0.0,0.0,0.0,0.0,0.0
Sess08_script01_F020,anger,1.4,4.4,1,아무리 약자라도 기본적이고 인간적인 대우를 해줘야 될 거 아니야.,야,train,1.0,0.0,0.0,0.0,0.0,0.0,0.0
Sess08_script01_F020,anger,1.4,4.4,2,o/ 시간 때우려고 니들 심심풀이 땅콩으로 채우려고 지원자 갖고 놀지 (말라고),지,train,1.0,0.0,0.0,0.0,0.0,0.0,0.0
Sess08_script01_M020,anger,1.6,3.4,1,(말라고+아이) 참 이거 어이가 없어가지고.아 그럼 나가세요 당신 말고도 지원자 널렸어.,어,train,0.7,0.3,0.0,0.0,0.0,0.0,0.0
Sess08_script02_M001,happiness,4.5,3.5,1,l/ 아 야 저거 봐봐.,어,train,0.0,0.0,0.0,0.9,0.1,0.0,0.0
Sess08_script02_M001,happiness,4.5,3.5,2,저 개그맨 웃기지 않아?,어,train,0.0,0.0,0.0,0.9,0.1,0.0,0.0
Sess08_script02_F001,happiness,2.0,2.1,1,뭐가 그렇게 재밌어?,어,train,0.1,0.0,0.0,0.0,0.7,0.2,0.0
Sess08_script02_M002,happiness,4.4,3.6,1,아이 웃기잖아.,잖아,train,0.0,0.0,0.0,0.9,0.1,0.0,0.0
Sess08_script02_M002,happiness,4.4,3.6,2,l/아이 근데 바나나 맛있다.,다,train,0.0,0.0,0.0,0.9,0.1,0.0,0.0
Sess08_script02_M002,happiness,4.4,3.6,3,이거 어디서 사온 거야?,야,train,0.0,0.0,0.0,0.9,0.1,0.0,0.0
Sess08_script02_M004,happiness,4.4,3.4,1,아이 모를 수도 있지 뭐.,지,train,0.0,0.0,0.0,0.8,0.2,0.0,0.0
Sess08_script02_M004,happiness,4.4,3.4,2,b/ 그게 뭐 대순가?,ᆫ가,train,0.0,0.0,0.0,0.8,0.2,0.0,0.0
Sess08_script02_M004,happiness,4.4,3.4,3,l/ 아이 진짜 아이 저거 진짜 웃기다.,다,train,0.0,0.0,0.0,0.8,0.2,0.0,0.0
Sess08_script02_F004,happiness,2.2,2.1,1,아 이거 받아.,어,train,0.0,0.0,0.0,0.0,0.8,0.2,0.0
Sess08_script02_M013,sadness,1.4,4.3,1,b/ 아 그니까 저번에 가슴 아프다고 할 때 내가 병원 가보라고 했잖아.,잖아,train,1.0,0.0,0.0,0.0,0.0,0.0,0.0
Sess08_script02_M013,sadness,1.4,4.3,2,왜 그동안 안 간거야 왜.,야,train,1.0,0.0,0.0,0.0,0.0,0.0,0.0
Sess08_script02_F012,sadness,1.8,2.4,1,화낸다고 달라질 건 없잖아.,잖아,train,0.1,0.0,0.0,0.0,0.1,0.8,0.0
Sess08_script02_M014,sadness,1.7,3.7,1,b/ 여보 미안해 소리쳐서 미안해.,어,train,0.0,0.0,0.2,0.0,0.2,0.5,0.1
Sess08_script02_M014,sadness,1.7,3.7,2,b/ n/ 이왕 이렇게 된 거 할 수 있는 한 뭐든지 해보자.,자,train,0.0,0.0,0.2,0.0,0.2,0.5,0.1
Sess08_script02_M014,sadness,1.7,3.7,3,아 요즘 뭐 의사들 돌팔이들 많다잖아.,다잖아,train,0.0,0.0,0.2,0.0,0.2,0.5,0.1
Sess08_script02_M014,sadness,1.7,3.7,4,아닐 수도 있어.,어,train,0.0,0.0,0.2,0.0,0.2,0.5,0.1
Sess08_script02_M014,sadness,1.7,3.7,5,그리고 6개월이 아니라 6년 아니 60년 60년을 살 수도 있고 어서 병원에 가자.,자,train,0.0,0.0,0.2,0.0,0.2,0.5,0.1
Sess08_script02_F013,sadness,1.5,1.9,1,아 아니야 틀렸어.,어,train,0.0,0.0,0.0,0.0,0.3,0.7,0.0
Sess08_script02_M015,sadness,1.7,3.0,1,아 틀리긴 뭘 틀려.,어,train,0.3,0.0,0.1,0.0,0.2,0.3,0.1
Sess08_script02_M015,sadness,1.7,3.0,2,o/ 빨리 병원에 가자니까.,자니까,train,0.3,0.0,0.1,0.0,0.2,0.3,0.1
Sess08_script02_F014,sadness,1.7,2.5,1,여보 울 아빠 기억해?,어,train,0.0,0.0,0.0,0.0,0.4,0.6,0.0
Sess08_script02_F017,sadness,1.7,2.3,1,(있어+아니야) 아니야 어차피 안 되는 일인데 어차피 살 수도 없는데 실낱같은 목숨 붙잡아두고 본인도 힘들고 주위 사람도 (힘들고),야 | 야,train,0.0,0.0,0.0,0.0,0.1,0.9,0.0
Sess08_script02_M020,sadness,1.9,3.3,1,(힘들고+여보) b/ 아이 그런 생각좀 하지 마.,어,train,0.1,0.0,0.1,0.0,0.2,0.6,0.0
Sess08_script02_M020,sadness,1.9,3.3,2,자 지금도 안 늦었어.,어,train,0.1,0.0,0.1,0.0,0.2,0.6,0.0
Sess08_script02_M020,sadness,1.9,3.3,3,일단 정리하고 병원 가자 어?,자,train,0.1,0.0,0.1,0.0,0.2,0.6,0.0
Sess08_script02_F018,sadness,1.7,3.4,1,무슨 의미가 있었겠어.,어,train,0.0,0.0,0.0,0.0,0.2,0.8,0.0
Sess08_script02_F018,sadness,1.7,3.4,2,3년을 더 사셨다고 아빠는 (행복했을까),을까,train,0.0,0.0,0.0,0.0,0.2,0.8,0.0
Sess08_script02_M021,sadness,1.7,3.8,1,(행복했을까+여보) 아 왜 이래.,을까 | 어,train,0.4,0.0,0.1,0.0,0.1,0.4,0.0
Sess08_script02_M021,sadness,1.7,3.8,2,왜 이렇게 약한 생각을 (해),어,train,0.4,0.0,0.1,0.0,0.1,0.4,0.0
Sess08_script02_F019,sadness,1.4,4.2,1,(해+아) 나도 살고싶어.,어,train,0.3,0.0,0.0,0.0,0.0,0.7,0.0
Sess08_script02_F019,sadness,1.4,4.2,2,나도 사람인데.,ᆫ데,train,0.3,0.0,0.0,0.0,0.0,0.7,0.0
Sess08_script02_F019,sadness,1.4,4.2,3,아 근데 싸우기엔 너무 늦었고 지쳤어.,어,train,0.3,0.0,0.0,0.0,0.0,0.7,0.0
Sess08_script02_F020,sadness,1.8,2.5,1,당신 b/ 우리 애들 잘 부탁해.,어,train,0.0,0.0,0.0,0.0,0.3,0.7,0.0
Sess08_script02_F020,sadness,1.8,2.5,2,o/ 그리고 남은 시간 우리 행복하게 지내면 되잖아.,잖아,train,0.0,0.0,0.0,0.0,0.3,0.7,0.0
Sess08_script02_F020,sadness,1.8,2.5,3,나 행복하고 싶어.,어,train,0.0,0.0,0.0,0.0,0.3,0.7,0.0
Sess08_script02_F020,sadness,1.8,2.5,4,그리고 행복하게 죽고싶어.,어,train,0.0,0.0,0.0,0.0,0.3,0.7,0.0
Sess08_script02_F020,sadness,1.8,2.5,5,예쁜 모습 좋은 모습만 남기고 싶어.,어,train,0.0,0.0,0.0,0.0,0.3,0.7,0.0
Sess08_script02_F021,sadness,2.0,2.5,1,마지막 부탁이 있어.,어,train,0.0,0.0,0.0,0.0,0.4,0.6,0.0
Sess08_script02_F021,sadness,2.0,2.5,2,둘째 결혼 시키고 당신도 결혼 해.,어,train,0.0,0.0,0.0,0.0,0.4,0.6,0.0
Sess08_script02_F021,sadness,2.0,2.5,3,혹시나 o/ 애들 결혼 전에 재혼하면 애들도 상처받을 수 있으니까 애들 결혼만 시켜줘.,어,train,0.0,0.0,0.0,0.0,0.4,0.6,0.0
Sess08_script02_F021,sadness,2.0,2.5,4,그리고 좋은 여자 만나.,어,train,0.0,0.0,0.0,0.0,0.4,0.6,0.0
Sess08_script02_F021,sadness,2.0,2.5,5,알았지?,지,train,0.0,0.0,0.0,0.0,0.4,0.6,0.0
Sess08_script02_M024,sadness,1.6,4.1,1,도대체 뭔 소리 하는 거야.,야,train,0.9,0.0,0.0,0.0,0.0,0.1,0.0
Sess08_script02_M024,sadness,1.6,4.1,2,그런 얘기좀 그만해 좀.,어,train,0.9,0.0,0.0,0.0,0.0,0.1,0.0
Sess08_script02_M025,sadness,1.6,3.6,1,미숙아 내가 잘못했어 어?,어,train,0.1,0.0,0.3,0.0,0.0,0.6,0.0
Sess08_script02_M025,sadness,1.6,3.6,2,내가 잘못했어.,어,train,0.1,0.0,0.3,0.0,0.0,0.6,0.0
Sess08_script02_M025,sadness,1.6,3.6,3,제발좀 살아줘.,어,train,0.1,0.0,0.3,0.0,0.0,0.6,0.0
Sess08_script02_M025,sadness,1.6,3.6,4,제발 살아줘.,어,train,0.1,0.0,0.3,0.0,0.0,0.6,0.0
Sess08_script03_M002,anger,1.6,4.1,1,아이 씨 그니까 날 말렸어야지.,어야지,train,0.9,0.0,0.0,0.0,0.0,0.0,0.1
Sess08_script03_M002,anger,1.6,4.1,2,술 먹어서 운전 안 한다고 했잖아.,잖아,train,0.9,0.0,0.0,0.0,0.0,0.0,0.1
Sess08_script03_F002,anger,1.8,3.4,1,지섭씨 일단 112에 신고하자.,자,train,0.0,0.0,0.4,0.0,0.1,0.0,0.5
Sess08_script03_M006,anger,1.4,3.7,1,아 그니까 이 야밤에 돌아다니가 왜 이씨 내 차에 치이고 난리야 씨.,야,train,1.0,0.0,0.0,0.0,0.0,0.0,0.0
Sess08_script03_M012,anger,1.5,4.2,1,아 그럼 뭐야.,야,train,0.8,0.0,0.1,0.0,0.0,0.0,0.1
Sess08_script03_M012,anger,1.5,4.2,2,b/ 어떻게 된거야.,야,train,0.8,0.0,0.1,0.0,0.0,0.0,0.1
Sess08_script03_M014,anger,1.7,3.5,1,아니 우리 술 마셨잖아.,잖아,train,0.6,0.0,0.2,0.0,0.2,0.0,0.0
Sess08_script03_M016,anger,1.9,3.1,1,나 공무원 못 되면 우리 결혼도 못해.,어,train,0.5,0.0,0.3,0.0,0.2,0.0,0.0
Sess08_script03_M016,anger,1.9,3.1,2,그렇잖아.,잖아,train,0.5,0.0,0.3,0.0,0.2,0.0,0.0
Sess08_script03_M016,anger,1.9,3.1,3,그냥 가자 어?,자,train,0.5,0.0,0.3,0.0,0.2,0.0,0.0
Sess08_script03_M017,anger,1.6,3.5,1,너 내가 망가지길 바래?,어,train,0.7,0.0,0.0,0.0,0.2,0.1,0.0
Sess08_script03_M017,anger,1.6,3.5,2,내가 인생 바닥으로 떨어지길 원하냐고.,냐고,train,0.7,0.0,0.0,0.0,0.2,0.1,0.0
Sess08_script03_F013,anger,1.9,3.7,1,지섭씨 사람 목숨이 달린 거잖아.,잖아,train,0.2,0.0,0.3,0.0,0.3,0.0,0.2
Sess08_script03_F013,anger,1.9,3.7,2,일단 찾아보자 어?,자,train,0.2,0.0,0.3,0.0,0.3,0.0,0.2
Sess08_script03_F013,anger,1.9,3.7,3,o/ 혹시 모르니까 경찰에 신고도 해보고 내가 (전화할게),ᆯ게,train,0.2,0.0,0.3,0.0,0.3,0.0,0.2
Sess08_script03_M018,anger,1.4,4.3,1,(전화할게+야) 전화기 내려놔.,ᆯ게 | 어,train,1.0,0.0,0.0,0.0,0.0,0.0,0.0
Sess08_script03_F014,anger,1.6,3.5,1,지섭씨 왜 이래?,어,train,0.0,0.0,0.4,0.0,0.1,0.0,0.5
Sess08_script03_M019,anger,1.5,3.7,1,자꾸 이러면은 나도 더이상 안 참아.,어,train,0.9,0.0,0.0,0.0,0.1,0.0,0.0
Sess08_script03_M020,anger,1.4,3.5,1,b/ 너도 사라지게 해줘?,어,train,0.8,0.0,0.1,0.0,0.1,0.0,0.0
Sess08_script03_F015,anger,1.3,3.6,1,계 계속 무슨 말이야.,야,train,0.0,0.0,0.9,0.0,0.1,0.0,0.0
Sess08_script03_M021,anger,1.4,4.5,1,지금 니가 나한테 하는 짓이 더 이상해.,어,train,0.9,0.0,0.0,0.0,0.1,0.0,0.0
Sess08_script03_M022,anger,1.3,3.7,1,날 지금 망가트리려고 작정했잖아.,잖아,train,0.9,0.0,0.0,0.0,0.1,0.0,0.0
Sess08_script03_M022,anger,1.3,3.7,2,우린 미래가 중요해.,어,train,0.9,0.0,0.0,0.0,0.1,0.0,0.0
Sess08_script03_M022,anger,1.3,3.7,3,너 입만 뻥끗해봐 너도 똑같이 만들어 줄테니까.,니까,train,0.9,0.0,0.0,0.0,0.1,0.0,0.0
Sess08_script03_F016,anger,1.3,3.4,1,b/ 지섭씨 (무서워),어,train,0.0,0.0,1.0,0.0,0.0,0.0,0.0
Sess08_script03_M023,anger,1.4,3.7,1,(무서워+진짜) 무서운게 뭔지 보여줘?,어 | 어,train,0.8,0.0,0.0,0.0,0.2,0.0,0.0
Sess08_script03_M023,anger,1.4,3.7,2,오늘 있었던 일은 너랑 나랑만 아는 거야.,야,train,0.8,0.0,0.0,0.0,0.2,0.0,0.0
Sess08_script03_M023,anger,1.4,3.7,3,아무도 못 봤어 그니까 너 입 닥치고 있어.,어 | 어,train,0.8,0.0,0.0,0.0,0.2,0.0,0.0
Sess08_script03_M023,anger,1.4,3.7,4,오늘 우리는 고라니 친 거야 어차피 죽었는지 살았는지도 모르는데 알 바 없잖아.,야 | 어,train,0.8,0.0,0.0,0.0,0.2,0.0,0.0
Sess08_script03_M024,anger,1.5,3.5,1,b/ 그리고 너 똑바로 들어.,어,train,0.8,0.0,0.0,0.0,0.2,0.0,0.0
Sess08_script03_M025,anger,1.3,3.5,1,너 차에서 내려도 경찰에 전화해도 넌 죽어 알았어?,어 | 어,train,0.8,0.0,0.0,0.0,0.2,0.0,0.0
Sess08_script03_F017,anger,1.5,3.2,1,알았어어.,어 | 어,train,0.0,0.0,0.9,0.0,0.1,0.0,0.0
Sess08_script04_M001,happiness,4.3,3.1,1,아이 o/ 천천히좀 먹어.,어,train,0.0,0.0,0.0,0.8,0.2,0.0,0.0
Sess08_script04_M001,happiness,4.3,3.1,2,햄버거 어디 안 도망가.,어,train,0.0,0.0,0.0,0.8,0.2,0.0,0.0
Sess08_script04_M001,happiness,4.3,3.1,3,아이 콜라도 좀 먹고.,고,train,0.0,0.0,0.0,0.8,0.2,0.0,0.0
Sess08_script04_F009,happiness,4.2,3.2,1,어때 나 오빠 여잔데.,어 | ᆫ데,train,0.1,0.0,0.0,0.3,0.6,0.0,0.0
Sess08_script04_M010,happiness,4.3,3.5,1,아이 그게 아니라 아이 갑자기 그러니까 당연히 당황하지.,지,train,0.0,0.0,0.0,0.5,0.3,0.0,0.2
Sess08_script04_M015,happiness,3.7,3.1,1,누가 너랑 뭐 결혼 한대?,ᆫ대,train,0.0,0.0,0.0,0.4,0.3,0.0,0.3
Sess08_script04_F028,happiness,4.7,4.1,1,대신에 같이 o/ 살아야겠어.,어,train,0.0,0.0,0.0,0.9,0.1,0.0,0.0
Sess08_script04_F029,happiness,4.7,3.5,1,자 오빠는 젓가락 줬지만 난 좋은 거 줄게.,ᆯ게,train,0.0,0.0,0.0,0.6,0.4,0.0,0.0
Sess08_script04_M028,happiness,4.4,3.6,1,b/ 이게 뭔데?,ᆫ데,train,0.0,0.0,0.0,0.8,0.1,0.0,0.1
Sess08_script04_F030,happiness,4.6,4.0,1,아 진짜 무능력한 남자야.,야,train,0.0,0.0,0.0,0.7,0.3,0.0,0.0
Sess08_script04_F030,happiness,4.6,4.0,2,여자인 내가 반지를 준비해야겠어?,어,train,0.0,0.0,0.0,0.7,0.3,0.0,0.0
Sess08_script04_F030,happiness,4.6,4.0,3,오빠가 당연히 준비해야지.,어야지,train,0.0,0.0,0.0,0.7,0.3,0.0,0.0
Sess08_script04_F033,happiness,4.3,3.3,1,o/ 대신 프로포즈 내가 먼저 했으니까 결혼식 진짜 멋지게 해줘야 돼 알았지?,어 | 지,train,0.0,0.0,0.0,0.3,0.7,0.0,0.0
Sess08_script04_M032,happiness,4.6,3.8,1,l/ 여진아 사랑한다.,ᆫ다,train,0.0,0.0,0.0,0.9,0.1,0.0,0.0
Sess08_script04_M032,happiness,4.6,3.8,2,진짜 사랑해.,어,train,0.0,0.0,0.0,0.9,0.1,0.0,0.0
Sess08_script05_F008,anger,1.7,3.8,1,o/ 아 그럼 아 몰라 그게 당첨 되겠냐?,ᆷ | 어 | 냐,train,0.6,0.3,0.0,0.0,0.1,0.0,0.0
Sess08_script05_F008,anger,1.7,3.8,2,아 o/ 진짜 어떤 여자가 될지 모르겠지만 오빠같은 남자랑 결혼 할 여자는 진짜 완전 (불쌍하다),다,train,0.6,0.3,0.0,0.0,0.1,0.0,0.0
Sess08_script05_M010,happiness,4.5,4.0,1,오케이 l/ 야 일단 5천원 (확보+아 퍽이나 좋겠다),다,train,0.0,0.0,0.0,0.9,0.1,0.0,0.0
Sess08_script05_M011,happiness,4.5,4.1,1,야 b/ 네개 맞았어 네개 와 씨 아 이거 어떡할 거야.,어 | 야,train,0.0,0.0,0.0,1.0,0.0,0.0,0.0
Sess08_script05_M019,happiness,5.0,5.0,1,l/ n/ 야 이거 어쩔거야.,야,train,0.0,0.0,0.0,0.6,0.0,0.0,0.4
Sess08_script05_M019,happiness,5.0,5.0,2,야 어쩜 좋냐.,냐,train,0.0,0.0,0.0,0.6,0.0,0.0,0.4
Sess08_script05_F016,happiness,4.9,4.9,1,o/ N/ 아 s/ 어떡해 어떡해.,어 | 어,train,0.0,0.0,0.0,0.5,0.0,0.0,0.5
Sess08_script05_M020,happiness,5.0,5.0,1,야 b/ 나 나 나좀 꼬집어줘 어?,어,train,0.0,0.0,0.0,0.9,0.0,0.0,0.1
Sess08_script05_M020,happiness,5.0,5.0,2,l/ 야 이게 진짜야?,야,train,0.0,0.0,0.0,0.9,0.0,0.0,0.1
Sess08_script05_F017,happiness,4.8,4.9,1,오빠 얼마든지 꼬집어줄게 n/ o/,ᆯ게,train,0.0,0.0,0.0,0.8,0.0,0.0,0.2
Sess08_script05_M021,happiness,4.9,4.9,1,s/ 야 l/ 아프게 꼬집으면 어떡해.,어,train,0.0,0.0,0.0,1.0,0.0,0.0,0.0
Sess08_script05_F018,happiness,4.8,4.8,1,o/ N/ 아 제대로 꼬집어야 꿈인지 아닌지 알 수 있지.,지,train,0.0,0.0,0.0,0.9,0.0,0.0,0.1
Sess08_script05_M022,happiness,4.9,4.9,1,어 b/ 어 야 나 심장 뛰는 거 봐.,어,train,0.0,0.0,0.0,0.9,0.0,0.0,0.1
Sess08_script05_M022,happiness,4.9,4.9,2,b/ 아 미칠 거 같다.,다,train,0.0,0.0,0.0,0.9,0.0,0.0,0.1
Sess08_script05_F019,happiness,4.9,4.8,1,아 사랑하는 오빠님 나 잊지마 나 잊으면 안돼?,어 | 어,train,0.0,0.0,0.0,1.0,0.0,0.0,0.0
Sess08_script05_F022,happiness,4.3,3.9,1,오빠 내가 오빠 잘 될줄 (알았다니까),다니까,train,0.0,0.0,0.0,0.8,0.2,0.0,0.0
Sess08_script05_M026,happiness,4.1,3.8,1,(알았다니까+아 야) 됐고.,고,train,0.1,0.0,0.0,0.5,0.4,0.0,0.0
Sess08_script05_F023,happiness,4.6,4.0,1,n/ 오빠 내 친구 은지랑 소개팅 하고 싶다고 했지?,지,train,0.0,0.0,0.0,0.7,0.3,0.0,0.0
Sess08_script05_F023,happiness,4.6,4.0,2,내가 바로 주선해볼게.,ᆯ게,train,0.0,0.0,0.0,0.7,0.3,0.0,0.0
Sess08_script05_M027,happiness,4.6,3.9,1,o/ b/ 아 이거 돈이 좋긴 좋네.,네,train,0.0,0.0,0.0,1.0,0.0,0.0,0.0
Sess08_script05_F024,happiness,4.4,4.0,1,o/ N/ 지금 전화 걸게.,ᆯ게,train,0.0,0.0,0.0,0.6,0.4,0.0,0.0
Sess08_script05_F024,happiness,4.4,4.0,2,나 친구들 많아.,어,train,0.0,0.0,0.0,0.6,0.4,0.0,0.0
Sess08_script05_M028,happiness,4.8,4.3,1,아이 진작에 그럴 것이지.,지,train,0.0,0.0,0.0,1.0,0.0,0.0,0.0
Sess08_script05_M029,happiness,4.7,4.1,1,너 얼마 필요하냐?,냐,train,0.0,0.0,0.0,1.0,0.0,0.0,0.0
Sess08_script05_F026,happiness,4.9,4.3,1,(진짜+어) 진짜 진짜지?,지,train,0.0,0.0,0.0,0.9,0.0,0.0,0.1
Sess08_script05_F026,happiness,4.9,4.3,2,l/ 오빠 나 진짜 오빠가 짱이야.,야,train,0.0,0.0,0.0,0.9,0.0,0.0,0.1
Sess08_script05_F026,happiness,4.9,4.3,3,최고야.,야,train,0.0,0.0,0.0,0.9,0.0,0.0,0.1
Sess08_script05_M030,happiness,4.5,3.8,1,(응+아) 1억이라.,라,train,0.0,0.0,0.0,0.8,0.2,0.0,0.0
Sess08_script05_M030,happiness,4.5,3.8,2,b/ o/ l/ 아 좋아 돈 찾으면 내가 바로 현금으로 줄게.,어 | ᆯ게,train,0.0,0.0,0.0,0.8,0.2,0.0,0.0
Sess08_script05_F027,happiness,4.9,4.9,1,o/ N/ s/ 오빠 생각만 해도 나 너무 좋아.,어,train,0.0,0.0,0.0,0.9,0.0,0.0,0.1
Sess08_script05_M031,happiness,4.7,4.1,1,o/ 아 나도 너무 놀라서 이게 b/ 꿈인가 생시인가 싶다.,다,train,0.0,0.0,0.0,1.0,0.0,0.0,0.0
Sess08_script05_M032,happiness,4.6,3.7,1,내일 날 밝으면은 b/ 이제 고주홍의 시대가 열린다 이거야.,ᆫ다 | 야,train,0.0,0.0,0.0,0.9,0.1,0.0,0.0
Sess08_script05_M032,happiness,4.6,3.7,2,두고봐 내가 이 돈으로 세상을 깜짝 놀라게 할거니까.,니까,train,0.0,0.0,0.0,0.9,0.1,0.0,0.0
Sess08_impro01_F013,anger,2.0,2.8,1,(갑자기+윤찬 대리) 우리가 지금 그런 말들을 다 모르고 지금 불렀을까요?,을까요,train,0.4,0.2,0.0,0.0,0.4,0.0,0.0
Sess08_impro01_M013,anger,1.8,3.6,1,전혀 지금 알지 못하고 말씀하시는 거 같아서 제가 다시 한번 말씀드리는 겁니다.,ᆸ니다,train,0.7,0.0,0.0,0.0,0.1,0.0,0.2
Sess08_impro01_M013,anger,1.8,3.6,2,아니 그때 처음에도 제가 다 말씀드렸고 할 때마다 항상 보고드렸는데 왜 이제 와가지고 저만 저만 징계위원회를 한다고요?,ᆫ다고요,train,0.7,0.0,0.0,0.0,0.1,0.0,0.2
Sess08_impro01_F014,anger,2.0,2.7,1,이 프로젝트에 담당 책임자는 윤찬 대리잖아요.,잖아요,train,0.2,0.1,0.0,0.0,0.7,0.0,0.0
Sess08_impro01_M014,anger,1.8,3.7,1,사인해주신 건 부장님이잖아요.,잖아요,train,0.9,0.0,0.0,0.0,0.1,0.0,0.0
Sess08_impro01_F015,anger,2.3,2.8,1,그렇죠.,죠,train,0.0,0.0,0.0,0.0,1.0,0.0,0.0
Sess08_impro01_F015,anger,2.3,2.8,2,우선 저도 위에서 보고받은 상황이라 이 정도로 밖에 말 못 해주겠네요.,네요,train,0.0,0.0,0.0,0.0,1.0,0.0,0.0
Sess08_impro01_M016,anger,2.1,3.2,1,알겠습니다.,습니다,train,0.6,0.0,0.0,0.0,0.4,0.0,0.0
Sess08_impro01_M016,anger,2.1,3.2,2,저도 그럼 징계위원회에서 그냥 제가 하고싶은 말을 좀 할게요 그러면.,ᆯ게요,train,0.6,0.0,0.0,0.0,0.4,0.0,0.0
Sess08_impro01_M017,anger,1.8,3.7,1,이거는 저 혼자 저 혼자 그렇게 제가 책임을 지금 맡아서 하는게 아니고 처음부터 다 보고 받았고 전무님이랑 부장님께 처음 어떻게 보고받았는지 b/ 제가 그때 제가 그때 있었던 제 우리 했던 대화들 녹음본도 다 있거든요.,거든요,train,0.8,0.0,0.0,0.0,0.2,0.0,0.0
Sess08_impro01_M017,anger,1.8,3.7,2,제가 징계위원회에서 다 제가 알아서 제가 할테니까는 (그렇게 해주세요 그러면은),세요,train,0.8,0.0,0.0,0.0,0.2,0.0,0.0
Sess08_impro01_F017,anger,2.0,3.0,1,(지금 무슨 말을 하는 거야 김대리+그렇게 해주세요 그러면은) 김 대리 (뭘),야 | 세요,train,0.2,0.1,0.0,0.0,0.4,0.0,0.3
Sess08_impro01_M018,anger,1.6,3.8,1,(뭘+팩트를) 전달하겠 하겠다구요.,다구요,train,0.9,0.0,0.0,0.0,0.1,0.0,0.0
Sess08_impro01_F018,anger,2.0,3.0,1,뭘 녹음했다구요?,다구요,train,0.2,0.1,0.0,0.0,0.4,0.0,0.3
Sess08_impro01_M019,anger,1.7,3.8,1,처음에 일 받았을 때 저한테 어떻게 이래라 저래라 항 하신 거 다 녹음본 있다구요.,다구,train,0.9,0.0,0.0,0.0,0.1,0.0,0.0
Sess08_impro01_F019,anger,2.4,3.2,1,l/ 아니 김대리 지금 그 녹음본 있으면 뭐 어떻게 할 수 있을 줄 알아요?,어요,train,0.3,0.2,0.0,0.0,0.3,0.0,0.2
Sess08_impro01_M020,anger,1.8,3.8,1,(김 대리+모르죠) 그거는 아이 알겠고 제가 알아서 할게요 그럼 그런 식으로.,죠 | ᆯ게요,train,1.0,0.0,0.0,0.0,0.0,0.0,0.0
Sess08_impro01_M021,anger,1.6,4.3,1,알겠죠?,죠,train,1.0,0.0,0.0,0.0,0.0,0.0,0.0
Sess08_impro01_M021,anger,1.6,4.3,2,지금 (김 대리 흥분을 가라앉혀야+지금 아 잠시만요) 지금 혹 전무님하고 부장님만 살겠다고 나가신 거 같은데.,요 | 은데,train,1.0,0.0,0.0,0.0,0.0,0.0,0.0
Sess08_impro01_F020,anger,2.3,3.5,1,아 이게 무슨 소리에요 김 대리.,에요,train,0.5,0.0,0.0,0.0,0.3,0.0,0.2
Sess08_impro01_M022,anger,1.5,4.6,1,제가 이중장부 있는 것도 다 알거든요.,거든요,train,1.0,0.0,0.0,0.0,0.0,0.0,0.0
Sess08_impro01_M022,anger,1.5,4.6,2,제가 징계위원회 위원회에서 다 까발릴 거니까는 (잠깐만 잠깐만+알아서 알아서 하시고요) 아 됐고요.,고,train,1.0,0.0,0.0,0.0,0.0,0.0,0.0
Sess08_impro01_M022,anger,1.5,4.6,3,n/ 더 이상은 저한테 말 시키지 마시고요.,고,train,1.0,0.0,0.0,0.0,0.0,0.0,0.0
Sess08_impro01_M022,anger,1.5,4.6,4,저도 제가 (알아서 혼자 싸우겠습니다+이중장부라니 김대리) 안녕히 계시고요.,습니다 | 고요,train,1.0,0.0,0.0,0.0,0.0,0.0,0.0
Sess08_impro01_M022,anger,1.5,4.6,5,알겠습니다.,습니다,train,1.0,0.0,0.0,0.0,0.0,0.0,0.0
Sess08_impro01_M022,anger,1.5,4.6,6,저 나가보겠습니다.,습니다,train,1.0,0.0,0.0,0.0,0.0,0.0,0.0
Sess08_impro02_F005,happiness,4.3,3.2,1,아으 진짜 o/ 얼른 씻고 밥 먹어.,어,train,0.0,0.0,0.0,0.6,0.3,0.0,0.1
Sess08_impro02_F009,happiness,4.4,3.4,1,o/ 네 네 네네 조용진 씨 덕분에 제가 편히 살고 있습니다.,습니다,train,0.0,0.0,0.0,0.8,0.2,0.0,0.0
Sess08_impro02_M018,happiness,4.1,3.4,1,l/ 내가 아주 아주 아주 듬뿍 발라줄게 그 약 가져와봐.,어,train,0.0,0.0,0.0,0.7,0.3,0.0,0.0
Sess08_impro02_M018,happiness,4.1,3.4,2,(어딨냐),냐,train,0.0,0.0,0.0,0.7,0.3,0.0,0.0
Sess08_impro02_F018,happiness,4.3,3.3,1,(어딨냐+아 제가) 또 가져와야돼요.,냐 | 어요,train,0.0,0.0,0.0,0.6,0.4,0.0,0.0
Sess08_impro02_M019,happiness,4.4,3.8,1,o/ N/ 아 제가 제가 가져올게요.,ᆯ게요,train,0.0,0.0,0.0,0.7,0.2,0.0,0.1
Sess08_impro02_M019,happiness,4.4,3.8,2,제가 가져올게요 제가 이게 어딨었지 어따 뒀지?,ᆯ게요 | 지,train,0.0,0.0,0.0,0.7,0.2,0.0,0.1
Sess08_impro02_F019,happiness,4.3,3.3,1,아 저깄잖아.,잖아,train,0.0,0.0,0.0,0.8,0.2,0.0,0.0
Sess08_impro02_F021,happiness,4.2,3.2,1,o/ 아 그래도 아파.,어,train,0.0,0.0,0.0,0.6,0.4,0.0,0.0
Sess08_impro02_F021,happiness,4.2,3.2,2,살살해주세요.,세요,train,0.0,0.0,0.0,0.6,0.4,0.0,0.0
Sess08_impro02_F027,happiness,4.4,3.6,1,o/ N/ 오빠가 u/ 난리쳤잖아.,잖아,train,0.0,0.0,0.0,0.8,0.2,0.0,0.0
Sess08_impro02_F027,happiness,4.4,3.6,2,c/ u/ 살려주세요.,세요,train,0.0,0.0,0.0,0.8,0.2,0.0,0.0
Sess08_impro02_F027,happiness,4.4,3.6,3,(애가 안 깨요+아 그때 내가 왜 그랬을까 아참) 왜 그러긴 날 너무 사랑해서 그랬지.,어요 | 을까 | 지,train,0.0,0.0,0.0,0.8,0.2,0.0,0.0
Sess08_impro02_F029,happiness,4.4,3.3,1,나 사랑해?,어,train,0.0,0.0,0.0,0.6,0.4,0.0,0.0
Sess08_impro02_M029,happiness,4.4,3.4,1,l/ 안 사랑하는데?,는데,train,0.0,0.0,0.0,0.9,0.1,0.0,0.0
Sess08_impro02_F030,happiness,3.2,2.8,1,어 무슨 소리야 여보.,야,train,0.3,0.0,0.0,0.1,0.3,0.1,0.2
Sess08_impro02_M030,happiness,4.8,4.0,1,l/ 아 너무 사랑하지.,지,train,0.0,0.0,0.0,0.9,0.1,0.0,0.0
Sess08_impro02_M039,happiness,4.4,3.6,1,(우리 윤서는 어떻+난 그때도) 죽을라 그랬어.,어,train,0.0,0.0,0.0,0.7,0.3,0.0,0.0
Sess08_impro02_M039,happiness,4.4,3.6,2,너 응급실 실려간 날도 나 (죽을라 그랬어 아 그래+지금까지 안 죽고 잘 살아 있네요) 너 살아있으니까.,어 | 네요 | 으니까,train,0.0,0.0,0.0,0.7,0.3,0.0,0.0
Sess08_impro02_M040,happiness,4.0,3.1,1,b/ 아 알았어.,어,train,0.0,0.0,0.0,0.6,0.4,0.0,0.0
Sess08_impro02_M040,happiness,4.0,3.1,2,그러면 윤서 윤서 빨리 시집만 보내고 너 죽으면 나도 빠로 빨리 따라 죽을게.,을게,train,0.0,0.0,0.0,0.6,0.4,0.0,0.0
Sess08_impro02_M041,happiness,4.2,3.3,1,알았어 알았어.,어 | 어,train,0.1,0.0,0.0,0.5,0.4,0.0,0.0
Sess08_impro02_M041,happiness,4.2,3.3,2,b/ 아 나 배고파.,어,train,0.1,0.0,0.0,0.5,0.4,0.0,0.0
Sess08_impro02_F042,happiness,4.1,3.3,1,o/ 아 알았어 얼른 들어가.,어 | 어,train,0.0,0.0,0.0,0.3,0.7,0.0,0.0
Sess08_impro03_F006,sadness,2.3,2.7,1,갑자기 그런 생각이 왜 들어?,어,train,0.1,0.0,0.0,0.0,0.7,0.0,0.2
Sess08_impro03_F006,sadness,2.3,2.7,2,무슨 일 진짜 없었어?,어,train,0.1,0.0,0.0,0.0,0.7,0.0,0.2
Sess08_impro03_M012,anger,2.2,3.3,1,아 김 부장이 자꾸 나한테 뭐라 하는 거야.,야,train,0.6,0.0,0.0,0.0,0.4,0.0,0.0
Sess08_impro03_M013,anger,1.9,3.6,1,살다보면 다 그런 거야?,야,train,0.6,0.0,0.0,0.0,0.4,0.0,0.0
Sess08_impro03_M013,anger,1.9,3.6,2,살다보면 그냥 다 그렇다고?,다고,train,0.6,0.0,0.0,0.0,0.4,0.0,0.0
Sess08_impro03_M014,sadness,1.6,2.7,1,b/ 아니 나 헤어졌어.,어,train,0.1,0.0,0.0,0.0,0.2,0.7,0.0
Sess08_impro03_M014,sadness,1.6,2.7,2,오늘 얘기하고 왔는데 b/ 그게 나 괜찮 그게 날 거 같아.,어,train,0.1,0.0,0.0,0.0,0.2,0.7,0.0
Sess08_impro03_M014,sadness,1.6,2.7,3,헤 헤어지는게 날 거 같아.,어,train,0.1,0.0,0.0,0.0,0.2,0.7,0.0
Sess08_impro03_F013,sadness,2.5,2.8,1,엄마가 미안해.,어,train,0.0,0.0,0.0,0.0,0.6,0.4,0.0
Sess08_impro03_M015,sadness,2.0,2.4,1,아이 뭐 엄마가 미안해.,어,train,0.0,0.0,0.0,0.0,0.4,0.6,0.0
Sess08_impro03_F014,sadness,2.5,2.6,1,아들이 힘들었을건데.,ᆫ데,train,0.0,0.0,0.0,0.0,0.5,0.5,0.0
Sess08_impro03_M016,sadness,1.6,2.5,1,아 내가 그렇게 별론가?,ᆫ가,train,0.4,0.0,0.0,0.0,0.2,0.4,0.0
Sess08_impro03_M016,sadness,1.6,2.5,2,b/ 하아 좆같네 진짜 시발.,네,train,0.4,0.0,0.0,0.0,0.2,0.4,0.0
Sess08_impro03_F015,sadness,2.6,2.8,1,다 얘기해 봐.,어,train,0.0,0.0,0.0,0.0,0.8,0.2,0.0
Sess08_impro03_M017,anger,2.1,2.9,1,아 뭘 얘기해 됐어 아 씨.,어,train,0.5,0.0,0.0,0.0,0.3,0.2,0.0
Sess08_impro03_M018,anger,1.4,3.8,1,아니 왜 아 씨 아니 왜 나한테만 이런 일이 생기는 거야.,야,train,1.0,0.0,0.0,0.0,0.0,0.0,0.0
Sess08_impro03_M018,anger,1.4,3.8,2,아 짜증나.,어,train,1.0,0.0,0.0,0.0,0.0,0.0,0.0
Sess08_impro03_M018,anger,1.4,3.8,3,n/ 아 나는 그냥 다 짜증나 지금 아.,어,train,1.0,0.0,0.0,0.0,0.0,0.0,0.0
Sess08_impro03_F016,anger,2.5,2.7,1,짜증내고 싶으면 짜증내고 울고 싶으면 울어도 돼.,어,train,0.0,0.0,0.0,0.0,1.0,0.0,0.0
Sess08_impro03_M019,anger,1.8,3.5,1,말은 쉽지.,지,train,0.8,0.0,0.0,0.0,0.2,0.0,0.0
Sess08_impro03_M019,anger,1.8,3.5,2,엄만 말을 너무 쉽게 해.,어,train,0.8,0.0,0.0,0.0,0.2,0.0,0.0
Sess08_impro03_M020,anger,1.7,2.7,1,(헤어지고+아 또) 아빠 얘길 왜 해 씨.,어,train,0.4,0.0,0.0,0.0,0.3,0.3,0.0
Sess08_impro03_M021,sadness,2.0,2.8,1,근데 인생이 왤케 맵냐?,냐,train,0.0,0.0,0.0,0.0,0.2,0.8,0.0
Sess08_impro03_M021,sadness,2.0,2.8,2,b/ 그 왜 맵냐 아 너무 힘들다.,냐 | 다,train,0.0,0.0,0.0,0.0,0.2,0.8,0.0
Sess08_impro03_F022,sadness,3.1,2.8,1,울고 싶으면 울어.,어,train,0.0,0.0,0.0,0.0,0.6,0.4,0.0
Sess08_impro03_F022,sadness,3.1,2.8,2,b/ 엄마 너 마음 알아.,어,train,0.0,0.0,0.0,0.0,0.6,0.4,0.0
Sess08_impro03_M023,sadness,2.0,2.3,1,아이 그냥 b/ 모르겠어 그냥 엄마한테 투정부리고 싶었나봐.,어 | 어,train,0.0,0.0,0.0,0.0,0.3,0.7,0.0
Sess08_impro03_F023,sadness,2.1,2.9,1,b/ 너 아빠 돌아가시고 나 정말 힘들었을 때 그때 너가 있어서 견뎠어.,어,train,0.0,0.0,0.0,0.0,0.3,0.7,0.0
Sess08_impro03_F023,sadness,2.1,2.9,2,우리 아들이 힘들면 엄마도 너무 힘들어.,어,train,0.0,0.0,0.0,0.0,0.3,0.7,0.0
Sess08_impro03_M024,sadness,2.2,2.3,1,알았어.,어,train,0.0,0.0,0.0,0.0,0.4,0.6,0.0
Sess08_impro04_M005,anger,2.0,3.2,1,오일은 당연히 넣잖아.,잖아,train,0.8,0.1,0.0,0.0,0.1,0.0,0.0
Sess08_impro04_F005,anger,2.1,3.0,1,아 왜 화를 내시죠?,죠,train,0.6,0.1,0.0,0.0,0.2,0.0,0.1
Sess08_impro04_M009,anger,1.9,2.8,1,제가 봤을 때 우현 씨는요.,요,train,0.7,0.2,0.0,0.0,0.1,0.0,0.0
Sess08_impro04_M009,anger,1.9,2.8,2,b/ 관심이 요리에 없어 무슨 말인지 알아요?,어요,train,0.7,0.2,0.0,0.0,0.1,0.0,0.0
Sess08_impro04_M010,anger,1.9,3.3,1,요리에 너에 관심이 요리에 안 가 있다고 다 바깥에야.,야,train,0.6,0.3,0.0,0.0,0.1,0.0,0.0
Sess08_impro04_M010,anger,1.9,3.3,2,뭐 인터넷 SNS나 하면서 뭐 그렇게 요리할 거야?,야,train,0.6,0.3,0.0,0.0,0.1,0.0,0.0
Sess08_impro04_M011,anger,1.7,3.7,1,(저랑+아니) 전문가인 내 입맛 내 혀를 만족시켜야지.,어야지,train,0.8,0.2,0.0,0.0,0.0,0.0,0.0
Sess08_impro04_M011,anger,1.7,3.7,2,어디서 어디서 무슨 언론 이런 얘기를 하고 있어.,어,train,0.8,0.2,0.0,0.0,0.0,0.0,0.0
Sess08_impro04_M011,anger,1.7,3.7,3,요리 하는데 아니야?,야,train,0.8,0.2,0.0,0.0,0.0,0.0,0.0
Sess08_impro04_F012,anger,1.6,4.2,1,지금 저랑 싸우자는 거예요?,예요,train,1.0,0.0,0.0,0.0,0.0,0.0,0.0
Sess08_impro04_F012,anger,1.6,4.2,2,문제가 있으면 정확히 말씀해주세요.,세요,train,1.0,0.0,0.0,0.0,0.0,0.0,0.0
Sess08_impro04_M012,anger,1.7,3.0,1,(주방적인 주관적인 의견만+우현 씨) 우현 씨 알았어.,어,train,0.4,0.3,0.0,0.0,0.3,0.0,0.0
Sess08_impro04_M013,anger,1.8,3.2,1,요리에 좀 관심이 있었으면 좋겠어.,어,train,0.4,0.4,0.0,0.0,0.2,0.0,0.0
Sess08_impro04_M013,anger,1.8,3.2,2,이 요 이 이 우리 여기 식당 b/ 그렇게 뭐 홍보만 하고 마케팅만 하고 되겠어?,어,train,0.4,0.4,0.0,0.0,0.2,0.0,0.0
Sess08_impro04_F014,anger,1.7,3.4,1,그럼 주방장님이 하는 방식은 어떤건가요?,ᆫ가,train,1.0,0.0,0.0,0.0,0.0,0.0,0.0
Sess08_impro04_F015,anger,1.6,4.3,1,저도 이 주방 책임지는 주방장이였어요.,어요,train,1.0,0.0,0.0,0.0,0.0,0.0,0.0
Sess08_impro04_M018,anger,1.8,4.0,1,b/ 우현씨 지금 그 자존심으로 요리를 좀 하란말이야.,야,train,0.8,0.1,0.0,0.0,0.1,0.0,0.0
Sess08_impro04_M019,anger,1.7,4.2,1,그 지금 기분 나쁘죠?,죠,train,0.8,0.1,0.0,0.0,0.1,0.0,0.0
Sess08_impro04_M019,anger,1.7,4.2,2,그 기분 나쁜 걸 원동력 삼아서 요리에 좀 신경을 좀 더 쓰라고 노력을 더 하라고 알겠어?,어,train,0.8,0.1,0.0,0.0,0.1,0.0,0.0
Sess08_impro04_M019,anger,1.7,4.2,3,그래야지 좀 나아지겠지.,지,train,0.8,0.1,0.0,0.0,0.1,0.0,0.0
Sess08_impro04_M019,anger,1.7,4.2,4,주방에 안 들어오겠다고요?,다고요,train,0.8,0.1,0.0,0.0,0.1,0.0,0.0
Sess08_impro04_M019,anger,1.7,4.2,5,이렇게 그냥 끝낼거야?,야,train,0.8,0.1,0.0,0.0,0.1,0.0,0.0
Sess08_impro04_M019,anger,1.7,4.2,6,이렇게 나갈거야?,야,train,0.8,0.1,0.0,0.0,0.1,0.0,0.0
Sess08_impro04_M019,anger,1.7,4.2,7,이게 뭐야.,야,train,0.8,0.1,0.0,0.0,0.1,0.0,0.0
Sess08_impro04_M020,anger,1.6,4.1,1,(네+지금) 뭐하는 거야 우리가 지금.,야,train,0.9,0.1,0.0,0.0,0.0,0.0,0.0
Sess08_impro04_M020,anger,1.6,4.1,2,이러자고 우리가 지금 여기서 같이 이렇게 싸우고 그러는거야?,야,train,0.9,0.1,0.0,0.0,0.0,0.0,0.0
Sess08_impro04_F022,anger,1.4,4.5,1,네 좋아요.,어요,train,1.0,0.0,0.0,0.0,0.0,0.0,0.0
Sess08_impro04_F022,anger,1.4,4.5,2,제가 주방장님 요리 먹고 감동하면 내가 당신 밑에서 진짜 개처럼 일한다.,ᆫ다,train,1.0,0.0,0.0,0.0,0.0,0.0,0.0
Sess08_impro04_F022,anger,1.4,4.5,3,아 근데 당신 요리가 별 볼일 없으면 당신이 나가.,어,train,1.0,0.0,0.0,0.0,0.0,0.0,0.0
Sess08_impro04_F022,anger,1.4,4.5,4,알겠어?,어,train,1.0,0.0,0.0,0.0,0.0,0.0,0.0
Sess02_script01_F001,happiness,3.9,3.2,1,음 맛있다.,다,train,0.0,0.0,0.0,0.8,0.2,0.0,0.0
Sess02_script01_F001,happiness,3.9,3.2,2,b/ n/ 왜 자기 왜 안 먹어?,어,train,0.0,0.0,0.0,0.8,0.2,0.0,0.0
Sess02_script01_M001,happiness,2.6,2.7,1,아이 천천히좀 먹어.,어,train,0.0,0.1,0.0,0.0,0.8,0.1,0.0
Sess02_script01_M001,happiness,2.6,2.7,2,n/ 햄버거 어디 안 도망가.,어,train,0.0,0.1,0.0,0.0,0.8,0.1,0.0
Sess02_script01_M001,happiness,2.6,2.7,3,n/ b/ 아이 콜라도 좀 먹고.,고,train,0.0,0.1,0.0,0.0,0.8,0.1,0.0
Sess02_script01_F006,anger,2.0,3.2,1,아 뭐야.,야,train,0.8,0.1,0.0,0.0,0.1,0.0,0.0
Sess02_script01_F006,anger,2.0,3.2,2,나 말 안해.,어,train,0.8,0.1,0.0,0.0,0.1,0.0,0.0
Sess02_script01_M006,anger,3.0,4.0,1,아이 아니 b/ 내 뜻은 그게 아니라 갑자기 물어보니까 당황해서 그렇지.,지,train,0.0,0.0,0.1,0.0,0.0,0.0,0.9
Sess02_script01_M007,happiness,3.9,3.4,1,우리 여진인 꿈이 뭐야?,야,train,0.0,0.0,0.0,0.8,0.2,0.0,0.0
Sess02_script01_F007,happiness,3.9,3.7,1,l/ 궁금해?,어,train,0.0,0.0,0.0,0.9,0.1,0.0,0.0
Sess02_script01_M008,happiness,3.8,3.2,1,궁금해.,어,train,0.0,0.0,0.0,0.4,0.6,0.0,0.0
Sess02_script01_F009,happiness,3.4,3.6,1,o/ 아 뭐 어때.,어,train,0.2,0.0,0.0,0.5,0.2,0.0,0.1
Sess02_script01_F009,happiness,3.4,3.6,2,나 오빠 여잔데.,ᆫ데,train,0.2,0.0,0.0,0.5,0.2,0.0,0.1
Sess02_script01_M010,happiness,4.1,3.8,1,아 아니 그게 아니라 u/ 갑자기 물어보니까 당황스러워서 그렇지.,지,train,0.0,0.0,0.0,0.7,0.0,0.0,0.3
Sess02_script01_M011,sadness,3.5,3.2,1,근데 n/ 꿈은 왜 물어본 거야?,야,train,0.0,0.0,0.0,0.2,0.6,0.0,0.2
Sess02_script01_F012,happiness,3.9,3.2,1,(고+오) o/ 맛있겠다.,다,train,0.0,0.0,0.0,0.9,0.1,0.0,0.0
Sess02_script01_F015,anger,2.0,3.7,1,나야말로 뭐 오빠랑 누가 결혼한대?,ᆫ대,train,0.8,0.0,0.0,0.0,0.2,0.0,0.0
Sess02_script01_M016,anger,3.5,3.1,1,아 방금 한다고 했잖아.,잖아,train,0.0,0.0,0.0,0.3,0.1,0.0,0.6
Sess02_script01_F016,anger,1.8,3.5,1,하도 불쌍하구 보잘것 없어 보여가지고 해준다고 한 거지.,지,train,0.5,0.1,0.0,0.0,0.2,0.2,0.0
Sess02_script01_F016,anger,1.8,3.5,2,b/ 내가 당신처럼 어리버리한 남자를 뭐가 좋다고 결혼을 해.,어,train,0.5,0.1,0.0,0.0,0.2,0.2,0.0
Sess02_script01_F017,sadness,1.6,2.5,1,아 됐어.,어,train,0.2,0.0,0.0,0.0,0.1,0.7,0.0
Sess02_script01_M018,sadness,3.4,3.1,1,b/ 이거 b/ 널 위해서 준비했다.,다,train,0.0,0.0,0.0,0.1,0.9,0.0,0.0
Sess02_script01_F018,happiness,3.8,3.2,1,그게 뭔데.,ᆫ데,train,0.0,0.0,0.0,0.6,0.1,0.0,0.3
Sess02_script01_M019,happiness,3.2,3.3,1,아이 어서 봐봐.,어,train,0.0,0.0,0.0,0.2,0.7,0.1,0.0
Sess02_script01_F022,sadness,3.4,3.8,1,l/ 아 진짜 오빠 아 웃긴다.,ᆫ다,train,0.1,0.1,0.0,0.7,0.0,0.0,0.1
Sess02_script01_M022,sadness,3.0,3.3,1,b/ 음 아이 이런 선물 받으니 어이가 없지?,지,train,0.0,0.0,0.0,0.0,0.3,0.7,0.0
Sess02_script01_F023,sadness,3.2,3.6,1,b/ 아 우리들 만난지 100일 되는 날이라서 준비했다 뭐 이런 거야?,다 | 야,train,0.2,0.1,0.0,0.5,0.0,0.0,0.2
Sess02_script01_F028,happiness,4.2,3.9,1,대신 b/ 같이 살아야겠어.,어,train,0.0,0.0,0.0,1.0,0.0,0.0,0.0
Sess02_script01_F030,anger,3.1,3.8,1,아우 진짜 이 무능력한 남자야.,야,train,0.5,0.2,0.0,0.1,0.2,0.0,0.0
Sess02_script01_F030,anger,3.1,3.8,2,b/ 여자인 내가 반지를 준비해야겠어?,어,train,0.5,0.2,0.0,0.1,0.2,0.0,0.0
Sess02_script01_F030,anger,3.1,3.8,3,당연히 오빠가 준비해야지.,어야지,train,0.5,0.2,0.0,0.1,0.2,0.0,0.0
Sess02_script01_F032,happiness,4.1,3.3,1,b/ 오빠 누가 선물하고 누가 o/ 프로포즈 하면 어때.,어,train,0.0,0.0,0.0,0.6,0.4,0.0,0.0
Sess02_script01_F032,happiness,4.1,3.3,2,b/ 뭐 난 오빠 사랑하고 지금 행복해.,어,train,0.0,0.0,0.0,0.6,0.4,0.0,0.0
Sess02_script01_F032,happiness,4.1,3.3,3,우리 둘이 함께 산다는 게 중요하잖아.,잖아,train,0.0,0.0,0.0,0.6,0.4,0.0,0.0
Sess02_script01_F033,happiness,4.0,3.7,1,b/ 대신 프로포즈는 내가 먼저 했으니까 결혼식은 정말 멋지게 해줘야 돼.,어,train,0.0,0.0,0.0,0.6,0.4,0.0,0.0
Sess02_script01_F033,happiness,4.0,3.7,2,알았어?,어,train,0.0,0.0,0.0,0.6,0.4,0.0,0.0
Sess02_script01_M032,happiness,4.7,4.6,1,b/ 사랑한다.,ᆫ다,train,0.0,0.0,0.0,1.0,0.0,0.0,0.0
Sess02_script01_M032,happiness,4.7,4.6,2,진짜 정말로 사랑한다.,ᆫ다,train,0.0,0.0,0.0,1.0,0.0,0.0,0.0
Sess02_script02_M002,happiness,4.7,4.3,1,l/ u/ 웃기잖아.,어,train,0.0,0.0,0.0,0.9,0.0,0.0,0.1
Sess02_script02_M002,happiness,4.7,4.3,2,l/ 야 야 이 바나나 맛있다.,다,train,0.0,0.0,0.0,0.9,0.0,0.0,0.1
Sess02_script02_M002,happiness,4.7,4.3,3,u/ 이거 어디서 산 거야?,야,train,0.0,0.0,0.0,0.9,0.0,0.0,0.1
Sess02_script02_F003,anger,2.0,2.6,1,o/ b/ n/ 거기 마트 생긴지 두 달이 넘었어.,어,train,0.4,0.3,0.0,0.0,0.3,0.0,0.0
Sess02_script02_F003,anger,2.0,2.6,2,그것도 몰라?,어,train,0.4,0.3,0.0,0.0,0.3,0.0,0.0
Sess02_script02_M004,happiness,4.3,3.9,1,l/ 아이 모를 수도 있지 뭐.,지,train,0.0,0.0,0.0,1.0,0.0,0.0,0.0
Sess02_script02_M004,happiness,4.3,3.9,2,b/ 그게 뭐 대순가?,ᆫ가,train,0.0,0.0,0.0,1.0,0.0,0.0,0.0
Sess02_script02_M004,happiness,4.3,3.9,3,l/ 저거 왜 이렇게 웃겨.,어,train,0.0,0.0,0.0,1.0,0.0,0.0,0.0
Sess02_script02_F004,happiness,2.0,2.5,1,이거 받어.,어,train,0.6,0.0,0.0,0.0,0.4,0.0,0.0
Sess02_script02_F005,happiness,1.7,3.2,1,안 봐?,어,train,0.9,0.0,0.0,0.0,0.1,0.0,0.0
Sess02_script02_M006,anger,3.6,3.6,1,아 뭔데.,ᆫ데,train,0.3,0.1,0.0,0.3,0.3,0.0,0.0
Sess02_script02_M006,anger,3.6,3.6,2,b/ l/ 아이 뭔데 한참 재밌게 보고 있는데.,ᆫ데,train,0.3,0.1,0.0,0.3,0.3,0.0,0.0
Sess02_script02_M007,anger,2.8,3.0,1,n/ 이게 뭐야.,야,train,0.1,0.0,0.0,0.0,0.2,0.0,0.7
Sess02_script02_M007,anger,2.8,3.0,2,이게 뭔데 o/ 날 적어줘?,어,train,0.1,0.0,0.0,0.0,0.2,0.0,0.7
Sess02_script02_F006,sadness,1.8,2.3,1,잘 들어.,어,train,0.0,0.0,0.0,0.0,0.0,1.0,0.0
Sess02_script02_F006,sadness,1.8,2.3,2,나 폐에 종양이 생겼대.,대,train,0.0,0.0,0.0,0.0,0.0,1.0,0.0
Sess02_script02_F007,sadness,1.7,2.2,1,"당신 나 없어도 꿋꿋하게 애들 키우면서 살아야 돼,",어,train,0.0,0.0,0.0,0.0,0.1,0.9,0.0
Sess02_script02_M009,sadness,2.0,3.6,1,b/ 자기 지금 무슨 소리야.,야,train,0.0,0.0,0.1,0.0,0.0,0.0,0.9
Sess02_script02_M009,sadness,2.0,3.6,2,b/ 농담이지?,지,train,0.0,0.0,0.1,0.0,0.0,0.0,0.9
Sess02_script02_F008,sadness,1.6,1.8,1,b/ 악성이래.,래,train,0.0,0.0,0.0,0.0,0.1,0.9,0.0
Sess02_script02_F008,sadness,1.6,1.8,2,뭐 이미 왼 쪽에 70프로 정도 퍼져있고 정확한 건 가슴 열어봐야 알겠지만 림프절이랑 늑막에까지 전이가 됐대.,대,train,0.0,0.0,0.0,0.0,0.1,0.9,0.0
Sess02_script02_M010,sadness,2.0,3.6,1,b/ 아이 장난이지?,지,train,0.0,0.0,0.2,0.0,0.0,0.0,0.8
Sess02_script02_M010,sadness,2.0,3.6,2,농담이지 지금?,지,train,0.0,0.0,0.2,0.0,0.0,0.0,0.8
Sess02_script02_M010,sadness,2.0,3.6,3,u/ 지금이라도 빨리 병원 가봐야 되는 거 아니야?,야,train,0.0,0.0,0.2,0.0,0.0,0.0,0.8
Sess02_script02_F009,sadness,1.4,1.7,1,이미 늦었어.,어,train,0.0,0.0,0.0,0.0,0.0,1.0,0.0
Sess02_script02_M011,sadness,2.1,3.2,1,아니 수술하면 되는 거 아니냐고.,냐고,train,0.1,0.0,0.1,0.0,0.0,0.1,0.7
Sess02_script02_M012,sadness,1.9,3.2,1,u/ 병원에선 뭐라는데?,는데,train,0.0,0.0,0.2,0.0,0.1,0.1,0.6
Sess02_script02_M012,sadness,1.9,3.2,2,어 얼마나 살 수 있다는데?,다는데,train,0.0,0.0,0.2,0.0,0.1,0.1,0.6
Sess02_script02_M013,anger,1.2,4.6,1,b/ n/ b/ 아니 그러니까 저번에 가슴 아프다고 할 때 아 내가 그 병원 가보라고 했잖아.,잖아,train,1.0,0.0,0.0,0.0,0.0,0.0,0.0
Sess02_script02_M013,anger,1.2,4.6,2,아 그럼 그 동안 안 갔던 거야?,야,train,1.0,0.0,0.0,0.0,0.0,0.0,0.0
Sess02_script02_F012,anger,1.8,1.8,1,화 낸다고 달라질 거 없잖아.,잖아,train,0.0,0.0,0.0,0.0,0.4,0.6,0.0
Sess02_script02_M014,sadness,1.7,3.9,1,l/ n/ 아 그래 뭐 b/ 미안하다.,다,train,0.1,0.0,0.3,0.0,0.1,0.3,0.2
Sess02_script02_M014,sadness,1.7,3.9,2,소리쳐서 미안해.,어,train,0.1,0.0,0.3,0.0,0.1,0.3,0.2
Sess02_script02_M014,sadness,1.7,3.9,3,b/ 근데 으 뭐 이왕 이렇게 된 거 u/ 뭐라도 해보자.,자,train,0.1,0.0,0.3,0.0,0.1,0.3,0.2
Sess02_script02_M014,sadness,1.7,3.9,4,수술 받고 b/ 아이 요즘 의사들 뭐 돌팔이다 돌팔이다 해도 잘 하는 데도 많이 있어.,다 | 어,train,0.1,0.0,0.3,0.0,0.1,0.3,0.2
Sess02_script02_M014,sadness,1.7,3.9,5,b/ 그러니깐 아이 6개월은 뭔 6개월이야.,야,train,0.1,0.0,0.3,0.0,0.1,0.3,0.2
Sess02_script02_M014,sadness,1.7,3.9,6,b/ 수술 받으면 6년 60년 600년은 살 수 있다고 어?,다고,train,0.1,0.0,0.3,0.0,0.1,0.3,0.2
Sess02_script02_M014,sadness,1.7,3.9,7,그러니까 병원 가자.,자,train,0.1,0.0,0.3,0.0,0.1,0.3,0.2
Sess02_script02_M014,sadness,1.7,3.9,8,b/ 지금 병원 가자 빨리 짐 짐 챙겨.,자 | 어,train,0.1,0.0,0.3,0.0,0.1,0.3,0.2
Sess02_script02_F013,sadness,1.6,1.7,1,나는 나 아니야 (틀렸어),야 | 어,train,0.0,0.0,0.0,0.0,0.2,0.8,0.0
Sess02_script02_M015,anger,1.6,4.5,1,(틀렸어+아이) b/ 틀리긴 뭐가 틀려 뭐가 틀려.,어 | 어,train,1.0,0.0,0.0,0.0,0.0,0.0,0.0
Sess02_script02_M015,anger,1.6,4.5,2,b/ 빨리 병원 가자니까?,자니까,train,1.0,0.0,0.0,0.0,0.0,0.0,0.0
Sess02_script02_F014,sadness,1.8,2.4,1,b/ 우리 아버지 기억해?,어,train,0.0,0.0,0.0,0.0,0.4,0.6,0.0
Sess02_script02_M016,anger,1.8,3.9,1,u/ 가 오 가 차 b/ 갑자기 아버지 얘기는 왜 꺼내는 거야.,야,train,0.5,0.0,0.1,0.0,0.0,0.2,0.2
Sess02_script02_F015,sadness,2.0,2.2,1,사실 우리 아빠도 나랑 같은 병이었어.,어,train,0.0,0.0,0.1,0.0,0.3,0.6,0.0
Sess02_script02_M017,sadness,1.7,3.3,1,그럼 여태까지 날 속인 거야?,야,train,0.1,0.0,0.0,0.0,0.0,0.0,0.9
Sess02_script02_F016,sadness,1.8,2.3,1,b/ u/ 미안해.,어,train,0.0,0.0,0.0,0.0,0.2,0.8,0.0
Sess02_script02_F016,sadness,1.8,2.3,2,우리 아버지는 음 음 음 3년동안 폐암으로 병원에 계시다가 돌아가셨어.,어,train,0.0,0.0,0.0,0.0,0.2,0.8,0.0
Sess02_script02_M018,sadness,1.9,2.8,1,b/ 그래 알겠다.,다,train,0.0,0.0,0.2,0.0,0.2,0.6,0.0
Sess02_script02_M018,sadness,1.9,2.8,2,b/ 미숙아 근데 지금 그게 중요한게 아니야.,야,train,0.0,0.0,0.2,0.0,0.2,0.6,0.0
Sess02_script02_M018,sadness,1.9,2.8,3,b/ 지금 중요한 건 일단 너 병원 빨리 가서 치료부터 받고 b/ 검사하고 수술 받자.,자,train,0.0,0.0,0.2,0.0,0.2,0.6,0.0
Sess02_script02_M018,sadness,1.9,2.8,4,그래야 살 수 있어.,어,train,0.0,0.0,0.2,0.0,0.2,0.6,0.0
Sess02_script02_F017,sadness,1.5,2.2,1,b/ 어차피 안 되는 일인데 어차피 살 수도 없는데 실낱같은 목숨 붙잡아두고 본인도 힘들고 o/ 주위 사람도 힘들고.,고,train,0.0,0.0,0.0,0.0,0.1,0.9,0.0
Sess02_script02_M019,sadness,1.8,2.6,1,그런 생각 하지마.,어,train,0.1,0.0,0.1,0.0,0.0,0.8,0.0
Sess02_script02_M019,sadness,1.8,2.6,2,b/ 지금도 안 늦었어 이 일단 일단 정리하고 병원 가자 어?,어 | 자,train,0.1,0.0,0.1,0.0,0.0,0.8,0.0
Sess02_script02_F018,sadness,1.5,2.4,1,b/ 아 무슨 의미가 있었겠어.,어,train,0.0,0.0,0.0,0.0,0.1,0.9,0.0
Sess02_script02_F018,sadness,1.5,2.4,2,3년을 더 u/ 섰다고 우리 아빠가 행복했을까?,을까,train,0.0,0.0,0.0,0.0,0.1,0.9,0.0
Sess02_script02_M020,sadness,1.7,3.7,1,여보 b/ 아 왜 이래 어?,어,train,0.2,0.0,0.1,0.0,0.0,0.7,0.0
Sess02_script02_M020,sadness,1.7,3.7,2,왜 b/ 왜 왜 약한 생각을 해 어?,어,train,0.2,0.0,0.1,0.0,0.0,0.7,0.0
Sess02_script02_F019,sadness,1.4,3.2,1,나도 살고싶어.,어,train,0.1,0.0,0.0,0.0,0.1,0.8,0.0
Sess02_script02_F019,sadness,1.4,3.2,2,나도 사람인데 근데 근데 싸우기엔 너무 늦었고 지쳤어.,어,train,0.1,0.0,0.0,0.0,0.1,0.8,0.0
Sess02_script02_F020,sadness,1.5,2.9,1,당신 우리 애들 잘 부탁해?,어,train,0.1,0.0,0.0,0.0,0.0,0.9,0.0
Sess02_script02_F020,sadness,1.5,2.9,2,그리고 남은 시간 우리 행복하게 지내면 되잖아.,잖아,train,0.1,0.0,0.0,0.0,0.0,0.9,0.0
Sess02_script02_F020,sadness,1.5,2.9,3,나 행복하고 싶어.,어,train,0.1,0.0,0.0,0.0,0.0,0.9,0.0
Sess02_script02_F020,sadness,1.5,2.9,4,그리고 행복하게 죽고싶어.,어,train,0.1,0.0,0.0,0.0,0.0,0.9,0.0
Sess02_script02_F020,sadness,1.5,2.9,5,b/ 예쁜 모습 좋은 모습만 남기고 싶어.,어,train,0.1,0.0,0.0,0.0,0.0,0.9,0.0
Sess02_script02_F021,sadness,1.9,2.9,1,나 마지막 부탁 있어.,어,train,0.0,0.0,0.0,0.0,0.1,0.9,0.0
Sess02_script02_F021,sadness,1.9,2.9,2,o/ 음음 둘째 결혼 시키고 당신도 재혼 해.,어,train,0.0,0.0,0.0,0.0,0.1,0.9,0.0
Sess02_script02_F021,sadness,1.9,2.9,3,혹시나 애들 결혼 전에 재혼하면 애들도 상처받을 수 있으니까 o/ 애들 결혼만 시켜줘.,어,train,0.0,0.0,0.0,0.0,0.1,0.9,0.0
Sess02_script02_F021,sadness,1.9,2.9,4,그리고 좋은 여자 만나.,어,train,0.0,0.0,0.0,0.0,0.1,0.9,0.0
Sess02_script02_M023,anger,1.6,4.3,1,아이 도대체 무슨 소리를 하는 거야.,야,train,0.8,0.0,0.0,0.0,0.0,0.2,0.0
Sess02_script02_M023,anger,1.6,4.3,2,b/ 그런 얘긴 그만 하고.,고,train,0.8,0.0,0.0,0.0,0.0,0.2,0.0
Sess02_script02_M024,sadness,1.6,3.6,1,미선아 내가 잘못했다.,다,train,0.1,0.0,0.2,0.0,0.0,0.7,0.0
Sess02_script02_M024,sadness,1.6,3.6,2,b/ 내가 잘못했어.,어,train,0.1,0.0,0.2,0.0,0.0,0.7,0.0
Sess02_script02_M024,sadness,1.6,3.6,3,그니까 빨리 병원 가서 검사받자.,자,train,0.1,0.0,0.2,0.0,0.0,0.7,0.0
Sess02_script02_M024,sadness,1.6,3.6,4,제발 제발 좀 나랑 같이 살아주라.,라,train,0.1,0.0,0.2,0.0,0.0,0.7,0.0
Sess02_script03_F004,happiness,3.7,3.8,1,o/ 아 제발 뭐 어디가서 친오빠라고 하지마.,어,train,0.1,0.0,0.0,0.8,0.1,0.0,0.0
Sess02_script03_F004,happiness,3.7,3.8,2,나한테 오빠는 우리 BTS 오빠들밖에 없어.,어,train,0.1,0.0,0.0,0.8,0.1,0.0,0.0
Sess02_script03_F005,anger,2.1,3.2,1,b/ 아 됐고 아 나 드라마 봐야 돼.,고 | 어,train,0.6,0.3,0.0,0.0,0.1,0.0,0.0
Sess02_script03_F006,anger,1.8,3.1,1,나 드라마 할 시간이니까.,니까,train,0.6,0.4,0.0,0.0,0.0,0.0,0.0
Sess02_script03_F006,anger,1.8,3.1,2,리모콘이나 빨리 줘라 달라고.,어라 | 라고,train,0.6,0.4,0.0,0.0,0.0,0.0,0.0
Sess02_script03_M005,anger,2.2,3.4,1,아 이거 10분이면 끝나 좀 기다려봐.,어 | 어,train,0.7,0.0,0.0,0.0,0.3,0.0,0.0
Sess02_script03_F007,anger,1.5,4.0,1,허 b/ 아 인터넷으로 나중에 검색 하라고.,라고,train,1.0,0.0,0.0,0.0,0.0,0.0,0.0
Sess02_script03_F008,anger,1.5,3.9,1,아 몰라 그게 당첨이 되겠냐?,어 | 냐,train,0.5,0.4,0.0,0.0,0.1,0.0,0.0
Sess02_script03_F008,anger,1.5,3.9,2,아유 진짜 어떤 여자가 될진 모르겠지만 오빠같은 남자랑 결혼 할 여자가 아주 불쌍하다 불쌍해.,어,train,0.5,0.4,0.0,0.0,0.1,0.0,0.0
Sess02_script03_M007,anger,2.3,2.9,1,빽 빽 빽 빽 거리지 말고 좀 가라 어?,어라,train,0.6,0.0,0.0,0.0,0.4,0.0,0.0
Sess02_script03_F017,happiness,4.9,4.9,1,어떡해 어떡해.,어 | 어,train,0.0,0.0,0.0,0.6,0.0,0.0,0.4
Sess02_script03_M020,happiness,4.9,4.8,1,o/ 야 좀 꼬집어 봐.,어,train,0.0,0.0,0.0,0.9,0.0,0.0,0.1
Sess02_script03_F018,happiness,4.8,4.6,1,o/ N/ 아 얼마든지 얼마든지 빨리 꼬집을게.,을게,train,0.0,0.0,0.0,0.9,0.0,0.0,0.1
Sess02_script03_M021,happiness,4.7,4.6,1,아이 씨 아프게 꼬집으면 어떡해.,어,train,0.1,0.0,0.0,0.6,0.0,0.0,0.3
Sess02_script03_F019,happiness,4.7,4.5,1,o/ 아 제대로 꼬집어야 꿈인지 아닌지 알 수 있지.,지,train,0.0,0.0,0.0,1.0,0.0,0.0,0.0
Sess02_script03_M022,happiness,4.9,4.8,1,와 b/ 야 야 야 난 진짜 b/ 심장 뛰는 거 봐.,어,train,0.0,0.0,0.0,0.6,0.0,0.0,0.4
Sess02_script03_F020,happiness,4.6,4.5,1,(미치겠다 이거 우아+어 사랑하는 오빠) 나 o/ 잊지마.,어,train,0.0,0.0,0.0,1.0,0.0,0.0,0.0
Sess02_script03_F020,happiness,4.6,4.5,2,나 잊으면 안돼.,어,train,0.0,0.0,0.0,1.0,0.0,0.0,0.0
Sess02_script03_M024,happiness,3.0,3.4,1,이 사실 그 누구한테도 말하면 안돼.,어,train,0.0,0.1,0.3,0.1,0.5,0.0,0.0
Sess02_script03_F022,happiness,4.3,4.0,1,알았어 알았어 걱정하지마.,어 | 어 | 어,train,0.0,0.0,0.0,1.0,0.0,0.0,0.0
Sess02_script03_F022,happiness,4.3,4.0,2,내가 입이 n/ 무겁잖아.,잖아,train,0.0,0.0,0.0,1.0,0.0,0.0,0.0
Sess02_script03_F023,happiness,3.7,3.9,1,걱정마.,어,train,0.0,0.0,0.0,0.6,0.3,0.0,0.1
Sess02_script03_F023,happiness,3.7,3.9,2,걱정마.,어,train,0.0,0.0,0.0,0.6,0.3,0.0,0.1
Sess02_script03_F023,happiness,3.7,3.9,3,나 오빠 동생이야 친동생.,야,train,0.0,0.0,0.0,0.6,0.3,0.0,0.1
Sess02_script03_F023,happiness,3.7,3.9,4,나 몰라?,어,train,0.0,0.0,0.0,0.6,0.3,0.0,0.1
Sess02_script03_F023,happiness,3.7,3.9,5,나 못믿어?,어,train,0.0,0.0,0.0,0.6,0.3,0.0,0.1
Sess02_script03_M026,happiness,3.3,3.4,1,b/ 그 b/ 그래 좀 못믿지?,지,train,0.0,0.3,0.0,0.3,0.4,0.0,0.0
Sess02_script03_F024,happiness,4.0,3.8,1,내가 오빠 잘될줄 알았다니까.,다니까,train,0.0,0.0,0.0,0.9,0.1,0.0,0.0
Sess02_script03_F025,happiness,4.5,4.0,1,o/ 아 오빠 내가 (어+ 내 친구) 은지랑 그 소개팅 하고싶다고 그랬잖아.,잖아,train,0.0,0.0,0.0,1.0,0.0,0.0,0.0
Sess02_script03_F025,happiness,4.5,4.0,2,내가 바로 주선해볼게.,ᆯ게,train,0.0,0.0,0.0,1.0,0.0,0.0,0.0
Sess02_script03_M028,happiness,4.1,3.9,1,u/ 돈이 좋긴 좋네.,네,train,0.0,0.0,0.0,0.9,0.0,0.0,0.1
Sess02_script03_F026,happiness,4.3,4.1,1,지금 바로 전화걸게 어?,ᆯ게,train,0.0,0.0,0.0,1.0,0.0,0.0,0.0
Sess02_script03_F026,happiness,4.3,4.1,2,n/ 내 친구들 많아.,어,train,0.0,0.0,0.0,1.0,0.0,0.0,0.0
Sess02_script03_M029,happiness,4.1,3.8,1,l/ 아이고 진짜 진작 그럴 것이지.,지,train,0.0,0.0,0.0,1.0,0.0,0.0,0.0
Sess02_script03_M029,happiness,4.1,3.8,2,b/ n/ 야 얼마나 필요해서 그러냐?,냐,train,0.0,0.0,0.0,1.0,0.0,0.0,0.0
Sess02_script03_F027,happiness,4.6,5.0,1,진짜지?,지,train,0.0,0.0,0.0,1.0,0.0,0.0,0.0
Sess02_script03_F027,happiness,4.6,5.0,2,o/ 어 오빠 완전 오빠 완전 짱이야.,야,train,0.0,0.0,0.0,1.0,0.0,0.0,0.0
Sess02_script03_F027,happiness,4.6,5.0,3,최고야.,야,train,0.0,0.0,0.0,1.0,0.0,0.0,0.0
Sess02_script03_F027,happiness,4.6,5.0,4,o/ 어 나한텐 역시 우리 오빠야.,야,train,0.0,0.0,0.0,1.0,0.0,0.0,0.0
Sess02_script03_F027,happiness,4.6,5.0,5,n/ 딱 1억만 주라.,라,train,0.0,0.0,0.0,1.0,0.0,0.0,0.0
Sess02_script03_F028,happiness,5.0,4.9,1,s/ 생각만해도 너무 좋아.,어,train,0.0,0.0,0.0,1.0,0.0,0.0,0.0
Sess02_script03_M031,happiness,4.6,4.2,1,l/ 나도 u/ 아이 미쳤나봐 진짜 꿈이야 생시야.,어 | 야,train,0.0,0.0,0.0,0.9,0.0,0.0,0.1
Sess02_script03_M032,happiness,4.7,4.5,1,내일 날 밝으면 이제 고주홍의 시대가 열린다 이거야.,ᆫ다 | 야,train,0.0,0.0,0.0,1.0,0.0,0.0,0.0
Sess02_script03_M032,happiness,4.7,4.5,2,b/ 두고봐라.,어라,train,0.0,0.0,0.0,1.0,0.0,0.0,0.0
Sess02_script03_M032,happiness,4.7,4.5,3,내 이 돈으로 세상을 깜짝 l/ 놀라게 할테니까.,니까,train,0.0,0.0,0.0,1.0,0.0,0.0,0.0
Sess02_script05_F003,happiness,3.8,3.4,1,네 o/ 감사합니다.,ᆸ니다,train,0.0,0.0,0.0,0.7,0.3,0.0,0.0
Sess02_script05_M009,anger,2.6,2.8,1,아니 뭐 패션이란 다 뭐 주관적인 거 아닌가요?,ᆫ가요,train,0.0,0.2,0.0,0.0,0.8,0.0,0.0
Sess02_script05_M009,anger,2.6,2.8,2,그 내가 보기엔 10점이다.,다,train,0.0,0.2,0.0,0.0,0.8,0.0,0.0
Sess02_script05_M011,anger,2.3,2.8,1,b/ 아 b/그래서 옷이 그렇구나.,구나,train,0.0,0.4,0.0,0.0,0.6,0.0,0.0
Sess02_script05_M012,anger,2.5,2.9,1,(좀+ 아이) 됐구요.,구요,train,0.0,0.1,0.0,0.0,0.9,0.0,0.0
Sess02_script05_F012,anger,2.4,3.2,1,회사 다닐 때 했습니다.,습니다,train,0.5,0.2,0.0,0.0,0.3,0.0,0.0
Sess02_script05_F014,anger,2.3,3.0,1,사랑을 했다요?,다,train,0.3,0.2,0.0,0.0,0.2,0.0,0.3
Sess02_script05_M016,anger,2.2,2.9,1,못하겠어요?,어요,train,0.1,0.3,0.0,0.0,0.6,0.0,0.0
Sess02_script05_M016,anger,2.2,2.9,2,아니 그럼 적지를 말던가.,던가,train,0.1,0.3,0.0,0.0,0.6,0.0,0.0
Sess02_script05_M017,happiness,3.8,3.2,1,b/ l/ 잘 잘하시네요.,네요,train,0.0,0.1,0.0,0.6,0.3,0.0,0.0
Sess02_script05_M017,happiness,3.8,3.2,2,아이 근데 목소리가 너무 작다.,다,train,0.0,0.1,0.0,0.6,0.3,0.0,0.0
Sess02_script05_F017,anger,1.8,3.2,1,b/ 아니 원래 면접을 이런 식으로 봅니까?,ᆸ니까,train,0.7,0.2,0.0,0.0,0.1,0.0,0.0
Sess02_script05_M018,anger,2.0,2.9,1,아니 무슨 말 하시는 거에요 이걸 지금?,에요,train,0.7,0.0,0.0,0.0,0.2,0.0,0.1
Sess02_script05_F018,anger,1.3,4.1,1,신성 좋아하네 씨.,네,train,1.0,0.0,0.0,0.0,0.0,0.0,0.0
Sess02_script05_F018,anger,1.3,4.1,2,b/ 그래 내가 이력서를 한 줄 채울려고 내가 좀 특기를 과장되게 쓰긴 했는데 아니 그렇다고 이거를 이런 식으로 오히려 신성모독 아닌가?,ᆫ가,train,1.0,0.0,0.0,0.0,0.0,0.0,0.0
Sess02_script05_F018,anger,1.3,4.1,3,b/ 당신들 습관인 거 같은데요.,은데요,train,1.0,0.0,0.0,0.0,0.0,0.0,0.0
Sess02_script05_F018,anger,1.3,4.1,4,b/ 가뜩이나 취직 안 되서 괴로워 죽겠는데 사람을 갖고 놀아요?,어요,train,1.0,0.0,0.0,0.0,0.0,0.0,0.0
Sess02_script05_F019,anger,1.2,4.6,1,아무리 약자라도 기본적이고 인간적인 인 대우를 해줘야 될 거 아니냐고 아니 시간 때울려고 니들 심심풀이 땅콩으로 태울려고 지원자 갖고놀지 말라고.,냐고 | 라고,train,1.0,0.0,0.0,0.0,0.0,0.0,0.0
Sess02_script05_M019,anger,1.8,3.6,1,치 b/ 아이 어이가 없네.,네,train,0.9,0.1,0.0,0.0,0.0,0.0,0.0
Sess02_script05_M019,anger,1.8,3.6,2,b/ 에 나가세요.,세요,train,0.9,0.1,0.0,0.0,0.0,0.0,0.0
Sess02_script05_M019,anger,1.8,3.6,3,나가.,어,train,0.9,0.1,0.0,0.0,0.0,0.0,0.0
Sess02_script05_M019,anger,1.8,3.6,4,당신 말고도 여기 지원하는 사람들 널려있어요.,어요,train,0.9,0.1,0.0,0.0,0.0,0.0,0.0
Sess02_script05_M019,anger,1.8,3.6,5,나가.,어,train,0.9,0.1,0.0,0.0,0.0,0.0,0.0
Sess02_script05_M019,anger,1.8,3.6,6,나가.,어,train,0.9,0.1,0.0,0.0,0.0,0.0,0.0
Sess02_script06_F004,sadness,2.4,2.7,1,l/ 전 차인 거네요.,네요,train,0.0,0.0,0.0,0.0,0.3,0.7,0.0
Sess02_script06_M004,sadness,2.9,2.9,1,b/ 아니 일하는데 마음먹고 아이디어 비슷한 사람들끼리 하는 거죠.,죠,train,0.0,0.0,0.0,0.0,1.0,0.0,0.0
Sess02_script06_M004,sadness,2.9,2.9,2,b/ 누굴 차고 뭐 차이고 그런 건 아니에요.,에요,train,0.0,0.0,0.0,0.0,1.0,0.0,0.0
Sess02_script06_F006,anger,2.4,2.9,1,b/ 뭐 이래 깐깐하실까.,ᆯ까,train,0.4,0.2,0.0,0.0,0.3,0.1,0.0
Sess02_script06_F006,anger,2.4,2.9,2,뭐 어차피 환경프로젝트가 시작되면 회사 사람들 다 아는 아이디언데 굳이 감추실 필요는 없잖아요.,잖아요,train,0.4,0.2,0.0,0.0,0.3,0.1,0.0
Sess02_script06_M007,anger,2.5,2.9,1,그런 아쉬움이라기 보단 n/ b/ 궁금증이겠죠.,죠,train,0.0,0.4,0.0,0.0,0.6,0.0,0.0
Sess02_script06_M007,anger,2.5,2.9,2,b/ 네 뭐 그 정도로 해석 되는군요.,는군요,train,0.0,0.4,0.0,0.0,0.6,0.0,0.0
Sess02_script06_F009,anger,2.5,3.1,1,l/ 팀장님 말씀이 좀 지나치신 거 같은데.,은데,train,0.7,0.1,0.0,0.0,0.2,0.0,0.0
Sess02_script06_F010,anger,2.6,3.0,1,b/ 아 알겠습니다.,습니다,train,0.5,0.0,0.0,0.0,0.4,0.1,0.0
Sess02_script06_F010,anger,2.6,3.0,2,그럼 하나만 묻고 싶어요.,어요,train,0.5,0.0,0.0,0.0,0.4,0.1,0.0
Sess02_script06_F010,anger,2.6,3.0,3,제 아이디어는 왜 발탁이 안 된 건가요?,ᆫ가,train,0.5,0.0,0.0,0.0,0.4,0.1,0.0
Sess02_script06_F010,anger,2.6,3.0,4,남의 아이디어가 더 뛰어나서 그랬다 뭐 이런 식의 뻔한 대답은 안 해주실 거라고 믿습니다.,다 | 습니다,train,0.5,0.0,0.0,0.0,0.4,0.1,0.0
Sess02_script06_F011,anger,2.4,3.0,1,저를 발전시키고 싶으니까요.,으니까요,train,0.6,0.0,0.0,0.0,0.4,0.0,0.0
Sess02_script06_F012,anger,2.2,3.3,1,너무 공격적으로 생각하시는 거 아니에요?,에요,train,0.6,0.0,0.0,0.0,0.4,0.0,0.0
Sess02_script06_F012,anger,2.2,3.3,2,저도 고민하고 심사숙고 해서 낸 아이디언데 b/ 뭐가 문제였는지 뭐가 부족했는지 물어볼 수 있진 않나요?,나요,train,0.6,0.0,0.0,0.0,0.4,0.0,0.0
Sess02_script06_M011,anger,2.1,3.0,1,b/ 좋은 질문이네요.,네요,train,0.2,0.2,0.0,0.0,0.5,0.0,0.1
Sess02_script06_M011,anger,2.1,3.0,2,솔직히 소은씨 아이디어가 가장 훌륭했고 가장 높은 점수를 받긴 했었어요.,어요,train,0.2,0.2,0.0,0.0,0.5,0.0,0.1
Sess02_script06_M011,anger,2.1,3.0,3,b/ 아 근데 저는 소은씨같은 스타일은 싫어합니다.,ᆸ니다,train,0.2,0.2,0.0,0.0,0.5,0.0,0.1
Sess02_script06_F013,anger,2.1,3.4,1,개인적인 감정인가요?,ᆫ가,train,0.4,0.4,0.0,0.0,0.2,0.0,0.0
Sess02_script06_M012,anger,2.0,3.0,1,b/ 기본이 부족해서 싫고 n/ 뭐 이 뜻은 심사위 심사위원 모두가 공감했습니다.,습니다,train,0.4,0.2,0.0,0.0,0.4,0.0,0.0
Sess02_script06_M012,anger,2.0,3.0,2,b/ 발전이란 b/ 바탕이 있어야 높아지는데 뭐 잔인한 얘기지만 소은씨는 바탕이 부족합니다.,ᆸ니다,train,0.4,0.2,0.0,0.0,0.4,0.0,0.0
Sess02_script06_M012,anger,2.0,3.0,3,보고서 작성 후 읽어는 보셨나요?,나요,train,0.4,0.2,0.0,0.0,0.4,0.0,0.0
Sess02_script06_M012,anger,2.0,3.0,4,페이지 하나 하나마다 오타가 하나씩 있던데 아니 또 (그리고),던데,train,0.4,0.2,0.0,0.0,0.4,0.0,0.0
Sess02_script06_F014,anger,1.9,3.3,1,(그리고+아니) u/ 오타때문에 아이디어를 탈락시키셨다구요?,다구요,train,0.6,0.2,0.0,0.0,0.2,0.0,0.0
Sess02_impro01_M001,happiness,3.2,2.7,1,b/ 아 나왔어.,어,train,0.0,0.0,0.0,0.1,0.8,0.1,0.0
Sess02_impro01_F002,happiness,4.1,3.5,1,음 왔어요?,어요,train,0.0,0.0,0.0,0.9,0.0,0.0,0.1
Sess02_impro01_M005,happiness,3.5,2.7,1,b/ (피곤했겠네+당신 피곤이지) 아니야.,네 | 지 | 야,train,0.0,0.0,0.0,0.4,0.6,0.0,0.0
Sess02_impro01_F005,happiness,4.3,3.2,1,l/ 애 잔다고.,ᆫ다고,train,0.0,0.0,0.0,1.0,0.0,0.0,0.0
Sess02_impro01_M006,happiness,3.4,2.9,1,아 에 아빠 왔는데 자면 o/ 일어나야지.,어야지,train,0.0,0.0,0.0,0.4,0.2,0.0,0.4
Sess02_impro01_M006,happiness,3.4,2.9,2,뭐야 당신 손 왜그래?,야 | 어,train,0.0,0.0,0.0,0.4,0.2,0.0,0.4
Sess02_impro01_M011,happiness,2.6,2.7,1,(자요+아이) 야 그래도 이런 거는 붙이고 수 잠깐인데 약상자 어디 뒀어?,야 | 어,train,0.1,0.0,0.0,0.0,0.6,0.3,0.0
Sess02_impro01_M011,happiness,2.6,2.7,2,어딨어 이거.,어,train,0.1,0.0,0.0,0.0,0.6,0.3,0.0
Sess02_impro01_M011,happiness,2.6,2.7,3,응 손 줘봐.,어,train,0.1,0.0,0.0,0.0,0.6,0.3,0.0
Sess02_impro01_F011,happiness,4.4,3.5,1,l/ 아이 됐다니까.,다니까,train,0.0,0.0,0.0,1.0,0.0,0.0,0.0
Sess02_impro01_M012,happiness,3.6,3.0,1,손 줘봐.,어,train,0.0,0.0,0.0,0.2,0.8,0.0,0.0
Sess02_impro01_F012,happiness,4.0,3.2,1,아 알았어.,어,train,0.0,0.0,0.0,0.7,0.3,0.0,0.0
Sess02_impro01_M013,happiness,3.7,3.0,1,야 이 o/ 내가 그래서 의사야.,야,train,0.0,0.0,0.0,0.2,0.8,0.0,0.0
Sess02_impro01_F013,happiness,3.8,3.2,1,그런 것 같네.,네,train,0.0,0.0,0.0,0.7,0.3,0.0,0.0
Sess02_impro01_F013,happiness,3.8,3.2,2,내가 하는 것 보다 좀 더 잘하네.,네,train,0.0,0.0,0.0,0.7,0.3,0.0,0.0
Sess02_impro01_M014,happiness,3.3,2.9,1,b/ 아유 어디서 이렇게 긁혀가지고 피가 멍이 들었대.,대,train,0.0,0.0,0.0,0.1,0.5,0.4,0.0
Sess02_impro01_F014,happiness,4.1,3.3,1,(응?+근데) b/ 이러고 있으니까 되게 옛날 생각난다.,ᆫ다,train,0.0,0.0,0.0,0.9,0.1,0.0,0.0
Sess02_impro01_F015,happiness,4.4,3.8,1,u/ 기억 안나?,어,train,0.0,0.0,0.0,1.0,0.0,0.0,0.0
Sess02_impro01_F015,happiness,4.4,3.8,2,나 응급실 갇혔다 u/ 들어갔다고 하니까 당신 막 이제 일하다가 버선발로 뛰어와가지고 응급실 커텐 o/ 하나하나 다 열어보고 그런 거 기억 안 나?,다 | 어,train,0.0,0.0,0.0,1.0,0.0,0.0,0.0
Sess02_impro01_M017,happiness,3.9,3.2,1,아 그때 나 완전 제정신 아니였어.,어,train,0.0,0.0,0.0,0.4,0.6,0.0,0.0
Sess02_impro01_F017,happiness,4.3,3.6,1,내가 그때 당신 우는 거 보고 얼마나 놀랐는데.,는데,train,0.0,0.0,0.0,1.0,0.0,0.0,0.0
Sess02_impro01_M018,happiness,3.8,3.2,1,그때 나 진짜 세상이 무너지는 줄 알았다니까.,다니까,train,0.0,0.0,0.0,0.4,0.5,0.0,0.1
Sess02_impro01_M018,happiness,3.8,3.2,2,l/ 나 모든 걸 다 잃는 줄 알았어.,어,train,0.0,0.0,0.0,0.4,0.5,0.0,0.1
Sess02_impro01_M019,happiness,3.5,3.0,1,깜짝 놀랬었다 진짜 그때.,다,train,0.0,0.0,0.0,0.5,0.5,0.0,0.0
Sess02_impro01_F019,happiness,3.7,3.4,1,아 그래도 b/ 당신 하니까 좀 낫다 내가 한 것보다는.,다,train,0.0,0.0,0.0,0.8,0.2,0.0,0.0
Sess02_impro01_M020,happiness,3.8,3.1,1,b/ 내가 이래봬도 내가 강남에서 유명한 의사야.,야,train,0.0,0.0,0.0,0.8,0.2,0.0,0.0
Sess02_impro01_M022,happiness,3.3,2.7,1,(그랬었던 거 같은+아유) 아유 언제적이야 언제적 (사람이야).,야,train,0.0,0.0,0.0,0.3,0.7,0.0,0.0
Sess02_impro01_F022,happiness,3.9,3.4,1,(사람이야+아 뭐 언제적이야) o/ 이런 거 원래 잘 그게 확인도 많이 해주고 그래야돼 (살면서).,야 | 야 | 어,train,0.0,0.0,0.0,0.8,0.2,0.0,0.0
Sess02_impro01_M023,happiness,3.3,2.6,1,(살면서+아이) 뭐 같이 살면 알지 뭐 (그걸 굳이).,지,train,0.0,0.0,0.0,0.3,0.7,0.0,0.0
Sess02_impro01_F024,happiness,3.8,3.4,1,아 모르니까 (굳이+무슨 말을) 함 얘기해 봐.,ᆷ | 어,train,0.0,0.0,0.0,0.7,0.3,0.0,0.0
Sess02_impro01_F024,happiness,3.8,3.4,2,(오랜만에 함+아 됐어) 들어보자.,ᆷ | 자,train,0.0,0.0,0.0,0.7,0.3,0.0,0.0
Sess02_impro01_M025,happiness,3.5,2.5,1,아이 (됐어 뭘 얘기야 빨리 빨리 자+애도 자는 사람 들어봅시다 어) 자 빨리.,야 | ᆸ시다,train,0.0,0.0,0.0,0.5,0.5,0.0,0.0
Sess02_impro01_F025,happiness,3.9,3.4,1,o/ 오랜만에 들어보자.,자,train,0.0,0.0,0.0,0.8,0.2,0.0,0.0
Sess02_impro01_M026,happiness,3.1,2.5,1,o/ N/ 귀찮게 하지마.,어,train,0.1,0.0,0.0,0.2,0.7,0.0,0.0
Sess02_impro01_F026,happiness,3.8,3.4,1,아 빨리 해봐 한번만 해봐 조금 들어보자.,어 | 어 | 자,train,0.1,0.0,0.0,0.6,0.3,0.0,0.0
Sess02_impro01_F027,happiness,4.1,3.8,1,아 l/ 왜 자꾸 자래.,래,train,0.0,0.0,0.0,0.8,0.2,0.0,0.0
Sess02_impro01_M028,happiness,3.5,2.5,1,아이 잘 시간 피곤해 나 지금 u/ (퇴근해서).,어,train,0.0,0.0,0.0,0.4,0.6,0.0,0.0
Sess02_impro01_F028,happiness,3.8,3.2,1,(퇴근해서+아 그니까) 피곤하니까 한번만 딱 하고.,고,train,0.0,0.0,0.0,0.6,0.4,0.0,0.0
Sess02_impro01_F029,happiness,4.1,3.5,1,(아니+응?) 뭐라고 안 들었어.,어,train,0.0,0.0,0.0,0.8,0.2,0.0,0.0
Sess02_impro01_F030,happiness,4.1,3.7,1,(제대로 들어+아이 아이) 한번 더 한 번더.,어,train,0.0,0.0,0.0,0.9,0.1,0.0,0.0
Sess02_impro01_M031,happiness,2.8,2.6,1,아 (됐어 그만해),어,train,0.0,0.0,0.0,0.0,1.0,0.0,0.0
Sess02_impro01_F031,happiness,3.9,3.6,1,(됐어 그만해+ 한번만 한번 더 아 한) 뭐 다 다 읽냐?,어 | 냐,train,0.1,0.0,0.0,0.6,0.3,0.0,0.0
Sess02_impro01_F031,happiness,3.9,3.6,2,한번 더 해 봐.,어,train,0.1,0.0,0.0,0.6,0.3,0.0,0.0
Sess02_impro01_F033,happiness,4.8,4.2,1,l/ 아 빨리 하라고.,라고,train,0.0,0.0,0.0,1.0,0.0,0.0,0.0
Sess02_impro01_M038,happiness,3.6,2.9,1,아이 사랑해.,어,train,0.0,0.0,0.0,0.4,0.6,0.0,0.0
Sess02_impro01_M038,happiness,3.6,2.9,2,o/ N/ 사랑해.,어,train,0.0,0.0,0.0,0.4,0.6,0.0,0.0
Sess02_impro01_F038,happiness,4.1,3.5,1,당신 뭐 먹고 싶은 거 있어?,어,train,0.0,0.0,0.0,0.9,0.1,0.0,0.0
Sess02_impro01_F038,happiness,4.1,3.5,2,내가 내일 해줄게.,ᆯ게,train,0.0,0.0,0.0,0.9,0.1,0.0,0.0
Sess02_impro01_F039,happiness,4.2,3.7,1,다 말해 다 내가 해줄게.,어 | ᆯ게,train,0.0,0.0,0.0,0.9,0.1,0.0,0.0
Sess02_impro01_M041,happiness,3.8,2.6,1,아이 니가 만들어 주는거야 다 맛있지.,야 | 지,train,0.0,0.0,0.0,0.4,0.6,0.0,0.0
Sess02_impro01_F041,happiness,4.4,3.7,1,말만 또 이렇게 한다.,ᆫ다,train,0.0,0.0,0.0,0.9,0.1,0.0,0.0
Sess02_impro01_M042,happiness,3.8,2.6,1,(또+아니야) 진짜야 다 맛있어.,야 | 어,train,0.0,0.0,0.0,0.5,0.5,0.0,0.0
Sess02_impro01_M046,happiness,3.6,2.7,1,야 우리병원 사람들도 너가 해주는 거 다 맛있다 그랬었어.,다 | 어,train,0.0,0.0,0.0,0.4,0.6,0.0,0.0
Sess02_impro01_M048,happiness,3.5,2.6,1,b/ 유부초밥 o/ N/ 맛있었어.,어,train,0.0,0.0,0.0,0.5,0.5,0.0,0.0
Sess02_impro01_M048,happiness,3.5,2.6,2,(유부초밥 해줘),어,train,0.0,0.0,0.0,0.5,0.5,0.0,0.0
Sess02_impro01_F048,happiness,4.8,4.0,1,l/ (아 너무 웃겨 + 유부초밥 해줘) 여보 한 번만 더 사랑한다고 해봐.,어 | 어 | 어,train,0.0,0.0,0.0,1.0,0.0,0.0,0.0
Sess02_impro01_M049,happiness,3.3,2.5,1,아이 아니야 됐어.,어,train,0.3,0.0,0.0,0.3,0.4,0.0,0.0
Sess02_impro01_M049,happiness,3.3,2.5,2,뭘 자꾸 그걸 말해달래.,래,train,0.3,0.0,0.0,0.3,0.4,0.0,0.0
Sess02_impro02_F007,anger,2.4,2.6,1,에에 무슨 그런 얘기를 해.,어,train,0.3,0.2,0.0,0.0,0.2,0.0,0.3
Sess02_impro02_F014,sadness,2.2,2.6,1,아들 n/ 아니 b/ 아이 엄마는 괜히 이제 내가 얘기하면은 또 b/ 우리 아들도 힘들까봐 그랬지.,지,train,0.0,0.0,0.0,0.0,0.3,0.6,0.1
Sess02_impro02_M014,sadness,1.8,2.6,1,b/ 진짜 세상살기 힘들다.,다,train,0.0,0.1,0.0,0.0,0.4,0.5,0.0
Sess02_impro02_F022,sadness,2.7,2.6,1,나도 돌아가신 아빠랑 싸우고 있으면 그렇게 마음이 좀 아팠어.,어,train,0.0,0.0,0.0,0.0,0.1,0.9,0.0
Sess02_impro02_F022,sadness,2.7,2.6,2,사과도 못 했는데.,는데,train,0.0,0.0,0.0,0.0,0.1,0.9,0.0
Sess02_impro02_M022,sadness,1.7,2.5,1,아이 아빠 얘기는 또 왜 하는 거야.,야,train,0.1,0.0,0.0,0.0,0.0,0.9,0.0
Sess02_impro02_M023,sadness,1.9,2.4,1,b/ 엄마도 잊어버려.,어,train,0.0,0.0,0.0,0.0,0.0,1.0,0.0
Sess02_impro02_F024,sadness,2.7,2.4,1,그래도 내가 너가 있어서 견디는 거잖아.,잖아,train,0.0,0.0,0.0,0.0,0.3,0.7,0.0
Sess02_impro02_F024,sadness,2.7,2.4,2,o/ 너가 슬프면 엄마도 슬퍼.,어,train,0.0,0.0,0.0,0.0,0.3,0.7,0.0
Sess02_impro02_F025,sadness,3.9,3.1,1,l/ b/ 그러면 아들 울고 싶으면 딱 울고 펑펑 울고 오늘 김치찌개 먹을까 엄마랑?,을까,train,0.0,0.0,0.0,0.7,0.2,0.1,0.0
Sess02_impro03_F007,anger,2.6,3.0,1,그 정도는 l/ 아니지 않나요?,나요,train,0.5,0.0,0.0,0.0,0.4,0.0,0.1
Sess02_impro03_F008,anger,2.5,3.5,1,(만든 거+네) 먹어봤습니다.,습니다,train,0.7,0.0,0.0,0.0,0.3,0.0,0.0
Sess02_impro03_M009,anger,2.0,2.9,1,b/ 내가 봤을 땐 전혀 아닌 거 같은데.,은데,train,0.2,0.3,0.0,0.0,0.5,0.0,0.0
Sess02_impro03_M009,anger,2.0,2.9,2,b/ 함 다시 한번 만들어볼래요?,ᆯ래요,train,0.2,0.3,0.0,0.0,0.5,0.0,0.0
Sess02_impro03_F010,anger,2.3,3.5,1,아 네 올리브유 썼다니까요.,다니까요,train,0.6,0.1,0.0,0.0,0.3,0.0,0.0
Sess02_impro03_F011,anger,2.2,3.6,1,아이 아니 저는 있는 레시피대로 그대로 만들었구요.,구요,train,0.7,0.1,0.0,0.0,0.2,0.0,0.0
Sess02_impro03_M012,anger,1.7,3.0,1,(음식을 나갔어 제가+아니 알겠어요) 그 이 튀김은.,어 | 어요,train,0.6,0.2,0.0,0.0,0.2,0.0,0.0
Sess02_impro03_M012,anger,1.7,3.0,2,이 튀김이랑 덴뿌라랑 탕수육은 어떻게 만들었는데요.,는데,train,0.6,0.2,0.0,0.0,0.2,0.0,0.0
Sess02_impro03_F012,anger,1.6,3.6,1,아 그거는 그걸 만든 보도를 탓하시던지 해야지 왜 제가 이렇게까지 뒤집어 써야되는지 모르겠습니다.,습니다,train,0.9,0.1,0.0,0.0,0.0,0.0,0.0
Sess02_impro03_M013,anger,2.0,2.9,1,아니 주방 저 오기 전에 주방 책임자 아니셨나요?,나요,train,0.5,0.4,0.0,0.0,0.1,0.0,0.0
Sess02_impro03_M014,anger,1.7,3.2,1,책임자였으면 책임을 져야죠?,어야죠,train,0.7,0.3,0.0,0.0,0.0,0.0,0.0
Sess02_impro03_F014,anger,1.8,3.8,1,(네+아니) 시키신 게 이렇게 많았는데 제가 어떻게 그 밑에 있는 애들까지 다 봅니까?,ᆸ니까,train,0.8,0.0,0.0,0.0,0.1,0.0,0.1
Sess02_impro03_M015,anger,1.7,3.4,1,(아니 지금 그걸 말이라고 해요?,어요,train,0.9,0.1,0.0,0.0,0.0,0.0,0.0
Sess02_impro03_M016,anger,1.7,3.3,1,아 자존심 안 상해요?,어요,train,0.6,0.3,0.0,0.0,0.1,0.0,0.0
Sess02_impro03_M017,anger,1.5,3.4,1,아니 o/ 음식 만들때 무슨 생각으로 음식을 만들지 무슨 마음으로 음식을 만드는거에요?,에요,train,0.8,0.2,0.0,0.0,0.0,0.0,0.0
Sess02_impro03_M017,anger,1.5,3.4,2,손님들 마음을 n/ 생각을 하고 n/ 정성을 다해서 만들어야 되는 거 아니에요?,에요,train,0.8,0.2,0.0,0.0,0.0,0.0,0.0
Sess02_impro03_F017,anger,1.5,3.8,1,(저 정성 정성+아 이해가 안 가네.) 다 했는데요,네 | 는데요,train,0.9,0.1,0.0,0.0,0.0,0.0,0.0
Sess02_impro03_M018,anger,1.8,2.9,1,아이 기분 나쁘신가보네요.,네요,train,0.5,0.1,0.0,0.0,0.4,0.0,0.0
Sess02_impro03_F018,anger,1.5,4.1,1,(나쁘죠+무슨),죠,train,1.0,0.0,0.0,0.0,0.0,0.0,0.0
Sess02_impro03_F019,anger,1.4,4.2,1,아니 그럼 주방장님이 그렇게 잘하시면 주방장님이 직접 하시지 왜 갑자기 들어오셔가지고 저한테 하라마라 막 이렇게 말씀을 하세요?,세요,train,1.0,0.0,0.0,0.0,0.0,0.0,0.0
Sess02_impro03_M020,anger,1.8,3.1,1,n/ 일을 분배를 해서 하는 거잖아요.,잖아요,train,0.6,0.2,0.0,0.0,0.2,0.0,0.0
Sess02_impro03_F020,anger,1.9,4.1,1,b/ 아니 이제까지 n/ 문제없이 식당 잘 돌아갔구요.,구요,train,1.0,0.0,0.0,0.0,0.0,0.0,0.0
Sess02_impro03_F020,anger,1.9,4.1,2,이렇게 급작스럽게 오셔가지고 평가니 뭐니하면서 지금 오픈시간 늦추고 계시잖아요.,잖아요,train,1.0,0.0,0.0,0.0,0.0,0.0,0.0
Sess02_impro03_M021,anger,1.5,3.4,1,n/ 이걸 만들 수 있고 사람이 먹을 수 있는 음식이여야 팔죠.,죠,train,1.0,0.0,0.0,0.0,0.0,0.0,0.0
Sess02_impro03_M021,anger,1.5,3.4,2,아이 그렇게 수상경력도 많은 사람이 음식을 이렇게 만들어?,어,train,1.0,0.0,0.0,0.0,0.0,0.0,0.0
Sess02_impro03_M022,anger,1.5,2.9,1,이거 진짜 상황 o/ 아주 그냥 n/ 난리났네 난리났어 이거.,어,train,0.6,0.4,0.0,0.0,0.0,0.0,0.0
Sess02_impro03_F021,anger,1.5,4.0,1,n/ b/ 잘 만드시는 거 알겠구요.,구요,train,0.9,0.1,0.0,0.0,0.0,0.0,0.0
Sess02_impro03_F021,anger,1.5,4.0,2,대단하신 거 알겠는데 말씀을 꼭 이렇게 하셔야 돼요?,어요,train,0.9,0.1,0.0,0.0,0.0,0.0,0.0
Sess02_impro03_M023,anger,1.5,4.0,1,b/ 이렇게 할 수 밖에 없게 만들었잖아요.,잖아요,train,0.9,0.1,0.0,0.0,0.0,0.0,0.0
Sess02_impro03_M023,anger,1.5,4.0,2,지금 미윤씨가 아니 n/ 이럴거면 음식을 하지말고 n/ 서빙이나 하던가 왜 주방 들어와가지고 (u/),던가,train,0.9,0.1,0.0,0.0,0.0,0.0,0.0
Sess02_impro03_F022,anger,1.4,4.5,1,(u/+지금) 뭐라하셨어요?,어요,train,0.9,0.1,0.0,0.0,0.0,0.0,0.0
Sess02_impro03_F022,anger,1.4,4.5,2,n/ 말씀 뭐 그렇게 하세요?,세요,train,0.9,0.1,0.0,0.0,0.0,0.0,0.0
Sess02_impro03_F022,anger,1.4,4.5,3,o/ b/ 알겠어요 그러면 내가 앞으로 여기 안 들어올게요 안 들어올건데 당신도 나가 그러면.,ᆯ게요 | 어,train,0.9,0.1,0.0,0.0,0.0,0.0,0.0
Sess02_impro03_F023,anger,1.2,4.6,1,나가라고요 당장.,라고,train,0.9,0.1,0.0,0.0,0.0,0.0,0.0
Sess02_impro04_F023,anger,1.5,4.4,1,아 나 진 미치겠네 진짜.,네,train,0.7,0.0,0.2,0.0,0.0,0.0,0.1
Sess16_script01_M009,happiness,3.0,3.6,1,야 뭐 그래 크게 말하냐 부끄럽게.,냐,train,0.3,0.0,0.0,0.0,0.3,0.0,0.4
Sess16_script01_F009,anger,2.4,3.6,1,어때 나 오빠의 n/ 여잔데 내가 부끄러워?,어 | 어,train,0.5,0.0,0.0,0.1,0.3,0.0,0.1
Sess16_script01_M013,happiness,3.8,3.5,1,저 제주도 서귀포에 풍경 좋은 곳이 많잖아?,잖아,train,0.0,0.0,0.0,0.5,0.5,0.0,0.0
Sess16_script01_M013,happiness,3.8,3.5,2,그쪽에 바다가 보이는 양지바른 땅을 사갖고 하얗고 웅장하게 팬션을 짓는 거지.,지,train,0.0,0.0,0.0,0.5,0.5,0.0,0.0
Sess16_script01_F012,happiness,3.9,3.2,1,(u/+우아) 맛있겠다.,다,train,0.0,0.0,0.0,0.8,0.2,0.0,0.0
Sess16_script01_F015,anger,1.9,3.6,1,나야 말로 오빠랑 누가 결혼한대?,ᆫ대,train,0.6,0.2,0.0,0.0,0.2,0.0,0.0
Sess16_script01_M021,sadness,2.2,2.6,1,b/ 미안해 사실 이번에도 월급을 못 받았어.,어 | 어,train,0.0,0.0,0.0,0.0,0.4,0.6,0.0
Sess16_script01_M021,sadness,2.2,2.6,2,가게 사정도 어렵구 b/ 근데 오늘 우리 만난지 100일인데 o/ 선물 사줄 돈도 u/.,구,train,0.0,0.0,0.0,0.0,0.4,0.6,0.0
Sess16_script01_F022,happiness,4.0,3.6,1,l/ 아나 오빠 너무 웃겨.,어,train,0.0,0.0,0.0,0.9,0.0,0.0,0.1
Sess16_script01_M022,sadness,3.1,2.8,1,이 이런 선물 받으니까 좀 어이가 어이가 없지?,지,train,0.0,0.2,0.0,0.0,0.3,0.4,0.1
Sess16_script01_F023,happiness,4.4,3.9,1,아 그러니까 젓가락 100개란게 우리들 만난지 100일 되는 날이라서 준비했다는거야?,야,train,0.0,0.0,0.0,1.0,0.0,0.0,0.0
Sess16_script01_M023,happiness,3.5,3.2,1,미안하다.,다,train,0.0,0.0,0.0,0.5,0.2,0.3,0.0
Sess16_script01_M023,happiness,3.5,3.2,2,b/ 하지만 다음에 만날땐 내가 꼭 멋진 선물을 해줄게.,ᆯ게,train,0.0,0.0,0.0,0.5,0.2,0.3,0.0
Sess16_script01_M023,happiness,3.5,3.2,3,여진아 내가 지금은 비록 중국집 배달부지만 열심히 일하면 제주도 앞바다에 멋진 펜션을 짓고 우리도 멋있고 행복하게 살 수가 있어.,어,train,0.0,0.0,0.0,0.5,0.2,0.3,0.0
Sess16_script01_F027,anger,1.8,2.9,1,이젠 안 만나.,어,train,0.7,0.1,0.0,0.0,0.2,0.0,0.0
Sess16_script01_F030,anger,3.1,3.5,1,으이그 이 무능력한 남자야.,야,train,0.6,0.1,0.0,0.1,0.2,0.0,0.0
Sess16_script01_F030,anger,3.1,3.5,2,여자가 내가 내가 반지를 준비해야겠어?,어,train,0.6,0.1,0.0,0.1,0.2,0.0,0.0
Sess16_script01_F030,anger,3.1,3.5,3,오빠가 당연히 준비해야지.,어야지,train,0.6,0.1,0.0,0.1,0.2,0.0,0.0
Sess16_script01_F031,happiness,3.5,3.3,1,미장원에서 샴푸하면서 동네 아줌마들 주는 팁 좀 모았지.,지,train,0.0,0.0,0.0,0.7,0.3,0.0,0.0
Sess16_script01_F031,happiness,3.5,3.3,2,n/ 으이그 오빠는 돈 걱정 하지마 내가 먹여 살릴게.,어 | ᆯ게,train,0.0,0.0,0.0,0.7,0.3,0.0,0.0
Sess16_script01_F033,happiness,3.5,3.2,1,대신 프로포즈는 내가 먼저 했으니까 결혼식은 정말 멋지게 해줘야돼?,어,train,0.4,0.0,0.0,0.3,0.3,0.0,0.0
Sess16_script01_F033,happiness,3.5,3.2,2,알았어?,어,train,0.4,0.0,0.0,0.3,0.3,0.0,0.0
Sess16_script02_F003,happiness,3.9,3.1,1,네 감사합니다.,ᆸ니다,train,0.0,0.0,0.0,0.7,0.3,0.0,0.0
Sess16_script02_M012,anger,2.6,2.8,1,아 됐구요.,구요,train,0.0,0.3,0.0,0.0,0.7,0.0,0.0
Sess16_script02_M012,anger,2.6,2.8,2,자 취직 공부하느라고 연애할 시간도 없었던 거죠?,죠,train,0.0,0.3,0.0,0.0,0.7,0.0,0.0
Sess16_script02_M012,anger,2.6,2.8,3,자 그럼 마지막 연애는 언제 한 거에요?,에요,train,0.0,0.3,0.0,0.0,0.7,0.0,0.0
Sess16_script02_F012,anger,2.1,2.4,1,회사 다닐 때 했습니다.,습니다,train,0.6,0.2,0.0,0.0,0.2,0.0,0.0
Sess16_script02_F016,anger,1.7,3.6,1,원래 면접을 이런 식으로 봐요?,어요,train,1.0,0.0,0.0,0.0,0.0,0.0,0.0
Sess16_script02_M018,anger,2.0,3.7,1,아니 말을 뭐 그렇게 하십니까 신성한 면접실에서.,ᆸ니까,train,0.6,0.2,0.0,0.0,0.2,0.0,0.0
Sess16_script02_F017,anger,1.5,4.3,1,신성 좋아하고 있네.,네,train,1.0,0.0,0.0,0.0,0.0,0.0,0.0
Sess16_script02_F017,anger,1.5,4.3,2,이력서 한줄 한줄 채우려고 내가 특기를 좀 과장다게 썼지만 그렇다고 이런 식으로 엮는게 오히려 신성모독 아닌가요?,ᆫ가요,train,1.0,0.0,0.0,0.0,0.0,0.0,0.0
Sess16_script02_F017,anger,1.5,4.3,3,당신들 습관인 거 같은데 가뜩이나 취직 안 돼서 괴로워 죽겠는데 사람 갖고 놀아?,어,train,1.0,0.0,0.0,0.0,0.0,0.0,0.0
Sess16_script02_F018,anger,1.4,4.4,1,아무리 약자라도 기본적으로 인간 대우는 해줘야 될 거 아냐.,냐,train,1.0,0.0,0.0,0.0,0.0,0.0,0.0
Sess16_script02_F018,anger,1.4,4.4,2,시간 때우려고.,려고,train,1.0,0.0,0.0,0.0,0.0,0.0,0.0
Sess16_script02_F018,anger,1.4,4.4,3,니들 심심풀이 땅콩 채우려고 지원자 갖고 놀고 있냐고.,냐고,train,1.0,0.0,0.0,0.0,0.0,0.0,0.0
Sess16_script02_M019,anger,1.5,4.3,1,N/ b/ 참 어이가 없어서 예 그럼 나가세요 예?,세요,train,0.8,0.1,0.0,0.0,0.1,0.0,0.0
Sess16_script02_M019,anger,1.5,4.3,2,당신 말고도 지원자는 널렸어.,어,train,0.8,0.1,0.0,0.0,0.1,0.0,0.0
Sess16_script02_M019,anger,1.5,4.3,3,나가.,어,train,0.8,0.1,0.0,0.0,0.1,0.0,0.0
Sess16_script03_F009,anger,2.0,2.9,1,팀장님 말씀이 좀 지나치시것 같은데.,은데,train,0.8,0.0,0.0,0.0,0.2,0.0,0.0
Sess16_script03_F010,anger,2.2,3.6,1,알겠습니다.,습니다,train,0.5,0.1,0.0,0.0,0.4,0.0,0.0
Sess16_script03_F010,anger,2.2,3.6,2,그러면 하나만 묻고 싶어서요 제가 아이디어는 왜 탈락이 안된 왜 발탁이 안된건가요?,ᆫ가,train,0.5,0.1,0.0,0.0,0.4,0.0,0.0
Sess16_script03_F010,anger,2.2,3.6,3,남의 아이디어가 더 뛰어나서 그랬다 이런 식의 뻔한 대답은 안 해주실거라고 믿습니다.,다 | 습니다,train,0.5,0.1,0.0,0.0,0.4,0.0,0.0
Sess16_script03_F012,anger,1.6,3.5,1,너무 공격적으로 생각하시는 것 아닌건 아닌가요?,ᆫ가요,train,0.9,0.1,0.0,0.0,0.0,0.0,0.0
Sess16_script03_F012,anger,1.6,3.5,2,저도 고민하고 심사숙고해서 낸 아이디어인데 뭐가 문제였는지 뭐가 부족했는지 물어볼 순 있지 않나요?,나요,train,0.9,0.1,0.0,0.0,0.0,0.0,0.0
Sess16_script03_M011,anger,2.0,2.7,1,좋은 질문이군요.,군요,train,0.3,0.4,0.0,0.0,0.3,0.0,0.0
Sess16_script03_M011,anger,2.0,2.7,2,솔직히 소은씨 아이디어가 가장 훌륭했고 가장 높은 점수를 받았습니다.,습니다,train,0.3,0.4,0.0,0.0,0.3,0.0,0.0
Sess16_script03_M011,anger,2.0,2.7,3,하지만 저는 소은씨 같은 스타일을 싫어합니다.,ᆸ니다,train,0.3,0.4,0.0,0.0,0.3,0.0,0.0
Sess16_script03_F013,anger,1.9,3.0,1,개인 감정인 건가요?,ᆫ가,train,0.6,0.2,0.0,0.0,0.2,0.0,0.0
Sess16_script03_F014,anger,1.7,3.7,1,아니 오타 때문에 아이디어를 탈락 시켰다구요?,다구요,train,1.0,0.0,0.0,0.0,0.0,0.0,0.0
Sess16_script03_M014,anger,1.7,3.5,1,맞아요 그 지속성.,어요,train,0.5,0.2,0.0,0.0,0.3,0.0,0.0
Sess16_script03_M014,anger,1.7,3.5,2,그리고 기본적으로 이번 프로젝트는 3년이란 시간을 기본 바탕으로 하고 있습니다.,습니다,train,0.5,0.2,0.0,0.0,0.3,0.0,0.0
Sess16_script03_M014,anger,1.7,3.5,3,그 중에 가장 필요한게 담당자의 책임감과 꾸준함이죠 환경 문제가 한번에 해결되는게 아니니까요.,죠 | 니까요,train,0.5,0.2,0.0,0.0,0.3,0.0,0.0
Sess16_script03_M014,anger,1.7,3.5,4,하지만 소은씨는 그 기본 마저 안되어 있습니다.,습니다,train,0.5,0.2,0.0,0.0,0.3,0.0,0.0
Sess16_script03_M014,anger,1.7,3.5,5,자기 보고서 하나 제대로 완수하지 못하고 오타를 내는 담당자에게 어떻게 3년이나 지속되는 프로젝트를 맡길 수 o/ 있겠습니까?,습니까,train,0.5,0.2,0.0,0.0,0.3,0.0,0.0
Sess16_script04_F006,sadness,2.0,2.1,1,잘 들어 나 폐에 종양이 생겼대.,어 | 대,train,0.0,0.0,0.0,0.0,0.4,0.6,0.0
Sess16_script04_F007,sadness,1.9,2.2,1,당신 나 없이도 꿋꿋하게 애들 잘 키우면서 살아야 돼.,어,train,0.0,0.0,0.0,0.0,0.1,0.9,0.0
Sess16_script04_M009,sadness,2.2,3.0,1,아 이거 지금 무슨 소리 하는 거야 지금.,야,train,0.1,0.0,0.0,0.0,0.2,0.0,0.7
Sess16_script04_M009,sadness,2.2,3.0,2,장난하는 거야?,야,train,0.1,0.0,0.0,0.0,0.2,0.0,0.7
Sess16_script04_F008,sadness,1.7,2.2,1,악성이래.,래,train,0.0,0.0,0.0,0.0,0.1,0.9,0.0
Sess16_script04_F008,sadness,1.7,2.2,2,이미 왼쪽에 70프로 정도 퍼져있구 정확한 거는 가슴을 열어봐야 알겠지만 b/ 림프절이랑 늑막에까지 전이 됐대.,대,train,0.0,0.0,0.0,0.0,0.1,0.9,0.0
Sess16_script04_M010,sadness,2.1,4.0,1,아니 지금 장난하는 거지?,지,train,0.3,0.0,0.0,0.0,0.0,0.0,0.7
Sess16_script04_M010,sadness,2.1,4.0,2,n/ 너 농담하는 거 아니야?,야,train,0.3,0.0,0.0,0.0,0.0,0.0,0.7
Sess16_script04_M010,sadness,2.1,4.0,3,아이 야 그럼 지금 빨리 병원을 가야지.,어야지,train,0.3,0.0,0.0,0.0,0.0,0.0,0.7
Sess16_script04_F009,sadness,1.6,1.8,1,이미 늦었어.,어,train,0.0,0.0,0.0,0.0,0.0,1.0,0.0
Sess16_script04_M011,sadness,2.0,3.8,1,b/ 야 수술하면 되는거 아냐?,냐,train,0.0,0.2,0.0,0.0,0.1,0.3,0.4
Sess16_script04_M012,sadness,1.7,3.2,1,아니 얼마나 살 수 살 수 있다는데?,다는데,train,0.0,0.0,0.2,0.0,0.2,0.2,0.4
Sess16_script04_M013,anger,1.3,4.9,1,b/ 아 그러니까 저번에 가슴 아프다고 할때 내가 병원에 가보라고 했잖아.,잖아,train,1.0,0.0,0.0,0.0,0.0,0.0,0.0
Sess16_script04_M013,anger,1.3,4.9,2,아 왜 가라고 할 때 안 간거야 왜.,야,train,1.0,0.0,0.0,0.0,0.0,0.0,0.0
Sess16_script04_F012,anger,1.8,3.0,1,아 화 낸다고 달라질 거 없잖아.,잖아,train,0.1,0.2,0.0,0.0,0.2,0.4,0.1
Sess16_script04_M014,sadness,1.4,3.6,1,여보 아 미안해.,어,train,0.2,0.0,0.0,0.0,0.0,0.7,0.1
Sess16_script04_M014,sadness,1.4,3.6,2,n/ 나 소리쳐서 미안해.,어,train,0.2,0.0,0.0,0.0,0.0,0.7,0.1
Sess16_script04_M014,sadness,1.4,3.6,3,아 이왕 이렇게 된거 할 수 있는 건 뭐든지 다 해보자.,자,train,0.2,0.0,0.0,0.0,0.0,0.7,0.1
Sess16_script04_M014,sadness,1.4,3.6,4,일단 그 일단 뭐 수술부터 하 요즘 의사들 돌팔이가 많다잖아 그 아닐 수도 있겠지 어?,다잖아 | 지,train,0.2,0.0,0.0,0.0,0.0,0.7,0.1
Sess16_script04_M014,sadness,1.4,3.6,5,그리고 6개월이 아니라 6년 아니 60년도 살 수도 있고 u/ 어쨌든 지금 빨리 병원에 (가자),자,train,0.2,0.0,0.0,0.0,0.0,0.7,0.1
Sess16_script04_F013,sadness,1.5,2.6,1,(가자+아냐) 나 나 틀렸어.,어,train,0.2,0.0,0.0,0.0,0.2,0.6,0.0
Sess16_script04_M015,sadness,1.6,3.5,1,틀리긴 뭘 틀려.,어,train,0.5,0.0,0.0,0.0,0.0,0.5,0.0
Sess16_script04_M015,sadness,1.6,3.5,2,빨리 병원에 가자니까.,자니까,train,0.5,0.0,0.0,0.0,0.0,0.5,0.0
Sess16_script04_F014,sadness,1.7,2.1,1,여보 우리 아빠 기억해?,어,train,0.0,0.0,0.0,0.0,0.3,0.7,0.0
Sess16_script04_M016,sadness,1.6,3.5,1,갑자기 아버지 얘긴 왜 꺼내는데.,는데,train,0.0,0.2,0.0,0.0,0.4,0.4,0.0
Sess16_script04_F015,sadness,2.0,2.4,1,사실 우리 아빠도 나랑 같은 병이었어.,어,train,0.0,0.0,0.0,0.0,0.1,0.9,0.0
Sess16_script04_M017,sadness,1.7,3.6,1,당신 아버지는 어릴적 사고로 돌아가셨다고 했잖아?,잖아,train,0.0,0.3,0.0,0.0,0.0,0.0,0.7
Sess16_script04_M017,sadness,1.7,3.6,2,날 속인거야?,야,train,0.0,0.3,0.0,0.0,0.0,0.0,0.7
Sess16_script04_F016,sadness,1.5,2.2,1,미안해 아빠 3년 동안 u/ 폐암으로 병원에 계시다가 돌아가셨어.,어 | 어,train,0.0,0.0,0.0,0.0,0.1,0.9,0.0
Sess16_script04_M018,sadness,1.9,3.6,1,미숙아 그게 중요한게 아니야.,야,train,0.0,0.0,0.0,0.0,0.1,0.9,0.0
Sess16_script04_M018,sadness,1.9,3.6,2,그런게 중요한게 아니고 일단 입원하고 치료받고 그러고 수술 받자.,자,train,0.0,0.0,0.0,0.0,0.1,0.9,0.0
Sess16_script04_M018,sadness,1.9,3.6,3,(그럼+아니) 살 수 있어.,어,train,0.0,0.0,0.0,0.0,0.1,0.9,0.0
Sess16_script04_M019,sadness,1.9,3.4,1,여보 그런 생각 하지마 자 지금도 안 늦었어.,어 | 어,train,0.0,0.0,0.0,0.0,0.1,0.9,0.0
Sess16_script04_M019,sadness,1.9,3.4,2,일단 정리하고 병원부터 가자?,자,train,0.0,0.0,0.0,0.0,0.1,0.9,0.0
Sess16_script04_F018,sadness,1.4,2.6,1,무슨 의미가 있겠어?,어,train,0.4,0.0,0.0,0.0,0.1,0.5,0.0
Sess16_script04_F018,sadness,1.4,2.6,2,3년을 더 사셨다구 아빠는 행복했을까.,을까,train,0.4,0.0,0.0,0.0,0.1,0.5,0.0
Sess16_script04_M020,sadness,1.7,3.8,1,아이 여보 왜 이래.,어,train,0.4,0.0,0.0,0.0,0.0,0.6,0.0
Sess16_script04_M020,sadness,1.7,3.8,2,아 왜 이렇게 약한 생각을 하는거야.,야,train,0.4,0.0,0.0,0.0,0.0,0.6,0.0
Sess16_script04_F019,sadness,1.4,3.4,1,나도 살고 싶어.,어,train,0.5,0.0,0.0,0.0,0.1,0.4,0.0
Sess16_script04_F019,sadness,1.4,3.4,2,나도 사람인데.,ᆫ데,train,0.5,0.0,0.0,0.0,0.1,0.4,0.0
Sess16_script04_F019,sadness,1.4,3.4,3,근데 싸우기엔 너무 늦었고 지쳤어.,어,train,0.5,0.0,0.0,0.0,0.1,0.4,0.0
Sess16_script04_F020,sadness,2.2,2.2,1,당신 우리 애들 잘 부탁해.,어,train,0.0,0.0,0.0,0.0,0.1,0.9,0.0
Sess16_script04_F020,sadness,2.2,2.2,2,그리고 남은 시간 o/ 우리 행복하게 지내면 되잖아 나 행복하고 싶어.,잖아 | 어,train,0.0,0.0,0.0,0.0,0.1,0.9,0.0
Sess16_script04_F020,sadness,2.2,2.2,3,그리고 행복하게 죽고 싶어.,어,train,0.0,0.0,0.0,0.0,0.1,0.9,0.0
Sess16_script04_F020,sadness,2.2,2.2,4,예쁜 모습으로 o/ 좋은 모습만 남기고.,고,train,0.0,0.0,0.0,0.0,0.1,0.9,0.0
Sess16_script04_F021,sadness,1.3,2.7,1,그리고 마지막으로 부탁이 있어.,어,train,0.0,0.0,0.0,0.0,0.0,1.0,0.0
Sess16_script04_F021,sadness,1.3,2.7,2,b/ 둘째 결혼 시키고 당신도 재혼해.,어,train,0.0,0.0,0.0,0.0,0.0,1.0,0.0
Sess16_script04_F021,sadness,1.3,2.7,3,b/ 혹시나 애들 결혼 전에 재혼하면 b/ 애들도 상처 받을 수 있으니까 애들 결혼만 시켜줘 그리고 b/ 좋은 여자 만나 b/ 알았지?,어 | 지,train,0.0,0.0,0.0,0.0,0.0,1.0,0.0
Sess16_script04_M023,sadness,1.1,3.6,1,도대체 무슨 소릴 하는거야.,야,train,0.1,0.0,0.0,0.0,0.0,0.9,0.0
Sess16_script04_M023,sadness,1.1,3.6,2,아 그런 얘기 좀 그만해.,어,train,0.1,0.0,0.0,0.0,0.0,0.9,0.0
Sess16_script04_M024,sadness,1.4,3.5,1,o/ 미숙아 내가 잘못했다 내가 잘못했어.,다 | 어,train,0.0,0.0,0.0,0.0,0.0,1.0,0.0
Sess16_script04_M024,sadness,1.4,3.5,2,제발 살아주라 제발 살아줘.,어,train,0.0,0.0,0.0,0.0,0.0,1.0,0.0
Sess16_script05_F007,anger,1.8,3.7,1,지섭씨 사람이랑 고라니랑 착각 착각 구별 못 할 정돈 아니야.,야,train,0.4,0.4,0.1,0.0,0.1,0.0,0.0
Sess16_script05_F009,anger,1.8,4.3,1,아 지금 무슨 소릴 하는거야.,야,train,0.9,0.1,0.0,0.0,0.0,0.0,0.0
Sess16_script05_F009,anger,1.8,4.3,2,지금 어딘가에 있을거야 우리가 사람을 쳤는데 쳤는데 당연히 병원에 데려가야지.,야 | 어야지,train,0.9,0.1,0.0,0.0,0.0,0.0,0.0
Sess16_script05_M014,anger,1.4,4.9,1,우리 지금 술 마셨잖아.,잖아,train,1.0,0.0,0.0,0.0,0.0,0.0,0.0
Sess16_script06_F005,anger,2.5,3.5,1,o/ 아 됐고.,고,train,0.5,0.4,0.0,0.0,0.1,0.0,0.0
Sess16_script06_F005,anger,2.5,3.5,2,나 이제 드라마 봐야 돼 나와.,어 | 어,train,0.5,0.4,0.0,0.0,0.1,0.0,0.0
Sess16_script06_F006,anger,2.2,3.1,1,아 몰라.,어,train,0.4,0.3,0.0,0.0,0.3,0.0,0.0
Sess16_script06_F006,anger,2.2,3.1,2,드라마 할 시간이니까 리모콘이나 주시지?,지,train,0.4,0.3,0.0,0.0,0.3,0.0,0.0
Sess16_script06_F007,anger,1.8,4.0,1,헐 그냥 인터넷으로 나중에 검색하래니까.,래니까,train,0.5,0.4,0.0,0.0,0.1,0.0,0.0
Sess16_script06_F008,anger,1.6,4.3,1,아 몰라 그게 당첨이 되겠냐.,어 | 냐,train,0.6,0.3,0.0,0.0,0.1,0.0,0.0
Sess16_script06_F008,anger,1.6,4.3,2,어이구 어떤 여자가 될지 모르지만 진짜 오빠 같은 남자랑 결혼 할 여자가 아주 n/ 불쌍하다 (불쌍해),다 | 어,train,0.6,0.3,0.0,0.0,0.1,0.0,0.0
Sess16_script06_M016,happiness,5.0,5.0,1,o/ 야 야 어쩌면 좋아 (이거),어,train,0.0,0.0,0.0,0.7,0.0,0.0,0.3
Sess16_script06_F015,happiness,4.8,4.8,1,(이거+오빠) 어떡해 (어떡해),어 | 어,train,0.0,0.0,0.0,1.0,0.0,0.0,0.0
Sess16_script06_M017,happiness,5.0,5.0,1,(어떡해+야 나 좀 나 좀) 꼬집어 봐.,어 | 어,train,0.0,0.0,0.0,0.9,0.0,0.0,0.1
Sess16_script06_F016,happiness,4.9,4.9,1,(야+아 내가) 얼마든지 꼬집어 주지.,지,train,0.0,0.0,0.0,1.0,0.0,0.0,0.0
Sess16_script06_M018,happiness,4.7,4.8,1,아이 야 아프게 꼬집으면 (어떡해),어,train,0.3,0.0,0.0,0.6,0.0,0.0,0.1
Sess16_script06_F017,happiness,5.0,5.0,1,o/ N/ (어떡해+아 진짜) 제대로 꼬집어야지 아 진짠지 아닌지 알 거 아니야?,어 | 어야지 | 야,train,0.2,0.0,0.0,0.8,0.0,0.0,0.0
Sess16_script06_M019,happiness,5.0,5.0,1,b/ 야 나 심장 뛰는거봐.,어,train,0.0,0.0,0.0,1.0,0.0,0.0,0.0
Sess16_script06_M019,happiness,5.0,5.0,2,o/ 야 나 진짜 미칠거 같다 야.,다 | 야,train,0.0,0.0,0.0,1.0,0.0,0.0,0.0
Sess16_script06_F018,happiness,4.9,4.8,1,나 잊지마 나 잊으면 안돼.,어 | 어,train,0.0,0.0,0.0,1.0,0.0,0.0,0.0
Sess16_script06_F018,happiness,4.9,4.8,2,나 이번에 신상 구두 사야는데.,는데,train,0.0,0.0,0.0,1.0,0.0,0.0,0.0
Sess16_script06_F018,happiness,4.9,4.8,3,구두 하나 사주면 안돼?,어,train,0.0,0.0,0.0,1.0,0.0,0.0,0.0
Sess16_script06_M020,happiness,3.6,3.0,1,이 사실 아무한테도 얘기하면 (안된다 아 진짜야 진짜로 얘기하면 안돼),야 | 어,train,0.0,0.0,0.2,0.1,0.7,0.0,0.0
Sess16_script06_F019,happiness,4.2,4.1,1,(안된다 아 진짜야 진짜로 얘기하면 안돼+아 알았어 아) 걱정마.,야 | 어 | 어 | 어,train,0.0,0.0,0.0,0.9,0.1,0.0,0.0
Sess16_script06_F019,happiness,4.2,4.1,2,내 입 나 입 무겁잖아 그러니까 신상 구두 좀.,잖아,train,0.0,0.0,0.0,0.9,0.1,0.0,0.0
Sess16_script06_M021,happiness,3.2,3.6,1,로또 1등 된 사람만 로또 1등만 로또 1등 된 사람만 찾아다니면서 구걸하는 사람도 있다잖아.,다잖아,train,0.0,0.2,0.3,0.0,0.5,0.0,0.0
Sess16_script06_M021,happiness,3.2,3.6,2,그니까 혹시 모르니까 진짜야 진짜로 너랑 나만 아는 비밀이다 알았어?,야 | 어,train,0.0,0.2,0.3,0.0,0.5,0.0,0.0
Sess16_script06_M022,happiness,4.3,4.1,1,야 그럼 그럼 야 알았어.,어,train,0.0,0.0,0.0,0.7,0.3,0.0,0.0
Sess16_script06_F021,happiness,4.7,4.6,1,오빠 (오빠 u/ 난 오빠가 잘 될줄 알았다니까),다니까,train,0.0,0.0,0.0,0.9,0.1,0.0,0.0
Sess16_script06_M023,happiness,2.6,3.2,1,(오빠 u/ 난 오빠가 잘 될줄 알았다니까+아 아 아이 아 저기 저기 잘못 잘못 잘못된 거 같고 내가 못 못 믿지 내가 너를) 내가 너를 어떻게 믿겠냐?,다니까 | 지 | 냐,train,0.1,0.4,0.0,0.1,0.4,0.0,0.0
Sess16_script06_F024,happiness,4.3,4.1,1,내가 바로 (주선해줄게),ᆯ게,train,0.0,0.0,0.0,0.6,0.4,0.0,0.0
Sess16_script06_M026,happiness,4.7,4.4,1,(주선해줄게+진짜야) 야 야 돈이 좋긴 좋다.,ᆯ게 | 야 | 다,train,0.0,0.0,0.0,0.9,0.0,0.0,0.1
Sess16_script06_F025,happiness,4.2,4.1,1,(응+지금) 지금 바로 전화 걸게 내가 내 친구들 많아 (알지 내 주변에 이쁜 애들 많은 거),어 | 지,train,0.0,0.0,0.0,0.7,0.3,0.0,0.0
Sess16_script06_M027,happiness,4.0,4.0,1,(알지 내 주변에 이쁜 애들 많은 거+아이) b/ 그래 그래 그래 아 진작 그럴 것이지 그럼 얼마나 필요하냐?,지 | 지 | 냐,train,0.0,0.0,0.0,0.7,0.3,0.0,0.0
Sess16_script06_F026,happiness,4.7,4.7,1,진짜지?,지,train,0.0,0.0,0.0,0.9,0.1,0.0,0.0
Sess16_script06_F026,happiness,4.7,4.7,2,아 오빠 역시 정말 오빠가 짱이야 오빠가 진짜 최고야 나한텐 역시 우리오빠야.,야 | 야 | 야,train,0.0,0.0,0.0,0.9,0.1,0.0,0.0
Sess16_script06_M028,happiness,4.9,4.5,1,(딱 딱 1억만 주라 어 오빠+1억이라 야 1억이라) l/ 하하 좋아 n/ 돈 찾으면 내 바로 그냥 현금으로 내가 쏴 줄게.,라 | ᆯ게,train,0.0,0.0,0.0,0.9,0.1,0.0,0.0
Sess16_script06_F027,happiness,4.7,4.7,1,생각만 해도 너무 좋다 b/ 너무 좋다.,다 | 다,train,0.0,0.0,0.0,1.0,0.0,0.0,0.0
Sess16_script06_M029,happiness,4.9,4.7,1,나도 놀라서 이게 꿈인가?,ᆫ가,train,0.0,0.0,0.0,1.0,0.0,0.0,0.0
Sess16_script06_M029,happiness,4.9,4.7,2,생시인가?,ᆫ가,train,0.0,0.0,0.0,1.0,0.0,0.0,0.0
Sess16_script06_M029,happiness,4.9,4.7,3,싶다.,다,train,0.0,0.0,0.0,1.0,0.0,0.0,0.0
Sess16_script06_M030,happiness,4.7,4.9,1,b/ o/ 내일 날이 밝으먼 이제 이 고주홍의 시대가 열린다.,ᆫ다,train,0.0,0.0,0.0,1.0,0.0,0.0,0.0
Sess16_script06_M030,happiness,4.7,4.9,2,고주홍의 시대가 열린다 이거야.,ᆫ다 | 야,train,0.0,0.0,0.0,1.0,0.0,0.0,0.0
Sess16_script06_M030,happiness,4.7,4.9,3,두고 봐라 내가 이 돈으로 세상을 화들짝 내가 놀라게 (해줄게),ᆯ게,train,0.0,0.0,0.0,1.0,0.0,0.0,0.0
Sess16_script06_F028,happiness,4.8,4.3,1,o/ N/ (해줄게+그럼) 그럼 우리 오빤데 n/ 당연하지.,ᆯ게 | 지,train,0.0,0.0,0.0,1.0,0.0,0.0,0.0
Sess16_impro01_F003,anger,2.2,3.2,1,무슨 말씀을 하시는 건지 잘 모르겠는데 적당히 제가 넣 하는 레시피 댕 대로 넣었어요.,어요,train,0.5,0.2,0.0,0.0,0.3,0.0,0.0
Sess16_impro01_F004,anger,2.0,3.4,1,뭐 무슨 뭐 뭘 어떻게 원하시는 건진 모르겠는데 다시 만들어 올까요?,ᆯ까요,train,0.6,0.1,0.0,0.0,0.3,0.0,0.0
Sess16_impro01_F005,anger,2.1,3.2,1,하 뭐 왜 감을 못 잡으신진 잘 모르겠지만 충분히 언론에서 입증된 o/ 레시피로 만든 짬뽕입니다.,ᆸ니다,train,0.6,0.0,0.0,0.0,0.4,0.0,0.0
Sess16_impro01_F006,anger,2.0,3.3,1,뭐라구요?,라구요,train,1.0,0.0,0.0,0.0,0.0,0.0,0.0
Sess16_impro01_M007,anger,1.9,3.4,1,못 들었어요?,어요,train,0.4,0.4,0.0,0.0,0.2,0.0,0.0
Sess16_impro01_M007,anger,1.9,3.4,2,n/ 당신은 인기로 요리를 하고 있는거 아닙니까?,ᆸ니까,train,0.4,0.4,0.0,0.0,0.2,0.0,0.0
Sess16_impro01_F007,anger,2.1,3.6,1,말씀이 지나치신 거 아닙니까?,ᆸ니까,train,0.9,0.1,0.0,0.0,0.0,0.0,0.0
Sess16_impro01_M008,anger,2.1,3.5,1,지나친건 성수정 씹니다.,ᆸ니다,train,0.5,0.5,0.0,0.0,0.0,0.0,0.0
Sess16_impro01_M008,anger,2.1,3.5,2,오일의 양도 구분할 줄 모르고 대충대충 감으로 만든 그게 언론이 만든 만들어 준 이 시대의 뭐 성수정씨에 뭐 특별한 뭐 레시피인가요?,ᆫ가요,train,0.5,0.5,0.0,0.0,0.0,0.0,0.0
Sess16_impro01_F008,anger,1.9,3.7,1,아니 뭐 대단하신 분이라고 알고 있는데 그건 알겠는데 어쨌든 저도 인정받을 만큼 인정 받은 거에 받은 짬뽕이에요.,에요,train,0.8,0.1,0.0,0.0,0.1,0.0,0.0
Sess16_impro01_F008,anger,1.9,3.7,2,o/ 지적을 해주실 거면 제대로 지적을 해주 해주셔야 제가 뭐 받아들이던지.,던지,train,0.8,0.1,0.0,0.0,0.1,0.0,0.0
Sess16_impro01_M009,anger,1.6,4.6,1,방금 얘기했잖습니까 오일양이 중요하다고 왜 자꾸 여기서 언론얘기가 나옵니까?,습니까 | ᆸ니까,train,1.0,0.0,0.0,0.0,0.0,0.0,0.0
Sess16_impro01_M009,anger,1.6,4.6,2,잘못을 했으면 그것을 인정하고 다시 시정하세요.,세요,train,1.0,0.0,0.0,0.0,0.0,0.0,0.0
Sess16_impro01_F009,anger,1.8,4.0,1,뭘 다시 시정하라는 건지 잘 모르겠는데요.,는데요,train,1.0,0.0,0.0,0.0,0.0,0.0,0.0
Sess16_impro01_F009,anger,1.8,4.0,2,인정을 받은 짬뽕이에요.,에요,train,1.0,0.0,0.0,0.0,0.0,0.0,0.0
Sess16_impro01_F009,anger,1.8,4.0,3,저도 배울만큼 배웠고 저도 미각에서 어느정도 요리실력으로 인정받은 요리사에요.,에요,train,1.0,0.0,0.0,0.0,0.0,0.0,0.0
Sess16_impro01_M010,anger,1.7,3.8,1,o/ 알겠습니다.,습니다,train,0.5,0.4,0.0,0.0,0.1,0.0,0.0
Sess16_impro01_M010,anger,1.7,3.8,2,언론이 만들어준 요리사 성수정씨 좋겠으 좋습니다.,으 | 습니다,train,0.5,0.4,0.0,0.0,0.1,0.0,0.0
Sess16_impro01_M010,anger,1.7,3.8,3,근데 이 탕수육은 뭡니까?,ᆸ니까,train,0.5,0.4,0.0,0.0,0.1,0.0,0.0
Sess16_impro01_M010,anger,1.7,3.8,4,이게 탕수육입니까 고기튀김입니까?,ᆸ니까 | ᆸ니까,train,0.5,0.4,0.0,0.0,0.1,0.0,0.0
Sess16_impro01_M010,anger,1.7,3.8,5,바삭 전혀 바삭하지도 않고 눅눅한 이게 이 도대체 이 요리 이름은 뭡니까?,ᆸ니까,train,0.5,0.4,0.0,0.0,0.1,0.0,0.0
Sess16_impro01_F010,anger,1.8,4.4,1,하 자꾸 왜 이렇게 지적질 지적을 하시는 건진 잘 모르겠는데 유명하신 건 알겠는데 저도 오시기 전에는 이 주방에서 책임자였어요.,어요,train,1.0,0.0,0.0,0.0,0.0,0.0,0.0
Sess16_impro01_M011,anger,1.5,4.3,1,그런 (사람이+셰프에요) 만든 돼지 그런 사람이 만든 요리 탕수육이 지금 이모양입니까?,에요 | ᆸ니까,train,0.7,0.3,0.0,0.0,0.0,0.0,0.0
Sess16_impro01_F011,anger,1.6,4.0,1,뭐가 마음에 안 드시는 거죠?,죠,train,0.9,0.1,0.0,0.0,0.0,0.0,0.0
Sess16_impro01_M012,anger,1.4,4.5,1,나는 뭐 마음에 든 안 든다고 한 적이 없어요.,어요,train,0.7,0.2,0.0,0.0,0.1,0.0,0.0
Sess16_impro01_M012,anger,1.4,4.5,2,나는 지금 탕수육을 물어보는 겁니다.,ᆸ니다,train,0.7,0.2,0.0,0.0,0.1,0.0,0.0
Sess16_impro01_F012,anger,1.6,4.4,1,탕수육도 마음에 안드시고 짬뽕도 마음에 안드시는 거잖아요.,잖아요,train,1.0,0.0,0.0,0.0,0.0,0.0,0.0
Sess16_impro01_M013,anger,1.9,3.1,1,그렇습니다.,습니다,train,0.1,0.5,0.0,0.0,0.4,0.0,0.0
Sess16_impro01_F013,anger,1.4,4.4,1,뭐가 마음에 안드시는 건지 잘 모르겠는데 아니 그러면은 만드세요.,세요,train,1.0,0.0,0.0,0.0,0.0,0.0,0.0
Sess16_impro01_F013,anger,1.4,4.4,2,직접 만드세요.,세요,train,1.0,0.0,0.0,0.0,0.0,0.0,0.0
Sess16_impro01_F013,anger,1.4,4.4,3,o/ 직접 만들어서 본인이 직접 먹으면 되겠네.,네,train,1.0,0.0,0.0,0.0,0.0,0.0,0.0
Sess16_impro01_M014,anger,1.6,4.3,1,짜증납니까?,ᆸ니까,train,0.9,0.1,0.0,0.0,0.0,0.0,0.0
Sess16_impro01_M014,anger,1.6,4.3,2,분해요?,어요,train,0.9,0.1,0.0,0.0,0.0,0.0,0.0
Sess16_impro01_F014,anger,1.5,4.4,1,그럼 분하지 안 분하겠습니까?,습니까,train,1.0,0.0,0.0,0.0,0.0,0.0,0.0
Sess16_impro01_F014,anger,1.5,4.4,2,말씀이 너무 지자 지나치시다고 생각 안하세요?,세요,train,1.0,0.0,0.0,0.0,0.0,0.0,0.0
Sess16_impro01_M015,anger,1.7,4.7,1,그렇게 자존심을 높이고 싶으시면 그만큼 요리 실력을 높이십쇼.,ᆸ쇼,train,0.9,0.1,0.0,0.0,0.0,0.0,0.0
Sess16_impro01_M015,anger,1.7,4.7,2,아시겠어요?,어요,train,0.9,0.1,0.0,0.0,0.0,0.0,0.0
Sess16_impro01_F015,anger,1.3,3.8,1,하 저 오늘부로 주방에 안들어오겠습니다.,습니다,train,1.0,0.0,0.0,0.0,0.0,0.0,0.0
Sess16_impro01_M016,anger,1.4,4.4,1,하 b/ 아주 재미난 친구구만.,구만,train,0.6,0.4,0.0,0.0,0.0,0.0,0.0
Sess16_impro01_M016,anger,1.4,4.4,2,그런 기분으로 요리를 만드세요.,세요,train,0.6,0.4,0.0,0.0,0.0,0.0,0.0
Sess16_impro01_M016,anger,1.4,4.4,3,그렇게 분하고 답답한 마음 자존심으로 요리를 만들란 말이야.,야,train,0.6,0.4,0.0,0.0,0.0,0.0,0.0
Sess16_impro01_M017,anger,1.4,4.6,1,짬뽕 한 그릇을 만들어도 내가 짬뽕을 만든다 내가 짬뽕을 만드는 거라 생각하지 말고 내가 요리를 만든다고 생각하고 임하십쇼.,ᆫ다 | ᆸ쇼,train,0.9,0.1,0.0,0.0,0.0,0.0,0.0
Sess16_impro01_F016,anger,1.2,4.9,1,그렇게 만드시시면 그렇게 직접 만드셔서 드세요.,어요,train,1.0,0.0,0.0,0.0,0.0,0.0,0.0
Sess16_impro01_F016,anger,1.2,4.9,2,그럼 만들어서 보 보여주시던가.,던가,train,1.0,0.0,0.0,0.0,0.0,0.0,0.0
Sess16_impro01_F016,anger,1.2,4.9,3,그럼 되겠네.,네,train,1.0,0.0,0.0,0.0,0.0,0.0,0.0
Sess16_impro01_M018,anger,1.6,3.8,1,지금 뭐 말싸움 하자는 겁니까?,ᆸ니까,train,0.6,0.4,0.0,0.0,0.0,0.0,0.0
Sess16_impro01_M019,anger,1.5,4.4,1,n/ 이야 이거 완전히 진짜 엉망이구만.,구만,train,0.6,0.4,0.0,0.0,0.0,0.0,0.0
Sess16_impro01_M019,anger,1.5,4.4,2,(그러면+당신은) 요리를 인기로 한겁니다.,ᆸ니다,train,0.6,0.4,0.0,0.0,0.0,0.0,0.0
Sess16_impro01_M019,anger,1.5,4.4,3,아시겠어요?,어요,train,0.6,0.4,0.0,0.0,0.0,0.0,0.0
Sess16_impro01_M020,anger,1.4,5.0,1,당신 같은 사람은 요리를 할 자격이 없단 말이야.,야,train,1.0,0.0,0.0,0.0,0.0,0.0,0.0
Sess16_impro01_F019,anger,1.4,4.1,1,무슨 기준으로 그렇게 말씀하시는진 모르겠지만 인기 없어서 되게 섭섭하셨나봐요.,어요,train,0.9,0.1,0.0,0.0,0.0,0.0,0.0
Sess16_impro01_F019,anger,1.4,4.1,2,보여주세요 그러면.,세요,train,0.9,0.1,0.0,0.0,0.0,0.0,0.0
Sess16_impro01_F020,anger,1.3,4.7,1,짬뽕 만들어서 보여달라구요.,라구요,train,0.9,0.1,0.0,0.0,0.0,0.0,0.0
Sess16_impro01_F020,anger,1.3,4.7,2,먹어보고 내가 맛있다고 인정되면 내가 밑에 들어가서 개처럼 일할게.,ᆯ게,train,0.9,0.1,0.0,0.0,0.0,0.0,0.0
Sess16_impro01_F020,anger,1.3,4.7,3,아니면 나가.,어,train,0.9,0.1,0.0,0.0,0.0,0.0,0.0
Sess16_impro01_F020,anger,1.3,4.7,4,아니면 내가 여기서 몇 십년동안 일한 거 이 주방에서 나가라고 아시겠어요?,어요,train,0.9,0.1,0.0,0.0,0.0,0.0,0.0
Sess16_impro02_M011,sadness,1.5,1.9,1,아무것도 신나지가 않고 뭐 웃을 일도 없고 그냥 내가 다 잘못된 거 같아.,어,train,0.0,0.2,0.0,0.0,0.0,0.8,0.0
Sess16_impro02_M012,anger,1.2,3.9,1,엄마가 뭘 알어.,어,train,0.8,0.1,0.0,0.0,0.0,0.1,0.0
Sess16_impro02_M012,anger,1.2,3.9,2,뭐 중매결혼 했던 시대에 결혼했으면서 뭐 엄마가 사랑을 알어?,어,train,0.8,0.1,0.0,0.0,0.0,0.1,0.0
Sess16_impro02_F013,sadness,2.0,2.0,1,그래 엄마가 지금은 뭐 b/ 사랑이 뭔진 잘 모르겠다.,다,train,0.0,0.0,0.0,0.0,0.1,0.9,0.0
Sess16_impro02_M013,sadness,1.4,2.2,1,근데 왜 나만 이렇게 아프고 c/ 나만 깨지고 나만 이렇게 아프냐고 왜 나만 이렇게 비참해져야 되는건데.,ᆫ데,train,0.0,0.0,0.0,0.0,0.0,1.0,0.0
Sess16_impro02_F014,sadness,2.2,2.2,1,괜찮아 엄마도 다 그랬어.,어 | 어,train,0.0,0.0,0.0,0.0,0.2,0.8,0.0
Sess16_impro02_F014,sadness,2.2,2.2,2,엄마도 아빠 돌아가시고 나서 왜 나한테만 이런 일이 있는 걸까.,ᆯ까,train,0.0,0.0,0.0,0.0,0.2,0.8,0.0
Sess16_impro02_F014,sadness,2.2,2.2,3,n/ 왜 나한테만 o/ 자꾸 안 좋은 일이 벌어지는 걸까 그런생각이 많이 들었는데.,ᆯ까 | 는데,train,0.0,0.0,0.0,0.0,0.2,0.8,0.0
Sess16_impro02_F014,sadness,2.2,2.2,4,그냥 너 보고 버텼어.,어,train,0.0,0.0,0.0,0.0,0.2,0.8,0.0
Sess16_impro02_F015,sadness,2.2,2.2,1,너는 아들이기도 하고 남편이기도 하고 가족이기도 하니까.,니까,train,0.0,0.0,0.0,0.0,0.1,0.9,0.0
Sess16_impro02_F015,sadness,2.2,2.2,2,너가 슬프면은 엄마도 슬퍼 근데 내가 또 슬프면은 너도 슬퍼지니까 그래서 엄마도 모른척 한 거야.,어 | 야,train,0.0,0.0,0.0,0.0,0.1,0.9,0.0
Sess16_impro02_M014,sadness,2.2,2.0,1,어 b/ 미안해.,어,train,0.0,0.0,0.0,0.0,0.2,0.8,0.0
Sess16_impro02_M014,sadness,2.2,2.0,2,엄마 마음도 몰라주고.,고,train,0.0,0.0,0.0,0.0,0.2,0.8,0.0
Sess16_impro02_F017,sadness,3.4,2.6,1,그래 울어 울어 울어.,어,train,0.0,0.0,0.0,0.1,0.3,0.6,0.0
Sess16_impro02_F017,sadness,3.4,2.6,2,오늘은 세상에서 니가 제일 슬프니까 울고싶으면 울어.,어,train,0.0,0.0,0.0,0.1,0.3,0.6,0.0
Sess16_impro02_F019,happiness,4.0,2.9,1,알았어.,어,train,0.0,0.0,0.0,0.7,0.3,0.0,0.0
Sess16_impro02_F019,happiness,4.0,2.9,2,엄마가 솜씨를 발휘해볼게.,ᆯ게,train,0.0,0.0,0.0,0.7,0.3,0.0,0.0
Sess16_impro03_F007,happiness,4.0,3.1,1,l/ 아이 의사가 약 상자가 어딨는지도 몰라?,어,train,0.0,0.0,0.0,0.7,0.3,0.0,0.0
Sess16_impro03_M008,happiness,3.1,3.4,1,일류요리사가 집에 오면 라면만 먹는다는 거 몰라?,어,train,0.1,0.2,0.0,0.0,0.7,0.0,0.0
Sess16_impro03_M008,happiness,3.1,3.4,2,내가 일일히 그런 거 다 챙겨야 돼?,어,train,0.1,0.2,0.0,0.0,0.7,0.0,0.0
Sess16_impro03_M009,happiness,3.2,3.7,1,손 줘 봐.,어,train,0.4,0.0,0.0,0.0,0.4,0.0,0.2
Sess16_impro03_M009,happiness,3.2,3.7,2,아무리 그 뭐 윤서도 있지만은 당신 몸도 좀 챙겨라.,어라,train,0.4,0.0,0.0,0.0,0.4,0.0,0.2
Sess16_impro03_M009,happiness,3.2,3.7,3,당신이 있어야 내가 살지.,지,train,0.4,0.0,0.0,0.0,0.4,0.0,0.2
Sess16_impro03_M009,happiness,3.2,3.7,4,o/ 아이 옆에 옆에 손도 줘 봐.,어,train,0.4,0.0,0.0,0.0,0.4,0.0,0.2
Sess16_impro03_M010,happiness,3.3,2.9,1,n/ 아휴 이 자 조심 좀 하자.,자,train,0.0,0.2,0.0,0.0,0.5,0.3,0.0
Sess16_impro03_M011,happiness,3.2,3.1,1,당연히 아프지.,지,train,0.2,0.0,0.0,0.0,0.7,0.1,0.0
Sess16_impro03_M012,happiness,3.2,3.0,1,그 소독은 간호사가 하는 거고 일류의사는 그 수술한다.,ᆫ다,train,0.0,0.0,0.0,0.0,1.0,0.0,0.0
Sess16_impro03_M013,happiness,2.9,3.6,1,거 재수없게 자꾸 그런 말 하지 말고 그 평소에 몸관리 좀 잘 해.,어,train,0.4,0.2,0.0,0.0,0.4,0.0,0.0
Sess16_impro03_F013,happiness,4.5,4.0,1,l/ 아 당신 그거 기억나?,어,train,0.0,0.0,0.0,0.8,0.2,0.0,0.0
Sess16_impro03_F014,happiness,4.3,3.5,1,아니 왜 우리 연애할 때 o/ 나 그때 아파가지고 병원에 가 있는데 회사 한동안 (못 갔었잖아),잖아,train,0.0,0.0,0.0,0.9,0.1,0.0,0.0
Sess16_impro03_M015,happiness,3.4,3.4,1,(못 갔었잖아+여보 나) 씻고 자야될 (거 같은데),잖아,train,0.0,0.0,0.0,0.0,1.0,0.0,0.0
Sess16_impro03_F015,happiness,4.4,4.3,1,(거 같은데+아 그때) 막 o/ u/ 병원에 들어가면서 아 은미야 은미야 살려줘.,어,train,0.0,0.0,0.0,1.0,0.0,0.0,0.0
Sess16_impro03_M016,anger,3.3,4.2,1,아 그 내가 뭐 장염 (장 장이 그건 줄+제가 의산데요 은미 좀 살려주세요) 알았으면 내가 그렇겠나?,ᆫ데요 | 세요,train,0.4,0.0,0.0,0.1,0.2,0.0,0.3
Sess16_impro03_M016,anger,3.3,4.2,2,당신이 아프다고 죽을 거처럼 누워있으니까 내가 그랬지.,지,train,0.4,0.0,0.0,0.1,0.2,0.0,0.3
Sess16_impro03_F016,happiness,4.3,3.8,1,에 그랬어?,어,train,0.0,0.0,0.0,0.7,0.3,0.0,0.0
Sess16_impro03_F016,happiness,4.3,3.8,2,그래서 나 죽을까봐 걱 겁났어?,어,train,0.0,0.0,0.0,0.7,0.3,0.0,0.0
Sess16_impro03_M017,happiness,3.2,3.4,1,야 그 아우 다른 손 줘 봐.,어,train,0.1,0.2,0.0,0.1,0.6,0.0,0.0
Sess16_impro03_M017,happiness,3.2,3.4,2,그 손도 좀 (치료해야겠다),다,train,0.1,0.2,0.0,0.1,0.6,0.0,0.0
Sess16_impro03_F017,happiness,4.5,3.6,1,(치료해야겠다+그래서 왜) 말해봐요 왜?,다 | 어요,train,0.0,0.0,0.0,0.9,0.1,0.0,0.0
Sess16_impro03_M018,happiness,3.4,3.5,1,아이 겁났지 뭐.,지,train,0.4,0.0,0.0,0.1,0.4,0.1,0.0
Sess16_impro03_M018,happiness,3.4,3.5,2,당신 없으면은 어떻게 그 왜 자꾸 그 얘기를 해.,어,train,0.4,0.0,0.0,0.1,0.4,0.1,0.0
Sess16_impro03_M018,happiness,3.4,3.5,3,나 이제 씻고 자야되는데.,는데,train,0.4,0.0,0.0,0.1,0.4,0.1,0.0
Sess16_impro03_F018,happiness,4.2,3.9,1,그러면 이제 o/ 한 번 말해봐요.,어요,train,0.0,0.0,0.0,0.9,0.1,0.0,0.0
Sess16_impro03_M019,happiness,3.2,3.0,1,야 그 윤서 깨겠다.,다,train,0.1,0.2,0.0,0.2,0.5,0.0,0.0
Sess16_impro03_F019,happiness,4.4,4.1,1,아 왜 깨면 어때?,어,train,0.0,0.0,0.0,0.8,0.2,0.0,0.0
Sess16_impro03_F019,happiness,4.4,4.1,2,깨면 깨면 깨는거지.,지,train,0.0,0.0,0.0,0.8,0.2,0.0,0.0
Sess16_impro03_F019,happiness,4.4,4.1,3,u/ 아 김인철 씨 저를 사랑하시나요?,나요,train,0.0,0.0,0.0,0.8,0.2,0.0,0.0
Sess16_impro03_M020,happiness,4.0,3.3,1,아 왜 이러는 거야?,야,train,0.0,0.1,0.0,0.4,0.2,0.0,0.3
Sess16_impro03_F020,happiness,4.6,4.0,1,빨리 말해봐.,어,train,0.0,0.0,0.0,0.9,0.1,0.0,0.0
Sess16_impro03_M021,happiness,3.7,3.5,1,뭘 뭘 말해.,어,train,0.0,0.0,0.0,0.6,0.3,0.0,0.1
Sess16_impro03_F021,happiness,4.9,4.2,1,저를 지금 아직도 사랑하시나요?,나요,train,0.0,0.0,0.0,0.9,0.1,0.0,0.0
Sess16_impro03_M022,happiness,3.9,3.1,1,아 사랑해.,어,train,0.0,0.0,0.0,0.5,0.5,0.0,0.0
Sess16_impro03_M022,happiness,3.9,3.1,2,됐지?,지,train,0.0,0.0,0.0,0.5,0.5,0.0,0.0
Sess16_impro03_M022,happiness,3.9,3.1,3,나 이제 좀 씻고 잔다.,ᆫ다,train,0.0,0.0,0.0,0.5,0.5,0.0,0.0
Sess16_impro03_F022,happiness,3.8,3.0,1,u/ 너무 안 돼.,어,train,0.0,0.2,0.0,0.5,0.3,0.0,0.0
Sess16_impro03_M023,happiness,3.7,3.3,1,뭐 뭐가 안 돼 또.,어,train,0.0,0.0,0.0,0.6,0.4,0.0,0.0
Sess16_impro03_F023,happiness,4.6,4.0,1,좀 더 그 뭐라고요?,라고요,train,0.0,0.0,0.0,0.9,0.1,0.0,0.0
Sess16_impro03_F023,happiness,4.6,4.0,2,뭐라고?,라고,train,0.0,0.0,0.0,0.9,0.1,0.0,0.0
Sess16_impro03_M024,happiness,3.8,3.8,1,아우 사랑해.,어,train,0.0,0.0,0.0,0.5,0.5,0.0,0.0
Sess16_impro03_F024,happiness,4.2,3.8,1,에휴 엎드려 절 받기네.,네,train,0.0,0.0,0.0,0.8,0.2,0.0,0.0
Sess16_impro03_M025,happiness,3.5,3.4,1,아이 저 씻고 자자.,자,train,0.1,0.2,0.0,0.3,0.4,0.0,0.0
Sess16_impro03_F028,happiness,4.8,4.4,1,음 어쩜 이렇게 내가 원하는 답만 쏙 해주신데?,ᆫ데,train,0.0,0.0,0.0,0.9,0.1,0.0,0.0
Sess16_impro03_M029,happiness,3.5,2.8,1,그러니까 네 남편이지.,지,train,0.0,0.2,0.0,0.2,0.6,0.0,0.0
Sess16_impro03_F029,happiness,4.9,3.9,1,(진짜로+여보) o/ 오 뭐 먹고 싶은 거 없어?,어,train,0.0,0.0,0.0,0.9,0.1,0.0,0.0
Sess16_impro03_M030,happiness,3.4,3.2,1,아 진 제발 잠 좀 자게 해줘라.,어라,train,0.2,0.0,0.0,0.2,0.6,0.0,0.0
Sess16_impro03_F030,happiness,4.9,4.5,1,안 돼 나 오늘 못 재워 (못 재워),어 | 어 | 어,train,0.0,0.0,0.0,0.9,0.1,0.0,0.0
Sess16_impro03_M031,happiness,3.5,3.3,1,(못 재워+내일) 수술이 있다 여보야.,어 | 다 | 야,train,0.1,0.0,0.0,0.4,0.5,0.0,0.0
Sess16_impro03_F031,happiness,4.8,4.1,1,안 돼 오늘 맛있는 거 해서 내가 꼭 먹여야겠어.,어 | 어,train,0.0,0.0,0.0,0.9,0.1,0.0,0.0
Sess16_impro03_F031,happiness,4.8,4.1,2,뭐 먹고 싶은 거 없어?,어,train,0.0,0.0,0.0,0.9,0.1,0.0,0.0
Sess16_impro03_M032,happiness,3.4,3.1,1,뭘 잘하는데?,는데,train,0.1,0.0,0.0,0.4,0.5,0.0,0.0
Sess16_impro03_F032,happiness,4.3,4.2,1,나 잘하지.,지,train,0.0,0.0,0.0,0.9,0.1,0.0,0.0
Sess16_impro03_M033,happiness,3.2,3.1,1,뭘 잘하는데.,는데,train,0.1,0.2,0.0,0.2,0.5,0.0,0.0
Sess16_impro03_M033,happiness,3.2,3.1,2,(뭘 먹고 싶은데+나는 그렇게) 생각하지 않는데.,는데,train,0.1,0.2,0.0,0.2,0.5,0.0,0.0
Sess16_impro03_M035,happiness,3.9,3.3,1,알았어 김치찌개 하나.,어,train,0.0,0.0,0.0,0.2,0.8,0.0,0.0
Sess16_impro03_M035,happiness,3.9,3.3,2,난 일단은 좀 씻고 나올게.,ᆯ게,train,0.0,0.0,0.0,0.2,0.8,0.0,0.0
Sess16_impro03_M035,happiness,3.9,3.3,3,알았지 여보?,지,train,0.0,0.0,0.0,0.2,0.8,0.0,0.0
Sess16_impro03_F035,happiness,4.2,3.8,1,응 알았어.,어,train,0.0,0.0,0.0,0.8,0.2,0.0,0.0
Sess16_impro03_M036,happiness,4.2,3.6,1,뭐 이렇게 응응 거려.,어,train,0.0,0.0,0.0,0.8,0.2,0.0,0.0
Sess16_impro03_F036,happiness,4.8,3.8,1,아휴 내가 저 남자 때문에 산다니까.,ᆫ다니까,train,0.0,0.0,0.0,1.0,0.0,0.0,0.0
Sess16_impro03_M037,happiness,4.1,3.3,1,(정말+에 자) 자자.,자,train,0.0,0.0,0.0,0.7,0.3,0.0,0.0
Sess16_impro04_F008,anger,1.8,4.1,1,회사측 입장이 그래요.,어요,train,0.9,0.0,0.0,0.0,0.1,0.0,0.0
Sess16_impro04_F008,anger,1.8,4.1,2,누구 생각이 있고 누가 뭐 하고 이러는 게 아니고 회사측에서 그렇게 냉정하게 하는 거에요.,에요,train,0.9,0.0,0.0,0.0,0.1,0.0,0.0
Sess16_impro04_F008,anger,1.8,4.1,3,그니까 나가보세요.,세요,train,0.9,0.0,0.0,0.0,0.1,0.0,0.0
Sess16_impro04_M008,anger,1.4,4.6,1,하 이 지금 나가라고요?,라고,train,0.9,0.0,0.0,0.0,0.0,0.0,0.1
Sess16_impro04_F009,anger,2.0,3.5,1,네 자리로 돌아가세요.,세요,train,0.5,0.1,0.0,0.0,0.4,0.0,0.0
Sess16_impro04_F010,anger,1.9,3.4,1,그러면 부장한테 이렇게 대들어도 됩니까?,ᆸ니까,train,1.0,0.0,0.0,0.0,0.0,0.0,0.0
Sess16_impro04_M010,anger,1.4,4.8,1,아니 추가 비용 발생했다고 무슨 벌 징계위원회면은 회사에 몇 명이나 남아도냐고요.,냐고,train,1.0,0.0,0.0,0.0,0.0,0.0,0.0
Sess16_impro04_M010,anger,1.4,4.8,2,이게 지금 부장하고 대리하고 뭐 그런 거 따질 때가 아니지 않습니까.,습니까,train,1.0,0.0,0.0,0.0,0.0,0.0,0.0
Sess16_impro04_F011,anger,1.9,3.5,1,그럼 일을 잘 처리하셨어야죠.,어야죠,train,0.5,0.2,0.0,0.0,0.3,0.0,0.0
Sess16_impro04_F013,anger,1.9,3.7,1,그럼 거기에 맞게 준비를 하셨어야죠.,어야죠,train,0.8,0.0,0.0,0.0,0.2,0.0,0.0
Sess16_impro04_F013,anger,1.9,3.7,2,이 팀 이 프로젝트 팀 이끌어가는 거 아닙니까?,ᆸ니까,train,0.8,0.0,0.0,0.0,0.2,0.0,0.0
Sess16_impro04_M013,anger,1.5,3.9,1,지금 다 저한테 떠넘기시는 겁니까?,ᆸ니까,train,0.4,0.5,0.0,0.0,0.1,0.0,0.0
Sess16_impro04_F014,anger,1.7,3.6,1,하 뭐라고요?,라고요,train,0.8,0.0,0.0,0.0,0.2,0.0,0.0
Sess16_impro04_M014,anger,1.4,4.1,1,전무님이랑 쿵짝쿵짝 하는 거 아니냔 말입니다.,ᆸ니다,train,0.5,0.4,0.0,0.0,0.1,0.0,0.0
Sess16_impro04_F015,anger,1.9,3.2,1,무슨 말씀을 하고 있는진 모르겠는데 그런 일은 없습니다.,습니다,train,0.4,0.1,0.0,0.0,0.3,0.0,0.2
Sess16_impro04_F016,anger,1.5,4.5,1,(했는데+그니까 알아서) 준비하시라고요.,라고요,train,0.9,0.0,0.0,0.0,0.1,0.0,0.0
Sess16_impro04_F016,anger,1.5,4.5,2,제가 뭐 어디까지 알아드려야 되는 거죠?,죠,train,0.9,0.0,0.0,0.0,0.1,0.0,0.0
Sess16_impro04_M016,anger,1.8,3.2,1,전무님과 부장님이 저한테 했던 말 저 다 녹음했습니다.,습니다,train,0.8,0.2,0.0,0.0,0.0,0.0,0.0
Sess16_impro04_M016,anger,1.8,3.2,2,징계위원회에서 저도 그 녹음파일 다 까발리겠습니다.,습니다,train,0.8,0.2,0.0,0.0,0.0,0.0,0.0
Sess16_impro04_F017,anger,1.9,3.5,1,하 뭐 그 있는지 없는지 난 모르는 거고 무슨 말씀을 하시는지 모르겠는데.,는데,train,0.4,0.3,0.0,0.0,0.3,0.0,0.0
Sess16_impro04_F023,anger,1.4,4.5,1,지금 어디세요?,세요,train,0.6,0.0,0.3,0.0,0.0,0.0,0.1
Sess16_impro04_F023,anger,1.4,4.5,2,지금 윤찬 대리가 이중장부에 대해서 뭔가 알고 있는 거 같은데 어떻게 된 일이죠?,죠,train,0.6,0.0,0.3,0.0,0.0,0.0,0.1
Sess16_impro04_F023,anger,1.4,4.5,3,하 저야 모르죠.,죠,train,0.6,0.0,0.3,0.0,0.0,0.0,0.1
Sess16_impro04_F023,anger,1.4,4.5,4,해결해주셔야 되는 거 아니에요?,에요,train,0.6,0.0,0.3,0.0,0.0,0.0,0.1
Sess16_impro04_F023,anger,1.4,4.5,5,하 아 저보고 알아서 하라고요?,라고,train,0.6,0.0,0.3,0.0,0.0,0.0,0.1
Sess16_impro04_F024,anger,1.4,4.9,1,n/ 아 씨 이제 어떡하지?,지,train,0.8,0.1,0.1,0.0,0.0,0.0,0.0
Sess16_impro04_F024,anger,1.4,4.9,2,아 나 혼자 어떡하라는 거야.,야,train,0.8,0.1,0.1,0.0,0.0,0.0,0.0
Sess16_impro04_F024,anger,1.4,4.9,3,아 씨 독박쓰게 생겼네.,네,train,0.8,0.1,0.1,0.0,0.0,0.0,0.0
Sess09_script01_F014,happiness,4.4,3.8,1,바베큐 그거 맛있겠다 오빠.,다,train,0.0,0.0,0.0,0.8,0.2,0.0,0.0
Sess09_script01_M015,happiness,4.0,3.1,1,아이 어쨌든 아이 둘을 낳아서.,어서,train,0.0,0.0,0.0,0.2,0.8,0.0,0.0
Sess09_script01_F025,sadness,4.1,3.6,1,l/ 아 오빠 진짜 너무 웃겨.,어,train,0.0,0.0,0.0,0.8,0.1,0.0,0.1
Sess09_script01_M025,sadness,2.7,2.7,1,o/ 아이 이런 선물 받으니까 막 어이가 없지?,지,train,0.0,0.0,0.0,0.3,0.2,0.4,0.1
Sess09_script01_F027,sadness,3.7,3.5,1,아유 그러니까 젓가락 100개란게 l/ 우리들 만난지 100일되는 날이라서 준비했다는 거야?,야,train,0.0,0.0,0.0,0.8,0.1,0.0,0.1
Sess09_script01_F027,sadness,3.7,3.5,2,l/ o/ 아 진짜 미치겠다.,다,train,0.0,0.0,0.0,0.8,0.1,0.0,0.1
Sess09_script01_F032,happiness,4.2,3.2,1,대신 오빠랑 같이 살아야겠어.,어,train,0.0,0.0,0.0,0.7,0.3,0.0,0.0
Sess09_script02_M013,anger,1.5,4.5,1,(데려가야지+우리) 술 마셨잖아.,어야지 | 잖아,train,0.9,0.0,0.0,0.0,0.0,0.0,0.1
Sess09_script03_F004,happiness,4.2,3.1,1,네 맞습니다.,습니다,train,0.0,0.0,0.0,0.6,0.4,0.0,0.0
Sess09_script03_F004,happiness,4.2,3.1,2,o/ 감사합니다.,ᆸ니다,train,0.0,0.0,0.0,0.6,0.4,0.0,0.0
Sess09_script03_M013,anger,3.1,3.0,1,아 그래서 옷이 그렇구나.,구나,train,0.0,0.4,0.0,0.1,0.5,0.0,0.0
Sess09_script03_F014,anger,2.3,2.9,1,b/ 제가 회사 다닐 때 했습니다.,습니다,train,0.7,0.3,0.0,0.0,0.0,0.0,0.0
Sess09_script03_M015,anger,3.2,3.0,1,아 연애 이야기를 물어 본 건 저도 실례였으니까 이해해주시구요.,구,train,0.0,0.0,0.0,0.1,0.9,0.0,0.0
Sess09_script03_M015,anger,3.2,3.0,2,b/ 어쨌든 이게 다 면접 방식 중 하납니다 o/ 이해하시죠?,ᆸ니다 | 죠,train,0.0,0.0,0.0,0.1,0.9,0.0,0.0
Sess09_script03_M015,anger,3.2,3.0,3,그리고 이력서에 보니까 특기가 어 노래랑 춤이라고 적혀있는데 노래 잘해요?,어요,train,0.0,0.0,0.0,0.1,0.9,0.0,0.0
Sess09_script03_M016,anger,3.8,3.2,1,l/ n/ 아 설마가 사람 잡는다고 하잖아요.,잖아요,train,0.0,0.1,0.0,0.2,0.7,0.0,0.0
Sess09_script03_M016,anger,3.8,3.2,2,특기가 n/ 노래랑 춤이라며?,라며,train,0.0,0.1,0.0,0.2,0.7,0.0,0.0
Sess09_script03_M016,anger,3.8,3.2,3,보여줄 수 있어요?,어요,train,0.0,0.1,0.0,0.2,0.7,0.0,0.0
Sess09_script03_M016,anger,3.8,3.2,4,아 o/ 요즘 유행하는 노래 있잖아요.,잖아요,train,0.0,0.1,0.0,0.2,0.7,0.0,0.0
Sess09_script03_M016,anger,3.8,3.2,5,그 b/ 뭐지?,지,train,0.0,0.1,0.0,0.2,0.7,0.0,0.0
Sess09_script03_M016,anger,3.8,3.2,6,초등학생들도 부르는 노랜데 b/ 그 사 사랑을 했다?,다,train,0.0,0.1,0.0,0.2,0.7,0.0,0.0
Sess09_script03_F016,anger,1.9,3.3,1,사랑을 했다요?,다,train,0.5,0.1,0.0,0.0,0.0,0.0,0.4
Sess09_script03_M017,anger,3.4,3.1,1,어어 그거 그거 한번 해봐요 뭐 춤추면서.,어요 | 면서,train,0.0,0.1,0.0,0.1,0.8,0.0,0.0
Sess09_script03_F017,anger,1.7,3.5,1,b/ 아 지금 아 여기서 춤추고 노래를 하라구요?,라구요,train,0.6,0.3,0.0,0.0,0.1,0.0,0.0
Sess09_script03_M018,anger,2.3,2.8,1,못하겠어요?,어요,train,0.1,0.1,0.0,0.0,0.7,0.0,0.1
Sess09_script03_M018,anger,2.3,2.8,2,o/ b/ 아 이력서에 적혀있는 걸 우린 확인 할 n/ 권한이 있어요.,어요,train,0.1,0.1,0.0,0.0,0.7,0.0,0.1
Sess09_script03_M018,anger,2.3,2.8,3,o/ 진짜인지 가짜인지 확인해봐야죠.,어야죠,train,0.1,0.1,0.0,0.0,0.7,0.0,0.1
Sess09_script03_M018,anger,2.3,2.8,4,아니면 적질 말든가.,든가,train,0.1,0.1,0.0,0.0,0.7,0.0,0.1
Sess09_script03_F018,anger,1.6,3.5,1,아 네 아닙니다 하겠습니다.,습니다,train,0.4,0.4,0.0,0.0,0.2,0.0,0.0
Sess09_script03_F018,anger,1.6,3.5,2,어 b/ 사랑을 했다.,다,train,0.4,0.4,0.0,0.0,0.2,0.0,0.0
Sess09_script03_F018,anger,1.6,3.5,3,o/ 우리가 만나.,어,train,0.4,0.4,0.0,0.0,0.2,0.0,0.0
Sess09_script03_M019,happiness,4.4,3.5,1,l/ o/ 아 아이 잘하시네.,네,train,0.0,0.0,0.0,0.9,0.1,0.0,0.0
Sess09_script03_M019,happiness,4.4,3.5,2,아 근데 목소리가 너무 작네 그 좀 더 크게 예?,네,train,0.0,0.0,0.0,0.9,0.1,0.0,0.0
Sess09_script03_F019,anger,1.4,4.0,1,아니 원래 면접을 이런 식으로 봐요?,어요,train,1.0,0.0,0.0,0.0,0.0,0.0,0.0
Sess09_script03_M020,anger,1.9,3.6,1,n/ 아니 무슨 말을 그렇게 합니까?,ᆸ니까,train,1.0,0.0,0.0,0.0,0.0,0.0,0.0
Sess09_script03_F020,anger,1.4,4.6,1,신성 좋아하고 있네.,네,train,1.0,0.0,0.0,0.0,0.0,0.0,0.0
Sess09_script03_F020,anger,1.4,4.6,2,이력서 한줄 채우려고 내가 특기를 좀 과장되게 썼지만 그렇다고 이걸 이런 식으로 하는게 오히려 신성모독 아닌가?,ᆫ가,train,1.0,0.0,0.0,0.0,0.0,0.0,0.0
Sess09_script03_F020,anger,1.4,4.6,3,b/ o/ 당신들 습관인 거 같은데 가뜩이나 취직이 안 돼서 괴로워 죽겠는데 사람을 갖고 놀아?,어,train,1.0,0.0,0.0,0.0,0.0,0.0,0.0
Sess09_script03_F021,anger,1.3,4.6,1,아무리 약자라도 기본적이고 인간적인 대우를 해줘야 될 거 아냐 시간 때우려고 니들 심심풀이 땅콩으로 채울려고 니들 심심풀이 땅콩으로 채울려고 지원자 갖고 놀지 말라고.,냐 | 라고,train,0.9,0.1,0.0,0.0,0.0,0.0,0.0
Sess09_script03_M021,anger,1.7,3.5,1,b/ o/ 어이가 없어서.,어서,train,0.9,0.1,0.0,0.0,0.0,0.0,0.0
Sess09_script03_M021,anger,1.7,3.5,2,o/ 아 그럼 나가세요.,세요,train,0.9,0.1,0.0,0.0,0.0,0.0,0.0
Sess09_script03_M021,anger,1.7,3.5,3,b/ n/ 당신 말고도 지원자는 널렸어.,어,train,0.9,0.1,0.0,0.0,0.0,0.0,0.0
Sess09_script03_F022,anger,1.4,4.3,1,b/ 네 나가요.,어요,train,1.0,0.0,0.0,0.0,0.0,0.0,0.0
Sess09_script04_F006,sadness,1.6,2.0,1,잘 들어.,어,train,0.0,0.0,0.0,0.0,0.0,1.0,0.0
Sess09_script04_F006,sadness,1.6,2.0,2,나 폐에 종양이 생겼대.,대,train,0.0,0.0,0.0,0.0,0.0,1.0,0.0
Sess09_script04_F007,sadness,1.5,2.2,1,당신 나 없이도 꿋꿋하게 애들 잘 키우며 살아야 해.,어,train,0.0,0.0,0.0,0.0,0.0,1.0,0.0
Sess09_script04_M009,sadness,2.7,3.4,1,l/ 에이 자기 지금 무슨 소리야.,야,train,0.0,0.0,0.0,0.0,0.0,0.1,0.9
Sess09_script04_M009,sadness,2.7,3.4,2,농담이지?,지,train,0.0,0.0,0.0,0.0,0.0,0.1,0.9
Sess09_script04_F008,sadness,1.4,2.2,1,악성이래 o/ 이미 왼쪽에 70프로 정도 퍼져있구 정확한 것은 가슴을 열어봐야 알겠지만 림프절과 늑막에까지 전이가 됐대.,래 | 대,train,0.0,0.0,0.0,0.0,0.0,1.0,0.0
Sess09_script04_M010,sadness,2.4,3.6,1,b/ 장난이지?,지,train,0.0,0.0,0.0,0.0,0.1,0.3,0.6
Sess09_script04_M010,sadness,2.4,3.6,2,농담하는 거지?,지,train,0.0,0.0,0.0,0.0,0.1,0.3,0.6
Sess09_script04_M010,sadness,2.4,3.6,3,빨리 병원가자.,자,train,0.0,0.0,0.0,0.0,0.1,0.3,0.6
Sess09_script04_F009,sadness,1.4,2.1,1,늦었어.,어,train,0.0,0.0,0.0,0.0,0.0,1.0,0.0
Sess09_script04_M011,sadness,1.8,3.9,1,b/ n/ 수 수 수 수술하면 되는 거 아냐?,냐,train,0.0,0.0,0.1,0.0,0.1,0.4,0.4
Sess09_script04_M012,sadness,1.9,3.5,1,b/ 얼마나 살 수 있대?,대,train,0.0,0.0,0.3,0.0,0.2,0.3,0.2
Sess09_script04_M013,anger,1.3,4.5,1,b/ 그러니까 저번에 가슴 아프다고 할때 내가 병원에 가보라고 했잖아.,잖아,train,0.8,0.0,0.1,0.0,0.0,0.1,0.0
Sess09_script04_M013,anger,1.3,4.5,2,왜 그동안 안 간거야.,야,train,0.8,0.0,0.1,0.0,0.0,0.1,0.0
Sess09_script04_F012,sadness,1.4,1.8,1,b/ 화 낸다고 달라질 거 없잖아.,잖아,train,0.0,0.0,0.0,0.0,0.0,1.0,0.0
Sess09_script04_M014,sadness,1.7,3.8,1,b/ 여보 아 미안해.,어,train,0.0,0.0,0.3,0.0,0.1,0.6,0.0
Sess09_script04_M014,sadness,1.7,3.8,2,b/ 소 소리쳐서 미안해.,어,train,0.0,0.0,0.3,0.0,0.1,0.6,0.0
Sess09_script04_M014,sadness,1.7,3.8,3,아 요즘 의사들 돌팔이 많다잖아.,다잖아,train,0.0,0.0,0.3,0.0,0.1,0.6,0.0
Sess09_script04_M014,sadness,1.7,3.8,4,아닐 수도 있어 어?,어,train,0.0,0.0,0.3,0.0,0.1,0.6,0.0
Sess09_script04_M014,sadness,1.7,3.8,5,그리고 6개월이 아니라 6년 아니 아니 60년을 살 수도 있고 그니까 어서 병원에 가자 어?,자,train,0.0,0.0,0.3,0.0,0.1,0.6,0.0
Sess09_script04_F013,sadness,1.2,1.9,1,아니야 o/ 난 아냐 틀렸어.,어,train,0.0,0.0,0.0,0.0,0.0,1.0,0.0
Sess09_script04_M015,sadness,1.4,4.0,1,b/ 틀리긴 뭘 틀려 빨리 병원에 가자니까.,어 | 자니까,train,0.5,0.0,0.0,0.0,0.0,0.5,0.0
Sess09_script04_F014,sadness,1.5,1.9,1,o/ 여보 우리 아빠 기억해?,어,train,0.0,0.0,0.0,0.0,0.3,0.7,0.0
Sess09_script04_M016,sadness,1.7,3.2,1,b/ 갑자기 아버지 이야긴 왜 꺼내?,어,train,0.0,0.0,0.1,0.0,0.3,0.3,0.3
Sess09_script04_F015,sadness,1.7,2.0,1,사실 우리 아빠도 나랑 같은 병이었어.,어,train,0.0,0.0,0.0,0.0,0.3,0.7,0.0
Sess09_script04_M017,sadness,1.6,3.5,1,당신 어릴적에 사고로 돌아가셨다고 했잖아?,잖아,train,0.0,0.0,0.0,0.0,0.0,0.0,1.0
Sess09_script04_M017,sadness,1.6,3.5,2,u/ 날 속인거야?,야,train,0.0,0.0,0.0,0.0,0.0,0.0,1.0
Sess09_script04_F016,sadness,1.4,2.0,1,미안해 아빠는 3년 동안 폐암으로 병원에 계시다가 돌아가셨어.,어 | 어,train,0.0,0.0,0.0,0.0,0.0,1.0,0.0
Sess09_script04_M018,sadness,1.9,3.2,1,b/ 미숙아 그게 중요한게 아냐.,냐,train,0.0,0.0,0.2,0.0,0.2,0.6,0.0
Sess09_script04_M018,sadness,1.9,3.2,2,o/ 그런거 중요한 거 아니잖아.,잖아,train,0.0,0.0,0.2,0.0,0.2,0.6,0.0
Sess09_script04_M018,sadness,1.9,3.2,3,일단 입원하고 치료하고 수술 받자.,자,train,0.0,0.0,0.2,0.0,0.2,0.6,0.0
Sess09_script04_M018,sadness,1.9,3.2,4,그럼 살 수 있어.,어,train,0.0,0.0,0.2,0.0,0.2,0.6,0.0
Sess09_script04_M019,sadness,2.4,3.3,1,b/ 여보 b/ 아이 그런 생각 하지마 자 지금도 안 늦었어.,어 | 어,train,0.0,0.0,0.2,0.0,0.2,0.6,0.0
Sess09_script04_M019,sadness,2.4,3.3,2,일단 정리하고 병원 가자?,자,train,0.0,0.0,0.2,0.0,0.2,0.6,0.0
Sess09_script04_F018,sadness,1.2,3.4,1,b/ 무슨 의미가 있 있겠어?,어,train,0.0,0.0,0.0,0.0,0.0,1.0,0.0
Sess09_script04_F018,sadness,1.2,3.4,2,3년을 더 사셨다구 우리 아빠는 3년을 더 사셨다고 b/ 아빠는 행복했었을까?,다구 | 을까,train,0.0,0.0,0.0,0.0,0.0,1.0,0.0
Sess09_script04_M020,sadness,1.8,3.6,1,아 여보 왜 이래!,어,train,0.2,0.0,0.4,0.0,0.0,0.4,0.0
Sess09_script04_M020,sadness,1.8,3.6,2,왜 이리 약한 생각을 해.,어,train,0.2,0.0,0.4,0.0,0.0,0.4,0.0
Sess09_script04_F019,sadness,1.2,3.7,1,나두 살구 싶어.,어,train,0.0,0.0,0.0,0.0,0.0,1.0,0.0
Sess09_script04_F019,sadness,1.2,3.7,2,나도 사람인데.,ᆫ데,train,0.0,0.0,0.0,0.0,0.0,1.0,0.0
Sess09_script04_F019,sadness,1.2,3.7,3,근데 6개월이잖아.,잖아,train,0.0,0.0,0.0,0.0,0.0,1.0,0.0
Sess09_script04_F019,sadness,1.2,3.7,4,6개월이잖아.,잖아,train,0.0,0.0,0.0,0.0,0.0,1.0,0.0
Sess09_script04_F019,sadness,1.2,3.7,5,6개월이라잖아.,잖아,train,0.0,0.0,0.0,0.0,0.0,1.0,0.0
Sess09_script04_F019,sadness,1.2,3.7,6,싸우기엔 너무 늦었고 지쳤어.,어,train,0.0,0.0,0.0,0.0,0.0,1.0,0.0
Sess09_script04_F020,sadness,1.5,2.6,1,당신 우리 애들 잘 부탁해.,어,train,0.0,0.0,0.0,0.0,0.0,1.0,0.0
Sess09_script04_F020,sadness,1.5,2.6,2,그리고 남은 시간 우리 행복하게 지내면 되잖아 나 행복하고 싶어.,잖아 | 어,train,0.0,0.0,0.0,0.0,0.0,1.0,0.0
Sess09_script04_F020,sadness,1.5,2.6,3,그리고 행복하게 죽고 싶어.,어,train,0.0,0.0,0.0,0.0,0.0,1.0,0.0
Sess09_script04_F020,sadness,1.5,2.6,4,당신한테 예쁜 모습 좋은 모습만 남기고 싶어.,어,train,0.0,0.0,0.0,0.0,0.0,1.0,0.0
Sess09_script04_F021,sadness,1.6,2.7,1,나 마지막 부탁이 있어.,어,train,0.0,0.0,0.0,0.0,0.0,1.0,0.0
Sess09_script04_F021,sadness,1.6,2.7,2,둘째 결혼 시키고 당신도 재혼해 혹시나 애들 결혼 전에 재혼하면 애들도 상처 받을 수 있으니까 애들 결혼만 시켜줘 그리고 좋은 여자 만나 알았지?,어 | 지,train,0.0,0.0,0.0,0.0,0.0,1.0,0.0
Sess09_script04_M023,sadness,1.4,3.2,1,도대체 무슨 소리 하는거야.,야,train,0.3,0.0,0.0,0.0,0.0,0.7,0.0
Sess09_script04_M023,sadness,1.4,3.2,2,그런 얘기 그만해.,어,train,0.3,0.0,0.0,0.0,0.0,0.7,0.0
Sess09_script04_M024,sadness,1.5,4.0,1,미숙아 내가 잘못했어 내가 잘못했어.,어 | 어,train,0.0,0.0,0.1,0.0,0.0,0.9,0.0
Sess09_script04_M024,sadness,1.5,4.0,2,제발 살아줘 제발 살아줘.,어 | 어,train,0.0,0.0,0.1,0.0,0.0,0.9,0.0
Sess09_script04_F022,sadness,1.2,2.2,1,미안해.,어,train,0.0,0.0,0.0,0.0,0.0,1.0,0.0
Sess09_script05_F009,anger,2.4,2.9,1,l/ 팀장님 말씀이 좀 지나치시것 같으신데.,ᆫ데,train,0.7,0.2,0.0,0.0,0.1,0.0,0.0
Sess09_script05_M008,anger,2.0,2.6,1,지나친건 아니라고 봅니다.,ᆸ니다,train,0.3,0.1,0.0,0.0,0.6,0.0,0.0
Sess09_script05_M008,anger,2.0,2.6,2,오히려 지나친건 소은씨 같군요.,군요,train,0.3,0.1,0.0,0.0,0.6,0.0,0.0
Sess09_script05_M008,anger,2.0,2.6,3,곧 회의가 시작 될거라 저는 보고서를 다 파악해둬야는데 소은씨 덕분에 그 시간을 뺏기고 있으니까요.,으니까요,train,0.3,0.1,0.0,0.0,0.6,0.0,0.0
Sess09_script05_F010,anger,2.2,3.1,1,b/ 네 알겠습니다.,습니다,train,0.7,0.2,0.0,0.0,0.1,0.0,0.0
Sess09_script05_F010,anger,2.2,3.1,2,어 그럼 하나만 묻고 싶어요 제 아이디어는 왜 발탁 왜 발탁이 안된건가요?,어요 | ᆫ가,train,0.7,0.2,0.0,0.0,0.1,0.0,0.0
Sess09_script05_F010,anger,2.2,3.1,3,남의 아이디어가 더 뛰어나서 그랬다?,다,train,0.7,0.2,0.0,0.0,0.1,0.0,0.0
Sess09_script05_F010,anger,2.2,3.1,4,뭐 이런 식의 뻔한 답변은 팀장님께서 안 해주실거라 믿습니다.,습니다,train,0.7,0.2,0.0,0.0,0.1,0.0,0.0
Sess09_script05_M009,anger,2.0,2.6,1,b/ 아유 생각보다 소은씨는 까다롭군요.,군요,train,0.4,0.3,0.0,0.0,0.3,0.0,0.0
Sess09_script05_M009,anger,2.0,2.6,2,그게 왜 궁금하죠?,죠,train,0.4,0.3,0.0,0.0,0.3,0.0,0.0
Sess09_script05_F013,anger,2.2,3.2,1,아 너무 공격적으로 생각하시는 것 아닌가요?,ᆫ가요,train,0.7,0.2,0.0,0.0,0.1,0.0,0.0
Sess09_script05_F013,anger,2.2,3.2,2,이정돈 물어볼 순 있지 않나요?,나요,train,0.7,0.2,0.0,0.0,0.1,0.0,0.0
Sess09_script05_M012,anger,2.3,2.9,1,좋은 질문이군요.,군요,train,0.2,0.3,0.0,0.0,0.5,0.0,0.0
Sess09_script05_M012,anger,2.3,2.9,2,솔직히 소은씨 아이디어가 가장 훌륭했고 가장 높은 점수를 받았습니다.,습니다,train,0.2,0.3,0.0,0.0,0.5,0.0,0.0
Sess09_script05_M012,anger,2.3,2.9,3,하지만 저는 소은씨 같은 스타일을 싫어합니다.,ᆸ니다,train,0.2,0.3,0.0,0.0,0.5,0.0,0.0
Sess09_script05_F014,anger,2.1,2.7,1,b/ 개인적인 감정인가요?,ᆫ가,train,0.7,0.1,0.0,0.0,0.1,0.0,0.1
Sess09_script05_M013,anger,2.3,3.0,1,아뇨 기본이 부족해서 싫고 뭐 이 뜻은 심사위원 모두 공감했습니다.음 제가 말씀 드리면 소은씨는 발전하는게 아니라 퇴보하게 될거에요.,습니다 | 에요,train,0.5,0.2,0.0,0.0,0.3,0.0,0.0
Sess09_script05_M013,anger,2.3,3.0,2,발전이란 바탕이 있어야 높아지는데 잔인한 이야기지만 소은씨는 바탕이 부족합니다.,ᆸ니다,train,0.5,0.2,0.0,0.0,0.3,0.0,0.0
Sess09_script05_M013,anger,2.3,3.0,3,작성 후 읽어는 보셨나요?,나요,train,0.5,0.2,0.0,0.0,0.3,0.0,0.0
Sess09_script05_M013,anger,2.3,3.0,4,페이지 하나 하나 마다 오타가 하나씩 있습니다 그리고.,습니다,train,0.5,0.2,0.0,0.0,0.3,0.0,0.0
Sess09_script05_F015,anger,2.0,3.7,1,아니 아니 지금 오타 때문에 아이디어를 탈락 시켰다구요?,다구요,train,0.8,0.0,0.0,0.0,0.0,0.0,0.2
Sess09_script05_M014,anger,2.1,2.6,1,b/ 이번 장기 프로젝트의 핵심은 뭐죠?,죠,train,0.3,0.3,0.0,0.0,0.4,0.0,0.0
Sess09_script05_M016,anger,1.9,2.8,1,이제 제 이야기는 끝난 것 같군요.,군요,train,0.5,0.3,0.0,0.0,0.2,0.0,0.0
Sess09_script05_M016,anger,1.9,2.8,2,b/ 회의 시작 10분 전입니다.,ᆸ니다,train,0.5,0.3,0.0,0.0,0.2,0.0,0.0
Sess09_script05_M016,anger,1.9,2.8,3,저는 소은씨에게 5분을 드렸고 소은씨는 어느정도 이해한것 같군요.,군요,train,0.5,0.3,0.0,0.0,0.2,0.0,0.0
Sess09_script05_M016,anger,1.9,2.8,4,버려진 5분만큼 본인을 발전 시키고 나중에 만납시다.,ᆸ시다,train,0.5,0.3,0.0,0.0,0.2,0.0,0.0
Sess09_script05_M016,anger,1.9,2.8,5,아 그럼 나가주시죠.,죠,train,0.5,0.3,0.0,0.0,0.2,0.0,0.0
Sess09_script06_F006,anger,2.2,3.8,1,아 됐고 나 드라마 봐야 돼 나와.,어 | 어,train,0.6,0.1,0.0,0.0,0.3,0.0,0.0
Sess09_script06_F008,anger,2.1,3.8,1,아 아 진짜 나 지금 드라마 봐야된다고 그냥 인터넷으로 인터넷으로 나중에 검색해 QR코드 찍으면 다 나와 요새.,어,train,0.9,0.0,0.0,0.0,0.1,0.0,0.0
Sess09_script06_F009,anger,1.9,3.8,1,아 몰라 몰라 몰라 그게 당첨이 되겠냐!,어 | 어 | 어 | 냐,train,0.6,0.3,0.0,0.0,0.1,0.0,0.0
Sess09_script06_F015,happiness,4.8,4.8,1,어떡해 어떡해.,어 | 어,train,0.0,0.0,0.0,0.6,0.0,0.0,0.4
Sess09_script06_M016,happiness,5.0,4.8,1,이게 진짜냐?,냐,train,0.0,0.0,0.0,0.8,0.1,0.0,0.1
Sess09_script06_F016,happiness,4.7,4.7,1,진짜야 진짜 얼마든지 꼬집어 줄게.,야 | ᆯ게,train,0.0,0.0,0.0,0.9,0.0,0.0,0.1
Sess09_script06_M017,anger,4.6,4.8,1,s/ 아악 아씨 아프게 꼬집으면 어떡해.,어,train,0.4,0.0,0.0,0.1,0.1,0.0,0.4
Sess09_script06_F017,happiness,4.8,4.6,1,제대로 꼬집어야 꿈인지 아닌지 알 수 있지?,지,train,0.0,0.0,0.0,0.9,0.0,0.0,0.1
Sess09_script06_F017,happiness,4.8,4.6,2,s/ 어뜩해.,어,train,0.0,0.0,0.0,0.9,0.0,0.0,0.1
Sess09_script06_F017,happiness,4.8,4.6,3,u/ 1등이라.,라,train,0.0,0.0,0.0,0.9,0.0,0.0,0.1
Sess09_script06_M018,happiness,4.5,4.5,1,"o/ 우아 나 심장 뛰는거봐, 아 미칠거 같다 우아.",다,train,0.0,0.0,0.0,0.9,0.0,0.0,0.1
Sess09_script06_F018,happiness,4.8,4.4,1,나 잊지마.,어,train,0.0,0.0,0.0,1.0,0.0,0.0,0.0
Sess09_script06_F018,happiness,4.8,4.4,2,나 잊으면 안돼.,어,train,0.0,0.0,0.0,1.0,0.0,0.0,0.0
Sess09_script06_F018,happiness,4.8,4.4,3,오빠 나 마침 구두를 새로 좀 사야될 거 같은데.,은데,train,0.0,0.0,0.0,1.0,0.0,0.0,0.0
Sess09_script06_M019,happiness,3.2,3.6,1,너 이 사실 누구한테도 이야기하지마.,어,train,0.0,0.0,0.4,0.1,0.5,0.0,0.0
Sess09_script06_F019,happiness,4.5,3.8,1,아 알았어 알았어 걱정하지마.,어 | 어 | 어,train,0.0,0.0,0.0,0.8,0.2,0.0,0.0
Sess09_script06_F019,happiness,4.5,3.8,2,아 내가 또 입이 좀 무겁잖아 응?,잖아,train,0.0,0.0,0.0,0.8,0.2,0.0,0.0
Sess09_script06_F021,happiness,4.3,3.8,1,아 그럼 그럼 아우 걱정마.,어,train,0.0,0.0,0.0,0.8,0.2,0.0,0.0
Sess09_script06_F021,happiness,4.3,3.8,2,나 오빠 동생이잖아.,잖아,train,0.0,0.0,0.0,0.8,0.2,0.0,0.0
Sess09_script06_F021,happiness,4.3,3.8,3,나 몰라?,어,train,0.0,0.0,0.0,0.8,0.2,0.0,0.0
Sess09_script06_F021,happiness,4.3,3.8,4,나 못 믿어 오빠?,어,train,0.0,0.0,0.0,0.8,0.2,0.0,0.0
Sess09_script06_F021,happiness,4.3,3.8,5,o/ 나 믿지?,지,train,0.0,0.0,0.0,0.8,0.2,0.0,0.0
Sess09_script06_F022,happiness,4.2,3.9,1,내가 우리 오빠 잘 될줄 (알았다니까),다니까,train,0.0,0.0,0.0,0.9,0.1,0.0,0.0
Sess09_script06_M023,happiness,2.6,3.6,1,(알았다니까+아이) 됐고 됐고.,고,train,0.1,0.2,0.0,0.1,0.6,0.0,0.0
Sess09_script06_F023,happiness,4.5,3.9,1,은지랑 소개팅 하고 싶다고 했지?,지,train,0.0,0.0,0.0,0.8,0.2,0.0,0.0
Sess09_script06_F023,happiness,4.5,3.9,2,내가 소개시켜줄게.,ᆯ게,train,0.0,0.0,0.0,0.8,0.2,0.0,0.0
Sess09_script06_F023,happiness,4.5,3.9,3,바로 주선해줄게.,ᆯ게,train,0.0,0.0,0.0,0.8,0.2,0.0,0.0
Sess09_script06_M025,happiness,4.2,3.8,1,b/ 이야 돈이 좋긴 좋네 언제?,네,train,0.0,0.0,0.0,0.9,0.1,0.0,0.0
Sess09_script06_F025,happiness,4.3,3.8,1,아 내가 지금 전화 걸게 지금 어?,ᆯ게,train,0.0,0.0,0.0,0.9,0.1,0.0,0.0
Sess09_script06_F025,happiness,4.3,3.8,2,오빠 내 친구들 예쁜 애들 많아.,어,train,0.0,0.0,0.0,0.9,0.1,0.0,0.0
Sess09_script06_F025,happiness,4.3,3.8,3,알지?,지,train,0.0,0.0,0.0,0.9,0.1,0.0,0.0
Sess09_script06_M026,happiness,4.3,3.8,1,"o/ 진작에 그럴 것이지, 얼마 필요하니?",니,train,0.0,0.0,0.0,1.0,0.0,0.0,0.0
Sess09_script06_F026,happiness,4.8,4.7,1,진짜지?,지,train,0.0,0.0,0.0,1.0,0.0,0.0,0.0
Sess09_script06_F026,happiness,4.8,4.7,2,진짜지?,지,train,0.0,0.0,0.0,1.0,0.0,0.0,0.0
Sess09_script06_F026,happiness,4.8,4.7,3,"l/ 오빠 역시 우리 오빠가 짱이야, 역시 자수성가할 줄 알았다니까.오빠 나한테 역시 우리 오빠밖에 없어.",다니까 | 어,train,0.0,0.0,0.0,1.0,0.0,0.0,0.0
Sess09_script06_M027,happiness,4.3,3.5,1,"1억이라, 음 b/ 좋아 돈 찾으면 바로 (현금으로 줄게)",ᆯ게,train,0.0,0.0,0.0,0.7,0.3,0.0,0.0
Sess09_script06_F027,happiness,5.0,5.0,1,(현금으로 줄게+끼아악) 현금 현금 l/ 오빠 생각만 해도 너무 좋아.,ᆯ게 | 어,train,0.0,0.0,0.0,1.0,0.0,0.0,0.0
Sess09_script06_M028,happiness,4.4,3.9,1,b/ 씨 나도 너무 놀라서 이게 꿈인가?,ᆫ가,train,0.0,0.0,0.0,1.0,0.0,0.0,0.0
Sess09_script06_M028,happiness,4.4,3.9,2,생시인가 싶다 씨.,ᆫ가 | 다,train,0.0,0.0,0.0,1.0,0.0,0.0,0.0
Sess09_script06_M029,happiness,4.6,4.2,1,내일 날 밝으면 이제 나 고주홍의 시대가 열린다 이거야.,ᆫ다 | 야,train,0.0,0.0,0.0,1.0,0.0,0.0,0.0
Sess09_script06_M029,happiness,4.6,4.2,2,두고 봐.,어,train,0.0,0.0,0.0,1.0,0.0,0.0,0.0
Sess09_impro01_F024,sadness,2.7,2.2,1,우리 아들 웃는 거 보니까 마음이 다 가라앉더라.,더라,train,0.0,0.0,0.0,0.0,0.4,0.6,0.0
Sess09_impro01_F024,sadness,2.7,2.2,2,우리 아들은 내게 아들이자 남편이고 또 내 가족이고 내 분신이니까 아들 너무 슬퍼하지마 지연이도 똑같이 아파하고 있을 거야 조금만 견디다보면 금방 나아지겠지.,어 | 야 | 지,train,0.0,0.0,0.0,0.0,0.4,0.6,0.0
Sess09_impro01_F024,sadness,2.7,2.2,3,너가 슬프면 엄마도 너무 슬퍼.,어,train,0.0,0.0,0.0,0.0,0.4,0.6,0.0
Sess09_impro01_F025,sadness,2.5,2.4,1,o/ 엄마가 네 마음 다 알 순 없지만 엄마가 미안하다.,다,train,0.0,0.0,0.0,0.0,0.3,0.7,0.0
Sess09_impro01_F025,sadness,2.5,2.4,2,우리 아들 몰라줬네.,네,train,0.0,0.0,0.0,0.0,0.3,0.7,0.0
Sess09_impro02_F014,happiness,4.2,3.3,1,(아+오빠) 응급실 뛰어가가지고 (아 진짜+우리) 우리 자기 살려주세요.,세요,train,0.0,0.0,0.0,0.6,0.4,0.0,0.0
Sess09_impro02_F014,happiness,4.2,3.3,2,저도 의사에요 의사.,에요,train,0.0,0.0,0.0,0.6,0.4,0.0,0.0
Sess09_impro02_F014,happiness,4.2,3.3,3,우리 u/ (살려주세요),세요,train,0.0,0.0,0.0,0.6,0.4,0.0,0.0
Sess09_impro02_M017,happiness,3.0,3.4,1,o/ 아 진짜 맹장인 줄 알았으면 내가 안 그랬지.,지,train,0.3,0.1,0.0,0.2,0.4,0.0,0.0
Sess09_impro02_F015,happiness,4.4,3.3,1,b/ 오빠 근데 내가 그때 오빠 그 모습 보고 또 반했잖아 진짜.,잖아,train,0.0,0.0,0.0,0.8,0.2,0.0,0.0
Sess09_impro02_M018,anger,3.0,3.2,1,난 그때 아주 철렁했거든.,거든,train,0.4,0.0,0.0,0.2,0.3,0.0,0.1
Sess09_impro02_F016,happiness,4.2,3.3,1,오빤 내가 죽을까봐 그렇게 걱정됐어?,어,train,0.0,0.0,0.0,0.7,0.3,0.0,0.0
Sess09_impro02_M019,happiness,2.8,3.5,1,그럼 당연하지.,지,train,0.2,0.0,0.0,0.0,0.6,0.0,0.2
Sess09_impro02_M019,happiness,2.8,3.5,2,o/ 그러면 당신은 나 죽을 거 같으면 걱정 안해?,어,train,0.2,0.0,0.0,0.0,0.6,0.0,0.2
Sess09_impro02_F017,happiness,4.1,3.4,1,에 당연히 걱정하지.,지,train,0.0,0.0,0.0,0.7,0.3,0.0,0.0
Sess09_impro02_M021,happiness,3.5,3.1,1,b/ 왜 이래.,어,train,0.0,0.2,0.0,0.0,0.6,0.0,0.2
Sess09_impro02_F020,happiness,4.3,3.4,1,오랜만에 사랑한다고 한 번 얘기해줘.,어,train,0.0,0.0,0.0,0.6,0.4,0.0,0.0
Sess09_impro02_M023,happiness,2.8,2.3,1,아이 나 피곤해 자야 돼.,어,train,0.1,0.0,0.0,0.0,0.9,0.0,0.0
Sess09_impro02_M024,happiness,2.6,2.7,1,아 내일도 수술 많아.,어,train,0.1,0.0,0.0,0.0,0.9,0.0,0.0
Sess09_impro02_M024,happiness,2.6,2.7,2,자야 돼.,어,train,0.1,0.0,0.0,0.0,0.9,0.0,0.0
Sess09_impro02_F023,happiness,4.0,3.5,1,그 오랜만에 봤잖아.,잖아,train,0.0,0.0,0.0,0.7,0.3,0.0,0.0
Sess09_impro02_M025,happiness,2.7,2.6,1,아 그리고 그 손 다치고 그랬을 때 그런 말 듣는 거 아니야.,야,train,0.1,0.0,0.0,0.0,0.9,0.0,0.0
Sess09_impro02_F024,happiness,4.5,3.9,1,l/ 아니 오빠 그게 무슨 상관이야.,야,train,0.0,0.0,0.0,0.9,0.1,0.0,0.0
Sess09_impro02_M026,happiness,4.2,3.7,1,아 윤서 깨 안 돼 빨리 들어가서 자.,어 | 어,train,0.0,0.0,0.0,0.5,0.5,0.0,0.0
Sess09_impro02_F025,happiness,4.2,3.7,1,(그냥+오빠) 빨리 오랜만에 한 번만 응 한 번만 이렇게 예쁜 아내가 원하는데 안 해줄거야?,야,train,0.0,0.0,0.0,0.7,0.3,0.0,0.0
Sess09_impro02_F026,happiness,3.9,3.5,1,아 아니 오늘 해 줘.,어,train,0.0,0.0,0.0,0.6,0.4,0.0,0.0
Sess09_impro02_F029,happiness,4.1,3.3,1,그럼 당연하지.,지,train,0.0,0.0,0.0,0.7,0.3,0.0,0.0
Sess09_impro02_F029,happiness,4.1,3.3,2,한 번 얘기해 봐.,어,train,0.0,0.0,0.0,0.7,0.3,0.0,0.0
Sess09_impro02_M031,happiness,4.0,3.2,1,b/ 하 참 진짜 사랑해.,어,train,0.0,0.0,0.0,0.5,0.5,0.0,0.0
Sess09_impro02_F030,happiness,4.2,3.6,1,뭐라구?,라구,train,0.0,0.0,0.0,0.8,0.2,0.0,0.0
Sess09_impro02_M032,happiness,3.7,3.7,1,한 번 얘기할 때 똑바로 들어야지.,어야지,train,0.0,0.0,0.0,0.4,0.6,0.0,0.0
Sess09_impro02_F031,happiness,4.1,3.6,1,오빠 (어+예쁘게) 예쁘게 말해야지.,어야지,train,0.0,0.0,0.0,0.8,0.2,0.0,0.0
Sess09_impro02_F032,happiness,4.1,3.4,1,얘기해 봐.,어,train,0.0,0.0,0.0,0.7,0.3,0.0,0.0
Sess09_impro02_M034,happiness,4.1,3.5,1,사랑해.,어,train,0.0,0.0,0.0,0.4,0.6,0.0,0.0
Sess09_impro02_M035,happiness,4.3,4.1,1,b/ 사랑해.,어,train,0.0,0.1,0.0,0.4,0.5,0.0,0.0
Sess09_impro02_M035,happiness,4.3,4.1,2,사랑해.,어,train,0.0,0.1,0.0,0.4,0.5,0.0,0.0
Sess09_impro02_M035,happiness,4.3,4.1,3,그래 사랑한다.,ᆫ다,train,0.0,0.1,0.0,0.4,0.5,0.0,0.0
Sess09_impro02_M035,happiness,4.3,4.1,4,됐냐?,냐,train,0.0,0.1,0.0,0.4,0.5,0.0,0.0
Sess09_impro02_M035,happiness,4.3,4.1,5,o/ (좋아좋아+아 진짜 씨) 나 자야 돼.,어 | 어 | 어,train,0.0,0.1,0.0,0.4,0.5,0.0,0.0
Sess09_impro02_F034,happiness,4.5,3.8,1,아유 내가 진짜 저 남자 때문에 산다니까 여보여보 한 번만 더 사랑한다고 응 사랑한다 얘기해줘 봐.,ᆫ다 | 어,train,0.0,0.0,0.0,0.8,0.2,0.0,0.0
Sess09_impro03_M006,anger,2.0,2.9,1,우린 요리를 하는 사람이지 언론을 하는 사람이 아니에요.,에요,train,0.6,0.3,0.0,0.0,0.1,0.0,0.0
Sess09_impro03_M006,anger,2.0,2.9,2,o/ 그리고 제가 하는 말은 b/ 당신 짬뽕이 맛이 없다는 소리에요.,에요,train,0.6,0.3,0.0,0.0,0.1,0.0,0.0
Sess09_impro03_F007,anger,2.1,3.1,1,이게 맛이 없다구요?,다구요,train,0.7,0.2,0.0,0.0,0.1,0.0,0.0
Sess09_impro03_F008,anger,2.2,3.4,1,꾸준히 매출수익이 잘 올라가고 있는데 어떻게 이게 맛이 없을 수가 있어요?,어요,train,0.7,0.2,0.0,0.0,0.1,0.0,0.0
Sess09_impro03_F009,anger,2.2,3.4,1,o/ 주방장님 너무 쫌 l/ 수석으로 들어오셨다고 해서 b/ 너무 살 너무 거만하신 거 아니신가요?,ᆫ가,train,0.7,0.2,0.0,0.0,0.1,0.0,0.0
Sess09_impro03_M008,anger,2.1,2.8,1,제가 짬뽕만 가지고 그러는 줄 아세요?,세요,train,0.6,0.3,0.0,0.0,0.1,0.0,0.0
Sess09_impro03_M008,anger,2.1,2.8,2,o/ 짬뽕말고 또 있어요.,어요,train,0.6,0.3,0.0,0.0,0.1,0.0,0.0
Sess09_impro03_M008,anger,2.1,2.8,3,되게 많은데.,은데,train,0.6,0.3,0.0,0.0,0.1,0.0,0.0
Sess09_impro03_F011,anger,2.0,3.6,1,그만 하 그만하시죠.,죠,train,0.7,0.2,0.0,0.0,0.1,0.0,0.0
Sess09_impro03_M009,anger,2.0,2.8,1,b/ 아 저는 주방장님이랑 오늘 좀 얘기를 해야 될 거 같애요.,애요,train,0.7,0.3,0.0,0.0,0.0,0.0,0.0
Sess09_impro03_M009,anger,2.0,2.8,2,o/ 그러면 짬뽕 예 그래요 뭐 많이 팔리고 하니까 넘어간다 치죠.,어요 | 죠,train,0.7,0.3,0.0,0.0,0.0,0.0,0.0
Sess09_impro03_M009,anger,2.0,2.8,3,탕수육은 어떡할 건데요?,ᆫ데,train,0.7,0.3,0.0,0.0,0.0,0.0,0.0
Sess09_impro03_M009,anger,2.0,2.8,4,탕수육 드셔보셨어요?,어요,train,0.7,0.3,0.0,0.0,0.0,0.0,0.0
Sess09_impro03_F012,anger,2.1,3.8,1,허락 맡은거예요.,예요,train,0.7,0.2,0.0,0.0,0.1,0.0,0.0
Sess09_impro03_F012,anger,2.1,3.8,2,완전 찬사를 받았다구요.,다구요,train,0.7,0.2,0.0,0.0,0.1,0.0,0.0
Sess09_impro03_M010,anger,1.8,3.2,1,그렇다고 매번 튀길 때마다 그 사람이 와서 먹고 나가는 건 아니잖아요.,잖아요,train,0.7,0.3,0.0,0.0,0.0,0.0,0.0
Sess09_impro03_M010,anger,1.8,3.2,2,탕수육 이렇게 만들면 아 일반 손님들은 모르죠.,죠,train,0.7,0.3,0.0,0.0,0.0,0.0,0.0
Sess09_impro03_M010,anger,1.8,3.2,3,근데 나 같은 사람이 와서 한번 먹잖아요?,잖아요,train,0.7,0.3,0.0,0.0,0.0,0.0,0.0
Sess09_impro03_M010,anger,1.8,3.2,4,다신 안 와요.,어요,train,0.7,0.3,0.0,0.0,0.0,0.0,0.0
Sess09_impro03_F013,anger,2.1,3.6,1,아 그럼 제가 다시 한번 만들어 볼게요.,ᆯ게요,train,0.7,0.2,0.0,0.0,0.1,0.0,0.0
Sess09_impro03_F013,anger,2.1,3.6,2,다시 한번 만들어 보면 되잖아요.,잖아요,train,0.7,0.2,0.0,0.0,0.1,0.0,0.0
Sess09_impro03_F013,anger,2.1,3.6,3,(저기요+아 이번엔) 실패했을 수도 (있죠),죠,train,0.7,0.2,0.0,0.0,0.1,0.0,0.0
Sess09_impro03_M011,anger,1.8,3.7,1,(있죠+강미윤 씨) 지금 내가 하는 말을 잘 못 알아듣고 있는 거 같은데요.,죠 | 은데요,train,0.7,0.3,0.0,0.0,0.0,0.0,0.0
Sess09_impro03_M012,anger,1.8,3.4,1,내가 하는 건 당신이 요리를 취하는 자세가 그 자세가 잘못됐다는 겁니다.,ᆸ니다,train,0.7,0.3,0.0,0.0,0.0,0.0,0.0
Sess09_impro03_F014,anger,2.0,3.6,1,b/ 아니 제 요리는 언론에서 인정 하고 (u/ 했다니까요),다니까요,train,0.9,0.0,0.0,0.0,0.1,0.0,0.0
Sess09_impro03_M013,anger,1.8,4.3,1,(u/ 했다니까요+그놈의 언론) 내가 말하는 건 지금 그게 아니라고요.,다니까요 | 라고요,train,0.9,0.1,0.0,0.0,0.0,0.0,0.0
Sess09_impro03_M014,anger,1.7,3.8,1,아까도 말했지만 우리라는 사람이지 사람들 기분에 맞춰주는 그런 뭐 이런 뭐 뭐라 그래야 돼?,어,train,0.9,0.1,0.0,0.0,0.0,0.0,0.0
Sess09_impro03_M014,anger,1.7,3.8,2,(그런걸 만드는 걸 아니라구요),라구요,train,0.9,0.1,0.0,0.0,0.0,0.0,0.0
Sess09_impro03_F015,anger,1.9,3.5,1,(그런걸 만드는 걸 아니라구요+그래도 가게 운영을 하다보면) 언론도 중요하고 품평도 중요해요.,라구요 | 어요,train,0.9,0.0,0.0,0.0,0.1,0.0,0.0
Sess09_impro03_F015,anger,1.9,3.5,2,근데 이미 그렇게 언론에 많이 탔으면 이 요리는 충분히 가치가 있는 요리라구요.,라구요,train,0.9,0.0,0.0,0.0,0.1,0.0,0.0
Sess09_impro03_M015,anger,1.9,3.4,1,그 가치 있는 요리가 잘 안되니까 제가 여기로 온겁니다.,ᆸ니다,train,0.7,0.3,0.0,0.0,0.0,0.0,0.0
Sess09_impro03_F016,anger,2.1,3.4,1,맛이 없으셨어요?,어요,train,0.7,0.1,0.0,0.0,0.2,0.0,0.0
Sess09_impro03_F016,anger,2.1,3.4,2,그렇게 맛이 없으셨어요?,어요,train,0.7,0.1,0.0,0.0,0.2,0.0,0.0
Sess09_impro03_M016,anger,1.8,3.5,1,이건 요리가 아니라구요.,라구요,train,0.6,0.4,0.0,0.0,0.0,0.0,0.0
Sess09_impro03_F017,anger,1.6,3.6,1,하 정말 미치겠네 내가.,네,train,0.7,0.2,0.0,0.0,0.1,0.0,0.0
Sess09_impro03_F017,anger,1.6,3.6,2,그러면 그렇게 제 요리가 맛이 없으시면 주방장님이 하시면 되시겠네요.,네요,train,0.7,0.2,0.0,0.0,0.1,0.0,0.0
Sess09_impro03_F017,anger,1.6,3.6,3,u/ 직접 하세요.,세요,train,0.7,0.2,0.0,0.0,0.1,0.0,0.0
Sess09_impro03_F017,anger,1.6,3.6,4,그리고 저는 오늘부로 요리 파트는 요리 파트에서 손 뗄게요.,ᆯ게요,train,0.7,0.2,0.0,0.0,0.1,0.0,0.0
Sess09_impro03_F017,anger,1.6,3.6,5,손 떼면 되잖아요.,잖아요,train,0.7,0.2,0.0,0.0,0.1,0.0,0.0
Sess09_impro03_F018,anger,1.6,3.6,1,(강미윤 씨+아니) 어떻게 내 요리가 맛이 없을수가 있어.,어,train,1.0,0.0,0.0,0.0,0.0,0.0,0.0
Sess09_impro03_M017,anger,1.9,3.2,1,지금 열 받으시죠?,죠,train,0.6,0.3,0.0,0.0,0.1,0.0,0.0
Sess09_impro03_M017,anger,1.9,3.2,2,화나신 거죠.,죠,train,0.6,0.3,0.0,0.0,0.1,0.0,0.0
Sess09_impro03_F019,anger,1.6,3.9,1,내가 어이가 없네요.,네요,train,1.0,0.0,0.0,0.0,0.0,0.0,0.0
Sess09_impro03_M018,anger,1.7,3.2,1,그 왜 어이가 없는지 아세요?,세요,train,0.5,0.4,0.0,0.0,0.1,0.0,0.0
Sess09_impro03_M018,anger,1.7,3.2,2,당신도 당신의 요리에 자신이 없어서 그런 거예요.,예요,train,0.5,0.4,0.0,0.0,0.1,0.0,0.0
Sess09_impro03_M019,anger,1.5,3.7,1,그 열 받은 마음으로 가게를 더 운영할 생각을 하지말고 요리를 어떻게 더 신경쓸 수 있을 지 그걸 좀 신경쓰라는 거예요 난 그 말을 하고 싶은 거라구요.,예요 | 라구요,train,0.6,0.3,0.0,0.0,0.1,0.0,0.0
Sess09_impro03_F021,anger,1.4,4.0,1,아 그래요 뭐 좋아요.,어요 | 어요,train,0.9,0.0,0.0,0.0,0.1,0.0,0.0
Sess09_impro03_F021,anger,1.4,4.0,2,이게 진짜 맛있다고 인정을 하면 제가 당신 밑에서 개처럼 일할게요.,ᆯ게요,train,0.9,0.0,0.0,0.0,0.1,0.0,0.0
Sess09_impro03_F021,anger,1.4,4.0,3,처음부터 설거지부터 하겠다구요.,다구요,train,0.9,0.0,0.0,0.0,0.1,0.0,0.0
Sess09_impro03_F021,anger,1.4,4.0,4,b/ 근데 만약에 이게 진짜 맛이 없다.,다,train,0.9,0.0,0.0,0.0,0.1,0.0,0.0
Sess09_impro03_F021,anger,1.4,4.0,5,그럼 당신이 내 밑에서 개처럼 일해요 아무말도 없이 내 경 경영권에 대해서 어떠한 이야기도 하지 말라구요.,어요 | 라구요,train,0.9,0.0,0.0,0.0,0.1,0.0,0.0
Sess09_impro03_F021,anger,1.4,4.0,6,한번 만들어보세요.,세요,train,0.9,0.0,0.0,0.0,0.1,0.0,0.0
Sess09_impro03_F022,anger,1.4,4.0,1,b/ 진짜 내가 어이가 없어서.,어서,train,0.8,0.2,0.0,0.0,0.0,0.0,0.0
Sess09_impro03_F022,anger,1.4,4.0,2,내가 이 당신 짬뽕도 다른 짬뽕들과 차이가 있다면 아니면 그냥 당신이 나가요.,어요,train,0.8,0.2,0.0,0.0,0.0,0.0,0.0
Sess09_impro03_F022,anger,1.4,4.0,3,아니 당신 필요 없을 거 같아요.,어요,train,0.8,0.2,0.0,0.0,0.0,0.0,0.0
Sess09_impro03_F022,anger,1.4,4.0,4,그냥 나가요.,어요,train,0.8,0.2,0.0,0.0,0.0,0.0,0.0
Sess09_impro03_F022,anger,1.4,4.0,5,내 피와 땀이 쩔어있는 이곳에서 당신이 더 이상 함부로 얘기할 수 없게 만들 테니까 지금 당장 짬뽕 만들어서 와라고요.,라고요,train,0.8,0.2,0.0,0.0,0.0,0.0,0.0
Sess09_impro03_M021,anger,1.9,3.2,1,근데 당신 말대로 짬뽕 가지고 올테니까.,니까,train,0.4,0.3,0.0,0.0,0.3,0.0,0.0
Sess09_impro03_M022,anger,1.8,3.3,1,먹고 만약에 내 짬뽕이 맛있다면 당신이 말한 것처럼 그 반대로 당신이 내 밑에서 개처럼 일하고 제대로 배울 준비하고 있어요.,어요,train,0.5,0.3,0.0,0.0,0.2,0.0,0.0
Sess09_impro03_M022,anger,1.8,3.3,2,(알았어요),어요,train,0.5,0.3,0.0,0.0,0.2,0.0,0.0
Sess09_impro03_F025,anger,1.8,3.4,1,(알았어요+알겠습) 알겠습니다.,어요 | 습니다,train,0.7,0.2,0.0,0.0,0.1,0.0,0.0
Sess09_impro03_M023,anger,1.8,3.4,1,내가 지금 가서 짬뽕 만들어 올 테니까 딱 준비하고 있으라고.,으라고,train,0.7,0.3,0.0,0.0,0.0,0.0,0.0
Sess09_impro03_F026,anger,2.0,3.4,1,좋아요.,어요,train,0.7,0.2,0.0,0.0,0.1,0.0,0.0
Sess17_script01_M005,anger,2.5,3.3,1,아 이거 10분이면 끝나 조금만 기다려.,어,val,0.4,0.3,0.0,0.0,0.3,0.0,0.0
Sess17_script01_M011,happiness,4.5,4.4,1,우아 야 와 네 네 개 맞았어 네 개.,어,val,0.0,0.0,0.0,0.7,0.0,0.0,0.3
Sess17_script01_M011,happiness,4.5,4.4,2,와 어우 씨 이거 어떻게 해 와.,어,val,0.0,0.0,0.0,0.7,0.0,0.0,0.3
Sess17_script01_M012,happiness,4.6,4.5,1,제발 제발 제발 제발 제발 제발 아 (어떡해),어,val,0.0,0.0,0.0,0.8,0.0,0.0,0.2
Sess17_script01_F011,happiness,4.0,4.4,1,(어떡해+진짜) o/ 진짜?,어,val,0.0,0.0,0.0,0.1,0.0,0.0,0.9
Sess17_script01_F011,happiness,4.0,4.4,2,오빠 아 진짜 어떡해 여섯 개 다 맞는거 아냐?,어 | 냐,val,0.0,0.0,0.0,0.1,0.0,0.0,0.9
Sess17_script01_M016,happiness,4.8,4.8,1,l/ 야 야 로또 1등 와 이씨 야 로또 1 1등이야 와우 어떡하냐.,야 | 냐,val,0.0,0.0,0.0,1.0,0.0,0.0,0.0
Sess17_script01_F014,happiness,5.0,5.0,1,아 오빠 어떡해 어떡해 어떡해 어떡해.,어 | 어 | 어 | 어,val,0.0,0.0,0.0,1.0,0.0,0.0,0.0
Sess17_script01_M017,happiness,4.3,4.4,1,나 좀 나 좀 꼬집어 봐.,어,val,0.0,0.0,0.0,0.7,0.0,0.0,0.3
Sess17_script01_M017,happiness,4.3,4.4,2,이거 이 진짜야?,야,val,0.0,0.0,0.0,0.7,0.0,0.0,0.3
Sess17_script01_M018,happiness,3.0,4.6,1,(오빠+아이씨) 아프게 꼬집으면 어떡해.,어,val,0.6,0.1,0.0,0.1,0.0,0.0,0.2
Sess17_script01_F016,happiness,4.2,3.9,1,아 제대로 꼬집어야 이게 꿈인지 아닌지 알 수 있잖아.,잖아,val,0.0,0.0,0.0,0.5,0.3,0.0,0.2
Sess17_script01_M019,happiness,4.6,4.7,1,와 씨 나 심장 뛰는거봐 o/ 야 야  미칠거 같다 진짜 (와),다,val,0.0,0.0,0.0,0.8,0.0,0.0,0.2
Sess17_script01_F017,happiness,4.2,4.0,1,o/ 나 잊지마 나 잊으면 안돼.,어 | 어,val,0.0,0.0,0.0,0.4,0.4,0.0,0.2
Sess17_script01_F017,happiness,4.2,4.0,2,아 맞다.,다,val,0.0,0.0,0.0,0.4,0.4,0.0,0.2
Sess17_script01_M023,happiness,4.2,3.9,1,이야 씨 돈이 좋긴 좋네 언제?,네,val,0.0,0.0,0.0,1.0,0.0,0.0,0.0
Sess17_script01_F022,happiness,4.2,3.9,1,아 지금 지금 전화 걸게 나 친구들 진짜 많아.,ᆯ게 | 어,val,0.0,0.0,0.0,0.6,0.4,0.0,0.0
Sess17_script01_M024,happiness,4.4,3.8,1,진작에 그럴 것이지.,지,val,0.0,0.0,0.0,0.8,0.2,0.0,0.0
Sess17_script01_M024,happiness,4.4,3.8,2,b/ 얼마 필요하냐?,냐,val,0.0,0.0,0.0,0.8,0.2,0.0,0.0
Sess17_script01_F023,happiness,4.6,4.7,1,진짜지?,지,val,0.0,0.0,0.0,1.0,0.0,0.0,0.0
Sess17_script01_F023,happiness,4.6,4.7,2,오빠 진짜 우리 오빠가 짱이야 최고야 나한테 역시 우리 오빠밖에 없어.,야 | 야 | 어,val,0.0,0.0,0.0,1.0,0.0,0.0,0.0
Sess17_script01_F024,happiness,4.8,4.7,1,아 오빠 나 진짜 생각만 해도 너무 좋아 어떡해.,어 | 어,val,0.0,0.0,0.0,1.0,0.0,0.0,0.0
Sess17_script01_M026,happiness,4.6,4.3,1,아 나도 너무 놀라가지고 이것이 꿈인가?,ᆫ가,val,0.0,0.0,0.0,0.8,0.2,0.0,0.0
Sess17_script01_M026,happiness,4.6,4.3,2,생시인가?,ᆫ가,val,0.0,0.0,0.0,0.8,0.2,0.0,0.0
Sess17_script01_M026,happiness,4.6,4.3,3,싶다.,다,val,0.0,0.0,0.0,0.8,0.2,0.0,0.0
Sess17_script01_M027,happiness,4.8,4.3,1,내일 날 밝으면 이제 고주홍의 시대가 열린다 이거야.,ᆫ다 | 야,val,0.0,0.0,0.0,0.9,0.1,0.0,0.0
Sess17_script01_M027,happiness,4.8,4.3,2,두고 봐 내가 이 돈으로 세상 깜짝 놀라게 해줄테니까.,니까,val,0.0,0.0,0.0,0.9,0.1,0.0,0.0
Sess17_script02_M001,happiness,4.4,3.5,1,l/ 야야 저거 봐봐.,어,val,0.0,0.0,0.0,0.9,0.1,0.0,0.0
Sess17_script02_M001,happiness,4.4,3.5,2,저 개그맨 웃기지 않냐?,냐,val,0.0,0.0,0.0,0.9,0.1,0.0,0.0
Sess17_script02_F001,happiness,2.5,2.1,1,뭐가 그렇게 o/ 재미있어?,어,val,0.0,0.1,0.0,0.0,0.8,0.1,0.0
Sess17_script02_M002,happiness,4.5,3.7,1,아 웃기잖아.,잖아,val,0.0,0.0,0.0,0.9,0.1,0.0,0.0
Sess17_script02_M002,happiness,4.5,3.7,2,l/ 아 이거 바나나 맛있다.,다,val,0.0,0.0,0.0,0.9,0.1,0.0,0.0
Sess17_script02_M002,happiness,4.5,3.7,3,어디서 산 거야?,야,val,0.0,0.0,0.0,0.9,0.1,0.0,0.0
Sess17_script02_M011,sadness,2.1,3.1,1,수 수술하면 되는거 아니야?,야,val,0.0,0.0,0.1,0.0,0.2,0.4,0.3
Sess17_script02_M012,sadness,1.8,2.9,1,b/ 얼마 얼마나 살 수 있대?,대,val,0.0,0.0,0.0,0.0,0.1,0.6,0.3
Sess17_script02_M013,sadness,1.6,4.4,1,b/ 아이 그러니까 내가 저번에 너 가슴 아프다고 할때 병원 가보라고 그랬잖아.,잖아,val,1.0,0.0,0.0,0.0,0.0,0.0,0.0
Sess17_script02_F012,anger,1.9,2.3,1,화 낸다고 달라질 건 없잖아.,잖아,val,0.2,0.0,0.0,0.0,0.4,0.4,0.0
Sess17_script02_M014,sadness,2.0,3.2,1,b/ u/ 미안해 여보 소리쳐서 미안해.,어 | 어,val,0.0,0.0,0.0,0.0,0.0,1.0,0.0
Sess17_script02_M014,sadness,2.0,3.2,2,n/ b/ 이왕 이렇게 된거 할 수 있는 한 뭐든지 해보자.,자,val,0.0,0.0,0.0,0.0,0.0,1.0,0.0
Sess17_script02_M014,sadness,2.0,3.2,3,그리고 요즘에 의사들 돌팔이들 많다잖아 뭐 아닐 수도 있어 어?,다잖아 | 어,val,0.0,0.0,0.0,0.0,0.0,1.0,0.0
Sess17_script02_M014,sadness,2.0,3.2,4,그러고 6개월이 아니라 6년 그 뭐 유 60년을 살 수도 있잖아.,잖아,val,0.0,0.0,0.0,0.0,0.0,1.0,0.0
Sess17_script02_M014,sadness,2.0,3.2,5,병원 가자 어?,자,val,0.0,0.0,0.0,0.0,0.0,1.0,0.0
Sess17_script02_F013,sadness,1.4,1.5,1,아냐 난 아냐 틀렸어.,어,val,0.0,0.0,0.0,0.0,0.2,0.8,0.0
Sess17_script02_M015,sadness,1.7,4.1,1,아 틀리긴 뭘 틀려.,어,val,0.9,0.0,0.0,0.0,0.0,0.1,0.0
Sess17_script02_M015,sadness,1.7,4.1,2,빨리 병원에 가자니까.,자니까,val,0.9,0.0,0.0,0.0,0.0,0.1,0.0
Sess17_script02_F014,sadness,1.7,1.8,1,여보 우리 아빠 기억해?,어,val,0.0,0.0,0.0,0.0,0.3,0.7,0.0
Sess17_script02_F015,sadness,1.7,1.7,1,사실 우리 아빠도 나랑 같은 병이었어.,어,val,0.0,0.0,0.0,0.0,0.2,0.8,0.0
Sess17_script02_F016,sadness,1.2,1.6,1,미안해 아빠는 3년 동안 폐암으로 병원에 계시다가 돌아가셨어.,어 | 어,val,0.0,0.0,0.0,0.0,0.0,1.0,0.0
Sess17_script02_M018,sadness,2.0,3.2,1,b/ 미숙아 아 지금 그게 중요한게 아니야.,야,val,0.0,0.0,0.0,0.0,0.2,0.8,0.0
Sess17_script02_M018,sadness,2.0,3.2,2,그게 중요한게 아니잖아 일단 입원 치료하고 수술 받자.,잖아 | 자,val,0.0,0.0,0.0,0.0,0.2,0.8,0.0
Sess17_script02_M018,sadness,2.0,3.2,3,그러면 살 수 (있어),어,val,0.0,0.0,0.0,0.0,0.2,0.8,0.0
Sess17_script02_F017,sadness,1.1,2.9,1,(있어+아냐) o/ 어차피 안되는 일인데 어차피 살 수 없는데 실날 같은 목숨 붙잡아 두구 본인도 힘들고 주위 사람도 힘들고.,고,val,0.1,0.0,0.0,0.0,0.0,0.9,0.0
Sess17_script02_M019,sadness,1.7,3.3,1,아 그런 생각좀 하지마 어?,어,val,0.2,0.0,0.0,0.0,0.0,0.8,0.0
Sess17_script02_M019,sadness,1.7,3.3,2,지금도 안 늦었어.,어,val,0.2,0.0,0.0,0.0,0.0,0.8,0.0
Sess17_script02_M019,sadness,1.7,3.3,3,일단 정리하고 병원 가자?,자,val,0.2,0.0,0.0,0.0,0.0,0.8,0.0
Sess17_script02_F018,sadness,1.2,2.6,1,무슨 의미가 있겠어?,어,val,0.0,0.0,0.0,0.0,0.0,1.0,0.0
Sess17_script02_F018,sadness,1.2,2.6,2,3년을 더 사셨다구 아빠는 행복했을까.,을까,val,0.0,0.0,0.0,0.0,0.0,1.0,0.0
Sess17_script02_M020,sadness,1.4,3.4,1,아니 왜 그래 진짜.,어,val,0.1,0.0,0.0,0.0,0.0,0.8,0.1
Sess17_script02_M020,sadness,1.4,3.4,2,왜 그렇게 약한 생각을 (해),어,val,0.1,0.0,0.0,0.0,0.0,0.8,0.1
Sess17_script02_F019,sadness,1.2,3.7,1,(해+나도) 살고 싶어.,어,val,0.2,0.0,0.1,0.0,0.0,0.7,0.0
Sess17_script02_F019,sadness,1.2,3.7,2,나도 사람인데.,ᆫ데,val,0.2,0.0,0.1,0.0,0.0,0.7,0.0
Sess17_script02_F019,sadness,1.2,3.7,3,근데 싸우기엔 너무 늦었고 나 지쳤어.,어,val,0.2,0.0,0.1,0.0,0.0,0.7,0.0
Sess17_script02_F020,sadness,2.0,2.1,1,n/ 당신 우리 애들 잘 부탁해.,어,val,0.0,0.0,0.0,0.0,0.0,1.0,0.0
Sess17_script02_F020,sadness,2.0,2.1,2,그리고 남은 시간 우리 행복하게 지내면 되잖아.,잖아,val,0.0,0.0,0.0,0.0,0.0,1.0,0.0
Sess17_script02_F020,sadness,2.0,2.1,3,o/ 나 행복하고 싶어.,어,val,0.0,0.0,0.0,0.0,0.0,1.0,0.0
Sess17_script02_F020,sadness,2.0,2.1,4,그리고 행복하게 죽고 싶어.,어,val,0.0,0.0,0.0,0.0,0.0,1.0,0.0
Sess17_script02_F020,sadness,2.0,2.1,5,예쁜 모습 좋은 모습만 남기고 싶어.,어,val,0.0,0.0,0.0,0.0,0.0,1.0,0.0
Sess17_script02_F021,sadness,1.5,2.0,1,그리고 마지막 부탁이 있어.,어,val,0.0,0.0,0.0,0.0,0.2,0.8,0.0
Sess17_script02_F021,sadness,1.5,2.0,2,둘째 결혼 시키고 당신도 재혼해 o/ 혹시 n/ 애들 결혼 전에 재혼하면 애들도 상처 받을 수 있으니까 o/ 애들 결혼만 시켜줘 그리고 좋은 여자 만나 알겠지?,어 | 지,val,0.0,0.0,0.0,0.0,0.2,0.8,0.0
Sess17_script02_M023,sadness,1.4,3.9,1,아이 도대체 무슨 소리 하는거야.,야,val,0.8,0.0,0.0,0.0,0.0,0.2,0.0
Sess17_script02_M023,sadness,1.4,3.9,2,그런 얘기 좀 그만해.,어,val,0.8,0.0,0.0,0.0,0.0,0.2,0.0
Sess17_script02_M024,sadness,1.6,2.7,1,미숙아 n/ 내가 잘못했어 제발 좀 살아줘 어?,어 | 어,val,0.0,0.0,0.0,0.0,0.0,1.0,0.0
Sess17_script03_M017,anger,3.5,3.4,1,o/ 아 잘하시네 근데 목소리가 너무 작다 아 좀 더 크게.,네 | 다,val,0.0,0.3,0.0,0.4,0.3,0.0,0.0
Sess17_script03_M019,anger,1.4,4.7,1,(말라구요+참) 어이가 없어가지고 그럼 나가요.,라구요 | 어요,val,1.0,0.0,0.0,0.0,0.0,0.0,0.0
Sess17_script03_M019,anger,1.4,4.7,2,당신 말고도 지원자는 널렸어.,어,val,1.0,0.0,0.0,0.0,0.0,0.0,0.0
Sess17_script04_M014,anger,2.0,3.1,1,맞아요 그 지속성.,어요,val,0.5,0.2,0.0,0.0,0.3,0.0,0.0
Sess17_script04_M014,anger,2.0,3.1,2,그리고 기본적으로 이번 프로젝트는 3년이란 시간을 기본 바탕으로 하고 있습니다.,습니다,val,0.5,0.2,0.0,0.0,0.3,0.0,0.0
Sess17_script04_M014,anger,2.0,3.1,3,그 중에 가장 필요한게 담당자의 책임감과 꾸준함이죠.,죠,val,0.5,0.2,0.0,0.0,0.3,0.0,0.0
Sess17_script04_M014,anger,2.0,3.1,4,환경 문제가 한번에 해결되는게 아니니까요.,니까요,val,0.5,0.2,0.0,0.0,0.3,0.0,0.0
Sess17_script04_M014,anger,2.0,3.1,5,하지만 소은씨는 그 기본 마저 안되어 있다고요.,다고요,val,0.5,0.2,0.0,0.0,0.3,0.0,0.0
Sess17_script04_M014,anger,2.0,3.1,6,자기 보고서 하나도 제대로 완수 못하고 오타를 내는 담당자에게 어떻게 3년이나 지속되는 프로젝트를 맡길 수 있습니까?,습니까,val,0.5,0.2,0.0,0.0,0.3,0.0,0.0
Sess17_script04_M015,anger,2.2,3.2,1,이제 제 이야기는 끝난 것 같은데 회의 시작 10분 전입니다.,ᆸ니다,val,0.4,0.4,0.0,0.0,0.2,0.0,0.0
Sess17_script04_M015,anger,2.2,3.2,2,저는 소은씨에게 5분을 드렸고 소은씨는 어느정도 이해한것 같애요.,애요,val,0.4,0.4,0.0,0.0,0.2,0.0,0.0
Sess17_script04_M015,anger,2.2,3.2,3,버려진 5분만큼 본인을 발전 시키고 나중에 다시 만납시다.,ᆸ시다,val,0.4,0.4,0.0,0.0,0.2,0.0,0.0
Sess17_script04_M015,anger,2.2,3.2,4,그럼 나가주시죠.,죠,val,0.4,0.4,0.0,0.0,0.2,0.0,0.0
Sess17_script05_M002,anger,1.4,4.7,1,씨 아 그러니까 날 말렸어야지 내가 술 먹어서 운전 안한다고 했잖아.,어야지 | 잖아,val,1.0,0.0,0.0,0.0,0.0,0.0,0.0
Sess17_script05_F002,anger,2.6,3.4,1,지섭씨 일단 112에 신고하자.,자,val,0.0,0.0,0.3,0.0,0.4,0.0,0.3
Sess17_script05_M011,happiness,4.6,4.2,1,b/ 그래 야 고라니였나 보다 그치?,다,val,0.0,0.0,0.2,0.8,0.0,0.0,0.0
Sess17_script05_M011,happiness,4.6,4.2,2,고라니였어 어.,어,val,0.0,0.0,0.2,0.8,0.0,0.0,0.0
Sess17_script05_M011,happiness,4.6,4.2,3,너랑 나랑 술을 마셔가지고 고라니를 사람으로 착각한거야 (그치),야,val,0.0,0.0,0.2,0.8,0.0,0.0,0.0
Sess17_script05_F007,happiness,1.9,4.3,1,(그치+아 지섭씨) 사람하고 고라니를 구분 못 할 정돈 (아니잖아),어,val,0.2,0.5,0.2,0.0,0.0,0.0,0.1
Sess17_script05_M012,anger,1.5,4.7,1,(아니잖아+아 그럼) 뭔데.,잖아 | ᆷ | ᆫ데,val,0.9,0.0,0.0,0.0,0.0,0.0,0.1
Sess17_script05_M012,anger,1.5,4.7,2,뭐 어떻게 된 건데.,ᆫ데,val,0.9,0.0,0.0,0.0,0.0,0.0,0.1
Sess17_script05_M014,anger,1.8,4.3,1,(데려가야지+우리) 술마셨잖아.,어야지 | 잖아,val,0.9,0.0,0.0,0.0,0.1,0.0,0.0
Sess17_script05_M017,anger,1.7,4.4,1,너 내가 망가지길 원해?,어,val,0.9,0.1,0.0,0.0,0.0,0.0,0.0
Sess17_script05_M017,anger,1.7,4.4,2,내가 인생 바닥으로 떨어지길 (원하냐구),냐구,val,0.9,0.1,0.0,0.0,0.0,0.0,0.0
Sess17_script05_F012,anger,1.9,3.7,1,(원하냐구+지섭씨) 사람 목숨이 달린거잖아 아 일단 찾아보자 응?,냐구 | 잖아 | 자,val,0.2,0.0,0.6,0.0,0.2,0.0,0.0
Sess17_script05_M018,anger,1.5,4.8,1,(내가+야) 전화기 내려놔.,어,val,1.0,0.0,0.0,0.0,0.0,0.0,0.0
Sess17_script05_F013,anger,1.8,2.8,1,지섭씨 왜 그래?,어,val,0.0,0.0,0.9,0.0,0.0,0.0,0.1
Sess17_script05_M019,anger,1.6,4.2,1,자꾸 이러면 나도 더 이상은 안 참아.,어,val,0.8,0.2,0.0,0.0,0.0,0.0,0.0
Sess17_script05_M020,anger,1.3,3.9,1,너도 사라지게 해줘?,어,val,0.8,0.2,0.0,0.0,0.0,0.0,0.0
Sess17_script05_F014,anger,1.6,2.7,1,지금 그게 무슨 말이야?,야,val,0.0,0.1,0.8,0.0,0.0,0.0,0.1
Sess17_script05_M021,anger,1.3,4.5,1,지금 니가 나한테 하는 짓이 더 이상해.,어,val,0.9,0.1,0.0,0.0,0.0,0.0,0.0
Sess17_script05_M022,anger,1.3,4.8,1,나 지금 망가트리려고 너 지금 작정했잖아.,잖아,val,1.0,0.0,0.0,0.0,0.0,0.0,0.0
Sess17_script05_M022,anger,1.3,4.8,2,우리 미래가 중요해?,어,val,1.0,0.0,0.0,0.0,0.0,0.0,0.0
Sess17_script05_M022,anger,1.3,4.8,3,너 입만 뻥끗해봐 너도 똑같이 만들어줄테니까.,니까,val,1.0,0.0,0.0,0.0,0.0,0.0,0.0
Sess17_script05_F015,anger,1.5,2.9,1,지섭씨 나 (무서워),어,val,0.0,0.0,1.0,0.0,0.0,0.0,0.0
Sess17_script05_M023,anger,1.3,4.1,1,(무서워+지 진짜) 무서운게 뭔지 보여줘?,어 | 어,val,0.8,0.2,0.0,0.0,0.0,0.0,0.0
Sess17_script05_M023,anger,1.3,4.1,2,오늘 있었던 일은 너랑 나만 아는거야 아무도 못 봤어 알았어?,어 | 어,val,0.8,0.2,0.0,0.0,0.0,0.0,0.0
Sess17_script05_M023,anger,1.3,4.1,3,그러니까 넌 입 닥치고 있어 우리 오늘 고라니 친거야.,어 | 야,val,0.8,0.2,0.0,0.0,0.0,0.0,0.0
Sess17_script05_M023,anger,1.3,4.1,4,어차피 죽었는지 살았는지도 모르는데 알바 없잖아.,잖아,val,0.8,0.2,0.0,0.0,0.0,0.0,0.0
Sess17_script05_M024,anger,1.5,4.1,1,그리고 너도 똑바로 들어.,어,val,0.8,0.0,0.0,0.0,0.2,0.0,0.0
Sess17_script05_M025,anger,1.3,4.2,1,넌 차에서 내려도 o/ 경찰에 전화해도 넌 죽어 알았어?,어 | 어,val,0.8,0.2,0.0,0.0,0.0,0.0,0.0
Sess17_script05_F016,anger,1.7,2.7,1,알았어.,어,val,0.0,0.0,1.0,0.0,0.0,0.0,0.0
Sess17_script05_M026,anger,2.4,3.6,1,잊어 다 잊는거야 그럼 다시 우리 돌아갈 수 있어.,야 | 어,val,0.5,0.0,0.2,0.0,0.3,0.0,0.0
Sess17_script05_M032,anger,1.5,4.3,1,(어떡해+뭘 어떡해) 이왕 이렇게 된거 확실히 해야지.,어 | 어 | 어야지,val,0.6,0.2,0.1,0.0,0.0,0.0,0.1
Sess17_script05_F021,anger,1.9,3.9,1,지금 뭐하려고.,려고,val,0.1,0.0,0.2,0.0,0.0,0.0,0.7
Sess17_script05_M033,anger,1.6,3.6,1,완전히 끝장내야지.,어야지,val,0.5,0.3,0.2,0.0,0.0,0.0,0.0
Sess17_script06_F009,happiness,3.4,3.4,1,(부끄럽게+어때) 나 오빠 여잔데 오빠 내가 부끄러?,어,val,0.3,0.1,0.0,0.3,0.3,0.0,0.0
Sess17_script06_M010,happiness,4.1,3.6,1,아니 그게 아니라 갑자기 그러니까 당연히 당황하지.,지,val,0.0,0.0,0.0,0.5,0.2,0.0,0.3
Sess17_script06_M013,happiness,4.1,3.7,1,제주도 서귀포에 풍경 좋은 곳이 많거든?,거든,val,0.0,0.0,0.0,0.6,0.4,0.0,0.0
Sess17_script06_M013,happiness,4.1,3.7,2,어 그쪽에 바다가 보이는 n/ 양지바른 땅을 사서 하얗고 웅장하게 팬션을 짓는 거야.,야,val,0.0,0.0,0.0,0.6,0.4,0.0,0.0
Sess17_script06_F013,happiness,3.6,3.3,1,(낳아서+에이) 무슨 셋은 낳아야지.,어야지,val,0.1,0.1,0.0,0.3,0.5,0.0,0.0
Sess17_script06_M015,happiness,3.8,3.4,1,누가 너랑 결혼 한대?,ᆫ대,val,0.0,0.0,0.0,0.4,0.3,0.0,0.3
Sess17_script06_M021,sadness,2.7,2.7,1,b/ 미안해 사실 나 이번에도 월급을 못 받았어.,어 | 어,val,0.0,0.2,0.0,0.1,0.3,0.4,0.0
Sess17_script06_F022,happiness,4.4,3.6,1,l/ 오빠 너무 웃겨.,어,val,0.0,0.0,0.0,1.0,0.0,0.0,0.0
Sess17_script06_M023,happiness,2.8,3.1,1,o/ b/ 미안해 b/ 하지만 다음에 만날땐 내가 진짜 꼭 멋진 선물 사줄게.,어 | ᆯ게,val,0.0,0.0,0.0,0.3,0.1,0.6,0.0
Sess17_script06_M023,happiness,2.8,3.1,2,내가 지금은 비록 중국집 배달부 밖에 안되지만 열심히 일하면 내 제주도 앞바다에 멋진 펜션 짓고 우리도 멋있고 행복하게 살 수 (있어),어,val,0.0,0.0,0.0,0.3,0.1,0.6,0.0
Sess17_script06_M024,sadness,3.3,3.1,1,여진이 니가 생각해도 젓가락 100개는 좀 심했지?,지,val,0.0,0.0,0.0,0.2,0.1,0.6,0.1
Sess17_script06_M024,sadness,3.3,3.1,2,b/ (미안해),어,val,0.0,0.0,0.0,0.2,0.1,0.6,0.1
Sess17_script06_F029,happiness,4.1,3.5,1,자 o/ 오빠는 젓가락을 줬지만 난 아주 좋은 걸 줄게.,ᆯ게,val,0.0,0.0,0.0,0.3,0.7,0.0,0.0
Sess17_script06_M028,happiness,3.5,3.5,1,이게 뭔데?,ᆫ데,val,0.0,0.0,0.0,0.4,0.2,0.0,0.4
Sess17_script06_F032,sadness,3.7,3.4,1,아유 오빠 아 누가 선물하고 누가 프로포즈 하면 어때?,어,val,0.0,0.0,0.0,0.5,0.5,0.0,0.0
Sess17_script06_F032,sadness,3.7,3.4,2,난 오빠를 사랑하고 난 지금이 행복해 우리 둘이 함께 한다는 게 중요하잖아.,어 | 잖아,val,0.0,0.0,0.0,0.5,0.5,0.0,0.0
Sess17_script06_F033,happiness,4.1,3.5,1,대신 프로포즈는 내가 먼저 했으니까 결혼식은 정말 멋지게 해줘야돼?,어,val,0.0,0.0,0.0,0.2,0.8,0.0,0.0
Sess17_script06_F033,happiness,4.1,3.5,2,알겠어?,어,val,0.0,0.0,0.0,0.2,0.8,0.0,0.0
Sess17_script06_M032,happiness,4.7,3.8,1,여진아 사랑한다.,ᆫ다,val,0.0,0.0,0.0,1.0,0.0,0.0,0.0
Sess17_script06_M032,happiness,4.7,3.8,2,정말 사랑해.,어,val,0.0,0.0,0.0,1.0,0.0,0.0,0.0
Sess17_impro01_M003,sadness,2.2,2.2,1,아니야 암 아무일도 없어.,어,val,0.0,0.1,0.0,0.0,0.3,0.6,0.0
Sess17_impro01_M004,sadness,2.2,2.1,1,아니라니까.,라니까,val,0.1,0.1,0.0,0.0,0.3,0.5,0.0
Sess17_impro01_M007,sadness,2.1,1.9,1,내가 그렇게 별로야?,야,val,0.0,0.0,0.0,0.0,0.0,1.0,0.0
Sess17_impro01_M008,sadness,1.9,1.9,1,왜 왜 자꾸 그렇게 느껴지는지 잘 모르겠어.,어,val,0.0,0.1,0.0,0.0,0.1,0.8,0.0
Sess17_impro01_F009,sadness,2.5,2.5,1,아휴 또 김 부장이 한 소리 했구만.,구만,val,0.1,0.2,0.0,0.0,0.7,0.0,0.0
Sess17_impro01_M009,sadness,1.9,2.1,1,b/ 엄마 내 얘기 듣고 있는 거야?,야,val,0.3,0.2,0.0,0.0,0.1,0.4,0.0
Sess17_impro01_F011,sadness,2.6,3.0,1,아 그래가지고 김 부장이 뭐라고 했는데?,는데,val,0.0,0.2,0.0,0.0,0.8,0.0,0.0
Sess17_impro01_F012,sadness,2.7,2.6,1,음 짜증부터 내구 근데 이거 환불해줄라나 모르겠네.,구 | ᆯ라나 | 네,val,0.0,0.1,0.0,0.0,0.9,0.0,0.0
Sess17_impro01_M012,anger,2.0,3.1,1,지금 그게 중요해?,어,val,1.0,0.0,0.0,0.0,0.0,0.0,0.0
Sess17_impro01_M013,anger,2.0,4.3,1,내가 지금 얘기하고 있잖아.,잖아,val,1.0,0.0,0.0,0.0,0.0,0.0,0.0
Sess17_impro01_F015,anger,2.9,3.4,1,아 다 듣고 있었어 엄마는.,어,val,0.0,0.0,0.0,0.0,0.6,0.0,0.4
Sess17_impro01_M014,anger,1.9,2.4,1,됐어 다 필요없어.,어 | 어,val,0.5,0.2,0.0,0.0,0.0,0.3,0.0
Sess17_impro01_F017,anger,2.7,3.2,1,엄마한테 얘기해 봐 엄마가 다 들어줄테니까.,어 | 니까,val,0.1,0.0,0.0,0.0,0.8,0.0,0.1
Sess17_impro01_F017,anger,2.7,3.2,2,무슨 일인데?,ᆫ데,val,0.1,0.0,0.0,0.0,0.8,0.0,0.1
Sess17_impro01_M015,anger,1.5,4.9,1,(무슨 일+아 내가) 김 부장 때문에 이러는 거 같아 지금?,어,val,1.0,0.0,0.0,0.0,0.0,0.0,0.0
Sess17_impro01_M015,anger,1.5,4.9,2,아 진짜 짜증나 씨.,어,val,1.0,0.0,0.0,0.0,0.0,0.0,0.0
Sess17_impro01_F018,anger,2.9,3.2,1,아들 그러지 말고 엄마한테 그냥 얘기해 뭔데 무슨 일인데?,어 | ᆫ데,val,0.0,0.0,0.0,0.0,0.8,0.0,0.2
Sess17_impro01_M017,sadness,1.4,2.3,1,지연이가 헤어지재?,재,val,0.1,0.0,0.0,0.0,0.0,0.9,0.0
Sess17_impro01_F020,sadness,2.6,2.8,1,아들 아 그런 줄 몰랐다.,다,val,0.0,0.0,0.0,0.0,0.0,0.5,0.5
Sess17_impro01_F020,sadness,2.6,2.8,2,엄마가 미안해.,어,val,0.0,0.0,0.0,0.0,0.0,0.5,0.5
Sess17_impro01_F021,sadness,3.1,3.0,1,b/ 아휴 괜찮아.,어,val,0.0,0.0,0.0,0.0,0.8,0.1,0.1
Sess17_impro01_M019,anger,1.2,4.7,1,나 엄마가 뭘 알아.,어,val,1.0,0.0,0.0,0.0,0.0,0.0,0.0
Sess17_impro01_F022,anger,2.9,3.7,1,(지금+아니) 엄마도 너 나이 때 다 그랬어.,어,val,0.1,0.0,0.0,0.0,0.3,0.3,0.3
Sess17_impro01_F022,anger,2.9,3.7,2,(괜찮아),어,val,0.1,0.0,0.0,0.0,0.3,0.3,0.3
Sess17_impro01_M020,sadness,1.3,4.8,1,(괜찮아+뭐) 엄마가 뭐.,어,val,0.8,0.2,0.0,0.0,0.0,0.0,0.0
Sess17_impro01_F023,sadness,2.6,2.7,1,b/ 그래 엄마가 사랑이 뭔진 잘 모르겠는데 나도 아버지 돌아가시고 나서 사랑이 뭔지 모르겠어.,어,val,0.0,0.0,0.0,0.0,0.3,0.7,0.0
Sess17_impro01_F023,sadness,2.6,2.7,2,근데 사랑이 계속 달콤할 수만은 없는 거야.,야,val,0.0,0.0,0.0,0.0,0.3,0.7,0.0
Sess17_impro01_F023,sadness,2.6,2.7,3,o/ 쓴맛이 날 수도 있고 매운맛이 날 수도 있고 어쩔 때 보면은 막 이상한 맛이 날 수도 있어.,어,val,0.0,0.0,0.0,0.0,0.3,0.7,0.0
Sess17_impro01_F024,sadness,3.0,2.4,1,하 b/ 우리 아들 b/ 울고 싶으면 울어.,어,val,0.0,0.0,0.0,0.0,0.2,0.8,0.0
Sess17_impro01_F024,sadness,3.0,2.4,2,딴 데 가서 울지 말고 엄마가 다 들어줄 테니까 엄마 앞에서 울어.,어,val,0.0,0.0,0.0,0.0,0.2,0.8,0.0
Sess17_impro01_M021,sadness,1.5,2.1,1,안 울어.,어,val,0.1,0.0,0.0,0.0,0.0,0.9,0.0
Sess17_impro01_F026,sadness,2.7,2.2,1,그래 나도 하 잘 모르겠지만 오늘 슬픈 건 너니까 마음껏 울어.,어,val,0.0,0.0,0.0,0.0,0.1,0.9,0.0
Sess17_impro01_F026,sadness,2.7,2.2,2,그리고 이별은 혼자 한 게 아니잖아.,잖아,val,0.0,0.0,0.0,0.0,0.1,0.9,0.0
Sess17_impro01_F026,sadness,2.7,2.2,3,너가 이렇게 힘든 만큼 지연이도 울고 o/ 있을 거야.,야,val,0.0,0.0,0.0,0.0,0.1,0.9,0.0
Sess17_impro01_M023,sadness,1.3,3.5,1,왜 왜 나한테만 이런 일이 생기는지 모르겠어.,어,val,0.4,0.0,0.0,0.0,0.0,0.6,0.0
Sess17_impro01_M023,sadness,1.3,3.5,2,b/ 김 부장도 그렇고 지연이도 그렇고 나한테만 이런 일이 생기는 거 같아.,어,val,0.4,0.0,0.0,0.0,0.0,0.6,0.0
Sess17_impro01_F027,sadness,2.0,2.0,1,나도 그랬어.,어,val,0.0,0.0,0.0,0.0,0.2,0.8,0.0
Sess17_impro01_F027,sadness,2.0,2.0,2,왜 나한테 이런 슬픔이 생기는 걸까.,ᆯ까,val,0.0,0.0,0.0,0.0,0.2,0.8,0.0
Sess17_impro01_F027,sadness,2.0,2.0,3,특히 아빠 돌아가시고 나서 왜 나만 이렇게 힘든 건가 그렇게 생각했는데 우리 아들 아들이 있어서 엄마는 견뎠다.,다,val,0.0,0.0,0.0,0.0,0.2,0.8,0.0
Sess17_impro01_F028,sadness,2.5,2.0,1,우리 아들 바라보고 o/ 아빠가 못 해준 역할 우리 아들이 다 해주고 엄마가 o/ 아 엄마가 더 잘할게.,ᆯ게,val,0.0,0.0,0.0,0.0,0.2,0.8,0.0
Sess17_impro01_M024,sadness,1.6,1.8,1,아냐 아니에요 엄마.,에요,val,0.0,0.0,0.0,0.0,0.0,1.0,0.0
Sess17_impro01_M025,sadness,1.7,1.9,1,내가 미안해.,어,val,0.0,0.0,0.0,0.0,0.0,1.0,0.0
Sess17_impro01_F029,sadness,3.4,2.8,1,알았어.,어,val,0.0,0.0,0.0,0.0,0.7,0.3,0.0
Sess17_impro01_M026,sadness,2.5,2.0,1,(엄마+그냥) 투정부리고 싶었나 봐.,어,val,0.0,0.0,0.0,0.0,0.0,1.0,0.0
Sess17_impro01_M026,sadness,2.5,2.0,2,o/ 미안해 엄마.,어,val,0.0,0.0,0.0,0.0,0.0,1.0,0.0
Sess17_impro01_F030,sadness,3.6,3.0,1,b/ 고마워 아들.,어,val,0.0,0.0,0.0,0.4,0.5,0.1,0.0
Sess17_impro01_F031,happiness,4.2,3.4,1,우리 김치찌개 먹을까?,을까,val,0.0,0.0,0.0,0.5,0.3,0.2,0.0
Sess17_impro01_F032,sadness,4.2,3.3,1,알았어 빨리 씻고 와.,어 | 어,val,0.0,0.0,0.0,0.5,0.5,0.0,0.0
Sess17_impro01_F032,sadness,4.2,3.3,2,엄마가 맛있는 김치찌개 해줄게.,ᆯ게,val,0.0,0.0,0.0,0.5,0.5,0.0,0.0
Sess17_impro02_M009,anger,1.8,4.2,1,그러니까 맛 없어서 제가 여기 온 거 아니에요 지금.,에요,val,0.5,0.5,0.0,0.0,0.0,0.0,0.0
Sess17_impro02_F009,anger,2.1,4.4,1,말이 너무 심하신 거 (아니에요),에요,val,1.0,0.0,0.0,0.0,0.0,0.0,0.0
Sess17_impro02_M010,anger,1.5,4.6,1,(아니에요+아 뭐가) 심해요.,어요,val,0.8,0.2,0.0,0.0,0.0,0.0,0.0
Sess17_impro02_M010,anger,1.5,4.6,2,지금 이 요리가 심한 거지.,지,val,0.8,0.2,0.0,0.0,0.0,0.0,0.0
Sess17_impro02_M010,anger,1.5,4.6,3,(아니+어) 이렇게 지금 이따위로 만들어놓고 그런 말이 나와요 지금?,어요,val,0.8,0.2,0.0,0.0,0.0,0.0,0.0
Sess17_impro02_M011,anger,1.6,4.2,1,뭘 언론에서 주목해요 이 요리가.,어요,val,0.8,0.2,0.0,0.0,0.0,0.0,0.0
Sess17_impro02_F011,anger,2.0,4.1,1,저 너무 갑자기 화를 내시는 거 아니에요.,에요,val,0.6,0.3,0.0,0.0,0.0,0.0,0.1
Sess17_impro02_M012,anger,1.6,4.4,1,하 지금 화 안 나게 생겼습니까?,습니까,val,0.7,0.3,0.0,0.0,0.0,0.0,0.0
Sess17_impro02_M012,anger,1.6,4.4,2,아니 손님이 이걸 먹고 손님이 이걸 먹었다고 생각해봐요 이렇게 기름 둥둥 떠다니는 거.,어요,val,0.7,0.3,0.0,0.0,0.0,0.0,0.0
Sess17_impro02_F012,anger,1.4,4.1,1,아 지금 보자보자 하니까 말이 너무 지나치신 거 아니에요?,에요,val,1.0,0.0,0.0,0.0,0.0,0.0,0.0
Sess17_impro02_M013,anger,1.8,3.4,1,말이 뭐가 지나쳐요?,어요,val,0.5,0.5,0.0,0.0,0.0,0.0,0.0
Sess17_impro02_M014,anger,1.6,4.0,1,그러니까 제가 지금 여기 왔잖아요.,잖아요,val,0.6,0.4,0.0,0.0,0.0,0.0,0.0
Sess17_impro02_M016,anger,1.7,4.3,1,이게 지금 탕수육이에요 이게?,에요,val,0.5,0.5,0.0,0.0,0.0,0.0,0.0
Sess17_impro02_M016,anger,1.7,4.3,2,이게 그냥 고기 그냥 아무거나 갖다 튀긴 거지.,지,val,0.5,0.5,0.0,0.0,0.0,0.0,0.0
Sess17_impro02_F016,anger,1.5,5.0,1,아 진짜 말 너무 심하신 거 아니에요?,에요,val,1.0,0.0,0.0,0.0,0.0,0.0,0.0
Sess17_impro02_M017,anger,1.7,4.3,1,아 뭐가 심해요.,어요,val,0.9,0.1,0.0,0.0,0.0,0.0,0.0
Sess17_impro02_F017,anger,1.4,4.8,1,(당신+저도) 열심히 했어요.,어요,val,1.0,0.0,0.0,0.0,0.0,0.0,0.0
Sess17_impro02_M018,anger,1.7,4.5,1,아니 당신이 만든 이 요리를 보고 보고 그런 말을 해요.,어요,val,1.0,0.0,0.0,0.0,0.0,0.0,0.0
Sess17_impro02_M018,anger,1.7,4.5,2,염치가 있어야지.,어야지,val,1.0,0.0,0.0,0.0,0.0,0.0,0.0
Sess17_impro02_M018,anger,1.7,4.5,3,(사람이 아 요리를 이따위로 해놓고 무슨 말을 그렇게 해요 그렇게 하긴),어요,val,1.0,0.0,0.0,0.0,0.0,0.0,0.0
Sess17_impro02_F018,anger,1.6,4.6,1,(사람이 아 요리를 이따위로 해놓고 무슨 말을 그렇게 해요 그렇게 하긴+염치요 아 진짜) 지금 말 다 했어요?,어요 | 어요,val,0.8,0.2,0.0,0.0,0.0,0.0,0.0
Sess17_impro02_F018,anger,1.6,4.6,2,말 다 하셨냐구요.,냐구요,val,0.8,0.2,0.0,0.0,0.0,0.0,0.0
Sess17_impro02_F018,anger,1.6,4.6,3,해외에서 유학도 다녀오시고 상도 좀 받으셨다고 사람 이렇게 개무시해도 되는거예요?,예요,val,0.8,0.2,0.0,0.0,0.0,0.0,0.0
Sess17_impro02_F019,anger,1.4,4.5,1,(아니라+지금) 개무시 하시는 거잖아요.,잖아요,val,0.9,0.1,0.0,0.0,0.0,0.0,0.0
Sess17_impro02_M020,anger,1.8,3.3,1,분해요?,어요,val,0.6,0.4,0.0,0.0,0.0,0.0,0.0
Sess17_impro02_M021,anger,1.8,3.7,1,그럼 그런 마음을 가지고 요리를 해요.,어요,val,0.6,0.3,0.0,0.0,0.1,0.0,0.0
Sess17_impro02_M022,anger,1.8,3.3,1,어이 없어요?,어요,val,0.6,0.4,0.0,0.0,0.0,0.0,0.0
Sess17_impro02_F022,anger,1.5,4.2,1,그 마음 편하세요?,세요,val,0.9,0.1,0.0,0.0,0.0,0.0,0.0
Sess17_impro02_F022,anger,1.5,4.2,2,(그런 마음으로 요리를 하라고 기분이 상하면+네 알겠습니다 그렇게 당신이) 잘 만드시면 당신 요리해서 만드세요.,습니다 | 세요,val,0.9,0.1,0.0,0.0,0.0,0.0,0.0
Sess17_impro02_F022,anger,1.5,4.2,3,만들어 드세요.,어요,val,0.9,0.1,0.0,0.0,0.0,0.0,0.0
Sess17_impro02_F022,anger,1.5,4.2,4,(아 제가 지금 제가 먹자고 하는 얘기를 하는 건 아니잖아+전 전 오늘부로) 여기 중국집 못 다니겠으니까 o/ 직접 만들고 직접 요리해서 내보내세요.,잖아 | 세요,val,0.9,0.1,0.0,0.0,0.0,0.0,0.0
Sess17_impro02_F022,anger,1.5,4.2,5,알겠어요?,어요,val,0.9,0.1,0.0,0.0,0.0,0.0,0.0
Sess17_impro02_F023,anger,1.5,3.8,1,그럼 당신이 한 번 해보세요.,세요,val,1.0,0.0,0.0,0.0,0.0,0.0,0.0
Sess17_impro02_F023,anger,1.5,3.8,2,당신이 만약 제가 당신이 만든 요리를 짬뽕을 먹어보고 인정을 한다면 네 그때 제가 나갈게요.,ᆯ게요,val,1.0,0.0,0.0,0.0,0.0,0.0,0.0
Sess17_impro02_F023,anger,1.5,3.8,3,근데 당신이 만든 짬뽕이 만약 다른 사람들이 만든 거랑 똑같다면 그땐 어쩌실 거예요?,예요,val,1.0,0.0,0.0,0.0,0.0,0.0,0.0
Sess17_impro02_F023,anger,1.5,3.8,4,그땐 어떡하실 거냐고요.,냐고,val,1.0,0.0,0.0,0.0,0.0,0.0,0.0
Sess17_impro02_F023,anger,1.5,3.8,5,보여주세요.,세요,val,1.0,0.0,0.0,0.0,0.0,0.0,0.0
Sess17_impro02_F023,anger,1.5,3.8,6,해외유학파시라면서요.,라면서요,val,1.0,0.0,0.0,0.0,0.0,0.0,0.0
Sess17_impro03_F017,happiness,4.5,4.2,1,아 옛날에 기억나요?,어요,val,0.0,0.0,0.0,1.0,0.0,0.0,0.0
Sess17_impro03_F018,happiness,4.5,4.1,1,회사 못 가고 o/ 입원했을 때 있잖아요.,잖아요,val,0.0,0.0,0.0,1.0,0.0,0.0,0.0
Sess17_impro03_M018,happiness,4.6,4.2,1,아유 뭐 그때 얘기를 (해),어,val,0.0,0.0,0.0,0.9,0.0,0.0,0.1
Sess17_impro03_F019,happiness,4.6,4.7,1,o/ N/ 그래서 은미 l/ 살려달라고 살려달라고 내가 의사라고 우리 은미 좀 살려달라고 아 그 병원을 막 헤집고 막 온갖 난리를 쳤잖아.,잖아,val,0.0,0.0,0.0,1.0,0.0,0.0,0.0
Sess17_impro03_M019,happiness,4.7,4.2,1,아이 내가 뭐 맹장인 줄 알았으면 그랬겠어?,어,val,0.0,0.0,0.0,1.0,0.0,0.0,0.0
Sess17_impro03_M019,happiness,4.7,4.2,2,하도 나 죽겠다고 나 죽겠다고 그러니까 내가 그런 거지.,지,val,0.0,0.0,0.0,1.0,0.0,0.0,0.0
Sess17_impro03_M019,happiness,4.7,4.2,3,나도 그 정도 아픈지 알았으면 안 그랬지.,지,val,0.0,0.0,0.0,1.0,0.0,0.0,0.0
Sess17_impro03_F020,happiness,4.8,4.5,1,네네 그러셨어요?,어요,val,0.0,0.0,0.0,1.0,0.0,0.0,0.0
Sess17_impro03_F020,happiness,4.8,4.5,2,o/ l/ 그래도 나 죽을까 봐 그렇게 걱정했어요?,어요,val,0.0,0.0,0.0,1.0,0.0,0.0,0.0
Sess17_impro03_M020,happiness,4.7,3.8,1,그랬지 뭐.,지,val,0.0,0.0,0.0,1.0,0.0,0.0,0.0
Sess17_impro03_F021,happiness,4.4,4.2,1,l/ 내가 그렇게 좋았어요?,어요,val,0.0,0.0,0.0,1.0,0.0,0.0,0.0
Sess17_impro03_M021,happiness,4.6,3.8,1,아이 그만 좀 해.,어,val,0.0,0.0,0.0,1.0,0.0,0.0,0.0
Sess17_impro03_F022,happiness,4.6,3.7,1,o/ 그렇게 좋았어요?,어요,val,0.0,0.0,0.0,1.0,0.0,0.0,0.0
Sess17_impro03_M022,happiness,4.5,4.0,1,그만 좀 해.,어,val,0.0,0.0,0.0,1.0,0.0,0.0,0.0
Sess17_impro03_M022,happiness,4.5,4.0,2,그 윤서 깨겠네.,네,val,0.0,0.0,0.0,1.0,0.0,0.0,0.0
Sess17_impro03_F023,happiness,4.7,3.8,1,지금도 그렇게 좋아요?,어요,val,0.0,0.0,0.0,0.9,0.1,0.0,0.0
Sess17_impro03_F023,happiness,4.7,3.8,2,l/ o/ 아우 빨리 얘기해봐요.,어요,val,0.0,0.0,0.0,0.9,0.1,0.0,0.0
Sess17_impro03_F023,happiness,4.7,3.8,3,그렇게 좋냐고.,냐고,val,0.0,0.0,0.0,0.9,0.1,0.0,0.0
Sess17_impro03_M023,happiness,4.2,3.6,1,좋지 그럼.,지,val,0.0,0.0,0.0,1.0,0.0,0.0,0.0
Sess17_impro03_F024,happiness,4.1,3.8,1,그럼 사랑한다고 (얘기해봐요),어요,val,0.0,0.0,0.0,0.6,0.4,0.0,0.0
Sess17_impro03_M024,happiness,4.1,3.6,1,(얘기해봐요+아이) 뭘 또 그런 얘길 (해),어요,val,0.1,0.0,0.0,0.7,0.1,0.0,0.1
Sess17_impro03_F025,happiness,4.2,3.8,1,(해+아 빨리) 얘기해 봐.,어,val,0.0,0.0,0.0,0.5,0.5,0.0,0.0
Sess17_impro03_F025,happiness,4.2,3.8,2,여자는 이런 거 다 듣고 싶어한단 말이에요.,에요,val,0.0,0.0,0.0,0.5,0.5,0.0,0.0
Sess17_impro03_F025,happiness,4.2,3.8,3,빨리 얘기해 봐.,어,val,0.0,0.0,0.0,0.5,0.5,0.0,0.0
Sess17_impro03_M025,happiness,4.3,3.5,1,b/ 사랑해.,어,val,0.0,0.0,0.0,0.7,0.3,0.0,0.0
Sess17_impro03_F026,happiness,4.3,3.7,1,뭐라고요?,라고요,val,0.0,0.1,0.0,0.6,0.3,0.0,0.0
Sess17_impro03_M026,happiness,4.5,3.7,1,사랑한다고.,ᆫ다고,val,0.0,0.0,0.0,1.0,0.0,0.0,0.0
Sess17_impro03_F027,happiness,4.1,3.8,1,엎드려 절 받기네.,네,val,0.0,0.0,0.0,0.8,0.2,0.0,0.0
Sess17_impro03_F027,happiness,4.1,3.8,2,아우 그래도 좋다.,다,val,0.0,0.0,0.0,0.8,0.2,0.0,0.0
Sess17_impro03_F027,happiness,4.1,3.8,3,o/ 그런데 윤찬 씨 만약에 아주 만약에 내가 먼저 죽으면 어떡해요?,어요,val,0.0,0.0,0.0,0.8,0.2,0.0,0.0
Sess17_impro03_M029,happiness,4.5,4.3,1,(말도 어떻게+말투가 왜 그래) l/ o/,어,val,0.0,0.0,0.0,1.0,0.0,0.0,0.0
Sess17_impro03_F030,happiness,4.5,3.9,1,o/ 말도 어떻게 말도 그렇게 이쁘게 해요?,어요,val,0.0,0.0,0.0,1.0,0.0,0.0,0.0
Sess17_impro03_M030,happiness,4.5,3.9,1,아이구 몰라.,어,val,0.0,0.0,0.0,0.9,0.1,0.0,0.0
Sess17_impro03_F031,happiness,4.0,3.7,1,알았어.,어,val,0.0,0.0,0.0,0.8,0.2,0.0,0.0
Sess17_impro03_F031,happiness,4.0,3.7,2,(그러면 우리 우리+아이 하고 자 들어가서) 여보 내일 아구찜 좋아하니까 내가 아구찜 (하나 해줘야겠다),다,val,0.0,0.0,0.0,0.8,0.2,0.0,0.0
Sess17_impro03_M031,happiness,4.1,3.9,1,(하나 해줘야겠다+아구찜) 내가 아구찜 좋아했나?,다,val,0.0,0.0,0.0,0.7,0.3,0.0,0.0
Sess17_impro03_M031,happiness,4.1,3.9,2,l/ o/ (너가 해주는 거면 다 좋지),지,val,0.0,0.0,0.0,0.7,0.3,0.0,0.0
Sess17_impro03_F032,happiness,4.1,3.7,1,(너가 해주는 거면 다 좋지+아구찜 해줄게) 알았어요.,지 | ᆯ게 | 어요,val,0.0,0.0,0.0,1.0,0.0,0.0,0.0
Sess17_impro03_F032,happiness,4.1,3.7,2,우리 여보는 어쩜 이렇게 말도 저렇게 (이쁘게 하냐),냐,val,0.0,0.0,0.0,1.0,0.0,0.0,0.0
Sess17_impro03_M032,happiness,4.3,3.4,1,(이쁘게 하냐+아이 몰라 빨리 들어가서) 자 이제.,냐 | 어,val,0.1,0.0,0.0,0.6,0.3,0.0,0.0
Sess17_impro04_M007,anger,2.1,3.2,1,아니 무슨 최선을 다하셨던 거예요?,예요,val,0.8,0.1,0.0,0.0,0.0,0.0,0.1
Sess17_impro04_M007,anger,2.1,3.2,2,최선을 다했으면 그런 걸 좀 막아주셔야 (되는 거 아닙니까),ᆸ니까,val,0.8,0.1,0.0,0.0,0.0,0.0,0.1
Sess17_impro04_F008,anger,2.1,3.2,1,(되는거 아닙니까+아 됐구요) 들어가셔서 위원회 준비 열심히 하시고.,ᆸ니까 | 구요,val,0.1,0.1,0.0,0.0,0.8,0.0,0.0
Sess17_impro04_M008,anger,2.1,3.8,1,아니 잠시만요.,요,val,0.7,0.0,0.0,0.0,0.0,0.0,0.3
Sess17_impro04_M008,anger,2.1,3.8,2,아니 제가 저한테 그러시면 안 되죠.,죠,val,0.7,0.0,0.0,0.0,0.0,0.0,0.3
Sess17_impro04_F009,anger,2.2,3.7,1,(진행되고 있는 거+네 알겠습니다) 저도 알겠는데 윤찬 대리 말은 알겠는데 회사에 방침이에요.,습니다 | 에요,val,0.1,0.1,0.0,0.0,0.8,0.0,0.0
Sess17_impro04_F009,anger,2.2,3.7,2,이거 어쩔 수 없는 거라서 (그냥 가셔서 아 그니까+아니 그게 말도 안되는 거죠 지금) 가셔서 위원회 준비하시는 게 차라리 빠르실 거 같아요.,죠 | 어요,val,0.1,0.1,0.0,0.0,0.8,0.0,0.0
Sess17_impro04_M009,anger,1.8,4.1,1,아니 징계위원회 준비하라는 게 그게 말이 준비하라는 거지.,지,val,1.0,0.0,0.0,0.0,0.0,0.0,0.0
Sess17_impro04_M009,anger,1.8,4.1,2,그냥 저 자르겠단 얘기 아닙니까 그게.,ᆸ니까,val,1.0,0.0,0.0,0.0,0.0,0.0,0.0
Sess17_impro04_M009,anger,1.8,4.1,3,o/ 저한테 그만 두라는 얘기랑 뭐가 달라요.,어요,val,1.0,0.0,0.0,0.0,0.0,0.0,0.0
Sess17_impro04_F010,anger,2.2,3.1,1,윤찬 대리가 책임자잖아요 거기.,잖아요,val,0.1,0.2,0.0,0.0,0.7,0.0,0.0
Sess17_impro04_M010,anger,1.9,3.9,1,b/ 그 추가 비용 문제는 좀 다른 문제죠.,죠,val,1.0,0.0,0.0,0.0,0.0,0.0,0.0
Sess17_impro04_F011,anger,1.8,3.4,1,(말씀하시면+그러니까) 왜 전무님이 추진한 추진한 아이템을 왜 그따위로 하신 거예요.,예요,val,0.6,0.2,0.0,0.0,0.2,0.0,0.0
Sess17_impro04_M011,anger,1.5,4.0,1,그따위로 했다니요.,다니요,val,0.9,0.0,0.0,0.0,0.0,0.0,0.1
Sess17_impro04_M011,anger,1.5,4.0,2,원래 전무님이 추진했을 당시에 이게 말이 안 되는 프로젝트였어요.,어요,val,0.9,0.0,0.0,0.0,0.0,0.0,0.1
Sess17_impro04_M011,anger,1.5,4.0,3,그래서 저한테 넘어온 거고.,고,val,0.9,0.0,0.0,0.0,0.0,0.0,0.1
Sess17_impro04_F012,anger,2.0,3.0,1,아 아무튼 저는 최선을 다했으니까요.,으니까요,val,0.0,0.3,0.0,0.0,0.7,0.0,0.0
Sess17_impro04_F012,anger,2.0,3.0,2,윤찬 대리 이제 제가 해드릴 건 없네요.,네요,val,0.0,0.3,0.0,0.0,0.7,0.0,0.0
Sess17_impro04_M012,anger,1.5,4.4,1,아니 이 프로젝트 자체가 말이 안되는 거였잖아요.,잖아요,val,0.9,0.0,0.0,0.0,0.0,0.0,0.1
Sess17_impro04_M013,anger,1.9,4.5,1,(네+부장님도) 잘 아시잖아요.,잖아요,val,1.0,0.0,0.0,0.0,0.0,0.0,0.0
Sess17_impro04_F014,anger,2.0,3.2,1,아 전 잘 모르겠습니다.,습니다,val,0.0,0.3,0.0,0.0,0.7,0.0,0.0
Sess17_impro04_M014,anger,1.6,3.2,1,아니 잠깐 잠시만요.,요,val,1.0,0.0,0.0,0.0,0.0,0.0,0.0
Sess17_impro04_M014,anger,1.6,3.2,2,아 너무 너무하신 거 아니에요 진짜?,에요,val,1.0,0.0,0.0,0.0,0.0,0.0,0.0
Sess17_impro04_F015,anger,2.1,3.1,1,뭐가 너무해요?,어요,val,0.2,0.1,0.0,0.0,0.5,0.0,0.2
Sess17_impro04_M015,anger,1.6,3.6,1,아 지금까지 제 팀원들이랑 밤새 며칠 밤낮 새면서 그렇게 노력해가지고 이 정도까지 만들어놨는데 이제와서 (그러면+윤찬 대리) 저도 생각이 있습니다.,습니다,val,0.9,0.1,0.0,0.0,0.0,0.0,0.0
Sess17_impro04_F016,anger,2.1,2.7,1,무슨 생각이요?,요,val,0.0,0.0,0.0,0.0,0.5,0.0,0.5
Sess17_impro04_M016,anger,2.1,2.8,1,전무님이랑 부장님이랑 저한테 처음에 하셨던 말씀 기억하세요?,세요,val,0.5,0.4,0.0,0.0,0.1,0.0,0.0
Sess17_impro04_M017,anger,1.9,2.4,1,(윤찬 대리한테도+이거 제가 폭로할) 거예요.,예요,val,0.7,0.2,0.0,0.0,0.1,0.0,0.0
Sess17_impro04_F018,anger,2.1,3.4,1,그게 무슨 문제가 있는 거죠?,죠,val,0.2,0.0,0.0,0.0,0.7,0.0,0.1
Sess17_impro04_M018,anger,1.8,2.6,1,그 날 저한테 하신 말 제가 핸드폰으로 다 녹음해놨거든요.,거든요,val,0.5,0.4,0.0,0.0,0.1,0.0,0.0
Sess17_impro04_M018,anger,1.8,2.6,2,제가 이렇게 당하고만 있을 거 같았어요?,어요,val,0.5,0.4,0.0,0.0,0.1,0.0,0.0
Sess17_impro04_F019,anger,1.9,3.8,1,그래요.,어요,val,0.5,0.3,0.0,0.0,0.1,0.0,0.1
Sess17_impro04_F019,anger,1.9,3.8,2,그 말 믿고 그러시는 거 같은데 까세요.,세요,val,0.5,0.3,0.0,0.0,0.1,0.0,0.1
Sess17_impro04_F019,anger,1.9,3.8,3,해보세요.,세요,val,0.5,0.3,0.0,0.0,0.1,0.0,0.1
Sess17_impro04_M021,anger,1.7,2.6,1,(없었어요+징계위원회) 열리면 (저도 이거 폭로할테니깐+아니 윤찬 대리) 부장님 알아서 (하세요),세요,val,0.7,0.3,0.0,0.0,0.0,0.0,0.0
Sess03_script01_M002,anger,1.4,4.0,1,이씨 b/ 아 그러니까 날 말렸어야지.,어야지,train,1.0,0.0,0.0,0.0,0.0,0.0,0.0
Sess03_script01_M002,anger,1.4,4.0,2,내가 술 먹어서 운전 안 한다고 했잖아.,잖아,train,1.0,0.0,0.0,0.0,0.0,0.0,0.0
Sess03_script01_M006,anger,1.4,4.1,1,아이 그러니까 이 야밤에 돌아다니다가 내 차에 치이고 난리야 이씨.,야,train,0.9,0.0,0.1,0.0,0.0,0.0,0.0
Sess03_script01_M011,anger,1.4,4.3,1,하 그럼 뭐야.,야,train,0.8,0.0,0.2,0.0,0.0,0.0,0.0
Sess03_script01_M011,anger,1.4,4.3,2,어떻게 된 거야.,야,train,0.8,0.0,0.2,0.0,0.0,0.0,0.0
Sess03_script01_M013,anger,1.5,3.8,1,(지+우리) 술 마셨잖아.,잖아,train,1.0,0.0,0.0,0.0,0.0,0.0,0.0
Sess03_script01_M015,anger,1.6,3.3,1,나 공무원 못 되면 우리 결혼도 못해.,어,train,0.4,0.0,0.4,0.0,0.2,0.0,0.0
Sess03_script01_M015,anger,1.6,3.3,2,그잖아.,잖아,train,0.4,0.0,0.4,0.0,0.2,0.0,0.0
Sess03_script01_M015,anger,1.6,3.3,3,b/ 그냥 가자.,자,train,0.4,0.0,0.4,0.0,0.2,0.0,0.0
Sess03_script01_M016,anger,1.5,4.0,1,o/ 너 내가 망가지길 바래?,어,train,1.0,0.0,0.0,0.0,0.0,0.0,0.0
Sess03_script01_M016,anger,1.5,4.0,2,내가 인생 바닥으로 떨어지길 원하냐(구),냐,train,1.0,0.0,0.0,0.0,0.0,0.0,0.0
Sess03_script01_F013,anger,1.4,4.1,1,b/ 사람 목숨이 달린 이 사람이 목숨 사람 목숨이 달린 거잖아.,잖아,train,0.3,0.0,0.3,0.0,0.0,0.1,0.3
Sess03_script01_F013,anger,1.4,4.1,2,b/ 일단 찾아보자.,자,train,0.3,0.0,0.3,0.0,0.0,0.1,0.3
Sess03_script01_M017,anger,1.4,4.1,1,(께+야 야) 전화기 내려놔.,어,train,0.9,0.0,0.0,0.0,0.0,0.0,0.1
Sess03_script01_F014,anger,1.5,3.5,1,지섭씨 왜그래?,어,train,0.0,0.0,0.6,0.0,0.0,0.0,0.4
Sess03_script01_M018,anger,1.7,3.5,1,o/ 자꾸 이러면 나도 더이상 안 참아.,어,train,0.9,0.0,0.0,0.0,0.1,0.0,0.0
Sess03_script01_M019,anger,1.4,3.7,1,너도 사라지게 해줘?,어,train,0.9,0.1,0.0,0.0,0.0,0.0,0.0
Sess03_script01_F015,anger,1.7,3.3,1,b/ 지금 무슨 말이야.,야,train,0.0,0.0,0.9,0.0,0.0,0.0,0.1
Sess03_script01_M020,anger,1.4,4.0,1,지금 니가 나한테 하는 짓이 더 이상해.,어,train,1.0,0.0,0.0,0.0,0.0,0.0,0.0
Sess03_script01_M021,anger,1.3,4.5,1,날 지금 망가트리려고 작정했잖아.,잖아,train,1.0,0.0,0.0,0.0,0.0,0.0,0.0
Sess03_script01_M021,anger,1.3,4.5,2,우리 미래가 중요해.,어,train,1.0,0.0,0.0,0.0,0.0,0.0,0.0
Sess03_script01_M021,anger,1.3,4.5,3,너 입만 뻥끗해봐.,어,train,1.0,0.0,0.0,0.0,0.0,0.0,0.0
Sess03_script01_M021,anger,1.3,4.5,4,o/ 너도 똑같이 만들어줄테니까.,니까,train,1.0,0.0,0.0,0.0,0.0,0.0,0.0
Sess03_script01_F016,anger,1.3,3.5,1,지섭씨 무서워.,어,train,0.0,0.0,1.0,0.0,0.0,0.0,0.0
Sess03_script01_M022,anger,1.4,3.8,1,o/ 진짜 무서운게 뭔지 보여줘?,어,train,1.0,0.0,0.0,0.0,0.0,0.0,0.0
Sess03_script01_M022,anger,1.4,3.8,2,n/ 오늘 있었던 일은 n/ 너랑 나랑만 아는 거야.,야,train,1.0,0.0,0.0,0.0,0.0,0.0,0.0
Sess03_script01_M022,anger,1.4,3.8,3,아무도 못 봤어.,어,train,1.0,0.0,0.0,0.0,0.0,0.0,0.0
Sess03_script01_M022,anger,1.4,3.8,4,그러니까 너 입닥치고 있어.,어,train,1.0,0.0,0.0,0.0,0.0,0.0,0.0
Sess03_script01_M022,anger,1.4,3.8,5,오늘 우리는 o/ n/ 고라니를 친 거야.,야,train,1.0,0.0,0.0,0.0,0.0,0.0,0.0
Sess03_script01_M022,anger,1.4,3.8,6,n/ o/ 어차피 죽었는지 살았는지도 모르는데 알 바 없잖아.,어,train,1.0,0.0,0.0,0.0,0.0,0.0,0.0
Sess03_script01_M023,anger,1.5,3.7,1,그리고 너도 똑바로 들어.,어,train,1.0,0.0,0.0,0.0,0.0,0.0,0.0
Sess03_script01_M024,anger,1.5,3.4,1,넌 차에서 내려도 경찰에 전화해도 넌 죽어.,어,train,0.9,0.0,0.0,0.0,0.0,0.0,0.1
Sess03_script01_M024,anger,1.5,3.4,2,알았어?,어,train,0.9,0.0,0.0,0.0,0.0,0.0,0.1
Sess03_script01_F017,anger,1.4,3.7,1,b/ 알았어.,어,train,0.0,0.0,0.9,0.0,0.0,0.1,0.0
Sess03_script01_M026,anger,1.7,3.7,1,b/ 이대로 가면 돼.,어,train,0.5,0.0,0.4,0.0,0.1,0.0,0.0
Sess03_script01_M026,anger,1.7,3.7,2,우린 아무 일도 없는 거야 어?,야,train,0.5,0.0,0.4,0.0,0.1,0.0,0.0
Sess03_script01_M026,anger,1.7,3.7,3,b/ 우린 그 전처럼 돌아가면 되는 거야.,야,train,0.5,0.0,0.4,0.0,0.1,0.0,0.0
Sess03_script01_M026,anger,1.7,3.7,4,b/ 그 사람이 죽었든 살았든 우린 사람을 친 적 없어.,어,train,0.5,0.0,0.4,0.0,0.1,0.0,0.0
Sess03_script01_M031,anger,1.6,3.7,1,o/ 완전히 끝장 내야지.,어야지,train,0.4,0.0,0.4,0.0,0.2,0.0,0.0
Sess03_script01_F022,anger,1.4,4.0,1,b/ 지섭씨 제발 그러지마.,어,train,0.0,0.0,0.7,0.0,0.0,0.1,0.2
Sess03_script01_M032,anger,1.8,3.5,1,이미 늦었어.,어,train,0.4,0.0,0.3,0.0,0.3,0.0,0.0
Sess03_script02_M013,happiness,3.9,3.2,1,제주도 서귀포에 풍경 좋은 곳이 많거든?,거든,train,0.0,0.0,0.0,0.6,0.4,0.0,0.0
Sess03_script02_M013,happiness,3.9,3.2,2,그 쪽에 바다가 보이는 양지바른 땅을 사서 n/ 하얗고 웅장하게 펜션을 짓는 거야.,야,train,0.0,0.0,0.0,0.6,0.4,0.0,0.0
Sess03_script02_M014,happiness,4.0,3.4,1,어쨌든 b/ 아이 둘을 낳아서.,어서,train,0.0,0.0,0.0,0.9,0.1,0.0,0.0
Sess03_script02_M016,happiness,4.1,3.1,1,야 o/ 방금 전에 한다 그랬잖아.,잖아,train,0.0,0.0,0.0,0.7,0.3,0.0,0.0
Sess03_script02_M021,happiness,2.2,2.7,1,미안해.,어,train,0.0,0.0,0.0,0.0,0.0,1.0,0.0
Sess03_script02_M021,happiness,2.2,2.7,2,b/ 사실 이번에도 월급을 못 받았어.,어,train,0.0,0.0,0.0,0.0,0.0,1.0,0.0
Sess03_script02_F022,happiness,3.9,4.1,1,l/ 아 오빠 너 웃겨.,어,train,0.0,0.0,0.0,0.8,0.1,0.0,0.1
Sess03_script02_M022,happiness,2.2,2.4,1,이런 선물 받으니 o/ 어이가 없지?,지,train,0.0,0.0,0.0,0.0,0.2,0.8,0.0
Sess03_script02_F023,happiness,4.0,4.0,1,l/ 아이 그러니까 이 젓가락 100개란게 b/ 우리 만난지 100일 되는 날이라서 준비했다는 거야?,야,train,0.0,0.1,0.0,0.8,0.1,0.0,0.0
Sess03_script02_M023,happiness,2.7,3.5,1,o/ (아 진짜+미안해) o/ 하지만 어?,어,train,0.0,0.0,0.0,0.1,0.4,0.5,0.0
Sess03_script02_M023,happiness,2.7,3.5,2,다음에 만날 땐 내가 꼭 멋진 선물 사줄게.,ᆯ게,train,0.0,0.0,0.0,0.1,0.4,0.5,0.0
Sess03_script02_M023,happiness,2.7,3.5,3,우리도 멋지게 행복하게 살 수 있어.,어,train,0.0,0.0,0.0,0.1,0.4,0.5,0.0
Sess03_script02_M024,sadness,1.9,2.4,1,b/ 여진이 너가 생각해도 젓가락 100갠 좀 심했지?,지,train,0.0,0.0,0.0,0.0,0.1,0.9,0.0
Sess03_script02_M024,sadness,1.9,2.4,2,b/ 미안해.,어,train,0.0,0.0,0.0,0.0,0.1,0.9,0.0
Sess03_script02_F029,happiness,4.3,3.7,1,b/ 자 오빠는 젓가락 줬지만 난 좋은 거 줄게.,ᆯ게,train,0.0,0.0,0.0,1.0,0.0,0.0,0.0
Sess03_script02_F033,happiness,4.1,3.3,1,대신 프로포즈는 내가 먼저 했으니까 결혼식은 정말 멋지게 해줘야 돼?,어,train,0.0,0.0,0.0,0.6,0.3,0.1,0.0
Sess03_script02_F033,happiness,4.1,3.3,2,알았어?,어,train,0.0,0.0,0.0,0.6,0.3,0.1,0.0
Sess03_script02_M032,happiness,4.4,3.8,1,o/ 사랑한다.,ᆫ다,train,0.0,0.0,0.0,1.0,0.0,0.0,0.0
Sess03_script02_M032,happiness,4.4,3.8,2,o/ 정말 사 사랑해.,어,train,0.0,0.0,0.0,1.0,0.0,0.0,0.0
Sess03_script03_M016,anger,2.0,3.0,1,못하겠어요?,어요,train,0.6,0.2,0.0,0.0,0.2,0.0,0.0
Sess03_script03_M016,anger,2.0,3.0,2,b/ 이력서에 적혀있는 걸 우린 확인할 권한이 있어요.,어요,train,0.6,0.2,0.0,0.0,0.2,0.0,0.0
Sess03_script03_M016,anger,2.0,3.0,3,진짜인지 가짜인지 확인해봐야죠.,어야죠,train,0.6,0.2,0.0,0.0,0.2,0.0,0.0
Sess03_script03_M016,anger,2.0,3.0,4,u/ 아님 적질 말던가.,던가,train,0.6,0.2,0.0,0.0,0.2,0.0,0.0
Sess03_script03_M017,anger,3.0,3.1,1,l/ 아 아 잘하시네요.,네요,train,0.0,0.1,0.0,0.6,0.3,0.0,0.0
Sess03_script03_M017,anger,3.0,3.1,2,아 목소리가 너무 작네.,네,train,0.0,0.1,0.0,0.6,0.3,0.0,0.0
Sess03_script03_M018,anger,2.0,3.5,1,아니 무슨 말을 그렇게 합니까?,ᆸ니까,train,0.8,0.0,0.0,0.0,0.0,0.0,0.2
Sess03_script03_F018,anger,1.3,4.4,1,신성 좋아하고있네 씨 이력서 한 줄 채우려고 내가 특기를 좀 과장되게 썼지만 b/ 그렇다고 이걸 이런 식으로 엮는 거는 오히려 신성모독 아닌가?,네 | ᆫ가,train,1.0,0.0,0.0,0.0,0.0,0.0,0.0
Sess03_script03_F018,anger,1.3,4.4,2,당신들 습관인 거 같은데 아 씨 b/ 아 가뜩이나 취직 안되서 괴로워 죽겠는데 사람을 갖고놀아?,어,train,1.0,0.0,0.0,0.0,0.0,0.0,0.0
Sess03_script03_F019,anger,1.3,4.4,1,아무리 약자라고 기본적이고 인간적인 대우를 해줘야 될 거 아니야.,야,train,1.0,0.0,0.0,0.0,0.0,0.0,0.0
Sess03_script03_F019,anger,1.3,4.4,2,n/ 시간 때우려고 니들 심심풀이 땅콩으로 채우려고 지원자 갖고 놀지 말고.,고,train,1.0,0.0,0.0,0.0,0.0,0.0,0.0
Sess03_script03_M019,anger,1.4,4.1,1,아이 진짜 나 원 참 어이가 없네 진짜.,네,train,1.0,0.0,0.0,0.0,0.0,0.0,0.0
Sess03_script03_M019,anger,1.4,4.1,2,그럼 나가세요 예?,세요,train,1.0,0.0,0.0,0.0,0.0,0.0,0.0
Sess03_script03_M019,anger,1.4,4.1,3,o/ 당신 말고도 지원자는 널렸어요.,어요,train,1.0,0.0,0.0,0.0,0.0,0.0,0.0
Sess03_script04_M012,anger,1.9,3.0,1,기본이 부족해서 싫고 이 뜻은 심사위원 모두 공감했습니다.,습니다,train,0.5,0.3,0.0,0.0,0.2,0.0,0.0
Sess03_script04_M012,anger,1.9,3.0,2,제가 말씀드리면 소은씨는 발전하는 게 아니라 퇴보하게 될 거에요.,에요,train,0.5,0.3,0.0,0.0,0.2,0.0,0.0
Sess03_script04_M012,anger,1.9,3.0,3,o/ 발전이란 바탕이 있어야 높아지는데 잔인한 이야기지만 소은씨는 바탕이 부족합니다.,ᆸ니다,train,0.5,0.3,0.0,0.0,0.2,0.0,0.0
Sess03_script04_M012,anger,1.9,3.0,4,작성 후 읽어는 보셨습니까?,습니까,train,0.5,0.3,0.0,0.0,0.2,0.0,0.0
Sess03_script04_M012,anger,1.9,3.0,5,페이지 하나 하나 마다 오타가 하나씩 있습니다.,습니다,train,0.5,0.3,0.0,0.0,0.2,0.0,0.0
Sess03_script05_M001,happiness,4.4,3.2,1,l/ 야 저거 봐봐.,어,train,0.0,0.0,0.0,1.0,0.0,0.0,0.0
Sess03_script05_M001,happiness,4.4,3.2,2,b/ 저 개그맨 웃기지 않아?,어,train,0.0,0.0,0.0,1.0,0.0,0.0,0.0
Sess03_script05_F001,happiness,2.8,2.6,1,l/ 뭐가 그렇게 재밌어?,어,train,0.0,0.0,0.0,0.0,0.7,0.3,0.0
Sess03_script05_M002,happiness,4.4,3.3,1,웃기잖아.,잖아,train,0.0,0.0,0.0,1.0,0.0,0.0,0.0
Sess03_script05_M002,happiness,4.4,3.3,2,l/ 음 아 근데 바나나 맛있다.,다,train,0.0,0.0,0.0,1.0,0.0,0.0,0.0
Sess03_script05_M002,happiness,4.4,3.3,3,이거 어디서 산 거야?,야,train,0.0,0.0,0.0,1.0,0.0,0.0,0.0
Sess03_script05_M004,happiness,4.0,3.3,1,아 모를 수도 있지 뭐.,지,train,0.0,0.0,0.0,0.8,0.2,0.0,0.0
Sess03_script05_M004,happiness,4.0,3.3,2,아 그게 무슨 대순가?,ᆫ가,train,0.0,0.0,0.0,0.8,0.2,0.0,0.0
Sess03_script05_M004,happiness,4.0,3.3,3,l/ 야 진짜 저거 진짜 웃기다.,다,train,0.0,0.0,0.0,0.8,0.2,0.0,0.0
Sess03_script05_F004,happiness,2.4,2.5,1,자 이거 받어.,어,train,0.0,0.0,0.0,0.0,0.8,0.2,0.0
Sess03_script05_M012,sadness,1.9,3.3,1,얼마나 살 수 있대?,대,train,0.0,0.0,0.2,0.0,0.2,0.4,0.2
Sess03_script05_M013,sadness,1.5,4.5,1,b/ 아 그러니까 내가 저번에 가슴 아프다고 할 때 b/ 내가 병원에 가보라고 했잖아.,잖아,train,0.9,0.0,0.0,0.0,0.0,0.1,0.0
Sess03_script05_M013,sadness,1.5,4.5,2,b/ 왜 그동안 o/ 안 간 거야.,야,train,0.9,0.0,0.0,0.0,0.0,0.1,0.0
Sess03_script05_F012,sadness,1.6,3.0,1,b/ 화 낸다고 달라질 거 없어.,어,train,0.0,0.0,0.0,0.0,0.2,0.8,0.0
Sess03_script05_M014,sadness,1.9,4.2,1,여보 o/ 미안해.,어,train,0.0,0.0,0.1,0.0,0.0,0.8,0.1
Sess03_script05_M014,sadness,1.9,4.2,2,아 어 o/ 소리쳐서 미안해.,어,train,0.0,0.0,0.1,0.0,0.0,0.8,0.1
Sess03_script05_M014,sadness,1.9,4.2,3,b/ 아 아 이왕 이렇게 된 거 b/ 할 수 있는 한 뭐든지 해보자 어?,자,train,0.0,0.0,0.1,0.0,0.0,0.8,0.1
Sess03_script05_M014,sadness,1.9,4.2,4,b/ 요즘 의사들 돌팔이들 많다잖아.,다잖아,train,0.0,0.0,0.1,0.0,0.0,0.8,0.1
Sess03_script05_M014,sadness,1.9,4.2,5,아닐 수도 있어 어?,어,train,0.0,0.0,0.1,0.0,0.0,0.8,0.1
Sess03_script05_F013,sadness,1.1,2.6,1,b/ 아냐 난 아냐 틀렸어.,어,train,0.0,0.0,0.0,0.0,0.0,1.0,0.0
Sess03_script05_M015,sadness,1.7,4.0,1,b/ 틀리긴 뭘 틀려.,어,train,0.3,0.0,0.1,0.0,0.0,0.6,0.0
Sess03_script05_M015,sadness,1.7,4.0,2,b/ 아 빨리 병원에 가자니까.,자니까,train,0.3,0.0,0.1,0.0,0.0,0.6,0.0
Sess03_script05_F014,sadness,1.4,2.6,1,여보 우리 아빠 기억해?,어,train,0.0,0.0,0.0,0.0,0.2,0.8,0.0
Sess03_script05_M016,sadness,1.8,3.4,1,갑자기 아버지 얘긴 왜 꺼내?,어,train,0.0,0.0,0.0,0.0,0.2,0.6,0.2
Sess03_script05_F015,sadness,1.5,2.6,1,b/ 사실 b/ 우리 아빠도 나랑 같은 병이었어.,어,train,0.0,0.0,0.0,0.0,0.1,0.9,0.0
Sess03_script05_F016,sadness,1.1,2.7,1,미안해.,어,train,0.0,0.0,0.0,0.0,0.0,1.0,0.0
Sess03_script05_F016,sadness,1.1,2.7,2,아빠 b/ 3년동안 폐암으로 병원에 계시다가 b/ 돌아가셨어.,어,train,0.0,0.0,0.0,0.0,0.0,1.0,0.0
Sess03_script05_M018,sadness,1.8,3.8,1,o/ n/ 그게 중요한 게 아니야.,야,train,0.0,0.0,0.1,0.0,0.0,0.9,0.0
Sess03_script05_M018,sadness,1.8,3.8,2,지금 그런 거 중요한 게 아니잖아.,잖아,train,0.0,0.0,0.1,0.0,0.0,0.9,0.0
Sess03_script05_M018,sadness,1.8,3.8,3,b/ 그럼 살 수 있어.,어,train,0.0,0.0,0.1,0.0,0.0,0.9,0.0
Sess03_script05_M019,sadness,1.8,3.5,1,(고+여보) 그런 생각 하지마.,어,train,0.0,0.0,0.1,0.0,0.0,0.9,0.0
Sess03_script05_M019,sadness,1.8,3.5,2,o/ u/ 지그 지금도 안 늦었어 일단 정리하고 병원 가자 어?,어 | 자,train,0.0,0.0,0.1,0.0,0.0,0.9,0.0
Sess03_script05_F018,sadness,1.3,2.6,1,b/ 무슨 의미가 있겠어.,어,train,0.0,0.0,0.0,0.0,0.0,1.0,0.0
Sess03_script05_F018,sadness,1.3,2.6,2,b/ 3년을 더 사셨다고 아빠는 행복했을까?,을까,train,0.0,0.0,0.0,0.0,0.0,1.0,0.0
Sess03_script05_M020,sadness,1.5,3.6,1,n/ 왜이래.,어,train,0.1,0.0,0.0,0.0,0.0,0.9,0.0
Sess03_script05_M020,sadness,1.5,3.6,2,o/ 왜이리 약한 생각을 (해),어,train,0.1,0.0,0.0,0.0,0.0,0.9,0.0
Sess03_script05_F019,sadness,1.3,3.0,1,(해+아 나도) 살고싶어.,어,train,0.0,0.0,0.0,0.0,0.0,1.0,0.0
Sess03_script05_F019,sadness,1.3,3.0,2,b/ 나도 사람인데 근데 b/ 싸우기엔 너무 늦었고 지쳤어.,어,train,0.0,0.0,0.0,0.0,0.0,1.0,0.0
Sess03_script05_F020,sadness,1.6,2.8,1,b/ 당신 b/ 우리 애들 잘 부탁해.,어,train,0.0,0.0,0.0,0.0,0.0,1.0,0.0
Sess03_script05_F020,sadness,1.6,2.8,2,그리고 남은 시간 b/ 우리 행복하게 지내면 되잖아.,잖아,train,0.0,0.0,0.0,0.0,0.0,1.0,0.0
Sess03_script05_F020,sadness,1.6,2.8,3,나 행복하고싶어.,어,train,0.0,0.0,0.0,0.0,0.0,1.0,0.0
Sess03_script05_F020,sadness,1.6,2.8,4,b/ 그리고 행복하게 죽고싶어.,어,train,0.0,0.0,0.0,0.0,0.0,1.0,0.0
Sess03_script05_F020,sadness,1.6,2.8,5,b/ 예쁜모습 좋은모습만 남기고싶어.,어,train,0.0,0.0,0.0,0.0,0.0,1.0,0.0
Sess03_script05_F021,sadness,1.5,2.7,1,b/ 마지막 부탁이 있어.,어,train,0.0,0.0,0.0,0.0,0.0,1.0,0.0
Sess03_script05_F021,sadness,1.5,2.7,2,b/ 둘째 결혼시키고 당신도 재혼 해.,어,train,0.0,0.0,0.0,0.0,0.0,1.0,0.0
Sess03_script05_F021,sadness,1.5,2.7,3,b/ 혹시나 애들 결혼 전에 재혼하면 애들도 상처받을 수 있으니까 b/ 애들 결혼만 시켜줘.,어,train,0.0,0.0,0.0,0.0,0.0,1.0,0.0
Sess03_script05_F021,sadness,1.5,2.7,4,n/ 그리고 좋은 여자 만나.,어,train,0.0,0.0,0.0,0.0,0.0,1.0,0.0
Sess03_script05_F021,sadness,1.5,2.7,5,알았지?,지,train,0.0,0.0,0.0,0.0,0.0,1.0,0.0
Sess03_script05_M023,sadness,1.5,3.5,1,도대체 o/ 무슨 소리 하는 거야.,야,train,0.0,0.0,0.1,0.0,0.0,0.9,0.0
Sess03_script05_M023,sadness,1.5,3.5,2,그런 얘기좀 그만해.,어,train,0.0,0.0,0.1,0.0,0.0,0.9,0.0
Sess03_script05_M024,sadness,1.2,3.5,1,미숙아 o/ 내가 잘못했어.,어,train,0.0,0.0,0.1,0.0,0.0,0.9,0.0
Sess03_script05_M024,sadness,1.2,3.5,2,내가 잘못했어.,어,train,0.0,0.0,0.1,0.0,0.0,0.9,0.0
Sess03_script05_M024,sadness,1.2,3.5,3,제발 살아줘.,어,train,0.0,0.0,0.1,0.0,0.0,0.9,0.0
Sess03_script05_M024,sadness,1.2,3.5,4,제발 살아줘.,어,train,0.0,0.0,0.1,0.0,0.0,0.9,0.0
Sess03_script06_M003,anger,2.2,3.8,1,BTS가 오빠냐?,냐,train,0.8,0.2,0.0,0.0,0.0,0.0,0.0
Sess03_script06_M003,anger,2.2,3.8,2,씨 너보다 여섯살이나 어려 와 웃기고 있네.,어 | 네,train,0.8,0.2,0.0,0.0,0.0,0.0,0.0
Sess03_script06_M006,anger,2.2,4.0,1,(고+지)금 하고 있으니까 끝나고 준다(고),ᆫ다,train,1.0,0.0,0.0,0.0,0.0,0.0,0.0
Sess03_script06_F008,anger,1.8,3.8,1,(고+아) 몰라 아 그게 당첨 되겠냐?,어 | 냐,train,0.7,0.3,0.0,0.0,0.0,0.0,0.0
Sess03_script06_M007,anger,2.4,3.1,1,(해+멍멍이)소리 그만하고 보기나 해.,어,train,0.8,0.0,0.0,0.0,0.2,0.0,0.0
Sess03_script06_M008,anger,3.7,3.2,1,어 나 시작한다.,ᆫ다,train,0.0,0.0,0.0,0.7,0.3,0.0,0.0
Sess03_script06_M008,anger,3.7,3.2,2,b/ o/ 옳지 어 아싸 어?,어,train,0.0,0.0,0.0,0.7,0.3,0.0,0.0
Sess03_script06_M010,happiness,4.3,4.1,1,오케이 야 일단 5천원 확보 오케(이),야,train,0.0,0.0,0.0,1.0,0.0,0.0,0.0
Sess03_script06_F010,happiness,3.4,3.1,1,(이+아) 진짜 b/ 퍽이나 좋겠다.,다,train,0.0,0.3,0.0,0.0,0.6,0.0,0.1
Sess03_script06_M011,happiness,4.6,4.5,1,워 호 야 네개 맞았어 네개 네개 우 하 이거 어떻게 할 거야.,야 | 어 | 야,train,0.0,0.0,0.0,1.0,0.0,0.0,0.0
Sess03_script06_M012,happiness,4.7,4.4,1,아 어 b/ 다섯개 제발 제 제발 제발 아 아 어떡해 어떡해.,어 | 어,train,0.0,0.0,0.1,0.5,0.0,0.0,0.4
Sess03_script06_F012,happiness,4.0,4.1,1,어 진짜 어떡해?,어,train,0.0,0.0,0.0,0.0,0.0,0.0,1.0
Sess03_script06_F012,happiness,4.0,4.1,2,여섯개 다 맞는 거 아냐?,냐,train,0.0,0.0,0.0,0.0,0.0,0.0,1.0
Sess03_script06_F017,happiness,5.0,4.9,1,아 오빠 어떡해.,어,train,0.0,0.0,0.0,0.4,0.0,0.0,0.6
Sess03_script06_F017,happiness,5.0,4.9,2,어떡해 어떡해.,어 | 어,train,0.0,0.0,0.0,0.4,0.0,0.0,0.6
Sess03_script06_M018,happiness,4.9,4.7,1,o/ 야 야 야 나좀 꼬집어줘봐.,어,train,0.0,0.0,0.0,0.6,0.0,0.0,0.4
Sess03_script06_M018,happiness,4.9,4.7,2,이 이거 이거 진짜야?,야,train,0.0,0.0,0.0,0.6,0.0,0.0,0.4
Sess03_script06_F018,happiness,4.8,4.8,1,어 얼마든지 꼬집어줄게.,ᆯ게,train,0.0,0.0,0.0,0.8,0.0,0.0,0.2
Sess03_script06_M019,happiness,4.6,4.8,1,아아아 야야 아프게 꼬집으면 어떡해 이.,어,train,0.3,0.0,0.0,0.5,0.0,0.0,0.2
Sess03_script06_F019,happiness,4.9,4.8,1,b/ 아 제대로 꼬집어야 꿈인지 아닌지 알 수 있지.,지,train,0.0,0.0,0.0,0.9,0.0,0.0,0.1
Sess03_script06_F019,happiness,4.9,4.8,2,b/ 아 어떡해 o/ 어떡해.,어,train,0.0,0.0,0.0,0.9,0.0,0.0,0.1
Sess03_script06_M020,happiness,4.8,4.6,1,o/ N/ 야 나 심장 뛰는 거 봐봐.,어,train,0.0,0.0,0.0,0.9,0.0,0.0,0.1
Sess03_script06_M020,happiness,4.8,4.6,2,b/ 미칠 거 같다.,다,train,0.0,0.0,0.0,0.9,0.0,0.0,0.1
Sess03_script06_F020,happiness,4.7,4.5,1,b/ 사랑하는 오빠 나 잊지마?,어,train,0.0,0.0,0.0,1.0,0.0,0.0,0.0
Sess03_script06_F020,happiness,4.7,4.5,2,나 잊으면 안돼?,어,train,0.0,0.0,0.0,1.0,0.0,0.0,0.0
Sess03_script06_M026,happiness,4.5,4.2,1,b/ 야 이거 돈이 좋긴 좋네.,네,train,0.0,0.0,0.0,0.7,0.0,0.0,0.3
Sess03_script06_F026,happiness,4.4,3.7,1,지금 전화걸게.,ᆯ게,train,0.0,0.0,0.0,0.8,0.2,0.0,0.0
Sess03_script06_M027,happiness,4.4,4.0,1,(아+어) 진작에 그럴 것이지.,지,train,0.0,0.0,0.0,0.9,0.1,0.0,0.0
Sess03_script06_F027,happiness,4.7,4.3,1,b/ 오빠 정말 오빠가 짱이야.,야,train,0.0,0.0,0.0,0.7,0.1,0.0,0.2
Sess03_script06_F027,happiness,4.7,4.3,2,최고야.,야,train,0.0,0.0,0.0,0.7,0.1,0.0,0.2
Sess03_script06_F027,happiness,4.7,4.3,3,b/ 나한테 역시 우리 오빠밖에 없지.,지,train,0.0,0.0,0.0,0.7,0.1,0.0,0.2
Sess03_script06_F027,happiness,4.7,4.3,4,b/ 나 천만 아니 1억만 딱 1억만 주라.,라,train,0.0,0.0,0.0,0.7,0.1,0.0,0.2
Sess03_script06_F028,happiness,4.7,4.6,1,b/ 오빠 l/ 아 나 생각만 해도 너무 좋아.,어,train,0.0,0.0,0.0,0.9,0.0,0.0,0.1
Sess03_script06_M029,happiness,4.5,4.4,1,o/ N/ u/ 나도 진짜 너무 놀라가지고 이게 이게 꿈인가 생신가 싶다 이거.,다,train,0.0,0.0,0.0,1.0,0.0,0.0,0.0
Sess03_script06_F029,happiness,4.6,4.4,1,b/ 어 어(떡해),어,train,0.0,0.0,0.0,1.0,0.0,0.0,0.0
Sess03_script06_M030,happiness,4.8,4.8,1,(떡해+내일 날) 밝으면 b/ 이제 고주홍의 시대가 열린다 이거야.,ᆫ다 | 야,train,0.0,0.0,0.0,1.0,0.0,0.0,0.0
Sess03_script06_M030,happiness,4.8,4.8,2,o/ 야야 n/ 두고봐.,어,train,0.0,0.0,0.0,1.0,0.0,0.0,0.0
Sess03_script06_M030,happiness,4.8,4.8,3,o/ 내가 이 돈으로 b/ 세상을 깜짝 놀라게 할테니까.,니까,train,0.0,0.0,0.0,1.0,0.0,0.0,0.0
Sess03_impro01_M005,anger,2.1,3.4,1,아니 내가 뭐 그렇게 좋은 뭐 보석은 아니더라도 그래도 나 쓸만한 그런 느낌 아니야?,야,train,0.8,0.0,0.0,0.0,0.1,0.1,0.0
Sess03_impro01_F006,anger,3.0,3.0,1,그래 u/ 당연히 그렇지.,지,train,0.0,0.0,0.0,0.0,1.0,0.0,0.0
Sess03_impro01_M007,anger,1.8,3.8,1,아 이 김부장 씨바 o/ 아니 김부장이 왜 자꾸 나한테만 짜증내고 그런단 말이야.,야,train,1.0,0.0,0.0,0.0,0.0,0.0,0.0
Sess03_impro01_F008,anger,2.9,2.7,1,아유 그래 그랬구나.,구나,train,0.0,0.0,0.0,0.0,1.0,0.0,0.0
Sess03_impro01_F009,anger,3.0,2.7,1,응 듣고 있어.,어,train,0.0,0.0,0.0,0.0,1.0,0.0,0.0
Sess03_impro01_M009,anger,1.8,3.9,1,아니 왜케 그 건성으로 듣냐고 좀 나 좀 좀 얘기 좀 잘 들어줘봐.,어,train,1.0,0.0,0.0,0.0,0.0,0.0,0.0
Sess03_impro01_F010,anger,2.7,2.9,1,듣고 있어.,어,train,0.1,0.0,0.0,0.0,0.9,0.0,0.0
Sess03_impro01_M010,anger,1.6,3.9,1,(그렇지+아이) 지금 파가 중요한 게 아니잖아.,잖아,train,1.0,0.0,0.0,0.0,0.0,0.0,0.0
Sess03_impro01_F011,anger,2.7,2.7,1,(어?+환불이) 되려나.,려나,train,0.0,0.0,0.0,0.0,1.0,0.0,0.0
Sess03_impro01_M011,anger,1.6,4.1,1,아니 들어보라고.,라고,train,1.0,0.0,0.0,0.0,0.0,0.0,0.0
Sess03_impro01_F012,anger,2.8,2.8,1,알았어.,어,train,0.0,0.0,0.0,0.0,1.0,0.0,0.0
Sess03_impro01_F012,anger,2.8,2.8,2,알았어 말해봐 말해봐 응.,어 | 어 | 어,train,0.0,0.0,0.0,0.0,1.0,0.0,0.0
Sess03_impro01_M012,anger,1.7,3.7,1,아니 김부장이 b/ 별 것도 아닌 거 같다 나한테 자꾸 짜증내고 그런다니까.,다 | ᆫ다니까,train,1.0,0.0,0.0,0.0,0.0,0.0,0.0
Sess03_impro01_F013,anger,2.8,2.7,1,b/ 그래 아니 그럴 수 있어 그럴 수 있어.,어 | 어,train,0.0,0.0,0.0,0.0,1.0,0.0,0.0
Sess03_impro01_F014,sadness,2.7,2.8,1,o/ 지연이랑 헤어졌어?,어,train,0.0,0.0,0.0,0.0,0.4,0.3,0.3
Sess03_impro01_M016,anger,1.3,4.2,1,(아우+뭘) 어떡해.,어,train,0.9,0.0,0.0,0.0,0.0,0.1,0.0
Sess03_impro01_F016,anger,3.0,3.4,1,그런 거지.,지,train,0.1,0.0,0.0,0.0,0.8,0.1,0.0
Sess03_impro01_M017,anger,1.4,4.1,1,엄마는 엄마는 옛날시대면은 그냥 한 남자만 바라보고 그런 시대에 살았으니까 당연히 그렇게 얘기할 수도 있겠지.,지,train,1.0,0.0,0.0,0.0,0.0,0.0,0.0
Sess03_impro01_M017,anger,1.4,4.1,2,b/ 근데 난 아니라고.,라고,train,1.0,0.0,0.0,0.0,0.0,0.0,0.0
Sess03_impro01_F017,sadness,2.9,2.8,1,b/ 그래 래현아 많이 힘들어?,어,train,0.0,0.0,0.0,0.0,0.6,0.4,0.0
Sess03_impro01_F018,sadness,3.2,3.0,1,알아 응?,어,train,0.0,0.0,0.0,0.0,0.7,0.3,0.0
Sess03_impro01_F018,sadness,3.2,3.0,2,래현이 마음 엄마도 잘 알아 너무 속상해 하지 b/ 너무 속상해하니깐 그래서 그런 거지.,어 | 지 | 지,train,0.0,0.0,0.0,0.0,0.7,0.3,0.0
Sess03_impro01_M019,sadness,1.9,3.0,1,그렇게 쉬운 문제가 아니야.,야,train,0.0,0.0,0.0,0.0,0.3,0.7,0.0
Sess03_impro01_F019,sadness,3.0,2.9,1,그래 사랑이 어떻게 쉽겠어.,어,train,0.0,0.0,0.0,0.0,0.6,0.4,0.0
Sess03_impro01_F019,sadness,3.0,2.9,2,그래도 너무 속상해하지마 응?,어,train,0.0,0.0,0.0,0.0,0.6,0.4,0.0
Sess03_impro01_F021,sadness,2.8,2.2,1,래현아 울지마.,어,train,0.0,0.0,0.0,0.0,0.2,0.8,0.0
Sess03_impro01_F021,sadness,2.8,2.2,2,엄마도 너 마음 다 알아.,어,train,0.0,0.0,0.0,0.0,0.2,0.8,0.0
Sess03_impro01_F021,sadness,2.8,2.2,3,엄마두 b/ 너네 아버지 돌아가고 돌아가실 참 힘들었어.,어,train,0.0,0.0,0.0,0.0,0.2,0.8,0.0
Sess03_impro01_F021,sadness,2.8,2.2,4,근데 b/ 사랑이 그렇잖아 어떻게 항상 맛있고 따뜻해.,잖아 | 어,train,0.0,0.0,0.0,0.0,0.2,0.8,0.0
Sess03_impro01_F021,sadness,2.8,2.2,5,사랑도 음식처럼 식고 상하고 그러는 거야.,야,train,0.0,0.0,0.0,0.0,0.2,0.8,0.0
Sess03_impro01_F021,sadness,2.8,2.2,6,그래도 다시 맛있게 새로운 음식 해먹으면 되는거지.,지,train,0.0,0.0,0.0,0.0,0.2,0.8,0.0
Sess03_impro01_F021,sadness,2.8,2.2,7,너가 힘들면 엄마도 힘들어.,어,train,0.0,0.0,0.0,0.0,0.2,0.8,0.0
Sess03_impro01_F021,sadness,2.8,2.2,8,엄마도 그때 많이 힘들었어.,어,train,0.0,0.0,0.0,0.0,0.2,0.8,0.0
Sess03_impro01_F022,sadness,2.4,2.2,1,그러니까 괜찮은 척 한거지.,지,train,0.0,0.0,0.0,0.0,0.0,1.0,0.0
Sess03_impro01_F022,sadness,2.4,2.2,2,괜찮은 척 하는 거지.,지,train,0.0,0.0,0.0,0.0,0.0,1.0,0.0
Sess03_impro01_F022,sadness,2.4,2.2,3,그러니까 너무 힘들어하지마.,어,train,0.0,0.0,0.0,0.0,0.0,1.0,0.0
Sess03_impro01_M022,sadness,1.7,2.5,1,죄송해요.,어요,train,0.0,0.0,0.0,0.0,0.1,0.9,0.0
Sess03_impro01_F023,sadness,3.2,2.6,1,u/ 뭐가 죄송해.,어,train,0.0,0.0,0.0,0.0,0.4,0.6,0.0
Sess03_impro01_F023,sadness,3.2,2.6,2,지금은 당연히 힘들테지.,지,train,0.0,0.0,0.0,0.0,0.4,0.6,0.0
Sess03_impro01_F023,sadness,3.2,2.6,3,많이 사랑했으니까.,으니까,train,0.0,0.0,0.0,0.0,0.4,0.6,0.0
Sess03_impro01_F023,sadness,3.2,2.6,4,난 우리 래현이 너무 멋있는데?,는데,train,0.0,0.0,0.0,0.0,0.4,0.6,0.0
Sess03_impro01_M023,sadness,2.4,2.7,1,제가 너무 이기적이였어요.,어요,train,0.0,0.0,0.0,0.0,0.1,0.9,0.0
Sess03_impro02_F008,anger,2.1,2.7,1,모르겠는데요?,는데요,train,0.3,0.1,0.0,0.0,0.6,0.0,0.0
Sess03_impro02_M009,anger,1.8,3.4,1,아주 넘쳐흐르네 오일이.,네,train,0.7,0.2,0.0,0.0,0.1,0.0,0.0
Sess03_impro02_F010,anger,2.2,3.0,1,b/ 괜찮안 괜찮은 거 같은데.,어 | 은데,train,0.4,0.1,0.0,0.0,0.5,0.0,0.0
Sess03_impro02_M010,anger,1.7,3.2,1,아 그쪽은 괜찮겠죠.,죠,train,0.6,0.4,0.0,0.0,0.0,0.0,0.0
Sess03_impro02_M010,anger,1.7,3.2,2,먹는 사람들이 싫겠지.,지,train,0.6,0.4,0.0,0.0,0.0,0.0,0.0
Sess03_impro02_M010,anger,1.7,3.2,3,그리고 이거 지금 탕수육이라고 만든 거야 아니면 고기튀김이라고 만든거야?,야 | 야,train,0.6,0.4,0.0,0.0,0.0,0.0,0.0
Sess03_impro02_F011,anger,2.0,2.9,1,b/ 탕수육 인데요?,ᆫ데요,train,0.5,0.2,0.0,0.0,0.3,0.0,0.0
Sess03_impro02_M012,anger,1.9,3.1,1,아 이 문제가 있네.,네,train,0.4,0.4,0.0,0.0,0.2,0.0,0.0
Sess03_impro02_M013,anger,1.7,3.9,1,(괜찮았어요+그니까) 그거는 그쪽 얘기라고.,어요 | 라고,train,0.9,0.1,0.0,0.0,0.0,0.0,0.0
Sess03_impro02_F014,anger,1.8,3.9,1,저 이걸로 상도 받았어요.,어요,train,1.0,0.0,0.0,0.0,0.0,0.0,0.0
Sess03_impro02_M014,anger,1.7,3.7,1,아이고 상을 그니까 인기로 받았겠죠.,죠,train,0.9,0.1,0.0,0.0,0.0,0.0,0.0
Sess03_impro02_M014,anger,1.7,3.7,2,(지금 무슨+이런식으로) 만드는데 무슨 상을 받아요.,어요,train,0.9,0.1,0.0,0.0,0.0,0.0,0.0
Sess03_impro02_M014,anger,1.7,3.7,3,그 상이 뭐야?,야,train,0.9,0.1,0.0,0.0,0.0,0.0,0.0
Sess03_impro02_M014,anger,1.7,3.7,4,대체 무슨 상이야?,야,train,0.9,0.1,0.0,0.0,0.0,0.0,0.0
Sess03_impro02_M014,anger,1.7,3.7,5,뭘 믿고 그러는 거에요 지금?,에요,train,0.9,0.1,0.0,0.0,0.0,0.0,0.0
Sess03_impro02_F015,anger,1.8,3.6,1,b/ 아니 저한테 무슨 불만 있으세요?,으세요,train,0.9,0.1,0.0,0.0,0.0,0.0,0.0
Sess03_impro02_M015,anger,1.9,3.3,1,아뇨 불만없는데 요리를 똑바로 만들어야 될 거 아니에요.,에요,train,0.8,0.1,0.0,0.0,0.1,0.0,0.0
Sess03_impro02_F016,anger,1.8,3.6,1,저 그 요리 검증받은 (요리에요).,에요,train,0.9,0.1,0.0,0.0,0.0,0.0,0.0
Sess03_impro02_M016,anger,1.8,3.2,1,(요리에요+그니까) 그거는 인기로 받은 거라고요.,에요 | 라고요,train,0.6,0.2,0.0,0.0,0.2,0.0,0.0
Sess03_impro02_F017,anger,1.4,4.3,1,인기로 받았는지 아닌지 어떻게 알아요?,어요,train,1.0,0.0,0.0,0.0,0.0,0.0,0.0
Sess03_impro02_M017,anger,1.7,3.8,1,이렇게 만드는데 어떻게 이거를 맛으로 평가를 받을 수가 있어요?,어요,train,0.9,0.1,0.0,0.0,0.0,0.0,0.0
Sess03_impro02_F018,anger,1.6,3.9,1,그러면 그게 무슨 잘못 됐다는 겁니까?,ᆸ니까,train,1.0,0.0,0.0,0.0,0.0,0.0,0.0
Sess03_impro02_M018,anger,1.4,3.9,1,잘못됐죠.,죠,train,0.9,0.1,0.0,0.0,0.0,0.0,0.0
Sess03_impro02_M018,anger,1.4,3.9,2,요리사가 요리를 못 하는데 아니에요?,에요,train,0.9,0.1,0.0,0.0,0.0,0.0,0.0
Sess03_impro02_F019,anger,1.3,4.4,1,b/ 저 나름 인정받고 여기서 수석주방장으로 일하고 있습니다.,습니다,train,1.0,0.0,0.0,0.0,0.0,0.0,0.0
Sess03_impro02_M019,anger,1.4,3.8,1,그래요 그래요 근데 이렇게 만들면 안 돼죠.,어요 | 어요 | 죠,train,0.9,0.1,0.0,0.0,0.0,0.0,0.0
Sess03_impro02_F020,anger,1.2,4.2,1,b/ 아니 당신은 당신은 그렇게 요리를 잘해?,어,train,0.8,0.2,0.0,0.0,0.0,0.0,0.0
Sess03_impro02_F020,anger,1.2,4.2,2,아 그래 그래 잘하겠지.,지,train,0.8,0.2,0.0,0.0,0.0,0.0,0.0
Sess03_impro02_F020,anger,1.2,4.2,3,뭐 상도 면이 많이 받았다면서 o/ 아 그럼 그 상은 그 상은 인기상 아닌가?,ᆫ가,train,0.8,0.2,0.0,0.0,0.0,0.0,0.0
Sess03_impro02_M022,anger,1.5,3.9,1,그거 인기로 탄 거야.,야,train,0.7,0.3,0.0,0.0,0.0,0.0,0.0
Sess03_impro02_F022,anger,1.1,4.5,1,(없다고 u/+그럼) 당신은 당신은 사람들을 마음을 잡는 요리를 합니까?,ᆸ니까,train,1.0,0.0,0.0,0.0,0.0,0.0,0.0
Sess03_impro02_F022,anger,1.1,4.5,2,당신 요리 그렇게 잘해?,어,train,1.0,0.0,0.0,0.0,0.0,0.0,0.0
Sess03_impro02_F022,anger,1.1,4.5,3,그럼 만들어봐.,어,train,1.0,0.0,0.0,0.0,0.0,0.0,0.0
Sess03_impro02_F023,anger,1.3,4.5,1,그렇게 재수없는 표정 짓지말고 그럼 한번 내 앞에서 짬뽕이랑 탕수육 갖다 놔 봐.,어,train,1.0,0.0,0.0,0.0,0.0,0.0,0.0
Sess03_impro02_F023,anger,1.3,4.5,2,내가 그 요리 맛 보고 감탄하면 내가 다 때려치우고 내가 나갈게.,ᆯ게,train,1.0,0.0,0.0,0.0,0.0,0.0,0.0
Sess03_impro03_F017,anger,1.9,3.5,1,"(그럼+u/) 계획을 받았고, 그럼 이 틀 안에서 프로젝트를 진행을 했어야 됐는데 추가비용이라는 거 자체가 일단 저희 회사입장에서는 어 부정적일 수 밖에 없잖아요.",잖아요,train,0.3,0.2,0.0,0.0,0.5,0.0,0.0
Sess03_impro03_F017,anger,1.9,3.5,2,(그렇죠?,죠,train,0.3,0.2,0.0,0.0,0.5,0.0,0.0
Sess03_impro03_F018,anger,1.9,3.3,1,지금 제가 얘길하고 있잖아요 그쵸?,잖아요,train,0.9,0.0,0.0,0.0,0.1,0.0,0.0
Sess03_impro03_M018,anger,1.8,3.3,1,아니 (들어보세요 그러면 부장님).,세요,train,0.6,0.0,0.0,0.0,0.2,0.0,0.2
Sess03_impro03_F019,anger,1.8,3.1,1,(들어보세요 그러면 부장님+어 들어) 그럼 제가 들어 제가 말하고 있는데.,세요 | 는데,train,0.8,0.0,0.0,0.0,0.2,0.0,0.0
Sess03_impro03_M019,anger,1.6,3.9,1,아니 o/ 진정을 할 수 없는 상황이잖아요.,잖아요,train,1.0,0.0,0.0,0.0,0.0,0.0,0.0
Sess03_impro03_F020,anger,1.9,3.0,1,추가비용을 썼으면 이정도는 예상을 하고 있어야 되는 거 아닌가?,ᆫ가,train,0.4,0.2,0.0,0.0,0.4,0.0,0.0
Sess03_impro03_M020,anger,1.6,3.8,1,아 지금 제가 대리여서 그렇게 다 넘기시는 거에요?,에요,train,1.0,0.0,0.0,0.0,0.0,0.0,0.0
Sess03_impro03_F021,anger,1.7,3.4,1,l/ 어머 아니 지금 무슨 말을 그렇게 해요.,어요,train,0.8,0.1,0.0,0.0,0.1,0.0,0.0
Sess03_impro03_F021,anger,1.7,3.4,2,그리고 어디서 지금 싸가지 없게 부장한테 그게 지금 무슨 태도입니까?,ᆸ니까,train,0.8,0.1,0.0,0.0,0.1,0.0,0.0
Sess03_impro03_F022,anger,1.8,3.9,1,(저한테 u/+싸가지가) 없는 거 알고 있으면 그렇게 행동을 하면 안되잖아요.,잖아요,train,1.0,0.0,0.0,0.0,0.0,0.0,0.0
Sess03_impro03_M022,anger,1.6,3.8,1,저한테 다 떠넘기시는 건 그건 싸가지가 있는 거에요?,에요,train,1.0,0.0,0.0,0.0,0.0,0.0,0.0
Sess03_impro03_F023,anger,1.6,3.6,1,l/ 내가 언제 떠넘 그리고 지금 싸가 지금 저한테 싸가지 없다고 하신 거에요?,에요,train,0.9,0.0,0.0,0.0,0.0,0.0,0.1
Sess03_impro03_M023,anger,1.5,3.7,1,아니 지금 (말씀하시는 게 싸가지 없게 말씀하시잖아요+u/ 싸가지 없는 행동이에요) 네?,잖아요 | 에요,train,1.0,0.0,0.0,0.0,0.0,0.0,0.0
Sess03_impro03_F024,anger,1.6,4.0,1,내일 징계위원회 관련돼서 메일 보낼테니까 잘 숙지하시고 o/ 착오 없게 참석하세요.,세요,train,1.0,0.0,0.0,0.0,0.0,0.0,0.0
Sess03_impro03_F024,anger,1.6,4.0,2,(알았죠),죠,train,1.0,0.0,0.0,0.0,0.0,0.0,0.0
Sess03_impro03_M024,anger,1.5,4.0,1,(알았죠+야 진짜) 그러면 제가 내일 징계위원회 가서요.,죠,train,0.8,0.2,0.0,0.0,0.0,0.0,0.0
Sess03_impro03_M024,anger,1.5,4.0,2,부장님하고 전무님하고 대화했던 내용들 그거 다 까발리고 그 두분이 회삿돈 얼마나 다 해 처 드셨는지 제가 밝히겠습니다.,습니다,train,0.8,0.2,0.0,0.0,0.0,0.0,0.0
Sess03_impro03_M024,anger,1.5,4.0,3,그럼 되는 거죠?,죠,train,0.8,0.2,0.0,0.0,0.0,0.0,0.0
Sess03_impro03_M025,anger,1.7,3.8,1,지금 부장님하고 전무님하고 이중장부 있는 것도 제가 알고 있구요.,구요,train,0.6,0.2,0.0,0.0,0.2,0.0,0.0
Sess03_impro03_M025,anger,1.7,3.8,2,그 대화내용들 모두 다 녹음 (해놨습니다+아니 아니 잠시만) 그거를 내일 징계위원회 가서 (밝히고+아니아니 잠시만 잠) 누구누구 잘못인지 얘기를 (하겠습니다).,습니다 | 습니다,train,0.6,0.2,0.0,0.0,0.2,0.0,0.0
Sess03_impro03_F026,anger,2.1,3.9,1,(하겠습니다+아니) 잠시만 강대리 강대리 강대리.,습니다,train,0.0,0.0,0.0,0.0,0.1,0.0,0.9
Sess03_impro03_M027,anger,1.8,3.3,1,그래요?,어요,train,0.5,0.3,0.0,0.0,0.2,0.0,0.0
Sess03_impro03_M027,anger,1.8,3.3,2,그러면은 제가 이 녹음내용을 내일 틀도록 할게요.,ᆯ게요,train,0.5,0.3,0.0,0.0,0.2,0.0,0.0
Sess03_impro03_M027,anger,1.8,3.3,3,네 (그럼 전 이만 나가보겠습니다.,습니다,train,0.5,0.3,0.0,0.0,0.2,0.0,0.0
Sess03_impro04_M016,happiness,2.5,3.2,1,"에으 씨 이거 아팠겠네, 좀 따가워.",어,train,0.0,0.0,0.0,0.0,0.2,0.4,0.4
Sess03_impro04_M026,happiness,2.1,3.4,1,(몰라+아) 왜 그런 재수없는 소릴 해 어디가서 그냥 장난이라도 그런 소리 하지마.,어 | 어,train,0.8,0.0,0.0,0.0,0.0,0.0,0.2
Sess03_impro04_F024,happiness,4.3,3.4,1,b/ 내가 죽으면 어떡할거야?,야,train,0.0,0.0,0.0,0.6,0.4,0.0,0.0
Sess03_impro04_F025,anger,4.2,3.4,1,내가 죽으면 어떡할거냐고.,냐고,train,0.0,0.0,0.0,0.4,0.6,0.0,0.0
Sess03_impro04_M028,anger,2.1,3.2,1,아 진영이 저기 장가도 보내고 하고 그때까지 계속 살아있어야지 무슨 (그런 소릴해).,어,train,0.6,0.0,0.0,0.0,0.3,0.0,0.1
Sess03_impro04_M034,happiness,3.9,3.3,1,이뻐 죽긴 뭘 이뻐죽어.,어,train,0.0,0.0,0.0,0.6,0.4,0.0,0.0
Sess03_impro04_M041,happiness,4.3,3.8,1,(아 나 못 들었다 못 들었다 아 너무 작게 얘기했+아 됐어 아니 l/ 왜 계속 아 이러면 지 진영이 깨 이거 또) 아유.,다 | 다 | 어,train,0.0,0.0,0.0,0.6,0.4,0.0,0.0
Sess03_impro04_M042,happiness,4.6,4.0,1,o/ N/ 사 사랑해 사랑해 아 나 모르겠다 아 나 자야겠다 이제.,다 | 다,train,0.0,0.0,0.0,0.9,0.1,0.0,0.0
Sess03_impro04_F040,happiness,4.8,4.1,1,알았어 알았어 뭐 먹고 싶은데 (말해봐 말해봐 어+아 안먹어도 돼 안먹어도 돼 아 빨리 빨리 자 빨리) 같이 씻을까?,어 | 어 | 어 | 어 | 어 | 어 | 을까,train,0.0,0.0,0.0,1.0,0.0,0.0,0.0
Sess04_script01_M009,happiness,4.0,4.2,1,l/ 야 뭘 그렇게 크게 말해.,어,train,0.0,0.0,0.0,0.2,0.0,0.0,0.8
Sess04_script01_M013,happiness,4.0,3.2,1,제주도 서귀포에 풍경 좋은 곳이 많거든?,거든,train,0.0,0.0,0.0,0.4,0.6,0.0,0.0
Sess04_script01_M013,happiness,4.0,3.2,2,그 쪽에 바다가 보이는 그런 양지바른 땅을 사서 하얗고 웅장하게 펜션을 짓는 거야.,야,train,0.0,0.0,0.0,0.4,0.6,0.0,0.0
Sess04_script01_F012,happiness,4.2,3.5,1,맛있겠다.,다,train,0.0,0.0,0.0,0.8,0.1,0.0,0.1
Sess04_script01_F013,happiness,3.7,3.9,1,(서+에이) 무슨 셋은 낳아야지.,어야지,train,0.1,0.0,0.0,0.5,0.4,0.0,0.0
Sess04_script01_F015,anger,2.2,3.8,1,뭐 나야말로 오빠랑 누가 결혼한대?,ᆫ대,train,0.9,0.0,0.0,0.0,0.1,0.0,0.0
Sess04_script01_M016,anger,3.6,3.7,1,b/ 아 뭐야.,야,train,0.0,0.0,0.0,0.2,0.2,0.0,0.6
Sess04_script01_M022,sadness,2.9,3.1,1,b/ 미안해 사실 이번에도 월급을 못 받았어.,어 | 어,train,0.0,0.0,0.0,0.0,0.4,0.6,0.0
Sess04_script01_M022,sadness,2.9,3.1,2,가게 사정도 어렵고 b/ 근데 오늘 우리 만난지 100일이잖아.,잖아,train,0.0,0.0,0.0,0.0,0.4,0.6,0.0
Sess04_script01_F023,happiness,4.1,3.5,1,b/ 아 오빠 너무 웃겨.,어,train,0.0,0.0,0.0,0.8,0.2,0.0,0.0
Sess04_script01_M023,happiness,3.1,3.0,1,o/ 이런 선물 받으니까 좀 어이가 없지?,지,train,0.0,0.0,0.0,0.0,0.5,0.5,0.0
Sess04_script01_F024,happiness,4.1,3.6,1,아이 그러니까 b/ 젓가락 100개 란게 우리들 만난지 100일이 되는 날이라서 준비했다는 거야?,야,train,0.0,0.0,0.0,0.8,0.2,0.0,0.0
Sess04_script01_F024,happiness,4.1,3.6,2,아 o/ 어뜩해.,어,train,0.0,0.0,0.0,0.8,0.2,0.0,0.0
Sess04_script01_M024,happiness,3.6,3.4,1,b/ o/ 미안해.,어,train,0.0,0.0,0.0,0.1,0.6,0.3,0.0
Sess04_script01_M024,happiness,3.6,3.4,2,b/ 그런데 다음에 만날 땐 내가 꼭 멋진 선물 사줄게.,ᆯ게,train,0.0,0.0,0.0,0.1,0.6,0.3,0.0
Sess04_script01_M024,happiness,3.6,3.4,3,제주도 앞바다에 멋시 멋진 펜션 짓고 우리도 멋있게 행복하게 살 수 있어.,어,train,0.0,0.0,0.0,0.1,0.6,0.3,0.0
Sess04_script01_F029,happiness,4.2,3.4,1,대신 같이 살아야겠어.,어,train,0.0,0.0,0.0,1.0,0.0,0.0,0.0
Sess04_script01_F030,happiness,4.3,3.8,1,o/ 자 o/ 오빠는 젓가락을 줬지만 난 좋은 거 줄게.,ᆯ게,train,0.0,0.0,0.0,0.9,0.1,0.0,0.0
Sess04_script01_M029,happiness,3.8,3.3,1,이게 뭔데?,ᆫ데,train,0.0,0.0,0.0,0.1,0.3,0.0,0.6
Sess04_script01_F031,happiness,4.4,4.2,1,으이그 b/ 이 무능력한 남자야.,야,train,0.0,0.0,0.0,0.8,0.2,0.0,0.0
Sess04_script01_F031,happiness,4.4,4.2,2,b/ 여자인 내가 반지를 준비해야겠어?,어,train,0.0,0.0,0.0,0.8,0.2,0.0,0.0
Sess04_script01_M030,happiness,3.4,3.3,1,(지+아 이거) 어떻게 샀어.,어,train,0.0,0.0,0.0,0.0,0.4,0.0,0.6
Sess04_script01_M030,happiness,3.4,3.3,2,너 돈 없잖아.,잖아,train,0.0,0.0,0.0,0.0,0.4,0.0,0.6
Sess04_script01_F032,happiness,4.2,3.6,1,b/ 미장원에서 샴푸하면서 동네 아줌마들이 주는 팁 좀 모았지.,지,train,0.0,0.0,0.0,0.9,0.1,0.0,0.0
Sess04_script01_F032,happiness,4.2,3.6,2,b/ 그 오빠는 돈 걱정 하지마.,어,train,0.0,0.0,0.0,0.9,0.1,0.0,0.0
Sess04_script01_F032,happiness,4.2,3.6,3,o/ 내가 먹여 살릴게.,ᆯ게,train,0.0,0.0,0.0,0.9,0.1,0.0,0.0
Sess04_script01_F033,happiness,4.3,3.6,1,(야+오빠) b/ 누가 선물하고 누가 프로포즈하면 어때.,어,train,0.0,0.0,0.0,1.0,0.0,0.0,0.0
Sess04_script01_F033,happiness,4.3,3.6,2,b/ 난 오빠를 사랑하고 지금이 행복해.,어,train,0.0,0.0,0.0,1.0,0.0,0.0,0.0
Sess04_script01_F034,happiness,4.3,3.6,1,b/ 우리 둘이 함께 한다는게 o/ 중요하잖아.,어,train,0.0,0.0,0.0,1.0,0.0,0.0,0.0
Sess04_script01_F035,happiness,4.4,3.5,1,대신 o/ 프로포즈는 내가 했으니까 b/ 결혼식은 정말 멋지게 해줘야돼?,어,train,0.0,0.0,0.0,0.9,0.1,0.0,0.0
Sess04_script01_F035,happiness,4.4,3.5,2,알았어?,어,train,0.0,0.0,0.0,0.9,0.1,0.0,0.0
Sess04_script01_M033,happiness,4.4,3.5,1,b/ 여진아 사랑한다.,ᆫ다,train,0.0,0.0,0.0,0.9,0.1,0.0,0.0
Sess04_script01_M033,happiness,4.4,3.5,2,b/ 정말 사랑해.,어,train,0.0,0.0,0.0,0.9,0.1,0.0,0.0
Sess04_script02_F004,sadness,2.7,2.8,1,l/ 전 차인 거네요?,네요,train,0.0,0.0,0.0,0.0,0.4,0.6,0.0
Sess04_script02_M010,anger,2.2,3.1,1,어디까지 돼야 발전일까요?,ᆯ까요,train,0.4,0.2,0.0,0.0,0.4,0.0,0.0
Sess04_script02_M010,anger,2.2,3.1,2,아이디어를 내는 족족 채택되면 발전인겁니까?,ᆸ니까,train,0.4,0.2,0.0,0.0,0.4,0.0,0.0
Sess04_script02_M010,anger,2.2,3.1,3,아니면 회사에서 무조건 인정해주면 발전인겁니까?,ᆸ니까,train,0.4,0.2,0.0,0.0,0.4,0.0,0.0
Sess04_script02_F012,anger,1.8,3.5,1,b/ 너무 b/ 공격적으로 생각하신느 거 아닌가요?,ᆫ가요,train,0.8,0.1,0.0,0.0,0.1,0.0,0.0
Sess04_script02_F012,anger,1.8,3.5,2,저도 고민하고 심사숙고해서 낸 아이디어인데 뭐가 문제였는지 b/ 뭐가 부족했는지 뭐 물어볼 수 있지 않나요?,나요,train,0.8,0.1,0.0,0.0,0.1,0.0,0.0
Sess04_script02_M011,anger,2.3,3.1,1,좋은 질문이네요.,네요,train,0.2,0.2,0.0,0.0,0.6,0.0,0.0
Sess04_script02_M011,anger,2.3,3.1,2,b/ 솔직히 소은씨 아이디어가 가장 훌륭했고 가장 높은 점수를 받았습니다.,습니다,train,0.2,0.2,0.0,0.0,0.6,0.0,0.0
Sess04_script02_M011,anger,2.3,3.1,3,하지만 저는 소은씨 같은 스타일을 싫어합니다.,ᆸ니다,train,0.2,0.2,0.0,0.0,0.6,0.0,0.0
Sess04_script02_F013,anger,1.8,3.5,1,개인적인 감정이에요?,에요,train,0.8,0.0,0.0,0.0,0.2,0.0,0.0
Sess04_script02_M012,anger,1.8,3.4,1,기본이 부족해서 싫고 이 뜻은 심사위원 모두 공감했습니다.,습니다,train,0.2,0.3,0.0,0.0,0.5,0.0,0.0
Sess04_script02_M012,anger,1.8,3.4,2,b/ 제가 말씀드리면 소은씨는 발전하는게 아니라 퇴보하게 될 거에요.,에요,train,0.2,0.3,0.0,0.0,0.5,0.0,0.0
Sess04_script02_M012,anger,1.8,3.4,3,발전이란 바탕이 있어야 높아지는데 잔인한 이야기지만 소은씨는 바탕이 부족합니다.,ᆸ니다,train,0.2,0.3,0.0,0.0,0.5,0.0,0.0
Sess04_script02_M012,anger,1.8,3.4,4,작성 후 읽어는 보셨나요?,나요,train,0.2,0.3,0.0,0.0,0.5,0.0,0.0
Sess04_script02_M012,anger,1.8,3.4,5,페이지 하나 하나마다 오타가 하나씩 있습니다.,습니다,train,0.2,0.3,0.0,0.0,0.5,0.0,0.0
Sess04_script02_F014,anger,1.7,3.6,1,아니 b/ 오타때문에 아이디어를 탈락 시키셨다구요?,다구요,train,0.8,0.1,0.0,0.0,0.1,0.0,0.0
Sess04_script02_M013,anger,2.1,3.2,1,이번 장기프로젝트의 핵심은 뭐죠?,죠,train,0.4,0.2,0.0,0.0,0.4,0.0,0.0
Sess04_script02_M014,anger,2.1,3.5,1,맞아요.,어요,train,0.5,0.2,0.0,0.0,0.3,0.0,0.0
Sess04_script02_M014,anger,2.1,3.5,2,그리고 기본적으로 이번 프로젝트는 3년이란 시간을 기본 바탕으로 하고 있습니다.,습니다,train,0.5,0.2,0.0,0.0,0.3,0.0,0.0
Sess04_script02_M014,anger,2.1,3.5,3,b/ 그 중에 가장 필요한게 담당자의 책임감과 꾸준함이죠.,죠,train,0.5,0.2,0.0,0.0,0.3,0.0,0.0
Sess04_script02_M014,anger,2.1,3.5,4,u/ 환경문제가 한 번에 해결되는 일이 아니니깐요.,니깐요,train,0.5,0.2,0.0,0.0,0.3,0.0,0.0
Sess04_script02_M014,anger,2.1,3.5,5,b/ 하지만 소은씨는 그 기본마저 안 되어 있습니다.,습니다,train,0.5,0.2,0.0,0.0,0.3,0.0,0.0
Sess04_script02_M014,anger,2.1,3.5,6,자기 보고서 하나도 제대로 완수 못 하고 b/ 오타를 내는 담당자에게 어떻게 3년이나 지속되는 프로젝트를 맡길 수가 있겠습니까?,습니까,train,0.5,0.2,0.0,0.0,0.3,0.0,0.0
Sess04_script02_M015,anger,2.3,3.0,1,이제 제 이야기 끝난 거 같네요.,네요,train,0.2,0.2,0.0,0.0,0.6,0.0,0.0
Sess04_script02_M015,anger,2.3,3.0,2,b/ 회의시작 10분 전 입니다.,ᆸ니다,train,0.2,0.2,0.0,0.0,0.6,0.0,0.0
Sess04_script02_M015,anger,2.3,3.0,3,전 소은씨에게 5분을 드렸고 소은씨는 어느정도 이해 한 거 같아요.,어요,train,0.2,0.2,0.0,0.0,0.6,0.0,0.0
Sess04_script02_M015,anger,2.3,3.0,4,버려진 5분만큼 본인을 발전시키고 나중에 만납시다.,ᆸ시다,train,0.2,0.2,0.0,0.0,0.6,0.0,0.0
Sess04_script02_M015,anger,2.3,3.0,5,n/ 그럼 나가주시죠.,죠,train,0.2,0.2,0.0,0.0,0.6,0.0,0.0
Sess04_script03_F003,anger,2.0,3.2,1,거기 마트가 생긴지 두 달이 넘었어.,어,train,0.6,0.1,0.0,0.0,0.2,0.1,0.0
Sess04_script03_F003,anger,2.0,3.2,2,그것도 몰라?,어,train,0.6,0.1,0.0,0.0,0.2,0.1,0.0
Sess04_script03_F005,sadness,1.6,2.2,1,잘 들어.,어,train,0.0,0.0,0.0,0.0,0.2,0.8,0.0
Sess04_script03_F005,sadness,1.6,2.2,2,나 폐에 종양이 생겼대.,대,train,0.0,0.0,0.0,0.0,0.2,0.8,0.0
Sess04_script03_F006,sadness,1.6,2.4,1,당신 나 없이도 꿋꿋하게 애들 키우면서 잘 살아야 돼.,어,train,0.0,0.0,0.0,0.0,0.1,0.9,0.0
Sess04_script03_M008,sadness,2.9,3.4,1,b/ 참 b/ 아 자기 지금 무슨 소리야.,야,train,0.0,0.0,0.0,0.0,0.2,0.1,0.7
Sess04_script03_M008,sadness,2.9,3.4,2,농담이지?,지,train,0.0,0.0,0.0,0.0,0.2,0.1,0.7
Sess04_script03_F007,sadness,1.6,2.2,1,b/ o/ 악성이래.,래,train,0.0,0.0,0.0,0.0,0.0,1.0,0.0
Sess04_script03_F007,sadness,1.6,2.2,2,이미 왼쪽에 70프로 정돈 퍼져있고 정확한 건 가슴을 열어봐야 알겠지만 음 림프절하고 늑막까지 전이가 됐대.,대,train,0.0,0.0,0.0,0.0,0.0,1.0,0.0
Sess04_script03_M009,sadness,3.0,3.3,1,l/ 장난이지?,지,train,0.0,0.0,0.0,0.0,0.4,0.0,0.6
Sess04_script03_M009,sadness,3.0,3.3,2,농담하는 거지?,지,train,0.0,0.0,0.0,0.0,0.4,0.0,0.6
Sess04_script03_M009,sadness,3.0,3.3,3,야 지금이라도 빨리 병원 가자.,자,train,0.0,0.0,0.0,0.0,0.4,0.0,0.6
Sess04_script03_F008,sadness,1.3,2.0,1,이미 늦었어.,어,train,0.0,0.0,0.0,0.0,0.1,0.9,0.0
Sess04_script03_M010,sadness,2.8,3.2,1,b/ 아이 거 그냥 수술하면 되는 거 아냐?,냐,train,0.1,0.0,0.2,0.0,0.3,0.1,0.3
Sess04_script03_M011,sadness,2.1,2.8,1,얼마나 살 수 있대?,대,train,0.0,0.0,0.2,0.0,0.5,0.2,0.1
Sess04_script03_M012,anger,1.5,4.6,1,b/ n/ 아 그러니까 내가 진짜 지난번에 가슴 아프다고 할 때 병원 가보라고 했잖아.,잖아,train,1.0,0.0,0.0,0.0,0.0,0.0,0.0
Sess04_script03_M012,anger,1.5,4.6,2,내가 뭐라 그랬어.,어,train,1.0,0.0,0.0,0.0,0.0,0.0,0.0
Sess04_script03_M012,anger,1.5,4.6,3,b/ 왜 그냥 안 간 거야?,야,train,1.0,0.0,0.0,0.0,0.0,0.0,0.0
Sess04_script03_M012,anger,1.5,4.6,4,아 왜 안 갔냐고?,냐고,train,1.0,0.0,0.0,0.0,0.0,0.0,0.0
Sess04_script03_F011,anger,1.3,3.0,1,화낸다고 달라질 건 없잖아.,잖아,train,0.4,0.0,0.0,0.0,0.0,0.6,0.0
Sess04_script03_M013,sadness,2.3,3.7,1,b/ 여보 미안해.,어,train,0.0,0.0,0.2,0.0,0.1,0.6,0.1
Sess04_script03_M013,sadness,2.3,3.7,2,소리쳐서 미안해.,어,train,0.0,0.0,0.2,0.0,0.1,0.6,0.1
Sess04_script03_M013,sadness,2.3,3.7,3,아이 그러면은 이왕 이렇게 된 거 할 수 있는 거 뭐든지 해보자.,자,train,0.0,0.0,0.2,0.0,0.1,0.6,0.1
Sess04_script03_M013,sadness,2.3,3.7,4,일단 수술부터 받자.,자,train,0.0,0.0,0.2,0.0,0.1,0.6,0.1
Sess04_script03_M013,sadness,2.3,3.7,5,요즘 의사들 돌팔이들 많다잖아.,다잖아,train,0.0,0.0,0.2,0.0,0.1,0.6,0.1
Sess04_script03_M013,sadness,2.3,3.7,6,u/ 그리고 b/ 그 6개월이 아니라 6년 그 아이 아이 60년 살 수도 있는 거고 모르는 거야.,야,train,0.0,0.0,0.2,0.0,0.1,0.6,0.1
Sess04_script03_M013,sadness,2.3,3.7,7,어서 병원에 가자 어?,자,train,0.0,0.0,0.2,0.0,0.1,0.6,0.1
Sess04_script03_F012,sadness,1.4,2.4,1,n/ 나 아니야.,야,train,0.0,0.0,0.0,0.0,0.0,1.0,0.0
Sess04_script03_F012,sadness,1.4,2.4,2,틀렸어.,어,train,0.0,0.0,0.0,0.0,0.0,1.0,0.0
Sess04_script03_M014,anger,1.5,4.4,1,아 틀리긴 뭘 틀려.,어,train,0.9,0.0,0.0,0.0,0.0,0.0,0.1
Sess04_script03_F013,anger,1.4,2.8,1,(그냥+여보) 울 아빠 기억해?,어,train,0.0,0.0,0.0,0.0,0.0,1.0,0.0
Sess04_script03_M015,sadness,1.8,3.5,1,o/ 갑자기 아빠 아빠 얘긴 왜 꺼내.,어,train,0.2,0.0,0.0,0.0,0.3,0.4,0.1
Sess04_script03_F014,sadness,1.1,3.1,1,o/ b/ 사실 우리 아빠도 나랑 같은 병이었어.,어,train,0.0,0.0,0.0,0.0,0.0,1.0,0.0
Sess04_script03_M016,sadness,1.9,3.5,1,당신 어 어릴 적에 사고로 돌아가셨다고 했잖아.,잖아,train,0.0,0.0,0.0,0.0,0.2,0.1,0.7
Sess04_script03_M016,sadness,1.9,3.5,2,나 속인 거야?,야,train,0.0,0.0,0.0,0.0,0.2,0.1,0.7
Sess04_script03_F015,sadness,1.1,3.4,1,미안해.,어,train,0.0,0.0,0.0,0.0,0.0,1.0,0.0
Sess04_script03_F015,sadness,1.1,3.4,2,b/ 아빠 3년동안 폐암으로 병원에 계시다가 어 돌아가셨어.,어,train,0.0,0.0,0.0,0.0,0.0,1.0,0.0
Sess04_script03_M017,sadness,2.2,3.1,1,미숙아 o/ 그게 중요한게 아니야.,야,train,0.0,0.0,0.2,0.0,0.2,0.6,0.0
Sess04_script03_M017,sadness,2.2,3.1,2,그런게 중요한게 아니잖아.,잖아,train,0.0,0.0,0.2,0.0,0.2,0.6,0.0
Sess04_script03_M017,sadness,2.2,3.1,3,o/ 일단 입원치료 하고 수술 받자.,자,train,0.0,0.0,0.2,0.0,0.2,0.6,0.0
Sess04_script03_M017,sadness,2.2,3.1,4,그럼 살 수 있어.,어,train,0.0,0.0,0.2,0.0,0.2,0.6,0.0
Sess04_script03_F016,sadness,1.0,3.4,1,n/ b/ 아니야.,야,train,0.0,0.0,0.0,0.0,0.0,1.0,0.0
Sess04_script03_M018,sadness,2.0,3.4,1,여보 제발 그런 생각 하지마.,어,train,0.0,0.0,0.1,0.0,0.2,0.7,0.0
Sess04_script03_M018,sadness,2.0,3.4,2,b/ u/ 자기 지금 지금도 안 늦었어.,어,train,0.0,0.0,0.1,0.0,0.2,0.7,0.0
Sess04_script03_M018,sadness,2.0,3.4,3,일단 정리하고 병원가자 어?,자,train,0.0,0.0,0.1,0.0,0.2,0.7,0.0
Sess04_script03_F017,sadness,1.0,3.0,1,무슨 의미가 있겠어.,어,train,0.0,0.0,0.0,0.0,0.0,1.0,0.0
Sess04_script03_F017,sadness,1.0,3.0,2,3년을 더 사셨다고 아빠는 행복했을까?,을까,train,0.0,0.0,0.0,0.0,0.0,1.0,0.0
Sess04_script03_M019,sadness,1.8,3.6,1,여보 왜 이래.,어,train,0.1,0.0,0.0,0.0,0.0,0.9,0.0
Sess04_script03_M019,sadness,1.8,3.6,2,왜 이리 약한 생각을 (해),어,train,0.1,0.0,0.0,0.0,0.0,0.9,0.0
Sess04_script03_F018,sadness,1.0,4.1,1,(해+u/ 나도) 살고싶어.,어,train,0.1,0.0,0.0,0.0,0.0,0.9,0.0
Sess04_script03_F018,sadness,1.0,4.1,2,나도 사람인데.,ᆫ데,train,0.1,0.0,0.0,0.0,0.0,0.9,0.0
Sess04_script03_F018,sadness,1.0,4.1,3,근데 b/ 아우 싸우긴 너무 늦었고 지쳤어.,어,train,0.1,0.0,0.0,0.0,0.0,0.9,0.0
Sess04_script03_F019,sadness,1.0,3.7,1,b/ 당신 u/ 우리 애들 잘 부탁해.,어,train,0.0,0.0,0.0,0.0,0.0,1.0,0.0
Sess04_script03_F019,sadness,1.0,3.7,2,b/ 그리고 남은 시간 우리 행복하게 지내면 되잖아.,잖아,train,0.0,0.0,0.0,0.0,0.0,1.0,0.0
Sess04_script03_F019,sadness,1.0,3.7,3,b/ 여보 나 행복하고 싶어.,어,train,0.0,0.0,0.0,0.0,0.0,1.0,0.0
Sess04_script03_F019,sadness,1.0,3.7,4,그리고 행복하게 죽고싶어.,어,train,0.0,0.0,0.0,0.0,0.0,1.0,0.0
Sess04_script03_F019,sadness,1.0,3.7,5,b/ 예쁜 모습 좋은 모습으로 남기고싶어.,어,train,0.0,0.0,0.0,0.0,0.0,1.0,0.0
Sess04_script03_F020,sadness,1.4,3.3,1,o/ 나 마지막 부탁이 있어.,어,train,0.0,0.0,0.0,0.0,0.0,1.0,0.0
Sess04_script03_F020,sadness,1.4,3.3,2,b/ 음 둘째 결혼시키고 당신도 재혼 해.,어,train,0.0,0.0,0.0,0.0,0.0,1.0,0.0
Sess04_script03_F020,sadness,1.4,3.3,3,o/ b/ 음 혹시나 애들 결혼 전에 재혼하면 o/ 어 b/ 애들도 상처받을 수 있으니까 애들만 결혼시켜줘 응?,어,train,0.0,0.0,0.0,0.0,0.0,1.0,0.0
Sess04_script03_F020,sadness,1.4,3.3,4,그리고 좋은 여자 만나.,어,train,0.0,0.0,0.0,0.0,0.0,1.0,0.0
Sess04_script03_F020,sadness,1.4,3.3,5,알았지?,지,train,0.0,0.0,0.0,0.0,0.0,1.0,0.0
Sess04_script03_M022,sadness,1.2,4.6,1,b/ 아유 대체 무슨 소리 하는 거야 진짜.,야,train,0.3,0.0,0.0,0.0,0.0,0.7,0.0
Sess04_script03_M022,sadness,1.2,4.6,2,b/ 그런 얘기좀 그만해 진짜.,어,train,0.3,0.0,0.0,0.0,0.0,0.7,0.0
Sess04_script03_M023,sadness,1.1,4.2,1,b/ 야 미선아 b/ 잘못했어.,어,train,0.0,0.0,0.0,0.0,0.0,1.0,0.0
Sess04_script03_M023,sadness,1.1,4.2,2,내가 잘못했어 b/ 제발 살아줘 제발 살아줘.,어 | 어 | 어,train,0.0,0.0,0.0,0.0,0.0,1.0,0.0
Sess04_script04_F003,anger,1.7,3.9,1,어우 지금 생각할 게 뭐 있어.,어,train,0.8,0.0,0.0,0.0,0.0,0.0,0.2
Sess04_script04_F015,anger,1.5,4.1,1,사람이면 이러면 안 되잖아.,잖아,train,0.4,0.0,0.3,0.0,0.1,0.0,0.2
Sess04_script04_F015,anger,1.5,4.1,2,당신 이런 사람 아니잖아.,잖아,train,0.4,0.0,0.3,0.0,0.1,0.0,0.2
Sess04_script05_F003,happiness,4.1,3.3,1,네 감사합니다.,ᆸ니다,train,0.0,0.0,0.0,0.6,0.4,0.0,0.0
Sess04_script05_F018,anger,1.7,3.8,1,b/ 원래 면접을 이런 식으로 봐요?,어요,train,1.0,0.0,0.0,0.0,0.0,0.0,0.0
Sess04_script05_M019,anger,1.9,3.9,1,아니 무슨 말을 그렇게 합니까?,ᆸ니까,train,1.0,0.0,0.0,0.0,0.0,0.0,0.0
Sess04_script05_F019,anger,1.4,4.5,1,(지금 뭐 하+신성) u/ 신성 좋아하고 있네.,네,train,1.0,0.0,0.0,0.0,0.0,0.0,0.0
Sess04_script05_F019,anger,1.4,4.5,2,그렇다고 이걸 이런 식으로 엮는게 오히려 신성모독 아닌가요?,ᆫ가요,train,1.0,0.0,0.0,0.0,0.0,0.0,0.0
Sess04_script05_F019,anger,1.4,4.5,3,o/ 당신들 n/ 습관인 거 같은데 가뜩이나 취직 안돼서 괴로워 죽겠는데 사람 갖고 놀아?,어,train,1.0,0.0,0.0,0.0,0.0,0.0,0.0
Sess04_script05_F020,anger,1.4,4.3,1,o/ 아무리 약자라도 기본적이고 인간적인 대우를 해줘야 될 거 아니야.,야,train,0.9,0.1,0.0,0.0,0.0,0.0,0.0
Sess04_script05_F020,anger,1.4,4.3,2,시간 때우려고 니들 심심풀이 땅콩으로 채우려고 지원자 갖고 놀지 마요.,어요,train,0.9,0.1,0.0,0.0,0.0,0.0,0.0
Sess04_script05_M020,anger,1.5,4.2,1,내 어이가 없어서 그럼 나가세요.,세요,train,1.0,0.0,0.0,0.0,0.0,0.0,0.0
Sess04_script05_M020,anger,1.5,4.2,2,당신 말고도 지원자 널렸어.,어,train,1.0,0.0,0.0,0.0,0.0,0.0,0.0
Sess04_script06_F004,happiness,3.5,3.1,1,제발 어디 가서 좀 친오빠라고 하지 마.,어,train,0.0,0.1,0.0,0.7,0.2,0.0,0.0
Sess04_script06_F004,happiness,3.5,3.1,2,나한테 오빠는 o/ BTS 오빠들 뿐이니까.,니까,train,0.0,0.1,0.0,0.7,0.2,0.0,0.0
Sess04_script06_M003,happiness,2.6,3.0,1,야 BTS가 오빠냐?,냐,train,0.3,0.4,0.0,0.0,0.3,0.0,0.0
Sess04_script06_M003,happiness,2.6,3.0,2,너보다 여섯살은 어려.,어,train,0.3,0.4,0.0,0.0,0.3,0.0,0.0
Sess04_script06_M003,happiness,2.6,3.0,3,웃기고 있네 (진짜),네,train,0.3,0.4,0.0,0.0,0.3,0.0,0.0
Sess04_script06_F008,anger,1.9,3.6,1,아으 짜증나.,어,train,1.0,0.0,0.0,0.0,0.0,0.0,0.0
Sess04_script06_F009,anger,1.9,3.6,1,(준다고+아) 몰라 (진짜 이씨+그게) 당첨 되겠냐?,어 | 냐,train,0.6,0.4,0.0,0.0,0.0,0.0,0.0
Sess04_script06_F009,anger,1.9,3.6,2,아이구 u/ b/ 어떤 여잔지 모르겠지만 오빠같은 남자랑 결혼 할 여자가 아주 불쌍하다 불쌍해.,어,train,0.6,0.4,0.0,0.0,0.0,0.0,0.0
Sess04_script06_M017,happiness,4.9,4.8,1,야 나좀 꼬집어줘봐.,어,train,0.0,0.0,0.0,0.9,0.0,0.0,0.1
Sess04_script06_M017,happiness,4.9,4.8,2,o/ 이게 진짜냐?,냐,train,0.0,0.0,0.0,0.9,0.0,0.0,0.1
Sess04_script06_F016,happiness,4.6,4.4,1,익 얼마든지 꼬집어줄게.,ᆯ게,train,0.0,0.0,0.0,0.8,0.1,0.0,0.1
Sess04_script06_M018,anger,4.3,4.6,1,아 아 야 아프게 꼬집으면 어떡해.,어,train,0.5,0.0,0.0,0.3,0.0,0.0,0.2
Sess04_script06_F017,happiness,4.6,4.6,1,o/ b/ n/ 아이 제대로 꼬집어야 이게 o/ 꿈인지 아닌지 알 수 있지.,지,train,0.0,0.0,0.0,1.0,0.0,0.0,0.0
Sess04_script06_M019,happiness,4.7,4.8,1,b/ 어 씨 o/ 나 심장 뛰는 거 봐.,어,train,0.0,0.0,0.0,0.7,0.1,0.0,0.2
Sess04_script06_M019,happiness,4.7,4.8,2,o/ 미칠 거 같다 씨.,다,train,0.0,0.0,0.0,0.7,0.1,0.0,0.2
Sess04_script06_F018,happiness,4.7,4.4,1,나 잊지마.,어,train,0.0,0.0,0.0,1.0,0.0,0.0,0.0
Sess04_script06_F018,happiness,4.7,4.4,2,잊으면 안 돼?,어,train,0.0,0.0,0.0,1.0,0.0,0.0,0.0
Sess04_script06_F018,happiness,4.7,4.4,3,응 나 마침 그 신상 구두를 좀 새로 사야하는데.,는데,train,0.0,0.0,0.0,1.0,0.0,0.0,0.0
Sess04_script06_F019,happiness,4.6,4.1,1,o/ N/ 아 알았어.,어,train,0.0,0.0,0.0,0.9,0.1,0.0,0.0
Sess04_script06_F019,happiness,4.6,4.1,2,알았어.,어,train,0.0,0.0,0.0,0.9,0.1,0.0,0.0
Sess04_script06_F019,happiness,4.6,4.1,3,걱정하지마.,어,train,0.0,0.0,0.0,0.9,0.1,0.0,0.0
Sess04_script06_F019,happiness,4.6,4.1,4,내가 입이 무겁잖아.,잖아,train,0.0,0.0,0.0,0.9,0.1,0.0,0.0
Sess04_script06_M021,happiness,2.8,4.3,1,(같은 거+야 로또) 로또 1등 된 사람만 쫓아다니면서 돈 뺐고 구걸하는 사람 있다잖아.,다잖아,train,0.1,0.0,0.2,0.1,0.3,0.0,0.3
Sess04_script06_M021,happiness,2.8,4.3,2,혹시 모르니까 이거 이거 너랑 나만 아는 비밀이야.,야,train,0.1,0.0,0.2,0.1,0.3,0.0,0.3
Sess04_script06_M021,happiness,2.8,4.3,3,(알았어),어,train,0.1,0.0,0.2,0.1,0.3,0.0,0.3
Sess04_script06_F021,happiness,4.2,3.7,1,(진짜 이씨+으응 오빠) o/ 내가 오빠 잘 될 줄 알았다니까.,다니까,train,0.0,0.0,0.0,0.7,0.3,0.0,0.0
Sess04_script06_M023,happiness,3.6,3.8,1,아이 야 됐고.,고,train,0.0,0.0,0.0,0.3,0.6,0.0,0.1
Sess04_script06_F022,happiness,4.2,3.9,1,o/ 오빠 내 친구 은지랑 o/ 소개팅 하고 싶다고 했지?,지,train,0.0,0.0,0.0,1.0,0.0,0.0,0.0
Sess04_script06_F022,happiness,4.2,3.9,2,내가 바로 주선할게.,ᆯ게,train,0.0,0.0,0.0,1.0,0.0,0.0,0.0
Sess04_script06_M024,happiness,4.4,4.0,1,o/ 야 이게 돈이 좋긴 좋네.,네,train,0.0,0.0,0.0,1.0,0.0,0.0,0.0
Sess04_script06_F023,happiness,4.2,4.1,1,지금 지금 지금 전화할게.,ᆯ게,train,0.0,0.0,0.0,1.0,0.0,0.0,0.0
Sess04_script06_F023,happiness,4.2,4.1,2,o/ 내 친구들 많아.,어,train,0.0,0.0,0.0,1.0,0.0,0.0,0.0
Sess04_script06_M025,happiness,4.3,3.9,1,치 진작에 그럴 것이지.,지,train,0.0,0.0,0.0,0.8,0.2,0.0,0.0
Sess04_script06_M025,happiness,4.3,3.9,2,야 얼마 필요하냐?,냐,train,0.0,0.0,0.0,0.8,0.2,0.0,0.0
Sess04_script06_F024,happiness,4.6,4.2,1,진짜지?,지,train,0.0,0.0,0.0,0.6,0.0,0.0,0.4
Sess04_script06_F024,happiness,4.6,4.2,2,(어 어+진짜지 진짜지) n/ 이 오빠가 정말 짱이야.,야,train,0.0,0.0,0.0,0.6,0.0,0.0,0.4
Sess04_script06_F024,happiness,4.6,4.2,3,최고야.,야,train,0.0,0.0,0.0,0.6,0.0,0.0,0.4
Sess04_script06_F024,happiness,4.6,4.2,4,나한텐 역시 우리 오빠야.,야,train,0.0,0.0,0.0,0.6,0.0,0.0,0.4
Sess04_script06_F025,happiness,4.9,5.0,1,o/ 오빠 오 생각만 해도 너무 좋아.,어,train,0.0,0.0,0.0,0.9,0.0,0.0,0.1
Sess04_script06_M027,happiness,4.6,4.1,1,o/ u/ 나도 너무 놀라가지고 어 씨 진짜 o/ 이게 꿈인가 생시인가 싶다.,다,train,0.0,0.0,0.0,0.9,0.0,0.0,0.1
Sess04_script06_M028,happiness,4.7,4.7,1,자 우선은 내일 날 밝으면 이제 고주홍의 시대가 열린다 이거야 어?,ᆫ다 | 야,train,0.0,0.0,0.0,1.0,0.0,0.0,0.0
Sess04_script06_M028,happiness,4.7,4.7,2,두고 봐.,어,train,0.0,0.0,0.0,1.0,0.0,0.0,0.0
Sess04_impro01_F006,sadness,2.7,2.8,1,누가 우리 아들보고 별로래?,래,train,0.4,0.0,0.0,0.0,0.3,0.0,0.3
Sess04_impro01_F010,anger,2.0,2.7,1,아으 그 인간은 옛날부터 들어왔을 때마다 아주 인성 쓰레기야 인성 (쓰레기야 u/).,야,train,0.4,0.4,0.0,0.0,0.2,0.0,0.0
Sess04_impro02_M015,happiness,3.7,3.0,1,뭐야 어디 또 아픈데 있어?,야 | 어,train,0.0,0.0,0.0,0.2,0.5,0.0,0.3
Sess04_impro02_F015,happiness,4.4,4.2,1,아니 l/ 아오.,오,train,0.0,0.0,0.0,0.9,0.1,0.0,0.0
Sess04_impro02_M016,happiness,3.7,3.0,1,왜그래?,어,train,0.0,0.0,0.0,0.3,0.7,0.0,0.0
Sess04_impro02_M016,happiness,3.7,3.0,2,o/ 약간 정신 나간 거 같은데?,은데,train,0.0,0.0,0.0,0.3,0.7,0.0,0.0
Sess04_impro02_F018,happiness,4.5,4.2,1,"l/ 아니 우리 연애 초반 때 l/ 나 응급실 갔잖아 배 아파가지고, o/ 아, 그때 l/ 우리 영미 살려주세요.",잖아 | 세요,train,0.0,0.0,0.0,0.9,0.1,0.0,0.0
Sess04_impro02_F019,happiness,4.5,4.0,1,아 웃겨.,어,train,0.0,0.0,0.0,1.0,0.0,0.0,0.0
Sess04_impro02_M020,happiness,3.4,3.1,1,내가 장염인 줄 알았으면 거기다 내팽겨치고 왔어요 진짜.,어요,train,0.0,0.1,0.0,0.1,0.8,0.0,0.0
Sess04_impro02_F020,happiness,4.4,3.9,1,l/ 아유 그때 정말 아유 그래 지금이니까 이렇게 웃을 수 있는 거지.,지,train,0.0,0.0,0.0,1.0,0.0,0.0,0.0
Sess04_impro02_F027,happiness,4.2,3.3,1,감동이야.,야,train,0.0,0.0,0.0,0.9,0.1,0.0,0.0
Sess04_impro02_M028,happiness,3.9,3.0,1,나 씻으러 간다.,ᆫ다,train,0.0,0.0,0.0,0.3,0.7,0.0,0.0
Sess04_impro02_M034,happiness,3.6,3.5,1,사랑한다고.,ᆫ다고,train,0.1,0.0,0.0,0.2,0.7,0.0,0.0
Sess04_impro02_M035,happiness,4.1,3.9,1,귓구멍 막혔어?,어,train,0.4,0.0,0.0,0.2,0.4,0.0,0.0
Sess04_impro02_M035,happiness,4.1,3.9,2,이 사람 정신 나갔나 오늘 왜 이래 (진짜).,어,train,0.4,0.0,0.0,0.2,0.4,0.0,0.0
Sess04_impro02_F035,happiness,4.5,3.6,1,(진짜+엎드려) 절 받기다 엎드려 절 받기야.,야,train,0.0,0.0,0.0,0.9,0.1,0.0,0.0
Sess04_impro02_F036,happiness,4.3,3.3,1,알았어 여보 내일 저녁 뭐 먹고싶어?,어 | 어,train,0.0,0.0,0.0,0.8,0.2,0.0,0.0
Sess04_impro02_M037,happiness,3.4,2.8,1,아 자기가 잘하는 거 아무거나 해.,어,train,0.0,0.0,0.0,0.1,0.9,0.0,0.0
Sess04_impro02_F037,happiness,4.4,3.9,1,o/ 으응 으응 나 오늘 기분이 너무 좋아서 내일 자기가 먹고 싶은 거 해줘야겠어.,어,train,0.0,0.0,0.0,1.0,0.0,0.0,0.0
Sess04_impro02_F037,happiness,4.4,3.9,2,o/ 내일 뭐 먹고 싶어?,어,train,0.0,0.0,0.0,1.0,0.0,0.0,0.0
Sess04_impro02_M038,happiness,4.2,3.1,1,n/ b/ 아 그래 된장찌개 해줘.,어,train,0.0,0.0,0.0,0.6,0.4,0.0,0.0
Sess04_impro02_F038,happiness,4.4,3.8,1,(그럼+어) 다시 한번 사랑한다고 말해줘.,어,train,0.0,0.0,0.0,0.8,0.2,0.0,0.0
Sess04_impro02_M039,happiness,4.4,3.9,1,사랑해 된장찌개 o/ 해줘.,어,train,0.0,0.0,0.0,0.6,0.4,0.0,0.0
Sess04_impro02_F039,happiness,4.8,4.4,1,아 나도 사랑해.,어,train,0.0,0.0,0.0,1.0,0.0,0.0,0.0
Sess04_impro03_M006,anger,1.6,3.5,1,함 봐바요 지금 이 짬뽕이 지금 제대로 된 짬뽕인가.,ᆫ가,train,0.9,0.1,0.0,0.0,0.0,0.0,0.0
Sess04_impro03_F004,anger,1.9,3.4,1,와 진짜 말씀이 너무 지나치시네요.,네요,train,0.7,0.0,0.0,0.0,0.1,0.0,0.2
Sess04_impro03_M007,anger,1.7,3.7,1,뭐가 지나쳐요.,어요,train,0.9,0.1,0.0,0.0,0.0,0.0,0.0
Sess04_impro03_M007,anger,1.7,3.7,2,이 짬뽕이 지나치지.,지,train,0.9,0.1,0.0,0.0,0.0,0.0,0.0
Sess04_impro03_M008,anger,1.4,4.0,1,아니 한번 맛을 보고 말하라고요.,라고요,train,1.0,0.0,0.0,0.0,0.0,0.0,0.0
Sess04_impro03_F005,anger,1.6,4.0,1,(이렇게+맛) 봤어요.,어요,train,1.0,0.0,0.0,0.0,0.0,0.0,0.0
Sess04_impro03_M009,anger,1.8,3.6,1,근데 괜찮아요?,어요,train,0.4,0.3,0.0,0.0,0.2,0.0,0.1
Sess04_impro03_M010,anger,1.6,3.7,1,올리브 오일이 이렇게 둥둥 떠다니는데?,는데,train,0.6,0.3,0.0,0.0,0.1,0.0,0.0
Sess04_impro03_F007,anger,1.5,4.3,1,왜 당신 거보다 맛있어가지고 샘나요?,어요,train,1.0,0.0,0.0,0.0,0.0,0.0,0.0
Sess04_impro03_F008,anger,1.5,4.1,1,아우 나 진짜 지금 제 요리 갖고 무시해요?,어요,train,1.0,0.0,0.0,0.0,0.0,0.0,0.0
Sess04_impro03_F008,anger,1.5,4.1,2,지금 내 요리 갖고 나랑 무시해가지고 나랑 지금 싸우자는 거에요?,에요,train,1.0,0.0,0.0,0.0,0.0,0.0,0.0
Sess04_impro03_M012,anger,1.7,3.4,1,무시하고 싸우자는 겁니다.,ᆸ니다,train,0.5,0.4,0.0,0.0,0.1,0.0,0.0
Sess04_impro03_M012,anger,1.7,3.4,2,아 이왕 싸우자는 거 하나만 더 싸워봅시다.,ᆸ시다,train,0.5,0.4,0.0,0.0,0.1,0.0,0.0
Sess04_impro03_M012,anger,1.7,3.4,3,지금 저 탕수육 내가 아까 먹어봤는데 탕수육 안에 돼지고기 뭐 죽은지 막 한 열흘 지난 거 같애요.,애요,train,0.5,0.4,0.0,0.0,0.1,0.0,0.0
Sess04_impro03_M013,anger,1.5,4.0,1,돼지고기가 빠짝 말라있어요.,어요,train,0.7,0.2,0.0,0.0,0.1,0.0,0.0
Sess04_impro03_M013,anger,1.5,4.0,2,그리고 튀김은 바삭함이 생명아닙니까?,ᆸ니까,train,0.7,0.2,0.0,0.0,0.1,0.0,0.0
Sess04_impro03_M013,anger,1.5,4.0,3,왜 튀김이 눅눅하냐구요.,냐구요,train,0.7,0.2,0.0,0.0,0.1,0.0,0.0
Sess04_impro03_F009,anger,1.6,3.9,1,당신이 하라는대로 한 거잖아요.,잖아요,train,0.9,0.1,0.0,0.0,0.0,0.0,0.0
Sess04_impro03_M014,anger,1.3,4.5,1,이게 무슨 내가 하란 대로 한 거야 씨 내가 이렇게 했어.,야 | 어,train,1.0,0.0,0.0,0.0,0.0,0.0,0.0
Sess04_impro03_M014,anger,1.3,4.5,2,당신 탕수육 몰라?,어,train,1.0,0.0,0.0,0.0,0.0,0.0,0.0
Sess04_impro03_M015,anger,1.5,3.8,1,이건 돼지튀김집도 이렇게 안 만들어.,어,train,0.9,0.1,0.0,0.0,0.0,0.0,0.0
Sess04_impro03_M016,anger,1.5,3.5,1,탕수육의 생명은 돼지고기 식감과 튀김의 바삭함이에요.,에요,train,0.9,0.1,0.0,0.0,0.0,0.0,0.0
Sess04_impro03_F011,anger,1.6,3.9,1,진짜 그걸 누가 몰라요?,어요,train,0.7,0.2,0.0,0.0,0.1,0.0,0.0
Sess04_impro03_M017,anger,1.6,3.5,1,지금 모르는 거 같은데 이 탕수육을 보면 안다는 사람이 이렇게 만들 순 없는 거죠.,죠,train,0.6,0.2,0.0,0.0,0.2,0.0,0.0
Sess04_impro03_M019,anger,2.0,3.4,1,(와 지 이+아) 정신 나갔네.,네,train,0.8,0.1,0.0,0.0,0.1,0.0,0.0
Sess04_impro03_M019,anger,2.0,3.4,2,o/ 아 오케오케 좋아 좋아요.,어 | 어요,train,0.8,0.1,0.0,0.0,0.1,0.0,0.0
Sess04_impro03_M019,anger,2.0,3.4,3,좋은데 일단 그따구로 이제 주방에 들어올 생각하지 말아요.,어요,train,0.8,0.1,0.0,0.0,0.1,0.0,0.0
Sess04_impro03_M019,anger,2.0,3.4,4,더 연습을 하고 (오던지),던지,train,0.8,0.1,0.0,0.0,0.1,0.0,0.0
Sess04_impro03_F014,anger,1.4,4.5,1,(오던지+아니요) 난 당신 o/ u/ 탕수육 맛을 봐야겠는데요?,는데요,train,1.0,0.0,0.0,0.0,0.0,0.0,0.0
Sess04_impro03_F014,anger,1.4,4.5,2,얼마나 대단한지?,ᆫ지,train,1.0,0.0,0.0,0.0,0.0,0.0,0.0
Sess04_impro03_M020,anger,2.1,3.4,1,이보세요.,세요,train,0.7,0.1,0.0,0.0,0.2,0.0,0.0
Sess04_impro03_M021,anger,2.1,3.1,1,미안한데.,ᆫ데,train,0.6,0.1,0.0,0.0,0.3,0.0,0.0
Sess04_impro03_F016,anger,1.4,4.3,1,뭐가 (미안한데요?),ᆫ데요,train,1.0,0.0,0.0,0.0,0.0,0.0,0.0
Sess04_impro03_M022,anger,1.7,3.3,1,(미안한데요+당신은) 내 짬뽕을 맛 볼 자격조차 없어요.,ᆫ데요 | 어요,train,0.7,0.2,0.0,0.0,0.1,0.0,0.0
Sess04_impro03_M022,anger,1.7,3.3,2,"당신은 아예 요리의 기본조차 안 돼있고, 밑에 설거지부터 다시 시작해요.",어요,train,0.7,0.2,0.0,0.0,0.1,0.0,0.0
Sess04_impro03_F017,anger,1.5,4.2,1,저기요 아저씨 아저씨 오기 전에 여기 내 (주방이였어),어,train,1.0,0.0,0.0,0.0,0.0,0.0,0.0
Sess04_impro03_M023,anger,1.4,4.3,1,(주방이였어+아저씨 아저씨 하지말고) 여기서 일할 거면 설거지부터 다시 시작하라고요.,어 | 라고,train,0.9,0.0,0.0,0.0,0.1,0.0,0.0
Sess04_impro03_M024,anger,1.8,3.8,1,그럼 나를 짜르던가 예?,던가,train,0.7,0.2,0.0,0.0,0.1,0.0,0.0
Sess04_impro03_M024,anger,1.8,3.8,2,o/ 날 짜르지도 못 할 거면서 자기 아빠가 여기 주인이라고 지금 이렇게 할 수 있어요?,어요,train,0.7,0.2,0.0,0.0,0.1,0.0,0.0
Sess04_impro03_F019,anger,1.4,4.4,1,아 뭐 이 딴 사람이 무슨 방송에 나와갖고 방송을 해?,어,train,0.8,0.2,0.0,0.0,0.0,0.0,0.0
Sess04_impro03_M025,anger,1.9,3.3,1,l/ 방송은 나올만 하니까 나왔지.,지,train,0.5,0.3,0.0,0.0,0.2,0.0,0.0
Sess04_impro03_M025,anger,1.9,3.3,2,b/ 한마디만 합시다.,ᆸ시다,train,0.5,0.3,0.0,0.0,0.2,0.0,0.0
Sess04_impro03_M025,anger,1.9,3.3,3,b/ 다 좋아요.,어요,train,0.5,0.3,0.0,0.0,0.2,0.0,0.0
Sess04_impro03_M025,anger,1.9,3.3,4,"아빠가 여기 사장인 것도 좋고, 맛 잘 느끼는 것도 좋아요.",어요,train,0.5,0.3,0.0,0.0,0.2,0.0,0.0
Sess04_impro03_M025,anger,1.9,3.3,5,근데 요리가 엉망이잖아.,잖아,train,0.5,0.3,0.0,0.0,0.2,0.0,0.0
Sess04_impro03_M025,anger,1.9,3.3,6,엉망이면 어떻게 해야돼요.,어요,train,0.5,0.3,0.0,0.0,0.2,0.0,0.0
Sess04_impro03_M026,anger,1.3,4.5,1,연습해야지 공부해야지 뭐가 잘못 됐는지 알았으면은 b/ 그걸 공부하고 연습해서 발전시킬 생각을 해야지.,어야지,train,0.9,0.1,0.0,0.0,0.0,0.0,0.0
Sess04_impro03_M026,anger,1.3,4.5,2,지금 뭐하는 거야.,야,train,0.9,0.1,0.0,0.0,0.0,0.0,0.0
Sess04_impro03_M026,anger,1.3,4.5,3,나 나 지금 여기 살리러 왔어요.,어요,train,0.9,0.1,0.0,0.0,0.0,0.0,0.0
Sess04_impro03_M026,anger,1.3,4.5,4,죽이러 온 거 아니야 그리고 여길 죽이고 있는 건 당신이라고 당신이 할 줄 아는 건 오로지 맛 보는 것 뿐이 없고.,야,train,0.9,0.1,0.0,0.0,0.0,0.0,0.0
Sess04_impro03_M027,anger,1.8,3.3,1,됐고.,고,train,0.6,0.1,0.0,0.0,0.3,0.0,0.0
Sess04_impro03_M028,anger,1.7,3.2,1,"됐고, 나가요.",어요,train,0.6,0.2,0.0,0.0,0.2,0.0,0.0
Sess04_impro03_M028,anger,1.7,3.2,2,내 주방에서 나가요.,어요,train,0.6,0.2,0.0,0.0,0.2,0.0,0.0
Sess04_impro03_F022,anger,1.5,3.5,1,여기가 왜 당신 주방이야.,야,train,0.9,0.0,0.0,0.0,0.1,0.0,0.0
Sess04_impro03_M029,anger,1.7,3.3,1,내 주방이야.,야,train,0.5,0.2,0.0,0.0,0.3,0.0,0.0
Sess04_impro03_F023,anger,1.5,3.7,1,됐구요.,구요,train,0.8,0.0,0.0,0.0,0.2,0.0,0.0
Sess04_impro03_M030,anger,1.7,3.6,1,내 주방 맞어.,어,train,0.7,0.1,0.0,0.0,0.2,0.0,0.0
Sess04_impro03_F024,anger,1.6,4.2,1,아오 (그래요 야 같이+이 주방은 내 주방이야) 만들어봐.,야 | 어,train,0.8,0.1,0.0,0.0,0.1,0.0,0.0
Sess04_impro03_F024,anger,1.6,4.2,2,니 짬뽕이 맛있는지 내 짬뽕이 맛있는지 한번 대결해봐 그리고 내 짬뽕이 맛있잖아 너 그냥 나가.,어 | 잖아 | 어,train,0.8,0.1,0.0,0.0,0.1,0.0,0.0
Sess04_impro03_F024,anger,1.6,4.2,3,이쪽 보고 오줌도 싸지마 알겠어?,어 | 어,train,0.8,0.1,0.0,0.0,0.1,0.0,0.0
Sess04_impro04_F016,anger,2.1,3.3,1,아우 끝났어 나가.,어 | 어,train,0.8,0.1,0.0,0.0,0.1,0.0,0.0
Sess04_impro04_M017,anger,1.8,3.6,1,부장님 어떻게 좀 할 수 있는 방법이 없을까요?,을까요,train,0.0,0.0,0.5,0.0,0.2,0.2,0.1
Sess04_impro04_F023,anger,1.7,3.8,1,b/ 전무님 그렇게 말씀하시면 안 돼죠 같이 한 거 잖아.,죠 | 잖아,train,0.4,0.0,0.1,0.0,0.1,0.0,0.4
Sess10_script02_F008,anger,1.6,3.5,1,아 몰라 그게 당첨되겠냐?,어 | 냐,train,0.6,0.4,0.0,0.0,0.0,0.0,0.0
Sess10_script02_F008,anger,1.6,3.5,2,"어후 어떤 여자가 될지 모르겠지만, 오빠 같은 남자랑 결혼 할 여자가 아주 불쌍하다 (불쌍해)",다 | 어,train,0.6,0.4,0.0,0.0,0.0,0.0,0.0
Sess10_script02_M007,anger,2.7,2.8,1,(불쌍해+아)멍멍이 소리 그만하고 보기나 해 어.,어 | 어,train,0.4,0.1,0.0,0.0,0.5,0.0,0.0
Sess10_script02_M018,happiness,4.9,4.7,1,"나 좀 꼬집어 줘, 야 이 이거 진짜야 이거?",야,train,0.1,0.0,0.0,0.9,0.0,0.0,0.0
Sess10_script02_F016,happiness,4.9,4.6,1,얼마든지 꼬집어 줄게.,ᆯ게,train,0.0,0.0,0.0,1.0,0.0,0.0,0.0
Sess10_script02_M019,happiness,4.8,4.4,1,아악 야이 씨 아프게 꼬집으면 어떡해.,어,train,0.0,0.0,0.0,0.9,0.0,0.0,0.1
Sess10_script02_F017,happiness,4.8,4.3,1,제대로 꼬집어야 꿈인지 아닌지 알 수 있지?,지,train,0.0,0.0,0.0,0.9,0.1,0.0,0.0
Sess10_script02_M020,happiness,4.8,4.8,1,"b/ 야 b/ 심장 뛰는거봐, 미칠거 같다 우아.",다,train,0.0,0.0,0.0,0.8,0.0,0.0,0.2
Sess10_script02_F018,happiness,4.8,4.1,1,"사랑하는 오빠, 나 잊지마.",어,train,0.0,0.0,0.0,1.0,0.0,0.0,0.0
Sess10_script02_F018,happiness,4.8,4.1,2,나 잊으면 안돼 나 마침 구두를 새로 좀 사야는데.,어 | 는데,train,0.0,0.0,0.0,1.0,0.0,0.0,0.0
Sess10_script02_M021,happiness,3.7,4.4,1,야 잠깐 성희야 이 사실 누구한테도 얘기 하지마.,어,train,0.0,0.0,0.0,0.3,0.5,0.0,0.2
Sess10_script02_F019,happiness,4.2,4.0,1,알았어 걱정하지마.,어 | 어,train,0.0,0.0,0.0,0.9,0.1,0.0,0.0
Sess10_script02_F019,happiness,4.2,4.0,2,내가 입이 무겁잖아 그러니까 신상 (구두 좀),잖아,train,0.0,0.0,0.0,0.9,0.1,0.0,0.0
Sess10_script02_M022,happiness,2.7,3.7,1,(구두 좀+로또) 1등 된 사람만 쫓아다니면서 돈 뺏고 구걸하는 사람이 있다잖아.,다잖아,train,0.0,0.0,0.4,0.0,0.6,0.0,0.0
Sess10_script02_M024,happiness,3.1,3.2,1,못 믿지.,지,train,0.0,0.2,0.1,0.2,0.5,0.0,0.0
Sess10_script02_F021,happiness,4.4,3.6,1,오빠아아앙 내가 오빠 잘 될줄 알았다니까.,다니까,train,0.0,0.0,0.0,0.7,0.3,0.0,0.0
Sess10_script02_M025,happiness,2.6,3.2,1,아 됐고.,고,train,0.1,0.1,0.0,0.0,0.8,0.0,0.0
Sess10_script02_F022,happiness,4.5,3.7,1,아 오빠앙 내 친구 은지랑 소개팅 하고 싶다 그랬지?,지,train,0.0,0.0,0.0,0.8,0.2,0.0,0.0
Sess10_script02_F022,happiness,4.5,3.7,2,내가 바로 주선해볼게.,ᆯ게,train,0.0,0.0,0.0,0.8,0.2,0.0,0.0
Sess10_script02_M026,happiness,4.5,4.3,1,아 야 돈이 좋긴 좋네 야 언제?,네,train,0.0,0.0,0.0,1.0,0.0,0.0,0.0
Sess10_script02_F023,happiness,4.8,4.0,1,지금 걸게 나 친구들 많아.,어,train,0.0,0.0,0.0,0.8,0.1,0.0,0.1
Sess10_script02_M027,happiness,4.4,3.9,1,"아 진작에 그럴 것이지, 얼마 필요하냐?",냐,train,0.0,0.0,0.0,0.9,0.1,0.0,0.0
Sess10_script02_F024,happiness,4.9,4.4,1,진짜지?,지,train,0.0,0.0,0.0,1.0,0.0,0.0,0.0
Sess10_script02_F024,happiness,4.9,4.4,2,진짜지?,지,train,0.0,0.0,0.0,1.0,0.0,0.0,0.0
Sess10_script02_F024,happiness,4.9,4.4,3,o/ 오빠 정말 오빠가 짱이야 최고야.,야 | 야,train,0.0,0.0,0.0,1.0,0.0,0.0,0.0
Sess10_script02_F024,happiness,4.9,4.4,4,나한텐 역시 우리오빠야 나 천만원 아 아니 1억만 딱 딱 1억만 주라.,야 | 라,train,0.0,0.0,0.0,1.0,0.0,0.0,0.0
Sess10_script02_M028,happiness,4.6,4.4,1,1억이라.,라,train,0.0,0.0,0.0,1.0,0.0,0.0,0.0
Sess10_script02_M028,happiness,4.6,4.4,2,음 좋아 야 돈 찾으면 바로 현금으로 줄게.,어 | ᆯ게,train,0.0,0.0,0.0,1.0,0.0,0.0,0.0
Sess10_script02_F025,happiness,5.0,4.8,1,오빠 나 생각만 해도 너무 좋아.,어,train,0.0,0.0,0.0,1.0,0.0,0.0,0.0
Sess10_script02_M029,happiness,4.7,4.2,1,야 나도 너무 놀라서 이게 지금 꿈인가?,ᆫ가,train,0.0,0.0,0.0,0.9,0.0,0.0,0.1
Sess10_script02_M029,happiness,4.7,4.2,2,생신가 싶다.,다,train,0.0,0.0,0.0,0.9,0.0,0.0,0.1
Sess10_script02_M030,happiness,5.0,4.8,1,내일 날 밝으면 이제 고주홍의 시대가 열린다 이거야.,ᆫ다 | 야,train,0.0,0.0,0.0,1.0,0.0,0.0,0.0
Sess10_script02_M030,happiness,5.0,4.8,2,l/ 두고 봐.,어,train,0.0,0.0,0.0,1.0,0.0,0.0,0.0
Sess10_script03_F006,sadness,1.7,1.9,1,잘 들어 나 폐에 종양이 생겼대.,어 | 대,train,0.0,0.0,0.0,0.0,0.3,0.7,0.0
Sess10_script03_F007,sadness,1.7,1.9,1,당신 나 없이도 꿋꿋하게 애들 키우면서 살아야 돼.,어,train,0.0,0.0,0.0,0.0,0.2,0.8,0.0
Sess10_script03_M009,sadness,3.0,2.9,1,당신 무슨 소리 하는거야.,야,train,0.0,0.0,0.0,0.1,0.4,0.0,0.5
Sess10_script03_M009,sadness,3.0,2.9,2,농담이지?,지,train,0.0,0.0,0.0,0.1,0.4,0.0,0.5
Sess10_script03_F008,sadness,1.6,1.9,1,악성이래 이미 왼쪽에 70프로 정도 퍼져있구 정확한 건 가슴을 열어봐야 알지만 림프절과 늑막에까지 전이가 됐대.,대,train,0.0,0.0,0.0,0.0,0.1,0.9,0.0
Sess10_script03_M010,sadness,2.6,3.1,1,장난이지?,지,train,0.0,0.0,0.0,0.0,0.3,0.0,0.7
Sess10_script03_M010,sadness,2.6,3.1,2,농담하는 거지?,지,train,0.0,0.0,0.0,0.0,0.3,0.0,0.7
Sess10_script03_M010,sadness,2.6,3.1,3,지금이라도 빨리 병원가자.,자,train,0.0,0.0,0.0,0.0,0.3,0.0,0.7
Sess10_script03_F009,sadness,1.6,1.8,1,이미 늦었어.,어,train,0.0,0.0,0.0,0.0,0.1,0.9,0.0
Sess10_script03_M011,sadness,2.4,3.0,1,수술하면 되는거 아냐?,냐,train,0.0,0.0,0.1,0.0,0.6,0.0,0.3
Sess10_script03_M012,sadness,2.4,2.9,1,얼마나 살 수 있대?,대,train,0.0,0.0,0.3,0.0,0.3,0.1,0.3
Sess10_script03_M013,anger,1.6,3.7,1,아아 그러니까 저번에 가슴 아프다고 할때 내가 병원에 가보라고 했잖아.,잖아,train,0.8,0.0,0.0,0.0,0.0,0.1,0.1
Sess10_script03_M013,anger,1.6,3.7,2,b/ 왜 그동안 안 간거야 왜.,야,train,0.8,0.0,0.0,0.0,0.0,0.1,0.1
Sess10_script03_F012,anger,1.5,1.8,1,화 낸다고 달라질 건 없잖아.,잖아,train,0.0,0.0,0.0,0.0,0.1,0.9,0.0
Sess10_script03_M014,sadness,1.8,3.5,1,여보 미안해 소리쳐서 미안해 이왕 이렇게 된거 할 수 있는 한 뭐든지 해보자.,자,train,0.2,0.0,0.3,0.0,0.2,0.2,0.1
Sess10_script03_M014,sadness,1.8,3.5,2,일단 수술부터 받자.,자,train,0.2,0.0,0.3,0.0,0.2,0.2,0.1
Sess10_script03_M014,sadness,1.8,3.5,3,요즘 의사들 돌팔이들 많잖 많다잖아.,다잖아,train,0.2,0.0,0.3,0.0,0.2,0.2,0.1
Sess10_script03_M014,sadness,1.8,3.5,4,아 아닐 수도 있어 응?,어,train,0.2,0.0,0.3,0.0,0.2,0.2,0.1
Sess10_script03_M014,sadness,1.8,3.5,5,그리고 6개월이 아니라 6년 아니 60년을 살 수도 있고 그 어서 병원에 가자 어?,자,train,0.2,0.0,0.3,0.0,0.2,0.2,0.1
Sess10_script03_F013,sadness,1.0,1.8,1,c/ 아냐 난 아냐 틀렸어.,어,train,0.0,0.0,0.0,0.0,0.0,1.0,0.0
Sess10_script03_M015,anger,1.6,3.8,1,틀리긴 뭘 틀려.,어,train,0.4,0.0,0.0,0.0,0.1,0.3,0.2
Sess10_script03_M015,anger,1.6,3.8,2,빨리 병원에 가자니까.,자니까,train,0.4,0.0,0.0,0.0,0.1,0.3,0.2
Sess10_script03_F014,anger,1.3,2.2,1,여보 울 아빠 기억해?,어,train,0.0,0.0,0.0,0.0,0.0,1.0,0.0
Sess10_script03_M016,sadness,2.0,3.1,1,갑자기 아버지 얘긴 왜 꺼내는데?,는데,train,0.0,0.0,0.2,0.0,0.3,0.1,0.4
Sess10_script03_F015,sadness,1.6,2.0,1,n/ 사실 우리 아빠도 나랑 같은 병이었어.,어,train,0.0,0.0,0.0,0.0,0.2,0.8,0.0
Sess10_script03_M017,sadness,2.0,3.1,1,당신 어릴적에 사고로 돌아가셨다고 했잖아?,잖아,train,0.0,0.1,0.0,0.0,0.1,0.0,0.8
Sess10_script03_M018,sadness,2.0,2.9,1,나 속은거야?,야,train,0.2,0.1,0.0,0.0,0.2,0.0,0.5
Sess10_script03_F016,sadness,1.1,2.3,1,미안해 c/ 아빠는 삼년 동안 폐암으로 병원에 계시다가 돌아가셨어.,어 | 어,train,0.0,0.0,0.0,0.0,0.0,1.0,0.0
Sess10_script03_M019,sadness,1.8,3.6,1,미숙아 b/ 그게 중요한게 아니야 그런거 중요한게 아니잖아 일단 입원 치료하고 수술 받자.,야 | 잖아 | 자,train,0.2,0.0,0.2,0.0,0.1,0.5,0.0
Sess10_script03_M019,sadness,1.8,3.6,2,그럼 살 수 있어.,어,train,0.2,0.0,0.2,0.0,0.1,0.5,0.0
Sess10_script03_M020,sadness,2.1,3.6,1,여보 여보 여보 그런 생각 하지마 자 지금도 안 늦었어.,어 | 어,train,0.1,0.0,0.3,0.0,0.2,0.4,0.0
Sess10_script03_M020,sadness,2.1,3.6,2,일단 정리하고 병원 가자?,자,train,0.1,0.0,0.3,0.0,0.2,0.4,0.0
Sess10_script03_F018,sadness,1.3,2.1,1,무슨 의미가 있겠어?,어,train,0.0,0.1,0.0,0.0,0.0,0.9,0.0
Sess10_script03_F018,sadness,1.3,2.1,2,삼년을 더 사셨다구 아빠도 행복했을까.,을까,train,0.0,0.1,0.0,0.0,0.0,0.9,0.0
Sess10_script03_M021,sadness,2.0,3.3,1,여보 왜 이래?,어,train,0.3,0.0,0.1,0.0,0.1,0.4,0.1
Sess10_script03_M021,sadness,2.0,3.3,2,왜 이리 약한 생각을 해.,어,train,0.3,0.0,0.1,0.0,0.1,0.4,0.1
Sess10_script03_F019,sadness,1.4,2.0,1,나두 살구 싶어.,어,train,0.0,0.0,0.0,0.0,0.0,1.0,0.0
Sess10_script03_F019,sadness,1.4,2.0,2,나도 사람인데.,ᆫ데,train,0.0,0.0,0.0,0.0,0.0,1.0,0.0
Sess10_script03_F019,sadness,1.4,2.0,3,근데 싸우기엔 너무 늦었고 지쳤어.,어,train,0.0,0.0,0.0,0.0,0.0,1.0,0.0
Sess10_script03_F020,sadness,1.4,2.1,1,당신 우리 애들 잘 부탁해 그리고 남은 시간 우리 행복하게 지내면 되잖아 나 행복하고 싶어.,잖아 | 어,train,0.0,0.0,0.0,0.0,0.0,1.0,0.0
Sess10_script03_F020,sadness,1.4,2.1,2,그리고 행복하게 죽고 싶어.,어,train,0.0,0.0,0.0,0.0,0.0,1.0,0.0
Sess10_script03_F020,sadness,1.4,2.1,3,o/ 예쁜 모습 좋은 모습만 남기고 싶어.,어,train,0.0,0.0,0.0,0.0,0.0,1.0,0.0
Sess10_script03_F021,sadness,1.5,3.4,1,"c/ 마지막 부탁이 있어 둘째 결혼 시키고 당신도 재혼해 혹시나 애들 결혼 전에 재혼하면 b/ 애들도 상처 받을 수 있으니까, 애들 결혼만 시켜줘 그리고 좋은 여자도 만나 알았지?",어 | 지,train,0.0,0.0,0.0,0.0,0.0,1.0,0.0
Sess10_script03_M024,anger,1.5,4.2,1,도대체 무슨 소리 하는거야.,야,train,0.6,0.0,0.1,0.0,0.0,0.3,0.0
Sess10_script03_M024,anger,1.5,4.2,2,그런 얘기 좀 그만해.,어,train,0.6,0.0,0.1,0.0,0.0,0.3,0.0
Sess10_script03_M025,sadness,1.3,3.9,1,"c/ 아아 미숙아, 내가 잘못했어 내가 잘못했어.",어 | 어,train,0.2,0.0,0.3,0.0,0.0,0.5,0.0
Sess10_script03_M025,sadness,1.3,3.9,2,제발 살아줘 어?,어,train,0.2,0.0,0.3,0.0,0.0,0.5,0.0
Sess10_script03_M025,sadness,1.3,3.9,3,c/ 제발 살아줘.,어,train,0.2,0.0,0.3,0.0,0.0,0.5,0.0
Sess10_script04_F009,anger,2.3,2.8,1,팀장님 말씀이 좀 지나치시것 같은데.,은데,train,0.6,0.1,0.0,0.0,0.3,0.0,0.0
Sess10_script04_F010,anger,2.3,2.8,1,알겠습니다.,습니다,train,0.6,0.0,0.0,0.0,0.4,0.0,0.0
Sess10_script04_F010,anger,2.3,2.8,2,그럼 하나만 묻고 싶어요 제 아이디어는 왜 발탁이 안된건가요?,어요 | ᆫ가,train,0.6,0.0,0.0,0.0,0.4,0.0,0.0
Sess10_script04_F010,anger,2.3,2.8,3,"남의 아이디어가 더 뛰어나서 그랬다, 이런 식의 뻔한 답변은 안 해주실거라 믿습니다.",습니다,train,0.6,0.0,0.0,0.0,0.4,0.0,0.0
Sess10_script04_M009,anger,2.5,2.4,1,"생각보다 소은씨는 까다롭군요, 그게 왜 궁금하죠?",군요 | 죠,train,0.1,0.5,0.0,0.0,0.4,0.0,0.0
Sess10_script04_F011,anger,2.3,2.9,1,저를 발전 시키고 싶으니까요.,으니까요,train,0.5,0.1,0.0,0.0,0.4,0.0,0.0
Sess10_script04_M010,anger,2.0,2.8,1,어디까지 되야 발전일까요?,ᆯ까요,train,0.0,0.4,0.0,0.0,0.6,0.0,0.0
Sess10_script04_M010,anger,2.0,2.8,2,아이디어를 내는 족족 채택되면 발전인겁니까?,ᆸ니까,train,0.0,0.4,0.0,0.0,0.6,0.0,0.0
Sess10_script04_M010,anger,2.0,2.8,3,아니면 회사에서 무조건 인정해주면 발전인겁니까?,ᆸ니까,train,0.0,0.4,0.0,0.0,0.6,0.0,0.0
Sess10_script04_F012,anger,2.2,3.0,1,너무 공격적으로 생각하시는 것 아닌가요?,ᆫ가요,train,0.7,0.2,0.0,0.0,0.1,0.0,0.0
Sess10_script04_F012,anger,2.2,3.0,2,"저도 고민하고 심사숙고해서 낸 아이디어인데 뭐가 문제였는지, 뭐가 부족했는지, 물어볼 순 있지 않나요?",나요,train,0.7,0.2,0.0,0.0,0.1,0.0,0.0
Sess10_script04_F013,anger,2.1,2.8,1,개인적인 감정인가요?,ᆫ가,train,0.4,0.3,0.0,0.0,0.3,0.0,0.0
Sess10_script04_M012,anger,2.1,2.7,1,아뇨 기본이 부족해서 싫고 이 뜻은 심사위원 모두 공감했습니다.,습니다,train,0.1,0.4,0.0,0.0,0.5,0.0,0.0
Sess10_script04_M012,anger,2.1,2.7,2,제가 말씀 드리면 소은씨는 발전하는게 아니라 퇴보하게 될거에요.,에요,train,0.1,0.4,0.0,0.0,0.5,0.0,0.0
Sess10_script04_M012,anger,2.1,2.7,3,발전이란 바탕이 있어야 높아지는데 뭐 잔인한 이야기지만 소은씨는 바탕이 부족합니다.,ᆸ니다,train,0.1,0.4,0.0,0.0,0.5,0.0,0.0
Sess10_script04_M012,anger,2.1,2.7,4,작성 후 읽어는 보셨나요?,나요,train,0.1,0.4,0.0,0.0,0.5,0.0,0.0
Sess10_script04_M012,anger,2.1,2.7,5,페이지 하나 하나 마다 오타가 하나씩 있습니다 그리고.,습니다,train,0.1,0.4,0.0,0.0,0.5,0.0,0.0
Sess10_script04_F014,anger,1.9,3.0,1,아니 오타 때문에 아이디어를 탈락 시켰다구요?,다구요,train,0.7,0.1,0.0,0.0,0.1,0.1,0.0
Sess10_script04_M014,anger,2.1,3.1,1,맞아요!,어요,train,0.1,0.4,0.0,0.0,0.5,0.0,0.0
Sess10_script04_M014,anger,2.1,3.1,2,그리고 기본적으로 이번 프로젝트는 3년이란 시간을 기본 바탕으로 하고 있습니다.,습니다,train,0.1,0.4,0.0,0.0,0.5,0.0,0.0
Sess10_script04_M014,anger,2.1,3.1,3,"그 중에 가장 필요한게 담당자의 책임감과 꾸준함이죠, 환경 문제가 한번에 해결되는게 아니니까요.",니까요,train,0.1,0.4,0.0,0.0,0.5,0.0,0.0
Sess10_script04_M014,anger,2.1,3.1,4,하지만 소은씨는 그 기본 마저 안돼 있어요.,어요,train,0.1,0.4,0.0,0.0,0.5,0.0,0.0
Sess10_script04_M014,anger,2.1,3.1,5,자기 보고서 하나도 제대로 완수 못하고 오타를 내는 담당자에게 어떻게 3년이나 지속되는 프로젝트를 맡길 수 있습니까?,습니까,train,0.1,0.4,0.0,0.0,0.5,0.0,0.0
Sess10_script04_M015,anger,2.3,2.9,1,이제 제 이야기는 끝난 것 같군요.,군요,train,0.1,0.3,0.0,0.1,0.5,0.0,0.0
Sess10_script04_M015,anger,2.3,2.9,2,회의 시작 10분 전입니다.,ᆸ니다,train,0.1,0.3,0.0,0.1,0.5,0.0,0.0
Sess10_script04_M015,anger,2.3,2.9,3,저는 소은씨에게 5분을 드렸고 소은씨는 어느정도 이해한것 같군요.,군요,train,0.1,0.3,0.0,0.1,0.5,0.0,0.0
Sess10_script04_M015,anger,2.3,2.9,4,버려진 5분만큼 본인을 발전 시키고 나중에 만납시다.,ᆸ시다,train,0.1,0.3,0.0,0.1,0.5,0.0,0.0
Sess10_script04_M015,anger,2.3,2.9,5,그럼 나가주시죠.,죠,train,0.1,0.3,0.0,0.1,0.5,0.0,0.0
Sess10_script05_M012,anger,2.8,2.8,1,됐구요 취직 공부하느라고 연애할 시간도 없었던 거죠?,구요 | 죠,train,0.0,0.1,0.0,0.0,0.9,0.0,0.0
Sess10_script05_M012,anger,2.8,2.8,2,어 그럼 마지막 연애 한 게 언제에요?,에요,train,0.0,0.1,0.0,0.0,0.9,0.0,0.0
Sess10_script05_M016,anger,2.4,3.1,1,못하겠어요?,어요,train,0.1,0.2,0.0,0.1,0.6,0.0,0.0
Sess10_script05_M016,anger,2.4,3.1,2,이력서에 적혀있는 걸 우린 확인 할 권한이 있어요.,어요,train,0.1,0.2,0.0,0.1,0.6,0.0,0.0
Sess10_script05_M016,anger,2.4,3.1,3,진짜인지 가짜인지 확인해봐야죠.,어야죠,train,0.1,0.2,0.0,0.1,0.6,0.0,0.0
Sess10_script05_M016,anger,2.4,3.1,4,아니면 적질 말든가.,든가,train,0.1,0.2,0.0,0.1,0.6,0.0,0.0
Sess10_script05_M017,happiness,4.2,3.4,1,"l/ 아이구 아아 잘하시네, 아 아 목소리가 너무 작네 어 좀 더 크게.",네,train,0.0,0.0,0.0,0.7,0.3,0.0,0.0
Sess10_script05_F017,anger,1.9,3.8,1,"원래, 면접을 이런 식으로 봐요?",어요,train,0.9,0.0,0.0,0.0,0.1,0.0,0.0
Sess10_script05_M018,anger,1.9,3.3,1,아니 무슨 말을 그렇게 합니까 신성한 면접실에서.,ᆸ니까,train,0.5,0.0,0.0,0.0,0.1,0.0,0.4
Sess10_script05_F018,anger,1.4,4.4,1,"신성 좋아하고 있네, 이력서 한줄 채우려고 내가 특기를 좀 과장되게 썼지만 그렇다고 이걸 이런 식으로 엮는게 오히려 신성모독 아닌가?",ᆫ가,train,1.0,0.0,0.0,0.0,0.0,0.0,0.0
Sess10_script05_F018,anger,1.4,4.4,2,"당신들 습관인 거 같은데 가뜩이나 취직 안 돼서 괴로워 죽겠는데, 사람을 갖고 놀아?",어,train,1.0,0.0,0.0,0.0,0.0,0.0,0.0
Sess10_script05_F019,anger,1.3,4.2,1,아무리 약자라도 기본적이고 인간적인 대우를 해줘야 될 거 아냐.,냐,train,1.0,0.0,0.0,0.0,0.0,0.0,0.0
Sess10_script05_F019,anger,1.3,4.2,2,"시간 때우려고, 니들 심심풀이 땅콩으로 채우려고 지원자 갖고 놀지 말라고.",라고,train,1.0,0.0,0.0,0.0,0.0,0.0,0.0
Sess10_script05_M019,anger,2.1,3.4,1,"그럼 나가세요, 그냥.",세요,train,0.5,0.3,0.0,0.1,0.1,0.0,0.0
Sess10_script05_M019,anger,2.1,3.4,2,당신 말고 지원자 널렸어.,어,train,0.5,0.3,0.0,0.1,0.1,0.0,0.0
Sess10_script05_M019,anger,2.1,3.4,3,왜 열을 내지.,지,train,0.5,0.3,0.0,0.1,0.1,0.0,0.0
Sess10_script05_M019,anger,2.1,3.4,4,아 나 진짜 어이가 없네 진짜.,네,train,0.5,0.3,0.0,0.1,0.1,0.0,0.0
Sess10_script06_M008,happiness,4.2,3.3,1,"아 그럼, 궁금하지.",지,train,0.0,0.0,0.0,0.6,0.4,0.0,0.0
Sess10_script06_M009,happiness,4.6,4.2,1,"쉬쉿 조용히 해 왜 이렇게 크게 말해, 부끄럽게.",게,train,0.0,0.0,0.0,0.5,0.0,0.0,0.5
Sess10_script06_F009,happiness,4.5,3.5,1,l/ 왜 어때?,어,train,0.0,0.0,0.0,0.7,0.3,0.0,0.0
Sess10_script06_M010,happiness,3.9,3.3,1,아이 그게 아니라 갑자기 그러니까 당연히 당황하지.,지,train,0.0,0.0,0.0,0.4,0.5,0.0,0.1
Sess10_script06_M013,happiness,4.3,3.6,1,제주도 서귀포에 풍경 좋은 곳이 많거든?,거든,train,0.0,0.0,0.0,0.8,0.2,0.0,0.0
Sess10_script06_M013,happiness,4.3,3.6,2,그쪽에 바다가 보이는 양지바른 땅을 사서 하얗고 웅장하게 팬션을 짓는 거야.,야,train,0.0,0.0,0.0,0.8,0.2,0.0,0.0
Sess10_script06_F012,happiness,4.5,3.5,1,오호 맛있겠다.,다,train,0.0,0.0,0.0,1.0,0.0,0.0,0.0
Sess10_script06_F013,happiness,3.9,3.6,1,(낳아가지고+어어) 에이 셋은 낳아야지.,어야지,train,0.0,0.0,0.0,0.5,0.4,0.0,0.1
Sess10_script06_F016,anger,2.1,3.0,1,"하도 불쌍하고 보잘것 없어서 해준다고 한거지, 내가 당신 처럼 어리바리한 남자를 뭐가 좋다고 결혼을 해?",어,train,0.5,0.2,0.0,0.0,0.3,0.0,0.0
Sess10_script06_F022,sadness,3.9,3.5,1,l/ 진짜 오빠 너무 웃겨.,어,train,0.0,0.0,0.0,0.8,0.2,0.0,0.0
Sess10_script06_M022,sadness,3.3,3.0,1,이런 선물 받으니 어이가 없지?,지,train,0.0,0.0,0.0,0.3,0.2,0.5,0.0
Sess10_script06_F023,sadness,4.1,3.4,1,"그러니까 젓가락 백개란게, 어 우리가 만난지 백일이다 라는 날이라서 준비했다는거야?",다 | 야,train,0.0,0.0,0.0,0.9,0.1,0.0,0.0
Sess10_script06_M023,sadness,3.2,3.3,1,b/ 아 미안해.,어,train,0.0,0.0,0.0,0.3,0.3,0.4,0.0
Sess10_script06_M023,sadness,3.2,3.3,2,아아 미안해.,어,train,0.0,0.0,0.0,0.3,0.3,0.4,0.0
Sess10_script06_M023,sadness,3.2,3.3,3,o/ 아 하지만 그 다음 만날 때 내가 꼭 멋진 선물 사줄게.,ᆯ게,train,0.0,0.0,0.0,0.3,0.3,0.4,0.0
Sess10_script06_M023,sadness,3.2,3.3,4,"뭐 내가 지금은 비록 중국집 배달부 밖에 안되지만은, 열심히 일하면 제주도 앞바다에 멋진 펜션 짓고 n/ 우리도 멋있게 행복하게 살 수 있어.",어,train,0.0,0.0,0.0,0.3,0.3,0.4,0.0
Sess10_script06_F028,happiness,4.4,3.4,1,대신 같이 살아야겠어.,어,train,0.0,0.0,0.0,0.9,0.1,0.0,0.0
Sess10_script06_F029,happiness,4.4,3.7,1,"(아+자) 오빠는 나한테 젓가락 줬지만, 난 좋은 거 줄게.",ᆯ게,train,0.0,0.0,0.0,0.7,0.3,0.0,0.0
Sess10_script06_M028,happiness,4.0,3.9,1,b/ 이게 뭔데?,ᆫ데,train,0.0,0.0,0.0,0.2,0.0,0.0,0.8
Sess10_script06_F030,happiness,4.5,3.7,1,"으이그, 이 무능력한 남자야.",야,train,0.0,0.1,0.0,0.6,0.3,0.0,0.0
Sess10_script06_F030,happiness,4.5,3.7,2,여자인 내가 반지를 준비해야겠어.,어,train,0.0,0.1,0.0,0.6,0.3,0.0,0.0
Sess10_script06_F030,happiness,4.5,3.7,3,오빠가 당연히 준비해야지.,어야지,train,0.0,0.1,0.0,0.6,0.3,0.0,0.0
Sess10_script06_F033,happiness,4.2,3.4,1,난 오빠를 사랑하고 지금이 행복해 우리 둘이 함께 한다는 게 중요한 거잖아.,어 | 잖아,train,0.0,0.0,0.0,0.9,0.1,0.0,0.0
Sess10_script06_F034,happiness,4.1,3.3,1,"대신 프로포즈는 내가 먼저 했으니까, 결혼식은 정말 멋지게 해줘야 돼?",어,train,0.0,0.0,0.0,0.6,0.4,0.0,0.0
Sess10_script06_F034,happiness,4.1,3.3,2,알았지?,지,train,0.0,0.0,0.0,0.6,0.4,0.0,0.0
Sess10_script06_M033,happiness,4.6,3.9,1,이 여진아 사랑한다.,ᆫ다,train,0.0,0.0,0.0,1.0,0.0,0.0,0.0
Sess10_script06_M033,happiness,4.6,3.9,2,아 정말 사랑해 아 여진아.,어,train,0.0,0.0,0.0,1.0,0.0,0.0,0.0
Sess10_impro01_M016,anger,2.2,3.5,1,아니 협박이 아니라 저는 제가 낼 수 있는 서류를 내야될 거 아니겠습니까.,습니까,train,0.8,0.0,0.0,0.0,0.0,0.0,0.2
Sess10_impro01_F016,anger,2.1,3.4,1,(저+아니)지금 이거 협박으로 밖에 안들리거든요 지금.,거든요,train,0.6,0.2,0.0,0.0,0.2,0.0,0.0
Sess10_impro01_M017,anger,2.3,3.9,1,아니 이게 부당한 일을 당했는데 그럼 징계 가서 저는 그 뭐 뭐 돈만 잘못 쓴 거 그것만 얘기할 순 없는 거잖아요.,잖아요,train,0.9,0.0,0.0,0.1,0.0,0.0,0.0
Sess10_impro01_M017,anger,2.3,3.9,2,이중장부도 같이 말씀드릴게요.,ᆯ게요,train,0.9,0.0,0.0,0.1,0.0,0.0,0.0
Sess10_impro01_M017,anger,2.3,3.9,3,그렇게 하면 될까요?,ᆯ까요,train,0.9,0.0,0.0,0.1,0.0,0.0,0.0
Sess10_impro01_F026,anger,1.3,4.6,1,이걸 저보고 어떻게 알아서 해결을 해요.,어요,train,0.9,0.0,0.1,0.0,0.0,0.0,0.0
Sess10_impro01_F026,anger,1.3,4.6,2,이게 이제 와서 이게 해결될 일이에요 이게?,에요,train,0.9,0.0,0.1,0.0,0.0,0.0,0.0
Sess10_impro01_F027,anger,1.6,4.2,1,아 b/ 진짜 미쳐버리겠네.,네,train,0.8,0.0,0.1,0.0,0.1,0.0,0.0
Sess10_impro01_F027,anger,1.6,4.2,2,어떡해.,어,train,0.8,0.0,0.1,0.0,0.1,0.0,0.0
Sess10_impro02_M005,anger,2.4,3.3,1,까 지금 뭐 극찬 매스컴에서 해주니까 그냥 그게 계속 맛있다고 마치 뭔가 뭐 사이비 종교 같아요.,어요,train,0.1,0.5,0.0,0.0,0.4,0.0,0.0
Sess10_impro02_M006,anger,2.1,3.4,1,o/ 지금 제가 봤을 땐 잘못됐어요.,어요,train,0.1,0.4,0.0,0.0,0.5,0.0,0.0
Sess10_impro02_M006,anger,2.1,3.4,2,지금 분명히 밸런스가 안 맞는단 말이에요.,에요,train,0.1,0.4,0.0,0.0,0.5,0.0,0.0
Sess10_impro02_F005,anger,2.1,3.3,1,뭐가 그렇게 잘못됐는데요?,는데요,train,0.9,0.0,0.0,0.0,0.0,0.0,0.1
Sess10_impro02_M007,anger,2.5,3.4,1,아니 딱 봤을 때 그냥 자극적이고 맛만 좋으면 그게 끝은 아니잖아요.,잖아요,train,0.1,0.3,0.0,0.0,0.6,0.0,0.0
Sess10_impro02_F006,anger,1.8,3.7,1,지금 저랑 싸우고 싶어서 지금 이렇게 하시는 거예요?,예요,train,1.0,0.0,0.0,0.0,0.0,0.0,0.0
Sess10_impro02_M008,anger,2.8,3.8,1,아니 싸울려는 게 아니에요.,에요,train,0.1,0.2,0.0,0.0,0.7,0.0,0.0
Sess10_impro02_M008,anger,2.8,3.8,2,저는 더 좋은 요리를 만들려고 하는 거예요 가게를 위해서.,예요,train,0.1,0.2,0.0,0.0,0.7,0.0,0.0
Sess10_impro02_F007,anger,1.7,4.1,1,장난하지 마세요.,세요,train,1.0,0.0,0.0,0.0,0.0,0.0,0.0
Sess10_impro02_F007,anger,1.7,4.1,2,지금 이거는 절 무시하는 거잖아요.,잖아요,train,1.0,0.0,0.0,0.0,0.0,0.0,0.0
Sess10_impro02_F007,anger,1.7,4.1,3,제 요리를 건든다는 건 자존심을 건든다는 거예요.,예요,train,1.0,0.0,0.0,0.0,0.0,0.0,0.0
Sess10_impro02_M009,anger,2.5,2.9,1,제가 들은 아 흥분하지 마시구요.,구,train,0.2,0.2,0.0,0.0,0.6,0.0,0.0
Sess10_impro02_M011,anger,2.5,3.6,1,그 파이팅으로 요리에 집중을 하시라구요.,라구요,train,0.1,0.3,0.0,0.0,0.6,0.0,0.0
Sess10_impro02_M011,anger,2.5,3.6,2,이해가 되십니까?,ᆸ니까,train,0.1,0.3,0.0,0.0,0.6,0.0,0.0
Sess10_impro02_M012,anger,2.7,3.7,1,아니 전 잘하고 싶어서 그래요.,어요,train,0.1,0.3,0.0,0.0,0.6,0.0,0.0
Sess10_impro02_M012,anger,2.7,3.7,2,저는 b/ 그 인기가지고 o/ 그냥 대충 어떤 객기로 만드는 그런 요리들은 오래 못 간다고 생각하거든요.,거든요,train,0.1,0.3,0.0,0.0,0.6,0.0,0.0
Sess10_impro02_F009,anger,1.8,3.6,1,제가 노력이 없다고 생각하세요?,세요,train,0.9,0.1,0.0,0.0,0.0,0.0,0.0
Sess10_impro02_F011,anger,1.7,4.1,1,저도 지금 이 주방 안에서 피땀 다 흘렸어요.,어요,train,1.0,0.0,0.0,0.0,0.0,0.0,0.0
Sess10_impro02_M014,anger,1.9,3.5,1,근데 변화가 없으시잖아요.,잖아요,train,0.2,0.3,0.0,0.0,0.5,0.0,0.0
Sess10_impro02_M014,anger,1.9,3.5,2,전 분명히 저번에 말씀드렸어요.,어요,train,0.2,0.3,0.0,0.0,0.5,0.0,0.0
Sess10_impro02_M014,anger,1.9,3.5,3,그 오일 디테일하게 조절해달라고 말씀 분명히 드렸는데 어 왜 받아들이시질 않으신 거예요.,예요,train,0.2,0.3,0.0,0.0,0.5,0.0,0.0
Sess10_impro02_F012,anger,1.8,4.1,1,그쪽이 요리계에서 상도 타고 유명하신 거 알겠는데요.,는데요,train,0.8,0.1,0.0,0.0,0.1,0.0,0.0
Sess10_impro02_F012,anger,1.8,4.1,2,저도 제 자존심이 있어요.,어요,train,0.8,0.1,0.0,0.0,0.1,0.0,0.0
Sess10_impro02_F013,anger,1.6,4.3,1,b/ 제 요리니까 선 넘지 마시라구요.,라구요,train,0.9,0.1,0.0,0.0,0.0,0.0,0.0
Sess10_impro02_F013,anger,1.6,4.3,2,제가 알아서 할테니까요.,니까요,train,0.9,0.1,0.0,0.0,0.0,0.0,0.0
Sess10_impro02_M015,anger,1.8,3.3,1,b/ 아 저 부탁드릴게요.,ᆯ게요,train,0.2,0.5,0.0,0.0,0.3,0.0,0.0
Sess10_impro02_M015,anger,1.8,3.3,2,어 부탁드릴게요.,ᆯ게요,train,0.2,0.5,0.0,0.0,0.3,0.0,0.0
Sess10_impro02_M015,anger,1.8,3.3,3,o/ 그냥 맛있는 짬뽕 맛집 이런 거 말구요.,구요,train,0.2,0.5,0.0,0.0,0.3,0.0,0.0
Sess10_impro02_M015,anger,1.8,3.3,4,그냥 요리를 좀 해주세요.,세요,train,0.2,0.5,0.0,0.0,0.3,0.0,0.0
Sess10_impro02_M015,anger,1.8,3.3,5,저희 뭐 이런 동네 그냥 중국집에서 대충 만드는 거 아니잖아요.,잖아요,train,0.2,0.5,0.0,0.0,0.3,0.0,0.0
Sess10_impro02_M015,anger,1.8,3.3,6,그리고 제가 뭐 이런 말까지 안 말씀 안 드릴려고 했는데 그 탕수육도 있잖아요.,잖아요,train,0.2,0.5,0.0,0.0,0.3,0.0,0.0
Sess10_impro02_M015,anger,1.8,3.3,7,그 튀김옷이 그게 뭡니까 그게.,ᆸ니까,train,0.2,0.5,0.0,0.0,0.3,0.0,0.0
Sess10_impro02_M016,anger,1.9,3.6,1,아니 저도 요리사님이시고 어 주방장 여기를 이렇게 다 총괄하셨으니까 이렇게까진 말씀 안 드릴려고 했는데 제 기준치에서 용납이 안된다라는 거예요.,ᆫ다 | 예요,train,0.5,0.1,0.0,0.0,0.4,0.0,0.0
Sess10_impro02_M017,anger,2.3,3.5,1,우리가 서로 발전하기 위해서 이러니까 대화를 할 수 있는 거잖아요.,잖아요,train,0.4,0.2,0.0,0.0,0.4,0.0,0.0
Sess10_impro02_F014,anger,1.7,4.1,1,o/ 그쪽 주방장님이 오시기 전까지 o/ 제가 이 주방 총책임자였어요.,어요,train,0.8,0.2,0.0,0.0,0.0,0.0,0.0
Sess10_impro02_F015,anger,1.8,4.2,1,제가 이 가게 운영했다고요.,다고요,train,0.8,0.2,0.0,0.0,0.0,0.0,0.0
Sess10_impro02_F016,anger,1.6,4.3,1,인기가 없는 것도 아니였잖아요.,잖아요,train,0.8,0.2,0.0,0.0,0.0,0.0,0.0
Sess10_impro02_M019,anger,2.2,3.8,1,근데 제가 여기 수석주방장으로 왔잖습니까?,습니까,train,0.3,0.3,0.0,0.0,0.4,0.0,0.0
Sess10_impro02_M019,anger,2.2,3.8,2,왜 왔을까요?,을까요,train,0.3,0.3,0.0,0.0,0.4,0.0,0.0
Sess10_impro02_F017,anger,1.6,4.4,1,아니 근데 제 요리가 인기가 없었어요?,어요,train,0.9,0.0,0.0,0.0,0.1,0.0,0.0
Sess10_impro02_F017,anger,1.6,4.4,2,아니잖아요.,잖아요,train,0.9,0.0,0.0,0.0,0.1,0.0,0.0
Sess10_impro02_M020,anger,2.1,3.9,1,인기가 있는데 맛이 없잖아요.,잖아요,train,0.4,0.4,0.0,0.0,0.2,0.0,0.0
Sess10_impro02_M020,anger,2.1,3.9,2,(아 진짜 어이가 없네+그 블로그 같은) 데 다 막 그 비용해가지고 올리고 와가지고 그렇게 하면 좋습니까?,네 | 습니까,train,0.4,0.4,0.0,0.0,0.2,0.0,0.0
Sess10_impro02_M020,anger,2.1,3.9,3,저는 그게 용납이 안된다구요.,ᆫ다구요,train,0.4,0.4,0.0,0.0,0.2,0.0,0.0
Sess10_impro02_F018,anger,1.4,4.6,1,아니 인기가 어차피 있으니까 선 넘지 말고 각자 요리 하자구요.,자구요,train,1.0,0.0,0.0,0.0,0.0,0.0,0.0
Sess10_impro02_F018,anger,1.4,4.6,2,(각자 요리+아니 그쪽이) 인기 있는 것도 알겠구요.,구요,train,1.0,0.0,0.0,0.0,0.0,0.0,0.0
Sess10_impro02_F018,anger,1.4,4.6,3,제 자존심 그만 좀 건드려 주실래요?,ᆯ래,train,1.0,0.0,0.0,0.0,0.0,0.0,0.0
Sess10_impro02_M021,anger,2.3,3.1,1,아 b/ 제가 노력은 해보겠는데요.,는데요,train,0.1,0.5,0.0,0.0,0.4,0.0,0.0
Sess10_impro02_M021,anger,2.3,3.1,2,그 짬뽕 국물맛이랑 딱딱한 그 탕수육 튀김있잖아요.,잖아요,train,0.1,0.5,0.0,0.0,0.4,0.0,0.0
Sess10_impro02_M022,anger,1.9,3.7,1,저는 그 꼴 못 보겠습니다.,습니다,train,0.5,0.4,0.0,0.0,0.1,0.0,0.0
Sess10_impro02_M022,anger,1.9,3.7,2,제가 수석 주방장으로 있는 이상 저는 그 꼴을 볼 수가 없겠습니다.,습니다,train,0.5,0.4,0.0,0.0,0.1,0.0,0.0
Sess10_impro02_F020,anger,1.6,4.3,1,알았어요 그러면 그쪽이 한 번 요리를 해봐요.,어요 | 어요,train,0.7,0.3,0.0,0.0,0.0,0.0,0.0
Sess10_impro02_F020,anger,1.6,4.3,2,그쪽이 해온 요리 먹고 내가 진짜로 맛있으면 당신 밑에서 기을 테니까 한번 당신이 만들어보라고 대신 맛이 맛이 내 거랑 별반 다를 바 없잖아?,어,train,0.7,0.3,0.0,0.0,0.0,0.0,0.0
Sess10_impro02_F020,anger,1.6,4.3,3,그럼 네가 나가.,어,train,0.7,0.3,0.0,0.0,0.0,0.0,0.0
Sess10_impro02_M023,anger,2.6,3.0,1,자신 있으세요?,으세요,train,0.0,0.3,0.0,0.1,0.6,0.0,0.0
Sess10_impro02_M024,anger,2.4,3.4,1,네 알겠습니다.,습니다,train,0.1,0.3,0.0,0.1,0.5,0.0,0.0
Sess10_impro02_M024,anger,2.4,3.4,2,그럼 말 더 이상 뭐 각설하겠습니다.,습니다,train,0.1,0.3,0.0,0.1,0.5,0.0,0.0
Sess10_impro02_M024,anger,2.4,3.4,3,말은 그만하고 요리를 통해서 요리로 대화하시죠.,죠,train,0.1,0.3,0.0,0.1,0.5,0.0,0.0
Sess10_impro02_M024,anger,2.4,3.4,4,그리고 그때는 똑같이 지금처럼 이러시지 마시고요.,고,train,0.1,0.3,0.0,0.1,0.5,0.0,0.0
Sess10_impro02_M024,anger,2.4,3.4,5,감정적으로 반응하지 마시고 어 받아들이셨으면 좋겠어요.,어요,train,0.1,0.3,0.0,0.1,0.5,0.0,0.0
Sess10_impro02_M024,anger,2.4,3.4,6,어떤 게 올바른 길인지 가게를 위한 길인지 아시겠습니까?,습니까,train,0.1,0.3,0.0,0.1,0.5,0.0,0.0
Sess10_impro02_F022,anger,1.9,3.7,1,알겠으니까 만들어 오라구요.,라구요,train,0.8,0.2,0.0,0.0,0.0,0.0,0.0
Sess10_impro03_F015,anger,3.7,3.5,1,아니 너 지금 엄마한테 화 내?,어,train,0.0,0.0,0.0,0.4,0.3,0.0,0.3
Sess10_impro03_F015,anger,3.7,3.5,2,o/ (l/ 야 아니+아 짜증나) 니 나이땐 다 그래 20대 때 다 그런 거지.,어 | 어 | 다 | 지,train,0.0,0.0,0.0,0.4,0.3,0.0,0.3
Sess10_impro03_F016,anger,2.9,2.6,1,아유 내가 내가 어떻게 안 아파.,어,train,0.0,0.0,0.0,0.0,0.3,0.7,0.0
Sess10_impro03_F016,anger,2.9,2.6,2,o/ 다 다 아프고 그런 거지.,지,train,0.0,0.0,0.0,0.0,0.3,0.7,0.0
Sess10_impro03_F016,anger,2.9,2.6,3,어떻게 사랑이 안 아프겠어.,어,train,0.0,0.0,0.0,0.0,0.3,0.7,0.0
Sess10_impro03_F016,anger,2.9,2.6,4,음 엄마도 아빠 떠나보낼 때 많이 아프고 어렸을 때 연애할 때 많이 울고 그랬어.,어,train,0.0,0.0,0.0,0.0,0.3,0.7,0.0
Sess10_impro03_F017,sadness,2.9,2.7,1,근데 사는 게 진짜 다 그래 잠깐은 아팠다가 그 짧은 행복 때문에 그냥 99일엔 아파하고 하루 행복하고 그런 거지.,지,train,0.0,0.0,0.0,0.1,0.3,0.6,0.0
Sess10_impro03_F017,sadness,2.9,2.7,2,다 우리 마음이 다 똑같지가 (않아).,지 | 어,train,0.0,0.0,0.0,0.1,0.3,0.6,0.0
Sess10_impro03_F020,sadness,2.9,2.8,1,아빠 떠나보내고 나서도 정말 많이 울고 그랬는데 너가 있잖아.,잖아,train,0.0,0.0,0.0,0.0,0.2,0.8,0.0
Sess10_impro03_M018,sadness,2.0,2.9,1,b/ 아니 엄마 내가 엄마한테 하 진짜 투정부리고 짜증내는데 엄마가 그렇게 얘기하니까 나 그것도 아무것도 모르고 있었는데.,는데,train,0.0,0.0,0.0,0.0,0.4,0.6,0.0
Sess10_impro03_F021,sadness,3.2,2.7,1,아니야 엄마도 네 마음 몰라줘서 미안해.,어,train,0.0,0.0,0.0,0.0,0.1,0.9,0.0
Sess10_impro03_M019,sadness,2.1,2.8,1,엄마는 그런 일이 있으면 나한테도 얘기하고 털어노면 되는 건데 이 그러냐.,냐,train,0.0,0.0,0.0,0.0,0.3,0.7,0.0
Sess10_impro03_M019,sadness,2.1,2.8,2,혼자 울고 아파하냐.,냐,train,0.0,0.0,0.0,0.0,0.3,0.7,0.0
Sess10_impro03_F022,sadness,3.0,2.6,1,미안해.,어,train,0.0,0.0,0.0,0.0,0.2,0.8,0.0
Sess10_impro03_F022,sadness,3.0,2.6,2,o/ 잘 못들어줘가지구.,구,train,0.0,0.0,0.0,0.0,0.2,0.8,0.0
Sess10_impro03_F022,sadness,3.0,2.6,3,엄마가 이래.,어,train,0.0,0.0,0.0,0.0,0.2,0.8,0.0
Sess10_impro03_M020,sadness,2.1,2.8,1,아냐 엄마 내가 잘할게 나 그냥 너무 속상하고 말할 사람이 엄마 밖에 없으니까 투정부리고 싶었어.,ᆯ게 | 어,train,0.0,0.0,0.0,0.0,0.4,0.6,0.0
Sess10_impro03_M020,sadness,2.1,2.8,2,그런데 미안해 엄마 내가.,어,train,0.0,0.0,0.0,0.0,0.4,0.6,0.0
Sess10_impro03_F023,happiness,3.8,3.0,1,l/ 그럼 우리 이제 맛있는 김치찌개 먹을까?,을까,train,0.0,0.0,0.0,0.6,0.4,0.0,0.0
Sess10_impro03_M021,happiness,3.9,3.3,1,l/ 배고프네.,네,train,0.0,0.0,0.0,0.4,0.6,0.0,0.0
Sess10_impro03_F024,happiness,4.4,3.1,1,어 l/ 기다려 엄마가 요리해줄게.,ᆯ게,train,0.0,0.0,0.0,0.9,0.1,0.0,0.0
Sess10_impro03_M022,happiness,4.3,3.4,1,알았어 엄마.,어,train,0.0,0.0,0.0,0.8,0.2,0.0,0.0
Sess10_impro03_M022,happiness,4.3,3.4,2,뭐라고 안 할테니까 빨리 밥해줘.,어,train,0.0,0.0,0.0,0.8,0.2,0.0,0.0
Sess10_impro03_M022,happiness,4.3,3.4,3,o/ u/ 세공기 먹어야겠다.,다,train,0.0,0.0,0.0,0.8,0.2,0.0,0.0
Sess10_impro04_M005,happiness,2.5,3.7,1,내가 의산데 뭐 소독을 o/ 빨리 거 어딨어?,어,train,0.2,0.0,0.0,0.0,0.1,0.0,0.7
Sess10_impro04_F005,happiness,4.4,3.6,1,o/ N/ l/ 아 이거 의사가 의사가 집에 있는 약 상자도 어딨는지 몰라.,어,train,0.0,0.0,0.0,0.8,0.2,0.0,0.0
Sess10_impro04_M006,happiness,3.7,3.4,1,자기야 o/ 원래 요리사도 있잖아.,야 | 잖아,train,0.0,0.0,0.0,0.3,0.5,0.0,0.2
Sess10_impro04_M006,happiness,3.7,3.4,2,o/ 집에 가면 라면만 먹어.,어,train,0.0,0.0,0.0,0.3,0.5,0.0,0.2
Sess10_impro04_M006,happiness,3.7,3.4,3,o/ 그게 팩트야.,야,train,0.0,0.0,0.0,0.3,0.5,0.0,0.2
Sess10_impro04_M006,happiness,3.7,3.4,4,아 빨리 o/ 약상자 어딨어 빨리 (갖고와봐 발라줄게+여깄네 여깄네 여깄어).,어 | ᆯ게 | 네 | 네 | 어,train,0.0,0.0,0.0,0.3,0.5,0.0,0.2
Sess10_impro04_F006,happiness,4.0,3.2,1,여깄어요.,어요,train,0.0,0.0,0.0,0.7,0.3,0.0,0.0
Sess10_impro04_F008,happiness,3.7,3.4,1,소독도 제대로 못 하고.,고,train,0.0,0.0,0.0,0.6,0.4,0.0,0.0
Sess10_impro04_F009,happiness,4.4,3.6,1,알겠어요.,어요,train,0.0,0.0,0.0,0.8,0.2,0.0,0.0
Sess10_impro04_M010,happiness,3.8,3.2,1,고급 인력이니까요.,니까요,train,0.0,0.0,0.0,0.1,0.8,0.0,0.1
Sess10_impro04_F010,happiness,4.5,3.8,1,알겠어요 선생님.,어요,train,0.0,0.0,0.0,0.9,0.1,0.0,0.0
Sess10_impro04_M011,happiness,3.5,3.4,1,웃지마.,어,train,0.2,0.0,0.0,0.1,0.7,0.0,0.0
Sess10_impro04_M011,happiness,3.5,3.4,2,에 (가만히 있어+알겠어).,어 | 어,train,0.2,0.0,0.0,0.1,0.7,0.0,0.0
Sess10_impro04_M011,happiness,3.5,3.4,3,약 바르게.,게,train,0.2,0.0,0.0,0.1,0.7,0.0,0.0
Sess10_impro04_M012,anger,2.7,3.1,1,하 진짜 속상하다.,다,train,0.4,0.0,0.0,0.0,0.2,0.3,0.1
Sess10_impro04_M012,anger,2.7,3.1,2,조심 좀 해 진짜 좀.,어,train,0.4,0.0,0.0,0.0,0.2,0.3,0.1
Sess10_impro04_M012,anger,2.7,3.1,3,저번주에도 무릎팍 다 까져가지고 왜이러냐 진짜?,냐,train,0.4,0.0,0.0,0.0,0.2,0.3,0.1
Sess10_impro04_F013,happiness,4.1,3.4,1,기억나?,어,train,0.0,0.0,0.0,0.7,0.3,0.0,0.0
Sess10_impro04_M014,happiness,2.9,2.9,1,뭐가 기억나?,어,train,0.1,0.0,0.0,0.0,0.9,0.0,0.0
Sess10_impro04_F014,happiness,4.4,3.4,1,우리 연애할 때 나 아파갖고 회사도 막 못 n/ 나가고 그럴 때 있잖아.,잖아,train,0.0,0.0,0.0,0.8,0.2,0.0,0.0
Sess10_impro04_F016,happiness,4.7,3.9,1,저 여기 u/ 좀 살려주세요.,세요,train,0.0,0.0,0.0,0.8,0.2,0.0,0.0
Sess10_impro04_F016,happiness,4.7,3.9,2,저도 의사에요 저도 저도 의사에요.,에요 | 에요,train,0.0,0.0,0.0,0.8,0.2,0.0,0.0
Sess10_impro04_F016,happiness,4.7,3.9,3,우리 영미 좀 살려주세요.,세요,train,0.0,0.0,0.0,0.8,0.2,0.0,0.0
Sess10_impro04_M017,anger,3.5,3.4,1,(u/+아) 그 옛날 얘기 왜 꺼내.,어,train,0.4,0.0,0.0,0.3,0.3,0.0,0.0
Sess10_impro04_M017,anger,3.5,3.4,2,내가 내가 그 자기가 맹장인 줄 알았으면 그랬겠어 내가.,어,train,0.4,0.0,0.0,0.3,0.3,0.0,0.0
Sess10_impro04_M017,anger,3.5,3.4,3,거의 뭐 거 죽으 죽기 직전 사람처럼 누워있으니까 내 그랬지.,지,train,0.4,0.0,0.0,0.3,0.3,0.0,0.0
Sess10_impro04_F017,happiness,4.5,3.7,1,응 그러셨어요?,어요,train,0.0,0.0,0.0,0.9,0.1,0.0,0.0
Sess10_impro04_F017,happiness,4.5,3.7,2,나 죽을까봐 그렇게 걱정 됐어?,어,train,0.0,0.0,0.0,0.9,0.1,0.0,0.0
Sess10_impro04_M018,happiness,3.4,3.0,1,아 윤서 깨니까 빨리 조용히 해.,어,train,0.1,0.0,0.0,0.2,0.7,0.0,0.0
Sess10_impro04_M020,happiness,4.0,3.4,1,갑자기 왜 그런 눈으로 봐 무섭게 갑자기 왜 그렇게 봐.,어,train,0.0,0.0,0.0,0.7,0.3,0.0,0.0
Sess10_impro04_F020,happiness,4.5,3.5,1,나 사랑해?,어,train,0.0,0.0,0.0,0.8,0.2,0.0,0.0
Sess10_impro04_M021,happiness,4.0,3.1,1,아 사랑하지.,지,train,0.0,0.0,0.0,0.7,0.3,0.0,0.0
Sess10_impro04_F021,happiness,3.7,3.1,1,n/ 아 뭐야 왜케 시큰둥하게 대답을 해.,야 | 어,train,0.0,0.0,0.0,0.6,0.4,0.0,0.0
Sess10_impro04_M022,happiness,3.9,3.3,1,사랑해.,어,train,0.0,0.0,0.0,0.6,0.4,0.0,0.0
Sess10_impro04_M023,happiness,4.4,3.4,1,b/ 사랑합니다.,ᆸ니다,train,0.0,0.0,0.0,0.8,0.2,0.0,0.0
Sess10_impro04_F024,happiness,4.0,3.3,1,근데 o/ 나 o/ 궁금한 거 있어.,어,train,0.0,0.0,0.0,0.7,0.3,0.0,0.0
Sess10_impro04_F025,happiness,3.8,3.3,1,만약에 내가 먼저 죽으면 어떡할거야?,야,train,0.0,0.0,0.0,0.6,0.4,0.0,0.0
Sess10_impro04_F026,happiness,3.8,3.1,1,아아 빨리 나 듣고 싶어 빨리 해 봐.,어,train,0.0,0.0,0.0,0.6,0.4,0.0,0.0
Sess10_impro04_M027,happiness,2.5,3.6,1,뭐 자기 뭐 지금 갱년기야?,야,train,0.3,0.0,0.0,0.1,0.5,0.0,0.1
Sess10_impro04_F027,happiness,4.1,3.5,1,아 빨리 빨리 얘기좀 해봐 오랜만에 나 먼저 죽으면 어떡할거야.,야,train,0.1,0.0,0.0,0.5,0.4,0.0,0.0
Sess10_impro04_M028,happiness,2.8,3.7,1,지금 스무살 연애할 때 하는 애기를 하고 있네.,네,train,0.3,0.0,0.0,0.1,0.5,0.0,0.1
Sess10_impro04_F028,happiness,4.0,3.4,1,아우 그때 돌아갔다구 생각하구 o/ 한번 해봐.,구 | 어,train,0.0,0.0,0.0,0.6,0.4,0.0,0.0
Sess10_impro04_M030,happiness,3.5,3.2,1,당신 죽으면은 내가 살 수 있을 거 같애?,애,train,0.0,0.0,0.1,0.3,0.6,0.0,0.0
Sess10_impro04_M032,happiness,3.7,3.3,1,따라가야지.,어야지,train,0.0,0.0,0.0,0.3,0.7,0.0,0.0
Sess10_impro04_F032,happiness,4.6,3.8,1,하여간 아주 그냥 전형적인 대답만 잘해요 잘해 (아주).,어요 | 어,train,0.0,0.0,0.0,0.9,0.0,0.0,0.1
Sess10_impro04_M033,happiness,4.3,3.5,1,(아주+내 인생의) 여자는 은미 너 하나가 끝이야.,야,train,0.0,0.0,0.0,0.4,0.6,0.0,0.0
Sess10_impro04_F033,happiness,4.8,3.9,1,b/ 어쩜 이렇게 싹싹 이쁜 말만 골라서 하지?,지,train,0.0,0.0,0.0,1.0,0.0,0.0,0.0
Sess10_impro04_M034,happiness,4.5,3.6,1,아유 진짜 오그라들어 오그라들어.,어,train,0.0,0.0,0.0,0.7,0.3,0.0,0.0
Sess10_impro04_F034,happiness,4.5,3.9,1,b/ 내일 뭐 먹고 싶어?,어,train,0.0,0.0,0.0,0.9,0.1,0.0,0.0
Sess10_impro04_F034,happiness,4.5,3.9,2,(어+내가) 다 해줄게.,ᆯ게,train,0.0,0.0,0.0,0.9,0.1,0.0,0.0
Sess10_impro04_F034,happiness,4.5,3.9,3,먹고 싶은 거 말만 해봐.,어,train,0.0,0.0,0.0,0.9,0.1,0.0,0.0
Sess10_impro04_F036,happiness,4.7,4.3,1,뭔 소리 하는 거야 o/ 빨리 말해 o/ 좋아하는 거 다 해줄게.,야 | ᆯ게,train,0.0,0.0,0.0,0.8,0.1,0.0,0.1
Sess10_impro04_M037,happiness,4.1,3.3,1,아 당신 다 좋거든.,거든,train,0.0,0.0,0.0,0.6,0.4,0.0,0.0
Sess10_impro04_M037,happiness,4.1,3.3,2,o/ 그 내가 당신 o/ b/ 요리만큼은 o/ 그니까 내가 학원을 좀 등록을 시켜줬으면 좋겠어.,어,train,0.0,0.0,0.0,0.6,0.4,0.0,0.0
Sess10_impro04_F037,happiness,4.6,3.7,1,(아 그니까+알겠어) o/ 알겠어 그럼 내일 o/ 자기 먹고 싶은데 가서 먹자.,어 | 어 | 자,train,0.0,0.0,0.0,0.6,0.3,0.0,0.1
Sess10_impro04_M038,happiness,3.9,3.2,1,b/ 아니야 근데 이렇게 한번 애기해준거니까 우리 한번 트라이 해볼까?,ᆯ까,train,0.0,0.0,0.0,0.4,0.6,0.0,0.0
Sess10_impro04_M038,happiness,3.9,3.2,2,o/ 요리 한번 해볼까?,ᆯ까,train,0.0,0.0,0.0,0.4,0.6,0.0,0.0
Sess10_impro04_F038,happiness,4.5,3.3,1,하자 하자.,자,train,0.0,0.0,0.0,0.6,0.4,0.0,0.0
Sess10_impro04_M039,happiness,4.3,3.4,1,내일 약간 어 오랜만에 o/ 약간 묵은지 김치 아 묵은지 o/ 그 돼지 (어떤 뭐 고런+김치찌개 어) 느낌 (어떨까),ᆯ까,train,0.0,0.0,0.0,0.7,0.3,0.0,0.0
Sess10_impro04_F039,happiness,4.5,3.5,1,(어떨까+알겠어) 알겠어.,ᆯ까 | 어 | 어,train,0.0,0.0,0.0,0.8,0.2,0.0,0.0
Sess10_impro04_M040,happiness,4.0,3.2,1,괜찮을까?,을까,train,0.0,0.0,0.0,0.4,0.6,0.0,0.0
Sess10_impro04_F040,happiness,4.3,3.3,1,어 내일 그럼 퇴근 빨리 하고 와.,어,train,0.0,0.0,0.0,0.8,0.2,0.0,0.0
Sess10_impro04_M042,happiness,3.9,3.0,1,먹고나서 뭐 할까?,ᆯ까,train,0.0,0.0,0.0,0.4,0.6,0.0,0.0
Sess10_impro04_F042,happiness,4.5,3.7,1,o/ N/ 아 이 사람 왜 저래.,어,train,0.0,0.0,0.0,0.9,0.1,0.0,0.0
Sess10_impro04_F042,happiness,4.5,3.7,2,l/ 하여간 어 o/ 얼른 씻어 얼른 씻어.,어,train,0.0,0.0,0.0,0.9,0.1,0.0,0.0
Sess10_impro04_M043,happiness,4.3,3.3,1,알았어.,어,train,0.0,0.0,0.0,0.6,0.4,0.0,0.0
Sess10_impro04_F043,happiness,4.6,3.7,1,빨리 씻고 나와.,어,train,0.0,0.0,0.0,0.8,0.2,0.0,0.0
Sess10_impro04_M044,happiness,4.5,3.9,1,o/ N/ 빨리 씻고 나와?,어,train,0.0,0.0,0.0,0.7,0.3,0.0,0.0
Sess10_impro04_M044,happiness,4.5,3.9,2,(어 알았어+알겠어 빨리 씻고 나와 알았지?,어 | 어 | 어 | 지,train,0.0,0.0,0.0,0.7,0.3,0.0,0.0
Sess10_impro04_F044,happiness,4.6,3.8,1,하여간 어 자기야.,야,train,0.0,0.0,0.0,0.8,0.2,0.0,0.0
Sess10_impro04_F045,happiness,4.7,3.7,1,사랑한다고 한번만 더 해줘.,어,train,0.0,0.0,0.0,0.8,0.2,0.0,0.0
Sess10_impro04_M046,happiness,4.3,3.6,1,이따가 해줄게.,ᆯ게,train,0.1,0.0,0.0,0.4,0.5,0.0,0.0
Sess10_impro04_F046,happiness,4.7,4.2,1,아 지금 빨리 (해봐),어,train,0.0,0.0,0.0,0.8,0.2,0.0,0.0
Sess10_impro04_M047,happiness,4.3,3.5,1,(해봐+아) 이따가.,어,train,0.0,0.0,0.0,0.6,0.4,0.0,0.0
Sess10_impro04_F047,happiness,4.7,3.9,1,아 빨리 해줘.,어,train,0.0,0.0,0.0,0.8,0.2,0.0,0.0
Sess10_impro04_M048,happiness,4.0,3.4,1,이따가 많이 해줄게 o/ 응.,ᆯ게,train,0.0,0.0,0.0,0.4,0.6,0.0,0.0
Sess10_impro04_M049,happiness,4.2,3.4,1,오늘은 어떤 컨셉으로 가볼까?,ᆯ까,train,0.0,0.0,0.0,0.4,0.6,0.0,0.0
Sess10_impro04_M050,happiness,4.7,3.9,1,(주책+알았어) 오 윤서 깼다.,어 | 다,train,0.0,0.0,0.0,0.8,0.1,0.0,0.1
Sess10_impro04_M050,happiness,4.7,3.9,2,윤서 깼다.,다,train,0.0,0.0,0.0,0.8,0.1,0.0,0.1
Sess10_impro04_M050,happiness,4.7,3.9,3,윤서 깼다.,다,train,0.0,0.0,0.0,0.8,0.1,0.0,0.1
Sess10_impro04_M050,happiness,4.7,3.9,4,빨 아 윤서 빨리 가서 재우고 (있어 빨리 씻고 올테니까 알았지+알겠어 알겠어) 어 알았어.,지 | 어 | 어 | 어,train,0.0,0.0,0.0,0.8,0.1,0.0,0.1
Sess10_impro04_M051,happiness,4.2,4.0,1,아 조심해 o/ 그 또 그 넘어진다 또 이거.,어,train,0.2,0.0,0.0,0.3,0.2,0.0,0.3
Sess10_impro04_M051,happiness,4.2,4.0,2,n/ 내 또 거 무릎팍 까질라 알았지?,지,train,0.2,0.0,0.0,0.3,0.2,0.0,0.3
Sess10_impro04_F051,happiness,4.5,3.8,1,b/ 알겠어.,어,train,0.0,0.0,0.0,0.8,0.2,0.0,0.0
Sess10_impro04_M052,happiness,4.0,3.6,1,씻고 올게.,ᆯ게,train,0.0,0.0,0.0,0.3,0.7,0.0,0.0
Sess10_impro04_M053,happiness,3.8,3.3,1,응 알았어.,어,train,0.0,0.0,0.0,0.2,0.7,0.0,0.1
Sess10_impro04_F053,happiness,4.5,3.6,1,o/ 내가 하여간 내가 저 남자때문에 산다니깐.,다니깐,train,0.0,0.0,0.0,0.9,0.1,0.0,0.0
Sess10_impro04_F054,happiness,4.5,3.7,1,사랑해.,어,train,0.0,0.0,0.0,0.8,0.2,0.0,0.0
Sess04_script01_M010,happiness,3.8,3.6,1,아이 그게 아니라 그 갑자기 그러니까 당연히 당황하지.,지,train,0.0,0.0,0.0,0.6,0.1,0.0,0.3
Sess04_script01_F014,happiness,2.1,3.6,1,l/ 아 뭐야.,야,train,0.2,0.0,0.0,0.0,0.4,0.0,0.4
Sess04_script01_M025,sadness,3.3,3.1,1,b/ 니가 생각해도 젓가락 100갠 좀 심했지.,지,train,0.0,0.0,0.0,0.2,0.3,0.5,0.0
Sess04_script01_M025,sadness,3.3,3.1,2,b/ 맞지.,지,train,0.0,0.0,0.0,0.2,0.3,0.5,0.0
Sess04_script01_M025,sadness,3.3,3.1,3,미안해 그거는.,어,train,0.0,0.0,0.0,0.2,0.3,0.5,0.0
Sess04_script03_M001,happiness,4.4,3.2,1,l/ 야 저거 봐봐.,어,train,0.0,0.0,0.0,0.9,0.1,0.0,0.0
Sess04_script03_M001,happiness,4.4,3.2,2,저 개그맨 웃기지 않냐?,냐,train,0.0,0.0,0.0,0.9,0.1,0.0,0.0
Sess04_script03_F001,happiness,2.3,2.4,1,o/ N/ 뭐가 그렇게 재밌어?,어,train,0.1,0.0,0.0,0.0,0.7,0.2,0.0
Sess04_script03_M002,happiness,4.3,3.4,1,아 웃기잖아.,잖아,train,0.0,0.0,0.0,0.9,0.1,0.0,0.0
Sess04_script03_M002,happiness,4.3,3.4,2,l/ 아유 근데 바나나 맛있다.,다,train,0.0,0.0,0.0,0.9,0.1,0.0,0.0
Sess04_script03_M002,happiness,4.3,3.4,3,어디서 산 거야?,야,train,0.0,0.0,0.0,0.9,0.1,0.0,0.0
Sess04_script03_M004,happiness,4.0,3.2,1,음 모를 수도 있지 뭐.,지,train,0.0,0.0,0.0,0.6,0.4,0.0,0.0
Sess04_script03_M004,happiness,4.0,3.2,2,그게 뭐 대순가?,ᆫ가,train,0.0,0.0,0.0,0.6,0.4,0.0,0.0
Sess04_script03_M004,happiness,4.0,3.2,3,l/ 야 근데 저거 진짜 웃긴다.,ᆫ다,train,0.0,0.0,0.0,0.6,0.4,0.0,0.0
Sess04_script04_M002,anger,1.6,4.1,1,아이씨 아 그러니까 나 말렸어야지 이씨 진짜 씨 b/ 술 먹어서 운전 안 한다고 했잖아 내가.,어야지 | 잖아,train,0.9,0.0,0.1,0.0,0.0,0.0,0.0
Sess04_script04_M007,anger,1.4,4.3,1,이 야밤에 돌아다니다 왜 차에 치이고 지랄이야 진짜 아이 씨.,야,train,0.9,0.1,0.0,0.0,0.0,0.0,0.0
Sess04_script04_M012,happiness,3.5,4.4,1,l/ 아이 그래 맞아 맞아.,어 | 어,train,0.0,0.0,0.3,0.5,0.1,0.0,0.1
Sess04_script04_M012,happiness,3.5,4.4,2,고 고라니였나보다.,다,train,0.0,0.0,0.3,0.5,0.1,0.0,0.1
Sess04_script04_M012,happiness,3.5,4.4,3,고라니였어 고라니.,어,train,0.0,0.0,0.3,0.5,0.1,0.0,0.1
Sess04_script04_M012,happiness,3.5,4.4,4,b/ 너랑 나랑 술을 마셔가지고 고라니를 사람으로 착각한 거야.,야,train,0.0,0.0,0.3,0.5,0.1,0.0,0.1
Sess04_script04_M014,anger,1.4,4.5,1,(아니잖+아이) 그럼 뭐야 이씨.,야,train,1.0,0.0,0.0,0.0,0.0,0.0,0.0
Sess04_script04_M014,anger,1.4,4.5,2,어떻게 된 거야.,야,train,1.0,0.0,0.0,0.0,0.0,0.0,0.0
Sess04_script04_F012,anger,1.8,3.9,1,아 지금 무슨 소릴 하는 거야?,야,train,0.2,0.0,0.0,0.0,0.1,0.0,0.7
Sess04_script04_F012,anger,1.8,3.9,2,지금 어딘가에 있을 거야.,야,train,0.2,0.0,0.0,0.0,0.1,0.0,0.7
Sess04_script04_F012,anger,1.8,3.9,3,우리가 사람을 쳤는데 당연히 o/ 찾아서 병원에 데려가야지.,어야지,train,0.2,0.0,0.0,0.0,0.1,0.0,0.7
Sess04_script04_M016,anger,1.4,4.5,1,우리 지금 술마셨잖아.,잖아,train,1.0,0.0,0.0,0.0,0.0,0.0,0.0
Sess04_script04_M018,anger,2.0,3.4,1,나 공무원 못 되면 우리 결혼도 못 해.,어,train,0.4,0.0,0.3,0.0,0.3,0.0,0.0
Sess04_script04_M018,anger,2.0,3.4,2,그잖아?,잖아,train,0.4,0.0,0.3,0.0,0.3,0.0,0.0
Sess04_script04_M018,anger,2.0,3.4,3,그냥 가자.,자,train,0.4,0.0,0.3,0.0,0.3,0.0,0.0
Sess04_script04_F014,anger,1.8,3.2,1,지섭씨 무섭게 왜 그래?,어,train,0.0,0.1,0.8,0.0,0.1,0.0,0.0
Sess04_script04_M019,anger,1.6,4.0,1,너 내가 o/ 망가지길 바래?,어,train,1.0,0.0,0.0,0.0,0.0,0.0,0.0
Sess04_script04_M019,anger,1.6,4.0,2,내가 인생 바닥으로 떨어지길 (원하냐고),냐고,train,1.0,0.0,0.0,0.0,0.0,0.0,0.0
Sess04_script04_F016,anger,1.6,3.9,1,(원하냐고+지섭씨) 사람 목숨이 달린 거 잖아 어?,잖아,train,0.3,0.0,0.5,0.0,0.1,0.0,0.1
Sess04_script04_F016,anger,1.6,3.9,2,일단 찾아보자 어?,자,train,0.3,0.0,0.5,0.0,0.1,0.0,0.1
Sess04_script04_F016,anger,1.6,3.9,3,o/ 혹시 모르니깐 경찰에 신고도 해보고 내가 전화할게.,ᆯ게,train,0.3,0.0,0.5,0.0,0.1,0.0,0.1
Sess04_script04_M020,anger,1.5,4.5,1,야 전화기 내려놔.,어,train,1.0,0.0,0.0,0.0,0.0,0.0,0.0
Sess04_script04_F017,anger,1.8,3.4,1,지섭씨 왜 그래?,어,train,0.0,0.0,0.3,0.0,0.0,0.0,0.7
Sess04_script04_M021,anger,1.4,3.6,1,너 자꾸 이러면 나도 더 이상 못 참아.,어,train,1.0,0.0,0.0,0.0,0.0,0.0,0.0
Sess04_script04_M022,anger,1.4,3.7,1,너도 사라지게 해줘?,어,train,0.9,0.0,0.0,0.0,0.1,0.0,0.0
Sess04_script04_F018,anger,1.4,3.5,1,지금 계속 무슨 말을 하는 거야?,야,train,0.0,0.0,0.7,0.0,0.0,0.0,0.3
Sess04_script04_M023,anger,1.4,3.9,1,지금 니가 하 나한테 하는 짓이 더 이상해.,어,train,1.0,0.0,0.0,0.0,0.0,0.0,0.0
Sess04_script04_M024,anger,1.3,4.4,1,널 너가 지금 날 망가뜨리려고 작정했잖아.,잖아,train,1.0,0.0,0.0,0.0,0.0,0.0,0.0
Sess04_script04_M024,anger,1.3,4.4,2,우리 미래가 중요해?,어,train,1.0,0.0,0.0,0.0,0.0,0.0,0.0
Sess04_script04_M024,anger,1.3,4.4,3,우리 미래가 중요해?,어,train,1.0,0.0,0.0,0.0,0.0,0.0,0.0
Sess04_script04_M024,anger,1.3,4.4,4,너 입만 뻥끗 해봐.,어,train,1.0,0.0,0.0,0.0,0.0,0.0,0.0
Sess04_script04_M024,anger,1.3,4.4,5,n/ 너도 똑같이 만들어 줄테니까.,니까,train,1.0,0.0,0.0,0.0,0.0,0.0,0.0
Sess04_script04_F019,anger,1.5,3.2,1,무서워.,어,train,0.0,0.0,0.9,0.0,0.0,0.0,0.1
Sess04_script04_M025,anger,1.5,3.8,1,진짜 무서운게 뭔지 보여줘?,어,train,1.0,0.0,0.0,0.0,0.0,0.0,0.0
Sess04_script04_M025,anger,1.5,3.8,2,오늘 여기 있었던 일은 너랑 나만 아는 거야.,야,train,1.0,0.0,0.0,0.0,0.0,0.0,0.0
Sess04_script04_M025,anger,1.5,3.8,3,아무도 못 봤어.,어,train,1.0,0.0,0.0,0.0,0.0,0.0,0.0
Sess04_script04_M025,anger,1.5,3.8,4,그러니까 넌 입 닥치고 있어.,어,train,1.0,0.0,0.0,0.0,0.0,0.0,0.0
Sess04_script04_M025,anger,1.5,3.8,5,오늘 우린 고라니 친 거야.,야,train,1.0,0.0,0.0,0.0,0.0,0.0,0.0
Sess04_script04_M025,anger,1.5,3.8,6,어차피 죽었는지 살았는지도 모르는데 뭐 알 바 없잖아.,어,train,1.0,0.0,0.0,0.0,0.0,0.0,0.0
Sess04_script04_M026,anger,1.4,4.3,1,그리고 너 똑바로 들어.,어,train,1.0,0.0,0.0,0.0,0.0,0.0,0.0
Sess04_script04_M027,anger,1.4,4.2,1,너 차에서 내려도 경찰에 전화 하기만 해 너.,어,train,1.0,0.0,0.0,0.0,0.0,0.0,0.0
Sess04_script04_M027,anger,1.4,4.2,2,b/ 너 죽어.,어,train,1.0,0.0,0.0,0.0,0.0,0.0,0.0
Sess04_script04_M027,anger,1.4,4.2,3,알았어?,어,train,1.0,0.0,0.0,0.0,0.0,0.0,0.0
Sess04_script04_F020,anger,1.5,3.2,1,알았어.,어,train,0.0,0.0,0.9,0.0,0.0,0.1,0.0
Sess04_script04_M029,anger,3.1,3.8,1,이대로 가면 돼.,어,train,0.3,0.0,0.3,0.2,0.2,0.0,0.0
Sess04_script04_M029,anger,3.1,3.8,2,우리 그러면 아무 일도 없는 거야.,야,train,0.3,0.0,0.3,0.2,0.2,0.0,0.0
Sess04_script04_M029,anger,3.1,3.8,3,우리 그냥 그 전처럼 돌아가면 되는 거야.,야,train,0.3,0.0,0.3,0.2,0.2,0.0,0.0
Sess04_script04_M029,anger,3.1,3.8,4,그 사람이 죽었든 살았든 우린 사람을 친 적이 없어.,어,train,0.3,0.0,0.3,0.2,0.2,0.0,0.0
Sess04_script04_M030,happiness,3.4,3.7,1,l/ 그냥 가면 돼.,어,train,0.2,0.0,0.3,0.3,0.2,0.0,0.0
Sess04_script04_M030,happiness,3.4,3.7,2,아무 일도 없을 거야.,야,train,0.2,0.0,0.3,0.3,0.2,0.0,0.0
Sess04_script04_F024,anger,1.4,4.5,1,지금 뭐 하려고?,려고,train,0.0,0.0,0.1,0.0,0.0,0.0,0.9
Sess04_script05_M018,happiness,4.0,3.7,1,l/ 아이고 o/ 잘하시네요.,네요,train,0.0,0.0,0.0,0.8,0.2,0.0,0.0
Sess04_script05_M018,happiness,4.0,3.7,2,아 근데 목소리가 너무 작네 좀 더 크게.,네,train,0.0,0.0,0.0,0.8,0.2,0.0,0.0
Sess04_script06_M010,happiness,4.1,3.8,1,오예 두 개 맞았고 오 (오 오케바리+아아 깜짝이야),야,train,0.0,0.0,0.0,0.7,0.0,0.0,0.3
Sess04_script06_M011,happiness,4.0,3.8,1,아싸 일단 5천 원 확보.,어,train,0.0,0.0,0.0,0.9,0.0,0.0,0.1
Sess04_script06_F010,happiness,2.4,3.1,1,하 o/ 퍽이나 좋겠다.,다,train,0.0,0.5,0.0,0.0,0.5,0.0,0.0
Sess04_script06_M012,happiness,4.4,4.2,1,오 오 l/ 야 네개 네개 맞았어 네개 오 야 이거 어떻게 할 거야.,어 | 야,train,0.0,0.0,0.0,0.5,0.0,0.0,0.5
Sess04_script06_F012,happiness,4.2,4.3,1,아 오빠 진짜 어떡해.,어,train,0.0,0.0,0.0,0.1,0.0,0.0,0.9
Sess04_script06_F012,happiness,4.2,4.3,2,여섯개 다 맞는 거 아냐?,냐,train,0.0,0.0,0.0,0.1,0.0,0.0,0.9
Sess04_script06_M016,happiness,5.0,4.9,1,s/ 1등 1등 야 이거 어떡할 거야.,야,train,0.0,0.0,0.0,0.9,0.0,0.0,0.1
Sess04_impro01_M004,sadness,2.0,2.2,1,b/ 아니 딴 게 아니라 나 그래도 b/ 사회나가서 뭐 뭐 다이아몬드나 뭐 거드 게 대단한 건 아니여도 좀 괜찮은 사람인 줄 알았거든?,거든,train,0.0,0.0,0.0,0.0,0.3,0.7,0.0
Sess04_impro01_M005,sadness,1.9,2.2,1,b/ 근데 그게 아닌가봐.,어,train,0.0,0.0,0.0,0.0,0.3,0.7,0.0
Sess04_impro01_M006,anger,1.9,2.4,1,b/ 아니 그 김부장 있잖아.,잖아,train,0.9,0.0,0.0,0.0,0.1,0.0,0.0
Sess04_impro01_M006,anger,1.9,2.4,2,그 사람 또 괜히 이상한 거 갖고 뭐라고 한다니까.,ᆫ다니까,train,0.9,0.0,0.0,0.0,0.1,0.0,0.0
Sess04_impro01_M007,anger,1.9,2.9,1,아 도대체 김부장은 왜 그렇게 하는지 모르겠어.,어,train,1.0,0.0,0.0,0.0,0.0,0.0,0.0
Sess04_impro01_F008,anger,2.6,2.8,1,파를 안 샀네.,네,train,0.0,0.1,0.0,0.0,0.9,0.0,0.0
Sess04_impro01_M008,anger,2.0,2.7,1,엄마 내 말 듣는 거야?,야,train,0.6,0.0,0.0,0.0,0.4,0.0,0.0
Sess04_impro01_M010,anger,2.0,3.2,1,(쓰레기야 u/+아 그러니까 김부장 진짜) b/ 아니 근데 엄마는 나랑 얘기하는데 왜 자꾸 딴 거 해?,야 | 어,train,0.8,0.0,0.0,0.0,0.2,0.0,0.0
Sess04_impro01_F011,anger,2.7,2.7,1,아우 다 듣고 있어.,어,train,0.0,0.0,0.0,0.0,1.0,0.0,0.0
Sess04_impro01_M011,anger,1.8,4.0,1,b/ 아 (엄마+아 왜) 뭘 듣고 있어.,어,train,1.0,0.0,0.0,0.0,0.0,0.0,0.0
Sess04_impro01_M011,anger,1.8,4.0,2,지금 내 얘기할 때 하나도 안 듣고 파만 썰고 있잖아.,잖아,train,1.0,0.0,0.0,0.0,0.0,0.0,0.0
Sess04_impro01_M011,anger,1.8,4.0,3,내가 무슨 얘기하는진 들었어 제대로?,어,train,1.0,0.0,0.0,0.0,0.0,0.0,0.0
Sess04_impro01_M011,anger,1.8,4.0,4,아이 내가 무슨 김부장 때문에 이러는줄 알어?,어,train,1.0,0.0,0.0,0.0,0.0,0.0,0.0
Sess04_impro01_M012,anger,1.9,3.2,1,o/ b/ 아이 됐어됐어.,어 | 어,train,0.9,0.0,0.0,0.0,0.1,0.0,0.0
Sess04_impro01_M012,anger,1.9,3.2,2,엄마 하던거나 계속 해.,어,train,0.9,0.0,0.0,0.0,0.1,0.0,0.0
Sess04_impro01_F013,sadness,2.7,2.6,1,뭔데?,ᆫ데,train,0.0,0.0,0.0,0.0,0.9,0.1,0.0
Sess04_impro01_M014,sadness,1.4,2.8,1,b/ n/ 나 진 지연이랑 싸워서 헤어졌어.,어,train,0.0,0.0,0.0,0.0,0.1,0.9,0.0
Sess04_impro01_M014,sadness,1.4,2.8,2,b/ 나 진짜 지연이한테 진짜 잘했거든 b/ 진짜 태어나서 처음으로 좋아한다고 얘기도 해보고 진짜 b/ 내 마지막 보험이다 이렇게 생각하고 사랑했는데 지연이가 갔어.,거든 | 다 | 어,train,0.0,0.0,0.0,0.0,0.1,0.9,0.0
Sess04_impro01_F014,sadness,2.5,2.7,1,아유 엄마가 몰랐네 미안해.,네 | 어,train,0.0,0.0,0.0,0.0,0.6,0.4,0.0
Sess04_impro01_M015,anger,1.6,4.1,1,엄마가 뭘 알어 엄마때는 그냥 대충 찍어주면 그냥 만났잖아.,어 | 잖아,train,1.0,0.0,0.0,0.0,0.0,0.0,0.0
Sess04_impro01_M015,anger,1.6,4.1,2,엄마가 지금 내가 얼마나 슬픈지 알기나 해?,어,train,1.0,0.0,0.0,0.0,0.0,0.0,0.0
Sess04_impro01_F015,sadness,2.6,2.9,1,그래 니 말대로 엄마는 지금 사랑이 뭔지도 몰라 근데 b/ 뭐 사랑이 그렇게 달지만은 않어.,어 | 어,train,0.0,0.0,0.0,0.0,0.8,0.2,0.0
Sess04_impro01_F015,sadness,2.6,2.9,2,"쓴맛도 있고, 단맛도 있고, 다 그런거지 뭐.",지,train,0.0,0.0,0.0,0.0,0.8,0.2,0.0
Sess04_impro01_M016,sadness,2.0,2.7,1,아이 근데 엄마 원래 이렇게 힘들어?,어,train,0.0,0.0,0.0,0.0,0.2,0.8,0.0
Sess04_impro01_F016,sadness,2.6,2.9,1,(이상해+엄마도) 그랬어.,어 | 어,train,0.0,0.0,0.0,0.0,0.5,0.5,0.0
Sess04_impro01_F016,sadness,2.6,2.9,2,엄마도 뭐 아빠랑 싸우고 나면 화 나갖고 막 성질 냈다가 근데 뭐 b/ 지금 엄마는 음 아빠한테 미안하다고 말할 수도 없잖아.,잖아,train,0.0,0.0,0.0,0.0,0.5,0.5,0.0
Sess04_impro01_F017,sadness,3.0,3.0,1,이별을 한다는 건 음 너 혼자만 슬픈 건 아니야.,야,train,0.0,0.0,0.0,0.0,0.8,0.2,0.0
Sess04_impro01_F017,sadness,3.0,3.0,2,분명 지연이도 많이 힘들거야.,야,train,0.0,0.0,0.0,0.0,0.8,0.2,0.0
Sess04_impro01_M018,sadness,2.3,2.3,1,내가 b/ 내가 너무 내 생각만 했네.,네,train,0.0,0.0,0.0,0.0,0.3,0.7,0.0
Sess04_impro01_M018,sadness,2.3,2.3,2,b/ 미안해 나 엄마 그런 일이 그런 일이 있었는 줄 몰랐네.,어 | 네,train,0.0,0.0,0.0,0.0,0.3,0.7,0.0
Sess04_impro02_M007,anger,2.4,3.2,1,아이 지금 그게 될 게 아니구만 내가 보면 알어요.,구만 | 어요,train,0.6,0.0,0.0,0.0,0.4,0.0,0.0
Sess04_impro02_M007,anger,2.4,3.2,2,거 소독약이나 빨리 가져와 n/ 거 어딨어.,어,train,0.6,0.0,0.0,0.0,0.4,0.0,0.0
Sess04_impro03_M004,anger,1.9,3.4,1,지금 언론으로 요리해요?,어요,train,1.0,0.0,0.0,0.0,0.0,0.0,0.0
Sess04_impro03_M005,anger,1.5,4.2,1,올리브오일 양이 너무 많잖아요.,어요,train,1.0,0.0,0.0,0.0,0.0,0.0,0.0
Sess04_impro04_M011,anger,1.8,3.7,1,아 부장님 다 아시잖아요.,잖아요,train,0.3,0.0,0.1,0.0,0.2,0.2,0.2
Sess04_impro04_F012,anger,2.3,2.8,1,b/ 어쩔 수 없다 다음 주에 열릴 거야.,다 | 야,train,0.0,0.0,0.0,0.0,0.9,0.1,0.0
Sess04_impro04_F012,anger,2.3,2.8,2,o/ 그때 마음 단단히 먹고 있으면 될 거 같애.,애,train,0.0,0.0,0.0,0.0,0.9,0.1,0.0
Sess04_impro04_M014,anger,2.1,3.3,1,(u/+살다보면이) 아니라 그 이유가 있을 거 아니에요?,에요,train,0.5,0.0,0.0,0.0,0.3,0.1,0.1
Sess04_impro04_M014,anger,2.1,3.3,2,뭐 누가 b/ 부장님이 저 부장님이 그렇게 하신 건가요?,ᆫ가요,train,0.5,0.0,0.0,0.0,0.3,0.1,0.1
Sess04_impro04_F014,anger,2.7,3.1,1,아유 뭐 내가 그래 그런게 아니라 그냥 다 이렇게 일하다 보면 또 그렇게 되 그런 날이 있고 저런 날이 있고 하는 거지 뭐.,지,train,0.0,0.0,0.0,0.0,0.9,0.0,0.1
Sess04_impro04_M015,anger,1.8,3.7,1,그러면 왜 저만 징계위원회를 가냐구요.,냐구요,train,0.9,0.0,0.0,0.0,0.0,0.0,0.1
Sess04_impro04_M015,anger,1.8,3.7,2,제 위에 부장님 계신데.,ᆫ데,train,0.9,0.0,0.0,0.0,0.0,0.0,0.1
Sess04_impro04_F015,anger,2.4,2.8,1,그렇게 됐어.,어,train,0.0,0.0,0.0,0.0,1.0,0.0,0.0
Sess04_impro04_F015,anger,2.4,2.8,2,그까 나가봐.,어,train,0.0,0.0,0.0,0.0,1.0,0.0,0.0
Sess04_impro04_M018,anger,1.8,3.1,1,부장님 이런 식으로 끝내면 부장님도 안 좋아요 아시잖아요.,어요 | 잖아요,train,0.6,0.0,0.0,0.0,0.3,0.1,0.0
Sess10_script01_M002,anger,1.7,3.7,1,아 씨 그러니까 날 말렸어야지 술 먹어서 운전 안한다고 했잖아 내가 씨 b/ 하 잠깐만 하.,어야지 | 잖아,train,0.7,0.0,0.0,0.0,0.0,0.0,0.3
Sess10_script01_F002,anger,2.2,3.3,1,지섭씨 일단 112에 신고하자.,자,train,0.0,0.0,0.1,0.0,0.3,0.0,0.6
Sess10_script01_M006,anger,1.4,4.4,1,b/ 그러니까 이 야밤에 돌아다니다가 아니 왜 내 차에 치이고 난리야 아 씨이.,야,train,0.8,0.0,0.0,0.0,0.0,0.0,0.2
Sess10_script01_M011,anger,1.5,4.4,1,아니 그럼 뭐야 뭐 어떻게 된거야 사람은 쳤는데 그 사람이 없어졌다는게.,야 | 야,train,1.0,0.0,0.0,0.0,0.0,0.0,0.0
Sess10_script01_M011,anger,1.5,4.4,2,뭐 뭐 어떻게 된건데.,ᆫ데,train,1.0,0.0,0.0,0.0,0.0,0.0,0.0
Sess10_script01_M013,anger,1.4,4.6,1,우리 술 마셨잖아.,잖아,train,1.0,0.0,0.0,0.0,0.0,0.0,0.0
Sess10_script01_M014,anger,1.7,3.9,1,하 그러니까 그냥 이대로 가자 어?,자,train,0.7,0.0,0.1,0.0,0.1,0.1,0.0
Sess10_script01_M016,anger,1.2,4.6,1,아니 야 너 내가 망가지길 바래?,어,train,1.0,0.0,0.0,0.0,0.0,0.0,0.0
Sess10_script01_M016,anger,1.2,4.6,2,내가 인생 바닥으로 떨어지길 원하냐구.,냐구,train,1.0,0.0,0.0,0.0,0.0,0.0,0.0
Sess10_script01_F014,anger,1.4,3.9,1,지섭씨 사람 목숨이 달린거잖아.,잖아,train,0.0,0.0,0.7,0.0,0.1,0.2,0.0
Sess10_script01_F014,anger,1.4,3.9,2,일단 찾아보자 응?,자,train,0.0,0.0,0.7,0.0,0.1,0.2,0.0
Sess10_script01_F014,anger,1.4,3.9,3,혹시 모르니까 경찰에 신고도 해보고 내가 (전화할게).,ᆯ게,train,0.0,0.0,0.7,0.0,0.1,0.2,0.0
Sess10_script01_M017,anger,1.3,4.6,1,(전화할게+야) o/ 야 전화기 내려놔 내려놔.,ᆯ게 | 어,train,1.0,0.0,0.0,0.0,0.0,0.0,0.0
Sess10_script01_F015,anger,1.2,4.0,1,c/ 지 지섭씨 왜 이래?,어,train,0.0,0.0,1.0,0.0,0.0,0.0,0.0
Sess10_script01_M018,anger,1.5,4.1,1,o/ 야 너 자꾸 이러면 나도 더 이상 안 참아.,어,train,0.9,0.0,0.0,0.0,0.1,0.0,0.0
Sess10_script01_M019,anger,1.5,3.9,1,너도 사라지게 해줘?,어,train,1.0,0.0,0.0,0.0,0.0,0.0,0.0
Sess10_script01_F016,anger,1.1,3.9,1,지금 계속 무슨 말이야.,야,train,0.0,0.0,1.0,0.0,0.0,0.0,0.0
Sess10_script01_M020,anger,1.4,4.3,1,지금 니가 나한테 하는 짓이 더 이상해.,어,train,0.9,0.1,0.0,0.0,0.0,0.0,0.0
Sess10_script01_M021,anger,1.4,4.6,1,야 날 지금 망가트리려고 작정했잖아 지금 야 한번만 u/ 줘 한번만 야 너 진짜 뒤 b/ 뒤져.,잖아 | 어,train,0.9,0.1,0.0,0.0,0.0,0.0,0.0
Sess10_script01_M021,anger,1.4,4.6,2,야 너 입만 뻥끗해봐 너도 똑같이 내가 만들어줄테니까 알겠어?,어,train,0.9,0.1,0.0,0.0,0.0,0.0,0.0
Sess10_script01_F017,anger,1.0,4.3,1,지섭씨 c/ 무서워.,어,train,0.0,0.0,1.0,0.0,0.0,0.0,0.0
Sess10_script01_M022,anger,1.8,3.7,1,진짜 진짜 무서운게 뭔지 보여줘?,어,train,0.5,0.0,0.3,0.0,0.2,0.0,0.0
Sess10_script01_M022,anger,1.8,3.7,2,오늘 있었던 일은 너랑 나랑만 아는거야 아 알겠지 어?,야 | 지,train,0.5,0.0,0.3,0.0,0.2,0.0,0.0
Sess10_script01_M022,anger,1.8,3.7,3,"아무도 못 봤어, 아무도 그러니까 근야 넌 입 닥치고 있어 그냥 오늘 우린 고라니를 친거야 사람이 아니라 동물을 친거야 어차피 죽었는지 살았는지도 몰라 b/ 나랑 너밖에 모른다구 b/ 알바 없잖아.",어 | 야 | 야 | ᆫ다구 | 잖아,train,0.5,0.0,0.3,0.0,0.2,0.0,0.0
Sess10_script01_M023,anger,1.6,4.1,1,그리고 너도 야 똑바로 들어.,어,train,0.8,0.0,0.1,0.0,0.1,0.0,0.0
Sess10_script01_M024,anger,1.6,3.7,1,넌 차에서 내려도 경찰에 전화해도 b/ 너 죽어 아?,어,train,0.8,0.0,0.1,0.0,0.1,0.0,0.0
Sess10_script01_M024,anger,1.6,3.7,2,알았어?,어,train,0.8,0.0,0.1,0.0,0.1,0.0,0.0
Sess10_script01_F018,anger,1.7,3.1,1,아 알았어.,어,train,0.0,0.0,1.0,0.0,0.0,0.0,0.0
Sess10_script02_M006,anger,2.2,2.7,1,아 지금 하고 있으니까 끝나고 준다고.,ᆫ다고,train,0.8,0.0,0.0,0.0,0.2,0.0,0.0
Sess10_script02_F009,happiness,2.2,2.8,1,퍽이나 좋겠다.,다,train,0.1,0.8,0.0,0.0,0.1,0.0,0.0
Sess10_script02_M011,happiness,4.3,4.3,1,우아 네 개 네 개 맞았어 우아 야 이거 어떡할거야 이씨 l/ 오호 하.,어 | 야,train,0.0,0.0,0.0,0.7,0.0,0.0,0.3
Sess10_script02_F015,happiness,5.0,5.0,1,꺄아아악 오빠 오빠 오빠 어떡해 어떡해.,어 | 어,train,0.0,0.0,0.0,0.4,0.0,0.0,0.6
Sess10_script03_M001,happiness,4.1,3.3,1,l/ 이야 저거 봐봐 저 개그맨 웃기지 않아?,어 | 어,train,0.0,0.0,0.0,0.8,0.2,0.0,0.0
Sess10_script03_F001,happiness,2.1,2.0,1,뭐가 그렇게 재밌어?,어,train,0.2,0.1,0.0,0.0,0.7,0.0,0.0
Sess10_script03_M002,happiness,4.0,3.2,1,웃기잖아.,잖아,train,0.0,0.0,0.0,0.7,0.3,0.0,0.0
Sess10_script03_M002,happiness,4.0,3.2,2,아 근데 바나나 맛있다.,다,train,0.0,0.0,0.0,0.7,0.3,0.0,0.0
Sess10_script03_M002,happiness,4.0,3.2,3,어디서 산거야?,야,train,0.0,0.0,0.0,0.7,0.3,0.0,0.0
Sess10_script03_M004,happiness,3.5,3.3,1,아 모를 수도 있지 뭐 그게 무슨 대수인가?,지 | ᆫ가,train,0.0,0.0,0.0,0.7,0.3,0.0,0.0
Sess10_script03_M004,happiness,3.5,3.3,2,l/ 저거 진짜 웃기다.,다,train,0.0,0.0,0.0,0.7,0.3,0.0,0.0
Sess10_script03_F004,happiness,2.2,2.1,1,자 이거 받어.,어,train,0.0,0.1,0.0,0.0,0.8,0.1,0.0
Sess10_script05_M008,happiness,3.3,2.9,1,아 그 제가 보기엔 10점도 안되는데.,는데,train,0.0,0.3,0.0,0.4,0.3,0.0,0.0
Sess10_script05_F016,happiness,2.7,3.1,1,아 아닙니다.,ᆸ니다,train,0.2,0.2,0.0,0.0,0.6,0.0,0.0
Sess10_script05_F016,happiness,2.7,3.1,2,하 하겠습니다.,습니다,train,0.2,0.2,0.0,0.0,0.6,0.0,0.0
Sess10_script05_F016,happiness,2.7,3.1,3,사랑을 했다 l/ 우리가 만나.,다 | 어,train,0.2,0.2,0.0,0.0,0.6,0.0,0.0
Sess10_script06_F007,happiness,3.8,3.2,1,궁금해?,어,train,0.0,0.0,0.0,0.4,0.6,0.0,0.0
Sess10_script06_M021,sadness,2.2,2.5,1,b/ 미안해 사실 이번에도 월급 못 받았어.,어 | 어,train,0.0,0.0,0.0,0.0,0.2,0.8,0.0
Sess10_script06_F032,happiness,4.1,3.3,1,누가 선물하고 누가 프로포즈 하면 어때?,어,train,0.0,0.0,0.0,0.5,0.5,0.0,0.0
Sess10_impro01_M013,anger,1.9,3.8,1,아 b/ 아니 제가 이런 말씀까진 안 드리려고 했는데 부장님 저 진짜 조용히 저는 제 위치에서 할 일 열심히 했거든요?,거든요,train,0.8,0.0,0.0,0.0,0.0,0.0,0.2
Sess10_impro01_M013,anger,1.9,3.8,2,일을 시키셨는데 지금 제가 갑자기 징계를 가는 이 시스템을 이해할 수 없어요.,어요,train,0.8,0.0,0.0,0.0,0.0,0.0,0.2
Sess10_impro01_M013,anger,1.9,3.8,3,그래서 저 맨 처음에 부장님이랑 전무님이랑 저 일시키실 때 뭐라고 하셨어요.,어요,train,0.8,0.0,0.0,0.0,0.0,0.0,0.2
Sess10_impro01_M013,anger,1.9,3.8,4,그거 저 다 핸드폰 녹음돼있거든요.,거든요,train,0.8,0.0,0.0,0.0,0.0,0.0,0.2
Sess10_impro01_M013,anger,1.9,3.8,5,그럼 징계위에서 그것도 같이 공개를 할게요.,ᆯ게요,train,0.8,0.0,0.0,0.0,0.0,0.0,0.2
Sess10_impro01_M014,anger,2.2,3.9,1,처음에 어떻게 말씀하셨고 했는지 그걸 다 제가 얘기 하면 되는 건가요?,ᆫ가,train,0.8,0.0,0.0,0.0,0.2,0.0,0.0
Sess10_impro01_F015,anger,2.3,3.0,1,지금 그걸로 저 협박하는 거에요?,에요,train,0.4,0.2,0.0,0.0,0.4,0.0,0.0
Sess10_impro01_F017,anger,2.1,3.5,1,무슨 소리를 하는 건지 잘 모르겠는데.,는데,train,0.0,0.0,0.0,0.0,0.2,0.0,0.8
Sess10_impro01_M018,anger,2.1,3.9,1,뭐 그거를 제가 어떻게 알았느냐는 중요하지 않는데 저도 다 알면서 그런 부 부조리함들 알면서 일은 열심히 해왔습니다 그냥 직원으로써.,습니다 | 어,train,0.8,0.0,0.0,0.1,0.1,0.0,0.0
Sess10_impro01_M018,anger,2.1,3.9,2,근데 지금 이렇게 나오시면 b/ 제가 뭐 당하고 있을 수는 없잖아요.,잖아요,train,0.8,0.0,0.0,0.1,0.1,0.0,0.0
Sess10_impro01_M018,anger,2.1,3.9,3,부장님 막말로 그렇잖아요.,잖아요,train,0.8,0.0,0.0,0.1,0.1,0.0,0.0
Sess10_impro01_F018,anger,2.2,3.5,1,아 아 나는 윤 대리가 지금 이중장부에 대해서 무슨 소리를 하는지 잘 이해가 안 가거든요.,거든요,train,0.1,0.0,0.2,0.0,0.0,0.0,0.7
Sess10_impro01_M019,anger,2.4,3.7,1,이해가 가.,어,train,0.6,0.0,0.0,0.1,0.3,0.0,0.0
Sess10_impro01_M019,anger,2.4,3.7,2,부장님이랑 전무님이랑 이중장부를 따로 돈을 쉐킹 하셔가지고 진행하셨던 거를 왜 이해가 안 가세요?,세요,train,0.6,0.0,0.0,0.1,0.3,0.0,0.0
Sess10_impro01_M019,anger,2.4,3.7,3,그 제가 알고 있는 게 잘못된 건가요?,ᆫ가,train,0.6,0.0,0.0,0.1,0.3,0.0,0.0
Sess10_impro01_M019,anger,2.4,3.7,4,그걸 쓰신 게 잘못 아닌가요?,ᆫ가요,train,0.6,0.0,0.0,0.1,0.3,0.0,0.0
Sess10_impro01_M021,anger,2.1,3.8,1,아까 말씀드렸다시피 핸드폰 녹음되어 있고 n/ 이중장부도 다 기록들이 있어요.,어요,train,0.6,0.0,0.0,0.0,0.4,0.0,0.0
Sess10_impro01_M021,anger,2.1,3.8,2,저는 사실 아래에 직원 입장에서 b/ 어느 정도면 그게 저는 사실상 이해를 하려고 했습니다.,습니다,train,0.6,0.0,0.0,0.0,0.4,0.0,0.0
Sess10_impro01_M021,anger,2.1,3.8,3,회사 돌아가는 거고 다 어련히 이유가 있으니까 그렇게 하시겠지라고 생각을 하고 저는 그냥 대리 제 입장에서 일만 했는데 저한테 이런 이런 불합리한 뭐 징계를 주신다고 하면 저는 저같이 힘없는 그냥 말단 대리 직원들이 뭐 어떻게 하겠습니까?,지 | 습니까,train,0.6,0.0,0.0,0.0,0.4,0.0,0.0
Sess10_impro01_M023,anger,1.9,3.0,1,아니 뭐 저는 더 이상 징계를 철수하지 않고 원상태로 이렇게 복구를 하지 않으신다면 저는 더 이상 드릴 말씀 없습니다.,습니다,train,0.5,0.2,0.0,0.0,0.3,0.0,0.0
Sess10_impro01_M023,anger,1.9,3.0,2,예 죄송합니다.,ᆸ니다,train,0.5,0.2,0.0,0.0,0.3,0.0,0.0
Sess10_impro03_M007,anger,2.0,3.3,1,아 그 김 부장 얘기하는데 그 엄만 파 얘기 하고 있어.,어,train,1.0,0.0,0.0,0.0,0.0,0.0,0.0
Sess10_impro03_F008,anger,2.8,2.6,1,아유 듣고 있어.,어,train,0.1,0.0,0.0,0.0,0.9,0.0,0.0
Sess10_impro03_F008,anger,2.8,2.6,2,말해.,어,train,0.1,0.0,0.0,0.0,0.9,0.0,0.0
Sess10_impro03_F008,anger,2.8,2.6,3,아니 이거 환불해줄려나 모르겠네 요 앞 마트에 u/.,ᆯ려나 | 네,train,0.1,0.0,0.0,0.0,0.9,0.0,0.0
Sess10_impro03_F009,anger,2.7,2.6,1,아유 듣고 있어 듣고 있어.,어 | 어,train,0.3,0.0,0.0,0.0,0.7,0.0,0.0
Sess10_impro03_M009,anger,1.9,4.0,1,(그러잖아),어,train,1.0,0.0,0.0,0.0,0.0,0.0,0.0
Sess10_impro03_F010,anger,2.5,2.8,1,(그러잖아+알겠어) 얘기해 얘기해 다 듣고 있어 이거 하면서도.,어 | 어 | 어,train,0.4,0.0,0.0,0.0,0.6,0.0,0.0
Sess10_impro03_M010,anger,1.7,3.7,1,아 근데 아 김 부장도 짜증나는데.,는데,train,0.6,0.0,0.0,0.0,0.1,0.3,0.0
Sess10_impro03_M010,anger,1.7,3.7,2,어 하 지혜가 헤어지자 그래가지고 그것도 짜증나고.,고,train,0.6,0.0,0.0,0.0,0.1,0.3,0.0
Sess10_impro03_F011,sadness,2.8,2.5,1,그 헤어지자 그랬어?,어,train,0.0,0.0,0.0,0.0,0.7,0.0,0.3
Sess10_impro03_F011,sadness,2.8,2.5,2,그러고 다 크는거지 뭐 20대 때 다 헤어지고 만나고 하는 거지 뭐 괜찮어.,지 | 지 | 어,train,0.0,0.0,0.0,0.0,0.7,0.0,0.3
Sess10_impro03_M012,sadness,1.6,3.0,1,아무것도 못 하겠어.,어,train,0.0,0.0,0.0,0.0,0.2,0.8,0.0
Sess10_impro03_M012,sadness,1.6,3.0,2,내가 진짜 내가 진짜 걔 얼마나 좋아했는지 알지 엄마?,지,train,0.0,0.0,0.0,0.0,0.2,0.8,0.0
Sess10_impro03_M012,sadness,1.6,3.0,3,o/ 엄마 알잖아.,잖아,train,0.0,0.0,0.0,0.0,0.2,0.8,0.0
Sess10_impro03_F013,sadness,3.0,2.7,1,(그+알지) 알지.,지 | 지,train,0.0,0.0,0.0,0.0,0.9,0.1,0.0
Sess10_impro03_M013,sadness,1.6,3.0,1,아 뭐 아무것도 못 하겠어.,어,train,0.4,0.0,0.0,0.0,0.0,0.6,0.0
Sess10_impro03_M013,sadness,1.6,3.0,2,막 머리도 복잡하고 말도 안 나오고 뭐시기 김치찌개 지금 그 조루 들어가지도 않을 거 같고 짜증나 죽겠어.,어,train,0.4,0.0,0.0,0.0,0.0,0.6,0.0
Sess10_impro03_F014,sadness,2.9,3.0,1,아유 먹어야 힘 나 그것도.,어,train,0.0,0.0,0.0,0.0,1.0,0.0,0.0
Sess10_impro03_F014,sadness,2.9,3.0,2,다 헤어지고 니 나이때 다 그런 거지 뭘 그렇게 크게 자꾸 생각을 해.,어,train,0.0,0.0,0.0,0.0,1.0,0.0,0.0
Sess10_impro03_F014,sadness,2.9,3.0,3,일단 밥이나 먹어.,어,train,0.0,0.0,0.0,0.0,1.0,0.0,0.0
Sess10_impro03_M014,anger,1.6,3.8,1,아 자꾸 밥 얘기만 하네.,네,train,1.0,0.0,0.0,0.0,0.0,0.0,0.0
Sess10_impro03_M014,anger,1.6,3.8,2,김치찌개 먹으면 지혜가 돌아와?,어,train,1.0,0.0,0.0,0.0,0.0,0.0,0.0
Sess10_impro03_M015,anger,1.5,4.5,1,(뭐+아니) 뭘 다 그래?,어,train,1.0,0.0,0.0,0.0,0.0,0.0,0.0
Sess10_impro03_M015,anger,1.5,4.5,2,엄마가 뭘 뭘 알아?,어,train,1.0,0.0,0.0,0.0,0.0,0.0,0.0
Sess10_impro03_M015,anger,1.5,4.5,3,아 나 내 얘기 듣지도 않고 내가 어디가 고민이고 내가 왜 짜증 나고 막 b/ 아픈지 엄마가 뭘 아냐고.,냐고,train,1.0,0.0,0.0,0.0,0.0,0.0,0.0
Sess10_impro03_M015,anger,1.5,4.5,4,그 엄마는 진짜 아빠 그거 혼 지고지순하게 그 한 사람만 만나가지고 행복하게 살았잖아.,잖아,train,1.0,0.0,0.0,0.0,0.0,0.0,0.0
Sess10_impro03_M015,anger,1.5,4.5,5,그게 나처럼 막 아파보고 막 그런 얘기를 나 엄마 해본 적 없잖아.,잖아,train,1.0,0.0,0.0,0.0,0.0,0.0,0.0
Sess10_impro03_M016,anger,1.7,4.3,1,(않아+근데) 나는 내가 지금 세상에서 제일 힘든 거 같아.,어 | 어,train,0.7,0.0,0.0,0.0,0.0,0.3,0.0
Sess10_impro03_M016,anger,1.7,4.3,2,비참하고 버림받아가지고 o/ 걔는 지금 남친 생겼어 또 벌써.,어,train,0.7,0.0,0.0,0.0,0.0,0.3,0.0
Sess10_impro03_M016,anger,1.7,4.3,3,그게 더 막 이게 막 갈기갈기 찢기는 거 같아서 그러는 거야.,야,train,0.7,0.0,0.0,0.0,0.0,0.3,0.0
Sess10_impro03_F018,sadness,3.2,2.9,1,그 지혜가 네가 봤을 때는 막 다른 남자 행복하고 그래 보일 수 있어.,어,train,0.0,0.0,0.0,0.0,0.7,0.3,0.0
Sess10_impro03_M017,sadness,2.2,3.0,1,b/ 그랬음 좋겠는데.,는데,train,0.0,0.0,0.0,0.0,0.1,0.9,0.0
Sess10_impro03_F019,sadness,3.4,2.9,1,나도 엄마도 아빠랑 싸우고 정말 많이 아팠어.,어,train,0.0,0.0,0.0,0.0,0.8,0.2,0.0
Sess10_impro03_F019,sadness,3.4,2.9,2,그래서 맨날 울고 지금은 엄마가 술을 못 먹는데 그땐 술도 많이 먹고 그랬어.,어,train,0.0,0.0,0.0,0.0,0.8,0.2,0.0
Sess10_impro04_M026,anger,2.5,2.9,1,뭔 또 쓸데없는 그런 얘기 하지마 부정타니까.,어,train,0.5,0.0,0.0,0.1,0.3,0.0,0.1
Sess09_script01_F017,happiness,3.0,3.0,1,o/ 와 뭐야.,야,train,0.3,0.1,0.0,0.0,0.3,0.0,0.3
Sess09_script01_M023,sadness,2.3,2.7,1,아니 미안해 그니까 사실 이번에도 월급을 못 받았어.,어 | 어,train,0.0,0.0,0.0,0.0,0.1,0.9,0.0
Sess09_script01_M023,sadness,2.3,2.7,2,o/ 아 가게 사정도 어렵구 근데 우리 오늘 만난지 100일인데 아 내가 선물 사줄 그.,구,train,0.0,0.0,0.0,0.0,0.1,0.9,0.0
Sess09_script01_F035,happiness,3.9,3.2,1,어 열어봐.,어,train,0.0,0.0,0.0,0.5,0.5,0.0,0.0
Sess09_script01_F035,happiness,3.9,3.2,2,l/ 으이구 이 무능력한 남자야.,야,train,0.0,0.0,0.0,0.5,0.5,0.0,0.0
Sess09_script01_F035,happiness,3.9,3.2,3,여자인 내가 반지를 준비해야겠어?,어,train,0.0,0.0,0.0,0.5,0.5,0.0,0.0
Sess09_script01_F035,happiness,3.9,3.2,4,오빠가 당연히 준비 해야지.,어야지,train,0.0,0.0,0.0,0.5,0.5,0.0,0.0
Sess09_script01_F038,happiness,4.1,3.2,1,대신 프로포즈는 내가 먼저 했으니까 결혼식은 정말 멋지게 해줘야돼?,어,train,0.0,0.0,0.0,0.4,0.6,0.0,0.0
Sess09_script01_F038,happiness,4.1,3.2,2,알겠지?,지,train,0.0,0.0,0.0,0.4,0.6,0.0,0.0
Sess09_script01_M036,happiness,4.6,3.7,1,여진아 사랑한다.,ᆫ다,train,0.0,0.0,0.0,1.0,0.0,0.0,0.0
Sess09_script01_M036,happiness,4.6,3.7,2,정말 사랑해.,어,train,0.0,0.0,0.0,1.0,0.0,0.0,0.0
Sess09_script02_M002,anger,1.4,4.3,1,b/ 아이씨 아 그러니까 날 말렸어야지.술 먹어서 운전 안한다고 했잖아.,어야지 | 잖아,train,0.8,0.0,0.0,0.0,0.0,0.0,0.2
Sess09_script02_M006,anger,1.5,4.3,1,아 그러니까 이 야밤에 왜 돌아다니다가 내 차에 치이고 난리야!,야,train,0.8,0.0,0.0,0.0,0.0,0.0,0.2
Sess09_script02_M011,anger,1.5,3.9,1,아 그럼 뭐야.,야,train,1.0,0.0,0.0,0.0,0.0,0.0,0.0
Sess09_script02_M011,anger,1.5,3.9,2,어떻게 된거야.,야,train,1.0,0.0,0.0,0.0,0.0,0.0,0.0
Sess09_script02_F013,anger,1.5,3.3,1,o/ 아 이건 사람이면 사람이면 이러면 안되는 거잖아.,잖아,train,0.1,0.0,0.8,0.0,0.0,0.0,0.1
Sess09_script02_F013,anger,1.5,3.3,2,당신 이런 사람 아니잖아 왜이러는건데.,잖아 | ᆫ데,train,0.1,0.0,0.8,0.0,0.0,0.0,0.1
Sess09_script02_M016,anger,1.6,3.8,1,너 내가 망가지길 바래?,어,train,1.0,0.0,0.0,0.0,0.0,0.0,0.0
Sess09_script02_M017,anger,1.4,4.2,1,내가 인생 바닥으로 떨어지길 바라냐고.,냐고,train,1.0,0.0,0.0,0.0,0.0,0.0,0.0
Sess09_script02_F015,anger,1.6,3.6,1,b/ 지섭씨 사람 목숨이 달린거잖아.,잖아,train,0.0,0.1,0.6,0.0,0.1,0.1,0.1
Sess09_script02_F015,anger,1.6,3.6,2,우리 일단 한번 찾아보자 어?,자,train,0.0,0.1,0.6,0.0,0.1,0.1,0.1
Sess09_script02_F015,anger,1.6,3.6,3,혹시 모르니까 어 경찰에 신고도 해보고 내가 전화할게.,ᆯ게,train,0.0,0.1,0.6,0.0,0.1,0.1,0.1
Sess09_script02_M018,anger,1.5,3.9,1,야 전화기 내려놔.,어,train,0.9,0.1,0.0,0.0,0.0,0.0,0.0
Sess09_script02_F016,anger,1.5,3.5,1,지섭씨 왜 이래?,어,train,0.0,0.0,0.5,0.0,0.0,0.0,0.5
Sess09_script02_M019,anger,1.5,3.8,1,자꾸 이러면 나도 더이상 안 참아.,어,train,1.0,0.0,0.0,0.0,0.0,0.0,0.0
Sess09_script02_M020,anger,1.4,3.9,1,너도 사라지게 해줘?,어,train,1.0,0.0,0.0,0.0,0.0,0.0,0.0
Sess09_script02_M021,anger,1.5,4.1,1,b/ 지금 니가 나한테 하는 짓이 더 이상해.,어,train,1.0,0.0,0.0,0.0,0.0,0.0,0.0
Sess09_script02_M022,anger,1.3,4.5,1,날 지금 망가트리려고 하고 있잖아.,잖아,train,1.0,0.0,0.0,0.0,0.0,0.0,0.0
Sess09_script02_M022,anger,1.3,4.5,2,우리 미래가 중요해?,어,train,1.0,0.0,0.0,0.0,0.0,0.0,0.0
Sess09_script02_M022,anger,1.3,4.5,3,너 입만 뻥끗해봐 너도 내가 똑같이 만들어줄테니까.,니까,train,1.0,0.0,0.0,0.0,0.0,0.0,0.0
Sess09_script02_F018,anger,1.4,3.7,1,o/ 무서워.,어,train,0.0,0.0,1.0,0.0,0.0,0.0,0.0
Sess09_script02_M023,anger,1.3,4.2,1,l/ 진짜 아 진짜 무서운게 뭔지 보여줘?,어,train,1.0,0.0,0.0,0.0,0.0,0.0,0.0
Sess09_script02_M023,anger,1.3,4.2,2,오늘은 너랑 나랑만 있었던 거야 너랑 나랑만 아는 일이라고 아무도 못 봤어.,야 | 어,train,1.0,0.0,0.0,0.0,0.0,0.0,0.0
Sess09_script02_M023,anger,1.3,4.2,3,그러니까 넌 입 닥치고 있어 오늘 우린 고라니를 친거야.,어 | 야,train,1.0,0.0,0.0,0.0,0.0,0.0,0.0
Sess09_script02_M023,anger,1.3,4.2,4,어차피 죽었는지 살았는지도 모르는데 알바 없잖아.,잖아,train,1.0,0.0,0.0,0.0,0.0,0.0,0.0
Sess09_script02_M024,anger,1.4,4.4,1,그리고 너도 똑같이 들어 너도 너도 똑바로 들어.,어,train,1.0,0.0,0.0,0.0,0.0,0.0,0.0
Sess09_script02_M025,anger,1.4,3.8,1,넌 차에서 내려도 경찰에 전화해도 b/ 넌 죽어 알았어?,어 | 어,train,1.0,0.0,0.0,0.0,0.0,0.0,0.0
Sess09_script02_F019,anger,1.4,3.4,1,아 알았어.,어,train,0.0,0.0,1.0,0.0,0.0,0.0,0.0
Sess09_script02_M031,anger,1.6,4.0,1,b/ 뭘 어떡해.,어,train,0.7,0.0,0.2,0.0,0.0,0.0,0.1
Sess09_script02_M031,anger,1.6,4.0,2,이왕 이렇게 된 거 확실하게 해야지.,어야지,train,0.7,0.0,0.2,0.0,0.0,0.0,0.1
Sess09_script02_F023,anger,1.4,4.2,1,지금 뭐하려고.,려고,train,0.1,0.0,0.1,0.0,0.0,0.0,0.8
Sess09_script02_M032,anger,1.6,4.1,1,b/ 완전히 끝장 내야지.,어야지,train,0.7,0.0,0.3,0.0,0.0,0.0,0.0
Sess09_script02_M033,anger,1.4,4.3,1,o/ 이미 늦었어.,어,train,0.6,0.0,0.4,0.0,0.0,0.0,0.0
Sess09_script04_M001,happiness,4.5,3.4,1,l/ 야 저거 봐봐 저 개그맨 웃기지 않아?,어 | 어,train,0.0,0.0,0.0,0.9,0.1,0.0,0.0
Sess09_script04_F001,happiness,2.1,1.8,1,o/ 뭐가 그렇게 재밌어?,어,train,0.1,0.0,0.0,0.0,0.5,0.4,0.0
Sess09_script04_M002,happiness,4.6,3.5,1,l/ 아 웃기잖아.,잖아,train,0.0,0.0,0.0,0.9,0.1,0.0,0.0
Sess09_script04_M002,happiness,4.6,3.5,2,l/ b/ 아 근데 바나나 맛있다.,다,train,0.0,0.0,0.0,0.9,0.1,0.0,0.0
Sess09_script04_M002,happiness,4.6,3.5,3,이거 어디서 산 거야?,야,train,0.0,0.0,0.0,0.9,0.1,0.0,0.0
Sess09_script04_M004,happiness,4.2,3.4,1,l/ 아 모를 수도 있지 뭐.,지,train,0.0,0.0,0.0,0.8,0.2,0.0,0.0
Sess09_script04_M004,happiness,4.2,3.4,2,그게 뭐 대수단가?,단가,train,0.0,0.0,0.0,0.8,0.2,0.0,0.0
Sess09_script04_M004,happiness,4.2,3.4,3,l/ 야 근데 저거 진짜 웃긴다.,ᆫ다,train,0.0,0.0,0.0,0.8,0.2,0.0,0.0
Sess09_script05_M011,anger,2.1,2.7,1,어디까지 되야 발전인가요?,ᆫ가,train,0.6,0.3,0.0,0.0,0.1,0.0,0.0
Sess09_script05_M011,anger,2.1,2.7,2,아이디어를 내는 족족 채택되면 발전인겁니까?,ᆸ니까,train,0.6,0.3,0.0,0.0,0.1,0.0,0.0
Sess09_script05_M011,anger,2.1,2.7,3,아니면 회사에서 무조건 인정해주면 발전인겁니까?,ᆸ니까,train,0.6,0.3,0.0,0.0,0.1,0.0,0.0
Sess09_script05_M015,anger,1.8,3.2,1,맞아요.,어요,train,0.6,0.3,0.0,0.0,0.1,0.0,0.0
Sess09_script05_M015,anger,1.8,3.2,2,그리고 기본적으로 이번 프로젝트는 3년이란 시간을 기본 바탕으로 하고 있습니다.,습니다,train,0.6,0.3,0.0,0.0,0.1,0.0,0.0
Sess09_script05_M015,anger,1.8,3.2,3,그 중에 가장 필요한게 담당자의 책임감과 꾸준함이죠.,죠,train,0.6,0.3,0.0,0.0,0.1,0.0,0.0
Sess09_script05_M015,anger,1.8,3.2,4,환경 문제가 한번에 해결되는게 아니니까요.,니까요,train,0.6,0.3,0.0,0.0,0.1,0.0,0.0
Sess09_script05_M015,anger,1.8,3.2,5,하지만 소은씨는 그 기본 마저 안되어 있어요.,어요,train,0.6,0.3,0.0,0.0,0.1,0.0,0.0
Sess09_script05_M015,anger,1.8,3.2,6,자기 보고서 하나도 제대로 완수 못하고 오타를 내는 담당자에게 어떻게 3년이나 지속되는 프로젝트를 맡길 수 있습니까?,습니까,train,0.6,0.3,0.0,0.0,0.1,0.0,0.0
Sess09_script06_M002,anger,2.3,2.9,1,"아 친오빠한테 오지구, 지리구가 뭐냐!",냐,train,0.4,0.2,0.0,0.0,0.3,0.0,0.1
Sess09_script06_M004,anger,2.4,3.2,1,아 가만히 있어.,어,train,0.6,0.0,0.0,0.0,0.4,0.0,0.0
Sess09_script06_M004,anger,2.4,3.2,2,이게 다 정성을 담아야 당첨이 되는거야.,야,train,0.6,0.0,0.0,0.0,0.4,0.0,0.0
Sess09_script06_M004,anger,2.4,3.2,3,마킹한 번호 6개가 빛나는 순간까지 b/ 본방을 지켜보며 간절히 원하고 또 원해야 당첨 되는거 몰라?,어,train,0.6,0.0,0.0,0.0,0.4,0.0,0.0
Sess09_script06_M005,anger,2.1,3.3,1,(네+아씨) 이거 10분이면 끝나 조금만 기다려.,어,train,0.6,0.3,0.0,0.0,0.1,0.0,0.0
Sess09_script06_M006,anger,2.1,3.8,1,지금 하고 있으니까 끝나고 준다고.,ᆫ다고,train,1.0,0.0,0.0,0.0,0.0,0.0,0.0
Sess09_script06_M007,anger,2.2,2.8,1,야 멍멍이 소리 그만하고 보기나 해.,어,train,0.8,0.0,0.0,0.0,0.2,0.0,0.0
Sess09_script06_F010,happiness,2.8,2.8,1,아휴 퍽이나 좋겠다.,다,train,0.0,0.5,0.0,0.0,0.5,0.0,0.0
Sess09_script06_M011,happiness,4.4,4.1,1,오오 네 개 네 개 맞았어.,어,train,0.0,0.0,0.0,0.5,0.2,0.0,0.3
Sess09_script06_M011,happiness,4.4,4.1,2,오오 이거 어떡할거야.,야,train,0.0,0.0,0.0,0.5,0.2,0.0,0.3
Sess09_script06_M012,happiness,4.6,4.2,1,아싸 다섯개 제발 제발 아 어떡해 (어떡해).,어 | 어,train,0.0,0.0,0.0,0.8,0.0,0.0,0.2
Sess09_script06_F012,happiness,3.8,4.1,1,오빠아아 진짜 어떡해 에 설마 6개 다 맞는거 아냐?,어 | 냐,train,0.0,0.0,0.0,0.0,0.0,0.0,1.0
Sess09_script06_M015,happiness,5.0,5.0,1,l/ 로또 1등 로또 1등이야.,야,train,0.0,0.0,0.0,0.9,0.0,0.0,0.1
Sess09_script06_M015,happiness,5.0,5.0,2,"1등, o/ N/ 이거 어쩔거야.",야,train,0.0,0.0,0.0,0.9,0.0,0.0,0.1
Sess09_script06_M015,happiness,5.0,5.0,3,호 어.,어,train,0.0,0.0,0.0,0.9,0.0,0.0,0.1
Sess09_impro01_F008,anger,2.5,2.3,1,파 파 냄새가 나네.,네,train,0.1,0.0,0.0,0.0,0.9,0.0,0.0
Sess09_impro01_M008,anger,1.9,2.9,1,아 그니까 그  김 부장이 또 나한테 막 뭐라했단 말이야 왜 맨날 나한테는 뭐라고만 하는 거야.,야 | 야,train,0.8,0.2,0.0,0.0,0.0,0.0,0.0
Sess09_impro01_F010,anger,2.8,2.5,1,저번 김치찌개가 좀 짰지?,지,train,0.0,0.0,0.0,0.0,1.0,0.0,0.0
Sess09_impro01_F012,anger,2.7,2.8,1,아유 미안해 미안해 아우 듣고 있어.,어 | 어,train,0.0,0.0,0.0,0.0,0.8,0.0,0.2
Sess09_impro01_M011,anger,1.9,3.2,1,아 내 김 부장때문에만 이러는 게 아니야.,야,train,0.8,0.0,0.0,0.0,0.0,0.2,0.0
Sess09_impro01_F013,anger,2.9,2.8,1,l/ 아 뭔 일 있었는데 아들 미안해 내가 못 들었네 어?,네,train,0.0,0.0,0.0,0.0,0.9,0.0,0.1
Sess09_impro01_F013,anger,2.9,2.8,2,화났어 아들?,어,train,0.0,0.0,0.0,0.0,0.9,0.0,0.1
Sess09_impro01_F014,sadness,3.0,2.5,1,b/ 아 근데 아들 요새 왜 이렇게 표정이 너무 안 좋을까?,을까,train,0.0,0.0,0.0,0.0,0.8,0.1,0.1
Sess09_impro01_F014,sadness,3.0,2.5,2,김 부장 때문 아닌 거 같은데?,은데,train,0.0,0.0,0.0,0.0,0.8,0.1,0.1
Sess09_impro01_M013,sadness,1.8,2.7,1,아 나 지연이랑 (헤어졌어),어,train,0.1,0.0,0.0,0.0,0.1,0.8,0.0
Sess09_impro01_F015,sadness,3.0,2.7,1,(헤어졌어+어 지연이 어) 지연이 집에 안온데?,어 | ᆫ데,train,0.0,0.0,0.0,0.0,1.0,0.0,0.0
Sess09_impro01_F015,sadness,3.0,2.7,2,지연이 한번 집에 와야지.,어야지,train,0.0,0.0,0.0,0.0,1.0,0.0,0.0
Sess09_impro01_M014,anger,1.7,3.4,1,아 지연이랑 헤어졌다고.,다고,train,0.8,0.0,0.0,0.0,0.0,0.2,0.0
Sess09_impro01_F016,sadness,2.8,3.1,1,지연이랑 헤어졌어?,어,train,0.0,0.0,0.0,0.0,0.1,0.0,0.9
Sess09_impro01_F017,sadness,2.6,2.8,1,아들 어떡해 미안해 엄마가 몰랐네.,어 | 어 | 네,train,0.0,0.0,0.0,0.0,0.4,0.0,0.6
Sess09_impro01_M016,sadness,1.7,2.7,1,아니 그냥 지연이랑만 헤어진 건데 나 인생이 이제 다 끝난거 같아.,어,train,0.0,0.0,0.0,0.0,0.1,0.9,0.0
Sess09_impro01_M017,sadness,1.8,3.5,1,아니 내가 진짜 유일하게 좋아했던 여잔데 그 여자가 사라지니까 나 b/ 아무것도 못하겠어.,어,train,0.0,0.0,0.0,0.0,0.1,0.9,0.0
Sess09_impro01_F020,sadness,2.8,2.6,1,음 우리 아들 그랬구나.,구나,train,0.0,0.0,0.0,0.0,0.6,0.4,0.0
Sess09_impro01_F020,sadness,2.8,2.6,2,엄마가 몰라줬네.,네,train,0.0,0.0,0.0,0.0,0.6,0.4,0.0
Sess09_impro01_M018,sadness,1.6,3.3,1,(그런데+아니) 아니 o/ 근데 지연이도 나랑 헤어졌는데 o/ 왜 나만 이렇게 힘들어야 돼?,어,train,0.3,0.0,0.0,0.0,0.0,0.7,0.0
Sess09_impro01_F021,sadness,2.8,2.6,1,에이 (어+아들만) 힘들겠 지연이도 힘들겠지.,지,train,0.0,0.0,0.0,0.0,0.7,0.3,0.0
Sess09_impro01_F021,sadness,2.8,2.6,2,(그니까+아니야) 밥이나 먹어.,야 | 어,train,0.0,0.0,0.0,0.0,0.7,0.3,0.0
Sess09_impro01_M019,anger,1.6,3.9,1,b/ 아 뭐 왜 자꾸 엄만 나한테 밥 먹으라고만 해.,어,train,0.7,0.0,0.0,0.0,0.0,0.3,0.0
Sess09_impro01_M019,anger,1.6,3.9,2,난 지연이랑 헤어져서 슬프다니까.,다니까,train,0.7,0.0,0.0,0.0,0.0,0.3,0.0
Sess09_impro01_M019,anger,1.6,3.9,3,엄만 이런 적 있어?,어,train,0.7,0.0,0.0,0.0,0.0,0.3,0.0
Sess09_impro01_M019,anger,1.6,3.9,4,엄만 없지?,지,train,0.7,0.0,0.0,0.0,0.0,0.3,0.0
Sess09_impro01_F022,anger,3.0,2.6,1,그렇게 힘들어?,어,train,0.0,0.0,0.0,0.0,0.7,0.3,0.0
Sess09_impro01_M020,anger,1.7,3.3,1,엄마 아무것도 모르지?,지,train,0.6,0.0,0.0,0.0,0.1,0.3,0.0
Sess09_impro01_F023,sadness,2.5,2.5,1,b/ 아들 o/ 옛날에 엄마도 그랬어.,어,train,0.0,0.0,0.0,0.0,0.5,0.5,0.0
Sess09_impro01_F023,sadness,2.5,2.5,2,예전에 니네 아빠 돌아가셨잖니.,잖니,train,0.0,0.0,0.0,0.0,0.5,0.5,0.0
Sess09_impro01_F023,sadness,2.5,2.5,3,나 그렇게 아프고 힘들고 그랬는데 그때 왜 나한테 이런 일이 닥치는 걸까 우리 아들도 있는데 왜 나한테 이런 슬픔이 있는걸까 했는데.,ᆯ까,train,0.0,0.0,0.0,0.0,0.5,0.5,0.0
Sess09_impro01_M021,sadness,1.9,2.6,1,치 미안해 엄마.,어,train,0.0,0.0,0.0,0.0,0.1,0.9,0.0
Sess09_impro01_M021,sadness,1.9,2.6,2,아 나는 그냥 회사에서 스트레스도 받고 지연이랑 헤어졌는데 이걸 누구한테 말할 수가 없으니까 그냥 엄마한테 투정부린 거 같아요.,어요,train,0.0,0.0,0.0,0.0,0.1,0.9,0.0
Sess09_impro01_M022,sadness,2.1,2.7,1,b/ 아이 엄마가 미안할 게 뭐가 있어요.,어요,train,0.0,0.0,0.0,0.1,0.1,0.8,0.0
Sess09_impro01_M022,sadness,2.1,2.7,2,다 나 때문인데.,ᆫ데,train,0.0,0.0,0.0,0.1,0.1,0.8,0.0
Sess09_impro01_F026,sadness,2.8,2.5,1,아까 o/ 잘 못 들어줘서 미안해.,어,train,0.0,0.0,0.0,0.0,0.5,0.5,0.0
Sess09_impro01_F026,sadness,2.8,2.5,2,우리 아들 진짜 힘들었구나.,구나,train,0.0,0.0,0.0,0.0,0.5,0.5,0.0
Sess09_impro01_F028,happiness,3.9,3.0,1,계란말이도 엄마가 이번에 솜씨 한번 발휘해줄게.,ᆯ게,train,0.0,0.0,0.0,0.4,0.6,0.0,0.0
Sess09_impro01_F028,happiness,3.9,3.0,2,(밥 먹자),자,train,0.0,0.0,0.0,0.4,0.6,0.0,0.0
Sess09_impro01_M024,happiness,4.1,3.0,1,b/ (밥 먹자+네) 알았어요.,자 | 어요,train,0.0,0.0,0.0,0.7,0.3,0.0,0.0
Sess09_impro03_M004,anger,2.0,2.8,1,아 청양고추로 매운맛 낼 줄 모르는 사람 있습니까?,습니까,train,0.7,0.3,0.0,0.0,0.0,0.0,0.0
Sess09_impro03_M004,anger,2.0,2.8,2,내가 물어보는 건 그 청양고추의 양과 오일을 어떻게 사용했냐는 겁니다.,ᆸ니다,train,0.7,0.3,0.0,0.0,0.0,0.0,0.0
Sess09_impro03_M004,anger,2.0,2.8,3,o/ 그냥 맛만 내는 건 지나가는 개도 만들어요.,어요,train,0.7,0.3,0.0,0.0,0.0,0.0,0.0
Sess09_impro03_F004,anger,2.8,2.9,1,b/ 좀 당황스럽네요.,네요,train,0.2,0.0,0.0,0.0,0.7,0.0,0.1
Sess09_impro03_F005,anger,2.6,3.1,1,어 저는 제 요리는 어 주방장님 뭔가 오해하시는 거 같은데 제 요리는 언론에서 인정한 요리에요.,에요,train,0.1,0.0,0.0,0.0,0.7,0.0,0.2
Sess09_impro04_M004,happiness,4.1,3.1,1,아 아닙니다 저야 위에분들이 워낙 잘해주시니까.,ᆸ니다,train,0.0,0.0,0.0,0.7,0.3,0.0,0.0
Sess09_impro04_M013,anger,2.0,3.6,1,아 b/ 아니 부장님 그게 아니라 지금 부장님이 저한테 말씀하시는 게 막 나가고 계신거죠.,죠,train,0.5,0.0,0.3,0.0,0.0,0.0,0.2
Sess09_impro04_M013,anger,2.0,3.6,2,저 지금 징계위원회 받으면 저 짤리는 거잖아요.,잖아요,train,0.5,0.0,0.3,0.0,0.0,0.0,0.2
Sess09_impro04_M013,anger,2.0,3.6,3,저 회사 나가라구요?,라구요,train,0.5,0.0,0.3,0.0,0.0,0.0,0.2
Sess09_impro04_M014,anger,1.6,3.9,1,아니 난 시키는 대로만 했는데 이러면 안되죠 부장님.,죠,train,0.9,0.0,0.1,0.0,0.0,0.0,0.0
Sess09_impro04_F014,anger,2.1,2.9,1,그게 무슨 문제가 있나요?,나요,train,0.4,0.2,0.0,0.0,0.4,0.0,0.0
Sess09_impro04_M015,anger,1.6,3.6,1,아 그러니까 지금 두 분이서 짜고 나 이제 쓸모없으니까 버린다 이거네요.,ᆫ다 | 네요,train,1.0,0.0,0.0,0.0,0.0,0.0,0.0
Sess09_impro04_F015,anger,2.3,3.1,1,b/ 아니 무슨 말을 또 그렇게 하실까 (내가 이럴+저희쪽에서는) 문제는 없습니다.,ᆯ까 | 습니다,train,0.4,0.0,0.0,0.0,0.4,0.0,0.2
Sess09_impro04_M016,anger,1.8,3.3,1,b/ 문제가 없다구요?,다구요,train,0.9,0.1,0.0,0.0,0.0,0.0,0.0
Sess09_impro04_M017,anger,1.6,3.6,1,내가 이럴 줄 알고 핸드폰에 다 녹음해놨어요.,어요,train,1.0,0.0,0.0,0.0,0.0,0.0,0.0
Sess09_impro04_F017,anger,3.0,3.1,1,아 그러세요.,으세요,train,0.0,0.0,0.0,0.0,0.8,0.0,0.2
Sess09_impro04_M018,anger,1.9,3.6,1,나만 죽을 거 같죠?,죠,train,1.0,0.0,0.0,0.0,0.0,0.0,0.0
Sess09_impro04_M018,anger,1.9,3.6,2,내가 이거 다 까발릴거야.,야,train,1.0,0.0,0.0,0.0,0.0,0.0,0.0
Sess09_impro04_F018,anger,2.7,3.0,1,뭐 저희에서 뭐 까발릴 게 있나요?,나요,train,0.1,0.1,0.0,0.0,0.6,0.0,0.2
Sess09_impro04_F018,anger,2.7,3.0,2,제가 녹음을 안들어봐서 모르겠네요.,네요,train,0.1,0.1,0.0,0.0,0.6,0.0,0.2
Sess09_impro04_M019,anger,1.9,3.7,1,아이 그러면 제가 이거 다 까발리고 이중장부도 다 얘기할테니까 그렇게 아세요.,세요,train,0.8,0.2,0.0,0.0,0.0,0.0,0.0
Sess09_impro04_M019,anger,1.9,3.7,2,참 부장님이랑 이사님이랑 아주 이중장부 잘 만드셨더라고요.,더라고,train,0.8,0.2,0.0,0.0,0.0,0.0,0.0
Sess09_impro04_F019,anger,2.1,3.0,1,자 잠깐만요.,요,train,0.0,0.0,0.0,0.0,0.0,0.0,1.0
Sess09_impro04_M020,anger,1.7,3.8,1,허 내가 모를 줄 아세요?,세요,train,1.0,0.0,0.0,0.0,0.0,0.0,0.0
Sess09_impro04_M020,anger,1.7,3.8,2,내가 그동안 모르는 척 하고 있으니까 아무것도 모르는 줄 알았지?,지,train,1.0,0.0,0.0,0.0,0.0,0.0,0.0
Sess09_impro04_M020,anger,1.7,3.8,3,나 이대로 절대 못 잘려.,어,train,1.0,0.0,0.0,0.0,0.0,0.0,0.0
Sess09_impro04_F020,anger,2.1,3.6,1,아니 저 성환 씨 지금 말이 너무 심하신 거 같은데.,은데,train,0.3,0.0,0.0,0.0,0.2,0.0,0.5
Sess09_impro04_M021,anger,1.5,4.1,1,b/ 내가 말이 심해?,어,train,1.0,0.0,0.0,0.0,0.0,0.0,0.0
Sess09_impro04_M021,anger,1.5,4.1,2,당신들은 하는 짓이 심하잖아.,잖아,train,1.0,0.0,0.0,0.0,0.0,0.0,0.0
Sess09_impro04_M021,anger,1.5,4.1,3,나 절대 혼자 안 죽어.,어,train,1.0,0.0,0.0,0.0,0.0,0.0,0.0
Sess09_impro04_M021,anger,1.5,4.1,4,다 같이 죽자고.,자고,train,1.0,0.0,0.0,0.0,0.0,0.0,0.0
Sess09_impro04_F021,anger,2.3,3.5,1,잠깐만요.,요,train,0.0,0.0,0.1,0.0,0.3,0.0,0.6
Sess09_impro04_F021,anger,2.3,3.5,2,성환 씨 너무 흥분하신 거 같은데 어 이게 잠깐 오해가 있었던 거 같아요.,어요,train,0.0,0.0,0.1,0.0,0.3,0.0,0.6
Sess09_impro04_F022,anger,2.3,3.5,1,어 성환 씨 이름이 써지긴 했지만 일단은 뭐 어 이 부분에서 제가 좀 도와드리도록 할게요.,ᆯ게요,train,0.0,0.0,0.4,0.0,0.1,0.0,0.5
Sess09_impro04_M022,anger,1.5,3.7,1,아니 됐어.,어,train,1.0,0.0,0.0,0.0,0.0,0.0,0.0
Sess09_impro04_M022,anger,1.5,3.7,2,나도 이제 더 이상 못 참겠고 그냥 나도 다 까발리고 나도 다 나갈테니까.,니까,train,1.0,0.0,0.0,0.0,0.0,0.0,0.0
Sess09_impro04_M022,anger,1.5,3.7,3,아주 둘이서 잘해보세요.,세요,train,1.0,0.0,0.0,0.0,0.0,0.0,0.0
Sess09_impro04_F023,anger,1.9,3.6,1,성환씨 성환씨 잠깐만요.,요,train,0.0,0.0,0.6,0.0,0.2,0.0,0.2
Sess09_impro04_F024,anger,1.8,3.3,1,아 네 전무님 아 지금 어디세요?,세요,train,0.0,0.0,0.7,0.0,0.0,0.0,0.3
Sess09_impro04_F024,anger,1.8,3.3,2,아 지금 상황이 좀 안 좋아진 거 같은데 아 네네 죄송합니다.,ᆸ니다,train,0.0,0.0,0.7,0.0,0.0,0.0,0.3
Sess17_script01_M003,anger,2.8,3.2,1,BTS가 야 BTS가 오빠냐?,냐,val,0.1,0.8,0.0,0.0,0.1,0.0,0.0
Sess17_script01_F005,anger,2.2,3.2,1,(있네+아) 됐고.,네 | 고,val,0.6,0.3,0.0,0.0,0.1,0.0,0.0
Sess17_script01_F005,anger,2.2,3.2,2,나 드라마 봐야 되니까 빨리 가.,어,val,0.6,0.3,0.0,0.0,0.1,0.0,0.0
Sess17_script01_F018,happiness,4.2,4.0,1,아 당연하지 걱정하지마.,지 | 어,val,0.0,0.0,0.0,0.6,0.4,0.0,0.0
Sess17_script01_F018,happiness,4.2,4.0,2,내가 입이 얼마나 무거운데.,은데,val,0.0,0.0,0.0,0.6,0.4,0.0,0.0
Sess17_script01_F018,happiness,4.2,4.0,3,그러니까 오빠 나 구두 하나만 (사주라),라,val,0.0,0.0,0.0,0.6,0.4,0.0,0.0
Sess17_script01_M025,happiness,3.9,3.8,1,1억이라 오케이 돈 찾으면 내가 바로 현금으로 줄게.,ᆯ게,val,0.0,0.0,0.0,0.4,0.6,0.0,0.0
Sess17_script02_F007,sadness,1.9,1.6,1,당신 나 없이도 꿋꿋하게 애들 키우면서 살아야 돼.,어,val,0.0,0.0,0.0,0.0,0.3,0.7,0.0
Sess17_script02_M009,sadness,2.4,3.2,1,아니 자기 지금 무슨 소리야.,야,val,0.0,0.0,0.0,0.0,0.2,0.0,0.8
Sess17_script02_M009,sadness,2.4,3.2,2,농담 농담이지?,지,val,0.0,0.0,0.0,0.0,0.2,0.0,0.8
Sess17_script02_F008,sadness,1.9,1.8,1,악성이래 이미 왼쪽에 70프로 정도 퍼져있구 정확한 건 가슴 열어봐야 알겠지만 림프절이랑 늑막까지 전이가 됐대.,대,val,0.0,0.0,0.2,0.0,0.2,0.6,0.0
Sess17_script02_M010,sadness,1.8,3.1,1,b/ 장 장난이지?,지,val,0.0,0.0,0.2,0.0,0.1,0.0,0.7
Sess17_script02_M010,sadness,1.8,3.1,2,농 농담하는 거지?,지,val,0.0,0.0,0.2,0.0,0.1,0.0,0.7
Sess17_script02_M010,sadness,1.8,3.1,3,지금이라도 빨리 병원가자.,자,val,0.0,0.0,0.2,0.0,0.1,0.0,0.7
Sess17_script02_F009,sadness,1.5,1.7,1,이미 늦었어.,어,val,0.0,0.0,0.0,0.0,0.2,0.8,0.0
Sess17_script02_M016,sadness,1.6,3.5,1,가 갑자기 아빠 아버지 얘긴 왜 꺼내?,어,val,0.2,0.1,0.0,0.0,0.5,0.2,0.0
Sess17_script02_M017,sadness,1.5,3.7,1,당신 어릴적에 사고로 돌아가셨다고 했잖아?,잖아,val,0.0,0.0,0.0,0.0,0.1,0.0,0.9
Sess17_script02_M017,sadness,1.5,3.7,2,나 속인거야?,ᆫ거야,val,0.0,0.0,0.0,0.0,0.1,0.0,0.9
Sess17_script03_F017,anger,1.4,4.3,1,아이 원래 면접을 이딴 식으로 봐요?,어요,val,1.0,0.0,0.0,0.0,0.0,0.0,0.0
Sess17_script03_M018,anger,3.3,3.6,1,b/ 아니 무슨 말을 그렇게 합니까 신성한 (면접실에서),ᆸ니까,val,0.2,0.4,0.0,0.3,0.0,0.0,0.1
Sess17_script03_F018,anger,1.2,4.9,1,(면접실에서+신성) 신성 좋아하고 있네.,네,val,1.0,0.0,0.0,0.0,0.0,0.0,0.0
Sess17_script03_F018,anger,1.2,4.9,2,이력서 한줄 채우려고 내가 특기를 좀 과장하게 썼지만 그렇다고 이걸 이런 식으로 엮는게 오히려 신성모독 아닌가?,ᆫ가,val,1.0,0.0,0.0,0.0,0.0,0.0,0.0
Sess17_script03_F018,anger,1.2,4.9,3,당신들 습관인 거 같은데 아 가뜩이나 취직 안 돼서 괴로워 죽겠는데 사람을 갖고 놀아?,어,val,1.0,0.0,0.0,0.0,0.0,0.0,0.0
Sess17_script03_F019,anger,1.3,5.0,1,아무리 약자라고 기본적이고 인간적인 대우를 해줘야 될 거 아니에요?,에요,val,1.0,0.0,0.0,0.0,0.0,0.0,0.0
Sess17_script03_F019,anger,1.3,5.0,2,시간 때우려고 니들 심심풀이 땅콩으로 채우려고 지원자 갖고 놀지 (말라구요),지 | 라구,val,1.0,0.0,0.0,0.0,0.0,0.0,0.0
Sess17_script04_F012,anger,2.2,3.9,1,아이 너무 공격적으로 생각하시는 거 아니에요?,에요,val,0.8,0.0,0.0,0.0,0.2,0.0,0.0
Sess17_script04_F012,anger,2.2,3.9,2,저도 고민하고 심사숙고해서 낸 아이디언데 뭐가 문제였는지 뭐가 부족했는지 물어볼 순 있잖아요.,잖아요,val,0.8,0.0,0.0,0.0,0.2,0.0,0.0
Sess17_script04_F013,anger,1.9,3.4,1,개인적인 감정인가요?,ᆫ가,val,0.6,0.2,0.0,0.0,0.2,0.0,0.0
Sess17_script04_F014,anger,1.8,3.8,1,아니 오타 때문에 아이디어를 탈락 시켰다구요?,다구요,val,0.9,0.0,0.0,0.0,0.1,0.0,0.0
Sess17_script05_F003,anger,1.8,4.7,1,아 지금 생각할게 뭐가 있어.,어,val,0.7,0.0,0.2,0.0,0.0,0.0,0.1
Sess17_script05_F003,anger,1.8,4.7,2,지섭씨는 여기있어.,어,val,0.7,0.0,0.2,0.0,0.0,0.0,0.1
Sess17_script05_F003,anger,1.8,4.7,3,일단 내가 가서 보고올테니까.,니까,val,0.7,0.0,0.2,0.0,0.0,0.0,0.1
Sess17_script06_F006,anger,2.2,3.3,1,아 뭐야 나 말 안해.,야 | 어,val,0.7,0.0,0.0,0.0,0.3,0.0,0.0
Sess17_script06_F007,happiness,4.0,3.2,1,궁금해?,어,val,0.0,0.0,0.0,0.6,0.4,0.0,0.0
Sess17_script06_F012,happiness,4.1,3.3,1,우아 n/ 맛있겠다.,다,val,0.0,0.0,0.0,0.7,0.3,0.0,0.0
Sess17_script06_F015,anger,2.5,3.5,1,나야 말로 뭐 오빠랑 결혼한대?,ᆫ대,val,0.9,0.0,0.0,0.0,0.1,0.0,0.0
Sess17_script06_M016,anger,3.7,3.3,1,방금 전엔 한다고 했잖아.,잖아,val,0.0,0.0,0.0,0.2,0.8,0.0,0.0
Sess17_script06_F016,anger,2.4,3.7,1,그냥 내가 해준다고 한거지.,지,val,0.9,0.0,0.0,0.0,0.1,0.0,0.0
Sess17_script06_F016,anger,2.4,3.7,2,내가 당신처럼 어리버리한 남자가 뭐가 좋다고 결혼을 해?,어,val,0.9,0.0,0.0,0.0,0.1,0.0,0.0
Sess17_script06_F017,anger,2.3,2.8,1,b/ 아 됐어.,어,val,0.4,0.2,0.0,0.0,0.3,0.1,0.0
Sess17_script06_M022,happiness,2.9,2.9,1,o/ 이런 선물 받으니 어이가 없지?,지,val,0.0,0.0,0.0,0.1,0.5,0.4,0.0
Sess17_script06_F023,happiness,4.3,4.0,1,아니 그러니까 젓가락 100개란게 우리들 만난지 100일 되는 날이라서 준비했다는거야?,야,val,0.0,0.0,0.0,0.8,0.1,0.0,0.1
Sess17_script06_F024,happiness,4.2,3.4,1,(있어+에휴) 참나.,어,val,0.0,0.0,0.0,0.6,0.4,0.0,0.0
Sess17_script06_F027,anger,1.8,3.2,1,이젠 안 만나.,어,val,0.7,0.0,0.0,0.0,0.3,0.0,0.0
Sess17_script06_F028,happiness,4.2,3.5,1,대신 같이 살아야겠어.,어,val,0.0,0.0,0.0,0.6,0.4,0.0,0.0
Sess17_impro01_M022,sadness,1.5,3.6,1,(진짜+엄마가) 뭘 알아?,어,val,0.4,0.5,0.0,0.0,0.0,0.1,0.0
Sess17_impro01_M022,sadness,1.5,3.6,2,아빠 말만 듣고 b/ 그런 사람이 사랑에 대해 뭘 알아.,어,val,0.4,0.5,0.0,0.0,0.0,0.1,0.0
Sess17_impro02_F008,anger,2.3,3.7,1,하아 저 주방장님 오시기 전까지 여기서 10년 동안 근무했어요.,어요,val,0.6,0.0,0.0,0.0,0.3,0.0,0.1
Sess17_impro02_F013,anger,1.7,4.0,1,저 여기 주방장님 오시기 전까지 제가 여기 주방장이었어요.,어요,val,0.9,0.1,0.0,0.0,0.0,0.0,0.0
Sess17_impro02_M015,anger,1.8,3.8,1,(아 오케+사람이) 됐어요.,어요,val,0.0,0.7,0.0,0.0,0.3,0.0,0.0
Sess17_impro02_M015,anger,1.8,3.8,2,됐어.,어,val,0.0,0.7,0.0,0.0,0.3,0.0,0.0
Sess17_impro02_M015,anger,1.8,3.8,3,됐고 그럼 탕수육은요?,요,val,0.0,0.7,0.0,0.0,0.3,0.0,0.0
Sess17_impro02_M019,anger,1.7,3.4,1,개무시하는 게 (아니라),라,val,0.3,0.5,0.0,0.0,0.2,0.0,0.0
Sess17_impro02_F021,anger,1.5,4.0,1,l/ 와 진짜 완전 어이 없다.,다,val,0.5,0.4,0.0,0.0,0.0,0.0,0.1
Sess17_impro02_M023,anger,1.3,3.9,1,당신은 처음부터 잘못 돼있어요.,어요,val,0.4,0.6,0.0,0.0,0.0,0.0,0.0
Sess17_impro02_M023,anger,1.3,3.9,2,요리사가 요리를 잘해야지 뭐 언론 이딴 거나 신경쓰고 애초에 그러니까 요리가 이따위로 나오는 거 아니에요.,어야지 | 에요,val,0.4,0.6,0.0,0.0,0.0,0.0,0.0
Sess17_impro02_M023,anger,1.3,3.9,3,o/ 아니 기본 재료부터 요리 하는 거부터 하나하나 처음부터 기본부터 중요하게 생각해야지.,어야지,val,0.4,0.6,0.0,0.0,0.0,0.0,0.0
Sess17_impro02_M023,anger,1.3,3.9,4,뭐 언론이니 뭐니 뭐 TV프로그램이니 이딴 거나 신경쓰고 요릴하니까 이따위로 나 요리가 나오는 거 아닙니까.,ᆸ니까,val,0.4,0.6,0.0,0.0,0.0,0.0,0.0
Sess17_impro02_F024,anger,1.7,3.2,1,알겠습니다.,습니다,val,0.7,0.2,0.0,0.0,0.1,0.0,0.0
Sess17_impro03_M015,happiness,4.1,3.3,1,아이 뭐 말을 그렇게 해.,어,val,0.1,0.0,0.0,0.3,0.2,0.0,0.4
Sess17_impro03_M015,happiness,4.1,3.3,2,o/ N/ l/ 갑자기 왜 그래?,어,val,0.1,0.0,0.0,0.3,0.2,0.0,0.4
Sess17_impro03_M015,happiness,4.1,3.3,3,(뭐 어디+아니 갑자기) 다른데 아픈 거 아니야?,야,val,0.1,0.0,0.0,0.3,0.2,0.0,0.4
Sess17_impro03_M033,happiness,4.0,3.5,1,나 씻고 올게.,ᆯ게,val,0.0,0.0,0.0,0.5,0.5,0.0,0.0
Sess17_impro04_F026,anger,1.6,4.6,1,전무님 아 전무님 이러시면 안되죠.,죠,val,0.3,0.1,0.3,0.0,0.2,0.0,0.1
Sess17_impro04_F026,anger,1.6,4.6,2,분명 책임지신다고 하셨잖아요.,잖아요,val,0.3,0.1,0.3,0.0,0.2,0.0,0.1
Sess17_impro04_F026,anger,1.6,4.6,3,아 미치겠네 어떡하지?,네 | 지,val,0.3,0.1,0.3,0.0,0.2,0.0,0.1
Sess03_script02_F001,happiness,4.2,3.2,1,음 맛있다.,다,train,0.0,0.0,0.0,0.8,0.2,0.0,0.0
Sess03_script02_F001,happiness,4.2,3.2,2,b/ 근데 자긴 안 먹어?,어,train,0.0,0.0,0.0,0.8,0.2,0.0,0.0
Sess03_script02_M001,happiness,3.8,3.0,1,b/ 천천히 먹어.,어,train,0.0,0.0,0.0,0.4,0.6,0.0,0.0
Sess03_script02_M001,happiness,3.8,3.0,2,o/ 햄버거 어디 안 도망가.,어,train,0.0,0.0,0.0,0.4,0.6,0.0,0.0
Sess03_script02_M001,happiness,3.8,3.0,3,o/ 그 콜라도 좀 먹고.,고,train,0.0,0.0,0.0,0.4,0.6,0.0,0.0
Sess03_script02_F002,happiness,3.9,3.3,1,잉 고마워.,어,train,0.0,0.0,0.0,0.6,0.4,0.0,0.0
Sess03_script02_F002,happiness,3.9,3.3,2,b/ 근데 b/ 오빠는 꿈이 뭐야?,야,train,0.0,0.0,0.0,0.6,0.4,0.0,0.0
Sess03_script02_M003,happiness,3.0,3.2,1,근데 왜 물어보는데.,는데,train,0.0,0.0,0.0,0.1,0.8,0.0,0.1
Sess03_script02_F006,anger,2.1,3.1,1,아 뭐야.,야,train,0.5,0.1,0.0,0.0,0.3,0.1,0.0
Sess03_script02_F006,anger,2.1,3.1,2,나 말 안해.,어,train,0.5,0.1,0.0,0.0,0.3,0.1,0.0
Sess03_script02_F012,happiness,4.2,3.5,1,어 완전 맛있겠다.,다,train,0.0,0.0,0.0,0.9,0.1,0.0,0.0
Sess03_script02_F013,anger,3.0,3.2,1,씨 무슨 셋은 낳아야지.,어야지,train,0.5,0.0,0.0,0.1,0.4,0.0,0.0
Sess03_script02_F014,anger,2.2,3.5,1,아 뭐야.,야,train,0.6,0.1,0.0,0.1,0.1,0.0,0.1
Sess03_script02_F015,anger,2.3,3.3,1,차 b/ 아 나야말로 오빠랑 결혼한대?,ᆫ대,train,0.6,0.2,0.0,0.1,0.1,0.0,0.0
Sess03_script02_F017,sadness,2.2,2.6,1,아 됐어.,어,train,0.2,0.1,0.0,0.0,0.3,0.4,0.0
Sess03_script02_F027,anger,2.1,3.6,1,이젠 안 만나.,어,train,0.4,0.3,0.0,0.1,0.2,0.0,0.0
Sess03_script02_F028,happiness,4.2,3.9,1,대신 같이 살아야겠어.,어,train,0.0,0.0,0.0,1.0,0.0,0.0,0.0
Sess03_script02_M028,happiness,3.4,3.3,1,이게 뭔데?,ᆫ데,train,0.0,0.0,0.0,0.1,0.3,0.0,0.6
Sess03_script02_F030,happiness,4.3,4.1,1,으이구 이 무능력한 남자야.,야,train,0.1,0.0,0.0,0.7,0.2,0.0,0.0
Sess03_script02_F030,happiness,4.3,4.1,2,b/ 여자인 내가 반지를 준비해야겠어?,어,train,0.1,0.0,0.0,0.7,0.2,0.0,0.0
Sess03_script02_F030,happiness,4.3,4.1,3,오빠가 당연히 준비해야지.,어야지,train,0.1,0.0,0.0,0.7,0.2,0.0,0.0
Sess03_script02_M029,happiness,2.6,4.0,1,아니 o/ 이거 어떻게 샀어?,어,train,0.0,0.0,0.0,0.0,0.0,0.1,0.9
Sess03_script02_M029,happiness,2.6,4.0,2,너 돈 없잖아.,잖아,train,0.0,0.0,0.0,0.0,0.0,0.1,0.9
Sess03_script02_F031,happiness,4.1,3.5,1,b/ 미장원에셔 샴푸하면서 동네 아줌마들이 주는 팁좀 모았지.,지,train,0.0,0.0,0.0,0.6,0.4,0.0,0.0
Sess03_script02_F031,happiness,4.1,3.5,2,으이그 오빠는 돈 걱정 하지마.,어,train,0.0,0.0,0.0,0.6,0.4,0.0,0.0
Sess03_script02_F031,happiness,4.1,3.5,3,내가 먹여살릴게.,ᆯ게,train,0.0,0.0,0.0,0.6,0.4,0.0,0.0
Sess03_script02_F032,happiness,4.3,3.5,1,(는+오빠) b/ 누가 선물하고 누가 프로포즈 하면 어때 b/ 난 오빠를 사랑하고 지금이 행복해.,어,train,0.0,0.0,0.0,0.8,0.2,0.0,0.0
Sess03_script02_F032,happiness,4.3,3.5,2,우리 둘이 함께 한다는게 중요하잖아.,잖아,train,0.0,0.0,0.0,0.8,0.2,0.0,0.0
Sess03_script03_M011,anger,2.2,2.9,1,음 그래서 옷이 그렇구나.,구나,train,0.0,0.5,0.0,0.0,0.5,0.0,0.0
Sess03_script03_M012,anger,2.3,3.0,1,(좀+아) 됐구요.,구요,train,0.0,0.2,0.0,0.0,0.8,0.0,0.0
Sess03_script03_M012,anger,2.3,3.0,2,b/ 취직공부 하느라고 연애 할 시간도 없었던 거죠?,죠,train,0.0,0.2,0.0,0.0,0.8,0.0,0.0
Sess03_script03_M012,anger,2.3,3.0,3,n/ 그러면은 마지막 연애는 언제에요?,에요,train,0.0,0.2,0.0,0.0,0.8,0.0,0.0
Sess03_script03_F012,anger,2.2,2.8,1,b/ 회사다닐 때 했습니다.,습니다,train,0.5,0.0,0.0,0.0,0.3,0.2,0.0
Sess03_script03_F017,anger,1.5,3.6,1,b/ 원래 면접을 이런 식으로 봐요?,어요,train,1.0,0.0,0.0,0.0,0.0,0.0,0.0
Sess03_script04_F014,anger,2.2,3.2,1,(고+아니) 오타 때문에 b/ 아이디어를 탈락 시켰다구요.,다구요,train,0.8,0.0,0.0,0.0,0.2,0.0,0.0
Sess03_script04_M013,anger,2.1,3.0,1,이번 장기 프로젝트 핵심은 뭐죠?,죠,train,0.1,0.4,0.0,0.0,0.5,0.0,0.0
Sess03_script04_F016,anger,2.5,3.1,1,(도+이제) 제 이야긴 끝난 거 같네요.,네요,train,0.5,0.0,0.0,0.0,0.2,0.2,0.1
Sess03_script04_F016,anger,2.5,3.1,2,회의시작 10분 전입니다.,ᆸ니다,train,0.5,0.0,0.0,0.0,0.2,0.2,0.1
Sess03_script04_F016,anger,2.5,3.1,3,저는 소은씨에게 5분을 드렸고 소은씨는 어느정도 이해한 거 같은데 버려진 5분만큼 본인을 발전시키고 나중에 만납시다.,ᆸ시다,train,0.5,0.0,0.0,0.0,0.2,0.2,0.1
Sess03_script04_F016,anger,2.5,3.1,4,그럼 n/ 나가주시죠.,죠,train,0.5,0.0,0.0,0.0,0.2,0.2,0.1
Sess03_script05_F005,anger,2.1,2.9,1,안 봐?,어,train,0.7,0.1,0.0,0.0,0.1,0.1,0.0
Sess03_script05_F006,sadness,1.8,2.7,1,b/ 잘 들어.,어,train,0.0,0.0,0.0,0.0,0.1,0.9,0.0
Sess03_script05_F006,sadness,1.8,2.7,2,o/ 나 b/ 폐에 종양이 생겼대.,대,train,0.0,0.0,0.0,0.0,0.1,0.9,0.0
Sess03_script05_F007,sadness,1.9,2.8,1,b/ 당신 b/ 나 없이도 꿋꿋하게 애들 키우며 살아야 돼?,어,train,0.0,0.0,0.0,0.0,0.0,1.0,0.0
Sess03_script05_M009,sadness,1.8,3.7,1,자기 지금 무슨 소리야.,야,train,0.0,0.0,0.0,0.0,0.0,0.0,1.0
Sess03_script05_M009,sadness,1.8,3.7,2,농담이지?,지,train,0.0,0.0,0.0,0.0,0.0,0.0,1.0
Sess03_script05_F008,sadness,1.8,2.6,1,b/ 악성이래.,래,train,0.0,0.0,0.0,0.0,0.0,1.0,0.0
Sess03_script05_F008,sadness,1.8,2.6,2,이미 왼쪽에 70프로정도 퍼져있고 n/ b/ 아 뭐 정확한 것은 가슴을 열어봐야 알겠지만 림프절과 늑막까지 전이가 됐대.,대,train,0.0,0.0,0.0,0.0,0.0,1.0,0.0
Sess03_script05_M010,sadness,1.8,4.0,1,장난이지?,지,train,0.0,0.0,0.1,0.0,0.0,0.2,0.7
Sess03_script05_M010,sadness,1.8,4.0,2,o/ 지금 농담하는 거지?,지,train,0.0,0.0,0.1,0.0,0.0,0.2,0.7
Sess03_script05_M010,sadness,1.8,4.0,3,b/ 지금이라도 u/ 빨리 병원가자.,자,train,0.0,0.0,0.1,0.0,0.0,0.2,0.7
Sess03_script05_F009,sadness,1.5,2.7,1,b/ 이미 늦었어.,어,train,0.0,0.0,0.0,0.0,0.2,0.8,0.0
Sess03_script05_M011,sadness,2.0,3.4,1,수술하면 되는 거 아냐?,냐,train,0.0,0.0,0.1,0.0,0.2,0.2,0.5
Sess03_script05_M017,sadness,1.7,3.7,1,n/ 당신 어릴 적에 사고로 돌아가셨다고 했잖아.,잖아,train,0.0,0.0,0.0,0.0,0.0,0.2,0.8
Sess03_script05_M017,sadness,1.7,3.7,2,나 o/ 속인 거야?,야,train,0.0,0.0,0.0,0.0,0.0,0.2,0.8
Sess03_script06_F004,happiness,2.6,3.6,1,아 제발 좀 어디가서 친오빠라고 하지마.,어,train,0.3,0.2,0.0,0.3,0.2,0.0,0.0
Sess03_script06_F004,happiness,2.6,3.6,2,나한테 오빠는 b/ BTS 오빠들 뿐이니까.,니까,train,0.3,0.2,0.0,0.3,0.2,0.0,0.0
Sess03_script06_F005,anger,2.2,3.4,1,o/ 아 됐고 아 드라마 봐야 돼.,어,train,1.0,0.0,0.0,0.0,0.0,0.0,0.0
Sess03_script06_F006,anger,2.0,3.3,1,아 모르겠고 드라마 할 시간이니까 리모콘이나 주시지.,지,train,0.8,0.1,0.0,0.0,0.1,0.0,0.0
Sess03_script06_M005,anger,2.5,3.0,1,이거 10분이면 끝나.,어,train,0.1,0.0,0.0,0.0,0.9,0.0,0.0
Sess03_script06_M005,anger,2.5,3.0,2,좀만 기다려.,어,train,0.1,0.0,0.0,0.0,0.9,0.0,0.0
Sess03_script06_F022,happiness,4.5,4.1,1,알았어.,어,train,0.0,0.0,0.0,0.9,0.1,0.0,0.0
Sess03_script06_F022,happiness,4.5,4.1,2,걱정하지마.,어,train,0.0,0.0,0.0,0.9,0.1,0.0,0.0
Sess03_script06_F022,happiness,4.5,4.1,3,내가 입이 무겁잖아.,잖아,train,0.0,0.0,0.0,0.9,0.1,0.0,0.0
Sess03_script06_M023,happiness,2.4,3.9,1,(줘 u/+로또 1등인) 사람들만 쫓아다니면서 돈 뺐고 구걸하는 사람 있다잖아.,다잖아,train,0.2,0.0,0.4,0.0,0.3,0.0,0.1
Sess03_script06_M023,happiness,2.4,3.9,2,o/ 혹시 모르니까 이건 너랑 나만 아는 비밀이야.,야,train,0.2,0.0,0.4,0.0,0.3,0.0,0.1
Sess03_script06_M023,happiness,2.4,3.9,3,o/ 알았어?,어,train,0.2,0.0,0.4,0.0,0.3,0.0,0.1
Sess03_script06_F023,happiness,4.3,4.2,1,아 걱정마.,어,train,0.0,0.0,0.0,1.0,0.0,0.0,0.0
Sess03_script06_F023,happiness,4.3,4.2,2,아 나 오빠 아 나 오빠 여 오빠의 동생이야.,야,train,0.0,0.0,0.0,1.0,0.0,0.0,0.0
Sess03_script06_F023,happiness,4.3,4.2,3,나 몰라?,어,train,0.0,0.0,0.0,1.0,0.0,0.0,0.0
Sess03_script06_F023,happiness,4.3,4.2,4,나 못믿어?,어,train,0.0,0.0,0.0,1.0,0.0,0.0,0.0
Sess03_script06_M024,happiness,3.4,3.5,1,l/ 그럼 그럼 못믿지.,지,train,0.0,0.0,0.0,0.3,0.6,0.0,0.1
Sess03_script06_F024,happiness,4.5,4.2,1,아 내가 오빠 잘 될줄 알았다니까?,다니까,train,0.0,0.0,0.0,1.0,0.0,0.0,0.0
Sess03_script06_M025,happiness,3.0,3.3,1,아 됐고.,고,train,0.2,0.0,0.0,0.2,0.6,0.0,0.0
Sess03_script06_F025,happiness,4.5,4.2,1,b/ 내 친구 은지랑 소개팅하고싶다 했지?,지,train,0.0,0.0,0.0,0.9,0.1,0.0,0.0
Sess03_script06_F025,happiness,4.5,4.2,2,내가 바로 주선해볼게.,ᆯ게,train,0.0,0.0,0.0,0.9,0.1,0.0,0.0
Sess03_script06_M028,happiness,3.7,3.2,1,b/ u/ 1억이라.,라,train,0.0,0.0,0.0,0.5,0.5,0.0,0.0
Sess03_script06_M028,happiness,3.7,3.2,2,음 좋아.,어,train,0.0,0.0,0.0,0.5,0.5,0.0,0.0
Sess03_script06_M028,happiness,3.7,3.2,3,o/ 돈 찾으면 바로 현금으로 줄게.,ᆯ게,train,0.0,0.0,0.0,0.5,0.5,0.0,0.0
Sess03_impro01_F026,happiness,4.0,3.1,1,우리 김치찌개 해먹을까?,을까,train,0.0,0.0,0.0,0.6,0.3,0.1,0.0
Sess03_impro02_F009,anger,2.1,3.0,1,아니 뭐가 문제가 있어요?,어요,train,0.5,0.2,0.0,0.0,0.3,0.0,0.0
Sess03_impro02_M011,anger,1.8,3.3,1,아 탕수육이라고 만든거에요?,에요,train,0.2,0.5,0.0,0.0,0.3,0.0,0.0
Sess03_impro02_F013,anger,2.0,3.6,1,아니 뭐가 그렇게 문제가 있는데요?,는데요,train,1.0,0.0,0.0,0.0,0.0,0.0,0.0
Sess03_impro02_F013,anger,2.0,3.6,2,아까 전에 먹었을 때 짬뽕에 오일 양도 괜찮았고 탕수육도 맛 b/ 탕수육도 (괜찮았어요).,어요,train,1.0,0.0,0.0,0.0,0.0,0.0,0.0
Sess03_impro02_M020,anger,1.7,3.4,1,(얼마나 요리를 잘하는데+본성이) 본성이 나오는구만.,는구만,train,0.4,0.5,0.0,0.0,0.1,0.0,0.0
Sess03_impro02_M021,anger,1.8,3.2,1,당신 그 요리 요리 잘해서 탄 거 같애?,애,train,0.3,0.5,0.0,0.0,0.2,0.0,0.0
Sess03_impro02_F024,anger,1.4,3.9,1,근데 만약에 맛 없으면 당신이 책임지고 여기서 나가.,어,train,1.0,0.0,0.0,0.0,0.0,0.0,0.0
Sess03_impro02_F024,anger,1.4,3.9,2,알았어?,어,train,1.0,0.0,0.0,0.0,0.0,0.0,0.0
Sess03_impro02_F024,anger,1.4,3.9,3,알았냐고.,냐고,train,1.0,0.0,0.0,0.0,0.0,0.0,0.0
Sess03_impro04_F001,happiness,3.8,3.1,1,(나 왔어+어) 왔어?,어 | 어,train,0.0,0.0,0.0,0.6,0.4,0.0,0.0
Sess03_impro04_F013,happiness,4.1,3.3,1,아니 의사가 집안에 약상자가 어딨는지 그것도 몰라?,어,train,0.0,0.0,0.0,0.6,0.4,0.0,0.0
Sess03_impro04_M014,happiness,2.7,3.4,1,일류요리사들도 집에 오면 라면 먹어요.,어요,train,0.0,0.0,0.0,0.0,0.7,0.0,0.3
Sess03_impro04_M014,happiness,2.7,3.4,2,예 알아요.,어요,train,0.0,0.0,0.0,0.0,0.7,0.0,0.3
Sess03_impro04_M014,happiness,2.7,3.4,3,o/ N/ 빨리 이거 소독 빨리해야될 거 같애.,애,train,0.0,0.0,0.0,0.0,0.7,0.0,0.3
Sess03_impro04_M014,happiness,2.7,3.4,4,어딨어?,어,train,0.0,0.0,0.0,0.0,0.7,0.0,0.3
Sess03_impro04_F018,happiness,4.0,3.3,1,(참+치이) 그럼 제대로 받아볼려면 아주 크게 한번 (아파봐야겠네 요기요기요기 요기 막 수술하고 막 u/ 칼 째고 머리 이렇게+아이 참 아하 그런 얘기하지마 하지마) l/,네 | 어,train,0.0,0.0,0.0,0.6,0.4,0.0,0.0
Sess03_impro04_M019,happiness,3.5,3.0,1,뭐야 왜 웃어?,야 | 어,train,0.0,0.0,0.0,0.2,0.5,0.0,0.3
Sess03_impro04_F019,happiness,4.2,3.5,1,나 그때 생각나서.,어서,train,0.0,0.0,0.0,0.8,0.2,0.0,0.0
Sess03_impro04_M024,happiness,2.3,3.1,1,지금 와서 뭐 그런 애길 해.,어,train,0.4,0.1,0.0,0.0,0.4,0.0,0.1
Sess03_impro04_F022,happiness,4.4,4.0,1,l/ 아이 그때 기억나?,어,train,0.0,0.0,0.0,0.9,0.1,0.0,0.0
Sess03_impro04_F022,happiness,4.4,4.0,2,아이 나 보자마자 허어 이거 어떡해 어떡해 어떡해 아 막 식은땀 막 흘려가면서 막 이거 어떡해 어떡해 죽는 거 아니냐고 하면서 막 엎어가지고 택시 잡고 b/ 운전 못하겠다면서 택시 잡고 가다가 또 응급실에서 의사선생님들 붙잡아가면서 우리 아내 죽는다 죽는다고 b/ 나도 의사야 나도 의사에요 막 이러면서 아유 그때 난리 난리도 (참).,어 | 어 | 어 | 어 | 야 | 에요,train,0.0,0.0,0.0,0.9,0.1,0.0,0.0
Sess03_impro04_M025,happiness,2.4,3.8,1,o/ 집에 들어왔는데 막 아프다고 누워서 뒹굴고 있고 그러면 나 당연히 나도 아무것도 없는데 큰병인 줄 알았으니까 그 응급실 가도 막 아프다 그러고 있으니 그 나도 의사에요 의사에요 빨리 고쳐주세요 이렇게 한 거지.,에요 | 에요 | 세요 | 지,train,0.3,0.1,0.0,0.0,0.4,0.0,0.2
Sess03_impro04_F023,happiness,4.4,3.4,1,알았어 알았어 알았어.,어 | 어 | 어,train,0.0,0.0,0.0,0.7,0.3,0.0,0.0
Sess03_impro04_F023,happiness,4.4,3.4,2,아으 o/ 내가 죽으면 어떡할려나 (몰라).,ᆯ려나 | 어,train,0.0,0.0,0.0,0.7,0.3,0.0,0.0
Sess03_impro04_F029,happiness,4.1,3.3,1,절대 안 할 거야?,야,train,0.0,0.0,0.0,0.8,0.2,0.0,0.0
Sess03_impro04_M032,happiness,4.1,3.8,1,어 안 할 거야 진짜 안 할 거야.,야 | 야,train,0.0,0.0,0.0,0.2,0.8,0.0,0.0
Sess03_impro04_M033,happiness,3.9,3.3,1,진짜로 안 할거야.,야,train,0.0,0.0,0.0,0.1,0.9,0.0,0.0
Sess03_impro04_F031,happiness,4.3,3.6,1,아유 이뻐 죽겠네.,네,train,0.0,0.0,0.0,1.0,0.0,0.0,0.0
Sess03_impro04_F032,happiness,4.4,3.4,1,안되겠다.,다,train,0.0,0.0,0.0,0.9,0.1,0.0,0.0
Sess03_impro04_F032,happiness,4.4,3.4,2,오늘 이대로는 못 재우지.,지,train,0.0,0.0,0.0,0.9,0.1,0.0,0.0
Sess03_impro04_F032,happiness,4.4,3.4,3,먹고 싶은 거 말해봐.,어,train,0.0,0.0,0.0,0.9,0.1,0.0,0.0
Sess03_impro04_F032,happiness,4.4,3.4,4,맛있는 거 해줄게 내가.,ᆯ게,train,0.0,0.0,0.0,0.9,0.1,0.0,0.0
Sess03_impro04_F032,happiness,4.4,3.4,5,뭐 먹고 싶어 파스타?,어,train,0.0,0.0,0.0,0.9,0.1,0.0,0.0
Sess03_impro04_M035,happiness,3.9,3.1,1,(아이 됐어 무슨 파스타야 아 됐어 됐어 됐어 아 하지마 손도 안 좋은데 무슨 뭘 사올까야 아냐 됐어 됐어+어?,어 | 야 | 어 | 어 | 어 | 어 | 어,train,0.0,0.0,0.0,0.4,0.6,0.0,0.0
Sess03_impro04_M035,happiness,3.9,3.1,2,내가 지금 가서 사올까?,ᆯ까,train,0.0,0.0,0.0,0.4,0.6,0.0,0.0
Sess03_impro04_M035,happiness,3.9,3.1,3,사올까?,ᆯ까,train,0.0,0.0,0.0,0.4,0.6,0.0,0.0
Sess03_impro04_M035,happiness,3.9,3.1,4,사올까?,ᆯ까,train,0.0,0.0,0.0,0.4,0.6,0.0,0.0
Sess03_impro04_M035,happiness,3.9,3.1,5,에유 아냐 내가 진짜 맛있는 거 해줄게.) 그냥 옆에만 있어.,ᆯ게 | 어,train,0.0,0.0,0.0,0.4,0.6,0.0,0.0
Sess03_impro04_F033,happiness,4.4,3.6,1,b/ 나 사랑해?,어,train,0.0,0.0,0.0,0.9,0.1,0.0,0.0
Sess03_impro04_M036,happiness,3.5,3.1,1,아 뭐 갑자기 그런 걸 물어봐.,어,train,0.0,0.0,0.0,0.1,0.5,0.0,0.4
Sess03_impro04_F038,happiness,4.3,3.7,1,(아 나 못 들었다 못 들었다 아 너무 작게 얘기했).,다 | 다,train,0.0,0.0,0.0,0.8,0.2,0.0,0.0
Sess03_impro04_F039,happiness,4.3,3.6,1,o/ 진영이가 왜 진영이 지금 잠 아주 잘 들었어.,어,train,0.0,0.0,0.0,0.6,0.4,0.0,0.0
Sess03_impro04_F039,happiness,4.3,3.6,2,(어젯 아까 전에+아냐아냐 됐어 됐어) 땀 많이 빼고 힘들어가지고 너무 너무 지금 곯아 떨어졌어.,어 | 어 | 어,train,0.0,0.0,0.0,0.6,0.4,0.0,0.0
Sess03_impro04_F039,happiness,4.3,3.6,3,난 못 들었는데 뭐 뭐라했지?,지,train,0.0,0.0,0.0,0.6,0.4,0.0,0.0
Sess03_impro04_F039,happiness,4.3,3.6,4,뭐라했지?,지,train,0.0,0.0,0.0,0.6,0.4,0.0,0.0
Sess03_impro04_F039,happiness,4.3,3.6,5,아 잘 못 들었는데.,는데,train,0.0,0.0,0.0,0.6,0.4,0.0,0.0
Sess08_script01_F013,anger,1.9,2.8,1,n/ 회사 다닐 때 했습니다.,습니다,train,0.5,0.1,0.0,0.0,0.4,0.0,0.0
Sess08_script01_M014,anger,3.3,3.0,1,b/ 그 그 연애 이야기를 물어본 건 저도 실례였으니까 이해 해주시구요.,구,train,0.0,0.1,0.0,0.0,0.9,0.0,0.0
Sess08_script01_M014,anger,3.3,3.0,2,b/ 어쨌든 이게 다 면접 방식중 하납니다.,ᆸ니다,train,0.0,0.1,0.0,0.0,0.9,0.0,0.0
Sess08_script01_M014,anger,3.3,3.0,3,이해 하시죠?,죠,train,0.0,0.1,0.0,0.0,0.9,0.0,0.0
Sess08_script01_M014,anger,3.3,3.0,4,아 그리고 이력서에 보니까 그 특기랑 노래랑 추 특기가 노래랑 춤이라고 적혀있는데 노래 잘 해요?,어요,train,0.0,0.1,0.0,0.0,0.9,0.0,0.0
Sess08_script01_M015,anger,3.9,3.0,1,b/ 아이 설마가 사람 잡는다고 하잖아요.,잖아요,train,0.0,0.0,0.0,0.2,0.8,0.0,0.0
Sess08_script01_M015,anger,3.9,3.0,2,특기가 노래랑 춤이라며.,라며,train,0.0,0.0,0.0,0.2,0.8,0.0,0.0
Sess08_script01_M015,anger,3.9,3.0,3,어 보여줄 수 있어요?,어요,train,0.0,0.0,0.0,0.2,0.8,0.0,0.0
Sess08_script01_M015,anger,3.9,3.0,4,요즘 그 유행하는 노래 있잖아요.,잖아요,train,0.0,0.0,0.0,0.2,0.8,0.0,0.0
Sess08_script01_M015,anger,3.9,3.0,5,뭐지?,지,train,0.0,0.0,0.0,0.2,0.8,0.0,0.0
Sess08_script01_M015,anger,3.9,3.0,6,사랑을 했다?,다,train,0.0,0.0,0.0,0.2,0.8,0.0,0.0
Sess08_script01_F015,anger,2.3,2.7,1,아 사랑을 했다요?,다,train,0.4,0.2,0.0,0.0,0.3,0.0,0.1
Sess08_script01_F016,anger,2.0,2.8,1,지금 여기서 춤 추고 노래 하라구요?,라구요,train,0.4,0.3,0.0,0.0,0.1,0.0,0.2
Sess08_script01_F018,anger,1.5,3.6,1,b/ 아 원래 면접을 이런 식으로 봐요?,어요,train,1.0,0.0,0.0,0.0,0.0,0.0,0.0
Sess08_script02_F006,sadness,2.0,2.1,1,잘 들어.,어,train,0.0,0.0,0.0,0.0,0.4,0.6,0.0
Sess08_script02_F006,sadness,2.0,2.1,2,나 폐에 종양이 생겼대.,대,train,0.0,0.0,0.0,0.0,0.4,0.6,0.0
Sess08_script02_F007,sadness,2.0,2.2,1,당신 나 없이도 꿋꿋하게 애들 키우며 살아야해.,어,train,0.0,0.0,0.0,0.0,0.4,0.6,0.0
Sess08_script02_M009,sadness,2.2,3.4,1,자기 지금 그게 뭔 소리야.,야,train,0.0,0.0,0.0,0.0,0.3,0.0,0.7
Sess08_script02_M009,sadness,2.2,3.4,2,농담이지?,지,train,0.0,0.0,0.0,0.0,0.3,0.0,0.7
Sess08_script02_F009,sadness,1.7,2.1,1,이미 늦었어.,어,train,0.0,0.0,0.0,0.0,0.4,0.6,0.0
Sess08_script02_M011,sadness,1.7,3.4,1,아 수술하면 되는 거 아냐?,냐,train,0.1,0.0,0.1,0.0,0.2,0.1,0.5
Sess08_script02_M016,sadness,1.9,2.7,1,갑자기 아버지 이야긴 왜 꺼내?,어,train,0.0,0.0,0.1,0.0,0.5,0.0,0.4
Sess08_script02_F015,sadness,1.7,2.3,1,사실 우리 아빠도 나랑 같은 병이었어.,어,train,0.0,0.0,0.0,0.0,0.4,0.6,0.0
Sess08_script02_M017,sadness,2.0,3.2,1,아 당신 어릴 적에 사고로 돌아가셨다고 했잖아.,잖아,train,0.1,0.0,0.0,0.0,0.1,0.0,0.8
Sess08_script02_M018,sadness,1.9,3.0,1,나 속인 거야?,야,train,0.1,0.0,0.0,0.0,0.2,0.0,0.7
Sess08_script02_F016,sadness,1.9,2.3,1,미안해.,어,train,0.0,0.0,0.0,0.0,0.3,0.7,0.0
Sess08_script02_F016,sadness,1.9,2.3,2,아빠는 3년동안 폐암으로 병원에 계시다가 돌아가셨어.,어,train,0.0,0.0,0.0,0.0,0.3,0.7,0.0
Sess08_script02_M019,sadness,2.1,3.2,1,b/ 미숙아 그게 중요한게 아니야.,야,train,0.0,0.0,0.2,0.0,0.4,0.4,0.0
Sess08_script02_M019,sadness,2.1,3.2,2,그런 거 중요한게 아니잖아.,잖아,train,0.0,0.0,0.2,0.0,0.4,0.4,0.0
Sess08_script02_M019,sadness,2.1,3.2,3,일단 병 입원치료 하고 수술 받자 그러면 어?,자,train,0.0,0.0,0.2,0.0,0.4,0.4,0.0
Sess08_script02_M019,sadness,2.1,3.2,4,살 수 (있어),어,train,0.0,0.0,0.2,0.0,0.4,0.4,0.0
Sess08_script03_F003,anger,1.5,4.0,1,아 지금 생각할게 뭐가 있어.,어,train,0.4,0.0,0.3,0.0,0.1,0.0,0.2
Sess08_script03_F003,anger,1.5,4.0,2,지섭씨 여기있어.,어,train,0.4,0.0,0.3,0.0,0.1,0.0,0.2
Sess08_script03_F003,anger,1.5,4.0,3,일단 내가 가서 보고 올테니까.,니까,train,0.4,0.0,0.3,0.0,0.1,0.0,0.2
Sess08_script04_F015,anger,2.3,3.1,1,아 나야말로 오빠랑 누가 결혼한대?,ᆫ대,train,0.6,0.1,0.0,0.0,0.3,0.0,0.0
Sess08_script04_F017,anger,1.9,2.9,1,아 됐어.,어,train,0.5,0.2,0.0,0.0,0.3,0.0,0.0
Sess08_script04_M021,happiness,2.8,2.8,1,아이 미안해.,어,train,0.0,0.0,0.0,0.0,0.5,0.5,0.0
Sess08_script04_M021,happiness,2.8,2.8,2,b/ 사실 나 이번에도 월급을 못 받았어.,어,train,0.0,0.0,0.0,0.0,0.5,0.5,0.0
Sess08_script04_F022,happiness,4.3,3.9,1,l/ 아 오빠 너무 웃겨.,어,train,0.0,0.0,0.0,0.8,0.2,0.0,0.0
Sess08_script04_M022,happiness,3.0,2.9,1,아 이런 선물 받으니까 막 어이가 없지?,지,train,0.0,0.0,0.0,0.0,0.6,0.4,0.0
Sess08_script04_F023,happiness,4.3,4.0,1,l/ 아이까 젓가락 100개라는게 아 우리들 만난지 100일 되는 날이라서 준비했다는 거야?,야,train,0.0,0.0,0.0,0.9,0.1,0.0,0.0
Sess08_script04_M023,happiness,4.0,3.0,1,o/ 아 미안해.,어,train,0.0,0.0,0.0,0.0,0.6,0.4,0.0
Sess08_script04_M023,happiness,4.0,3.0,2,하지만 내가 다음에 만날 때는 내가 o/ 진짜 꼭 멋진 선물 사줄게.,ᆯ게,train,0.0,0.0,0.0,0.0,0.6,0.4,0.0
Sess08_script04_M023,happiness,4.0,3.0,3,o/ 내가 지금은 비록 b/ 중국집 배달부밖에 안되지만 열심히 일하면은 제주도 앞바다에 멋진 펜션 짓고 우리도 멋있게 행복하게 살 수 있어.,어,train,0.0,0.0,0.0,0.0,0.6,0.4,0.0
Sess08_script04_M029,happiness,3.6,3.2,1,아 이거 어떻게 샀어?,어,train,0.0,0.0,0.0,0.2,0.1,0.0,0.7
Sess08_script04_M029,happiness,3.6,3.2,2,너 돈 없잖아.,잖아,train,0.0,0.0,0.0,0.2,0.1,0.0,0.7
Sess08_script05_F006,anger,2.0,2.7,1,아 모르겠고 드라마 할 시간이니까 리모콘이나 (주시지),지,train,0.5,0.2,0.0,0.0,0.3,0.0,0.0
Sess08_script05_M007,anger,2.4,2.8,1,(불쌍하다+야) 멍멍이 소리 그만하고 보기나 해.,다 | 어,train,0.4,0.2,0.0,0.0,0.4,0.0,0.0
Sess08_script05_M023,happiness,4.3,4.5,1,b/ 이 사실 누구한테도 이야기 하지마.,어,train,0.1,0.0,0.0,0.3,0.5,0.0,0.1
Sess08_script05_F020,happiness,4.6,4.2,1,알았어 알았어 알았어.,어 | 어 | 어,train,0.0,0.0,0.0,0.8,0.2,0.0,0.0
Sess08_script05_F020,happiness,4.6,4.2,2,걱정하지마 오빠 내가 입이 무겁잖아 그러니까 신상 (구두),어 | 잖아,train,0.0,0.0,0.0,0.8,0.2,0.0,0.0
Sess08_script05_F021,happiness,3.9,4.0,1,아 걱정마 걱정마.,어 | 어,train,0.0,0.0,0.0,0.6,0.4,0.0,0.0
Sess08_script05_F021,happiness,3.9,4.0,2,나 오빠 동생이야 친동생.,야,train,0.0,0.0,0.0,0.6,0.4,0.0,0.0
Sess08_script05_F021,happiness,3.9,4.0,3,나 몰라?,어,train,0.0,0.0,0.0,0.6,0.4,0.0,0.0
Sess08_script05_F021,happiness,3.9,4.0,4,나 못 믿어?,어,train,0.0,0.0,0.0,0.6,0.4,0.0,0.0
Sess08_script05_M025,happiness,3.7,3.6,1,l/ 못 믿지.,지,train,0.1,0.0,0.0,0.4,0.5,0.0,0.0
Sess08_script06_F012,anger,2.1,3.0,1,너무 공격적으로 생각하시는 것 아닌가요?,ᆫ가요,train,0.6,0.0,0.0,0.0,0.3,0.0,0.1
Sess08_script06_F012,anger,2.1,3.0,2,저도 고민하고 심사숙고해서 낸 아이디언데 뭐가 문제였는지 뭐가 부족했는지 물어볼 순 있지 않나요?,나요,train,0.6,0.0,0.0,0.0,0.3,0.0,0.1
Sess08_script06_F014,anger,1.8,3.5,1,(그리고+아니) 오 오타 때문에 아이디어를 탈락 시켰다구요?,다구요,train,0.6,0.0,0.0,0.0,0.2,0.0,0.2
Sess08_impro01_F023,anger,1.4,4.1,1,알아서 하라니요.,라니요,train,0.6,0.0,0.3,0.0,0.0,0.0,0.1
Sess08_impro01_F023,anger,1.4,4.1,2,아 전무님 어 약속하셨잖아요.,잖아요,train,0.6,0.0,0.3,0.0,0.0,0.0,0.1
Sess08_impro01_F023,anger,1.4,4.1,3,아씨 돌아버리겠네 진짜 씨.,네,train,0.6,0.0,0.3,0.0,0.0,0.0,0.1
Sess08_impro02_F017,happiness,4.1,3.0,1,오빠가 발라줄래?,ᆯ래,train,0.0,0.0,0.0,0.7,0.3,0.0,0.0
Sess08_impro02_M020,happiness,4.1,3.1,1,아 여깄구나 여깄구나.,구나 | 구나,train,0.0,0.0,0.0,0.3,0.7,0.0,0.0
Sess08_impro02_M020,happiness,4.1,3.1,2,아 그래 알았어 손 줘봐.,어 | 어,train,0.0,0.0,0.0,0.3,0.7,0.0,0.0
Sess08_impro02_F041,happiness,4.2,3.1,1,오빠 한번 더 듣고 싶다.,다,train,0.0,0.0,0.0,0.7,0.3,0.0,0.0
Sess08_impro02_F041,happiness,4.2,3.1,2,사랑한단 말 o/ 해주면 안돼?,어,train,0.0,0.0,0.0,0.7,0.3,0.0,0.0
Sess08_impro03_F018,sadness,2.2,2.7,1,맛있을 수만 있겠어?,어,train,0.0,0.0,0.0,0.0,0.4,0.6,0.0
Sess08_impro03_F019,sadness,2.4,2.8,1,내가 아무것도 몰라보여도 우린 비슷했을 거야.,야,train,0.0,0.0,0.0,0.0,0.4,0.6,0.0
Sess08_impro03_F019,sadness,2.4,2.8,2,우리 둘다 비슷하지.,지,train,0.0,0.0,0.0,0.0,0.4,0.6,0.0
Sess08_impro03_F024,sadness,2.9,2.5,1,엄마 마음 알지?,지,train,0.0,0.0,0.0,0.0,0.4,0.6,0.0
Sess08_impro04_F007,anger,2.1,3.2,1,주방장님이 모르시는 거 같은데 이미 제가 만든 이 짬뽕은요.,요,train,0.6,0.1,0.0,0.0,0.3,0.0,0.0
Sess08_impro04_F007,anger,2.1,3.2,2,온 언론이 주목하고 있고 지금 제일 베스트 메뉴로 잘나가는 메뉴거든요.,거든요,train,0.6,0.1,0.0,0.0,0.3,0.0,0.0
Sess08_impro04_F008,anger,1.8,3.5,1,뭐가 문젠지 그럼 정확히 말씀을 해주시죠.,죠,train,1.0,0.0,0.0,0.0,0.0,0.0,0.0
Sess08_impro04_M008,anger,2.0,3.0,1,정말 b/ 탄맛이 나.,어,train,0.0,0.4,0.0,0.0,0.6,0.0,0.0
Sess08_impro04_F009,anger,1.6,3.7,1,b/ 그니까 그 탄 맛이 안 나게 하려면 주방장님은 어떻게 요리를 하시는지 저한테 말씀을 해주셔야 되지 않으시겠어요?,어요,train,0.9,0.0,0.0,0.0,0.1,0.0,0.0
Sess08_impro04_F010,anger,1.9,3.0,1,아뇨 모르겠는데요?,는데요,train,0.6,0.0,0.0,0.0,0.4,0.0,0.0
Sess08_impro04_M014,anger,2.0,2.8,1,b/ 나는요 난 정말로 이 짬뽕 하나만큼은 정말 대한민국 최고의 짬뽕을 좀 만들고 싶어.,어,train,0.3,0.1,0.0,0.0,0.6,0.0,0.0
Sess08_impro04_M014,anger,2.0,2.8,2,그니까 요리에 (좀 더 관심을 가져),어,train,0.3,0.1,0.0,0.0,0.6,0.0,0.0
Sess08_impro04_F016,anger,1.5,4.2,1,(좀 더 관심을 가져+아뇨 전) 이해 못 하겠습니다.,습니다,train,1.0,0.0,0.0,0.0,0.0,0.0,0.0
Sess08_impro04_F017,anger,1.5,4.1,1,그런 식으로 싸우자고 주방장님 의견만 주관적으로 그렇게 내세우면서 저를 이렇게 무시하시는 거 저 용납 못 합니다.,ᆸ니다,train,0.9,0.1,0.0,0.0,0.0,0.0,0.0
Sess08_impro04_F017,anger,1.5,4.1,2,b/ 주방장님이 지금 하 아까 반말하시던데요?,던데요,train,0.9,0.1,0.0,0.0,0.0,0.0,0.0
Sess08_impro04_F017,anger,1.5,4.1,3,b/ 말 다 하셨어요?,어요,train,0.9,0.1,0.0,0.0,0.0,0.0,0.0
Sess08_impro04_M015,anger,1.9,3.0,1,(그렇게 요리를 잘하시+알았어 미안해 그건 너무 정말 미안해) 우현씨.,어 | 어 | 어,train,0.0,0.1,0.0,0.0,0.9,0.0,0.0
Sess08_impro04_M015,anger,1.9,3.0,2,그럼 제가 하나 부탁할게요.,ᆯ게요,train,0.0,0.1,0.0,0.0,0.9,0.0,0.0
Sess08_impro04_M021,anger,2.3,3.2,1,b/ 오케이 알았어.,어,train,0.2,0.2,0.0,0.0,0.6,0.0,0.0
Sess02_script01_M009,happiness,3.7,4.0,1,쉿 아 뭘 그렇 크렇 크게 말해.,어,train,0.0,0.0,0.0,0.5,0.0,0.0,0.5
Sess02_script01_M013,happiness,3.8,3.2,1,b/ 그 쪽에서 저기 제주도 서귀표에 서귀포에 b/ 풍경 좋은 언덕에서 집을 짓고 그쪽 바다가 보이는 양지바른 땅을 사서 b/ 하얗고 웅장한 펜션을 짓는 거야.,야,train,0.0,0.0,0.0,0.9,0.0,0.1,0.0
Sess02_script01_M015,happiness,4.0,3.6,1,b/ u/ b/ 누가 누가 너랑 결혼한대?,ᆫ대,train,0.0,0.0,0.0,0.7,0.1,0.0,0.2
Sess02_script01_F014,happiness,2.1,2.7,1,o/ 에이 u/ 뭐야.,야,train,0.4,0.0,0.0,0.0,0.4,0.2,0.0
Sess02_script01_M021,sadness,1.8,2.3,1,b/ 에유 에 미안해 사실 이 이번에도 월급을 못 받았어.,어 | 어,train,0.0,0.0,0.0,0.0,0.0,1.0,0.0
Sess02_script01_M021,sadness,1.8,2.3,2,b/ 가게 사정도 어렵고 근데 또 우리 오늘 만난지 100일이잖아.,잖아,train,0.0,0.0,0.0,0.0,0.0,1.0,0.0
Sess02_script01_M024,sadness,2.6,2.9,1,b/ 아이 여진이 너가 생각해도 참 b/ 젓가락 100개는 좀 심했지?,지,train,0.0,0.0,0.0,0.0,0.3,0.7,0.0
Sess02_script01_M024,sadness,2.6,2.9,2,b/ 심했다.,다,train,0.0,0.0,0.0,0.0,0.3,0.7,0.0
Sess02_script01_F029,happiness,4.1,3.7,1,b/ 자 n/ 오빠는 젓가락 줬지만 난 좋은 거 줄게.,ᆯ게,train,0.0,0.0,0.0,0.5,0.5,0.0,0.0
Sess02_script02_M001,happiness,4.6,4.4,1,l/ 야 야 저거 봐.,어,train,0.0,0.0,0.0,1.0,0.0,0.0,0.0
Sess02_script02_M001,happiness,4.6,4.4,2,l/ 저 저 개그맨 웃기지 않냐?,냐,train,0.0,0.0,0.0,1.0,0.0,0.0,0.0
Sess02_script02_F001,happiness,2.1,2.5,1,뭐 그렇게 재밌어?,어,train,0.4,0.2,0.0,0.0,0.4,0.0,0.0
Sess02_script03_M002,anger,2.7,2.9,1,이게 씨 친오빠한테 오지고 지리고가 뭐냐.,냐,train,0.4,0.3,0.0,0.0,0.3,0.0,0.0
Sess02_script03_M008,happiness,3.8,3.5,1,오 시작한다.,ᆫ다,train,0.0,0.0,0.0,0.7,0.3,0.0,0.0
Sess02_script03_M008,happiness,3.8,3.5,2,n/ b/ 그래 가자.,자,train,0.0,0.0,0.0,0.7,0.3,0.0,0.0
Sess02_script03_M008,happiness,3.8,3.5,3,그렇지 자 가자.,자,train,0.0,0.0,0.0,0.7,0.3,0.0,0.0
Sess02_script03_M008,happiness,3.8,3.5,4,n/ 아 아싸 하나 맞았고.,어,train,0.0,0.0,0.0,0.7,0.3,0.0,0.0
Sess02_script03_M010,happiness,4.2,3.8,1,l/ 야 봐라 어?,어라,train,0.0,0.0,0.0,1.0,0.0,0.0,0.0
Sess02_script03_F009,happiness,2.4,2.7,1,o/ 퍽이나 좋겠다.,다,train,0.1,0.3,0.0,0.0,0.6,0.0,0.0
Sess02_script03_M011,happiness,4.2,3.8,1,l/ 네개 야 네개면 야 네개 5만 원.,야,train,0.0,0.0,0.0,0.9,0.0,0.0,0.1
Sess02_script03_M014,happiness,4.3,4.3,1,b/ (맞아),어,train,0.0,0.0,0.0,0.4,0.2,0.0,0.4
Sess02_script03_M030,happiness,3.3,3.2,1,b/ 인심 쓴다.,ᆫ다,train,0.0,0.1,0.0,0.5,0.4,0.0,0.0
Sess02_script03_M030,happiness,3.3,3.2,2,b/ 자 돈 찾으면 바로 현금으로 줄게.,ᆯ게,train,0.0,0.1,0.0,0.5,0.4,0.0,0.0
Sess02_script04_M002,anger,1.5,3.9,1,아이 씨 아이 그러니까 날 말렸어야지.,어야지,train,1.0,0.0,0.0,0.0,0.0,0.0,0.0
Sess02_script04_M005,anger,1.6,3.8,1,아 씨 으휴 왜 야밤에 아 씨 내 차에 치이고 씨 b/ 아 이거 미치겠네 이거 u/.,네,train,0.7,0.0,0.3,0.0,0.0,0.0,0.0
Sess02_script04_M009,happiness,3.0,3.4,1,b/ l/ 아 n/ 고라니였나보다.,다,train,0.0,0.0,0.2,0.6,0.2,0.0,0.0
Sess02_script04_M009,happiness,3.0,3.4,2,b/ 고라니였나보다.,다,train,0.0,0.0,0.2,0.6,0.2,0.0,0.0
Sess02_script04_M009,happiness,3.0,3.4,3,아 b/ 고라니였어.,어,train,0.0,0.0,0.2,0.6,0.2,0.0,0.0
Sess02_script04_M009,happiness,3.0,3.4,4,o/ 아이 너랑 나랑 술 마셔서 b/ 아 그래서 사람을 고라니로 착각한 거야.b/,야,train,0.0,0.0,0.2,0.6,0.2,0.0,0.0
Sess02_script04_M010,anger,1.7,3.7,1,아이 그럼 뭐야.,야,train,0.8,0.1,0.1,0.0,0.0,0.0,0.0
Sess02_script04_M010,anger,1.7,3.7,2,어떻게 된 건데?,ᆫ데,train,0.8,0.1,0.1,0.0,0.0,0.0,0.0
Sess02_script04_M013,anger,1.5,4.3,1,우리 술마셨잖아.,잖아,train,1.0,0.0,0.0,0.0,0.0,0.0,0.0
Sess02_script04_M015,anger,1.6,3.9,1,나 공무원 시험 못 보면 우리 결혼도 못 하고 우리 다 끝나는 거야.,야,train,0.6,0.0,0.3,0.0,0.0,0.0,0.1
Sess02_script04_M015,anger,1.6,3.9,2,알잖아 어?,잖아,train,0.6,0.0,0.3,0.0,0.0,0.0,0.1
Sess02_script04_M015,anger,1.6,3.9,3,b/ 알잖아.,잖아,train,0.6,0.0,0.3,0.0,0.0,0.0,0.1
Sess02_script04_F012,anger,1.7,3.0,1,아 자기 무섭게 왜 이래.,어,train,0.0,0.0,0.7,0.0,0.2,0.0,0.1
Sess02_script04_F013,anger,1.4,3.9,1,아니 이거 이거 사람 사람이면 이러면 안 되잖아.,잖아,train,0.0,0.3,0.5,0.0,0.0,0.0,0.2
Sess02_script04_F013,anger,1.4,3.9,2,당신 이런 사람 아니잖아.,잖아,train,0.0,0.3,0.5,0.0,0.0,0.0,0.2
Sess02_script04_F013,anger,1.4,3.9,3,o/ 왜 이러는 건데?,ᆫ데,train,0.0,0.3,0.5,0.0,0.0,0.0,0.2
Sess02_script04_M016,anger,1.5,3.9,1,너 내가 망가지길 바래?,어,train,1.0,0.0,0.0,0.0,0.0,0.0,0.0
Sess02_script04_M016,anger,1.5,3.9,2,내 인생이 바닥으로 떨어지길 바라냐(고),냐,train,1.0,0.0,0.0,0.0,0.0,0.0,0.0
Sess02_script04_F014,anger,2.0,3.6,1,(고+지)섭씨 사람 목숨이 달린 거잖아.,잖아,train,0.2,0.1,0.4,0.0,0.3,0.0,0.0
Sess02_script04_F014,anger,2.0,3.6,2,일단 찾아보자 어?,자,train,0.2,0.1,0.4,0.0,0.3,0.0,0.0
Sess02_script04_F014,anger,2.0,3.6,3,b/ 혹시 모르니까 내가 경찰에 신고도 해보고 내가 전화할게.,ᆯ게,train,0.2,0.1,0.4,0.0,0.3,0.0,0.0
Sess02_script04_M017,anger,1.2,4.6,1,전화기 내려놔.,어,train,0.9,0.0,0.0,0.0,0.0,0.0,0.1
Sess02_script04_F015,anger,2.0,3.7,1,왜 이래.,어,train,0.0,0.0,0.5,0.0,0.0,0.0,0.5
Sess02_script04_M018,anger,1.6,3.4,1,b/ 너 자꾸 이러면 나도 이제 너 안 참아.,어,train,0.9,0.0,0.0,0.0,0.1,0.0,0.0
Sess02_script04_M019,anger,1.2,4.1,1,n/ 씨 너도 사라지게 만들어줘?,어,train,1.0,0.0,0.0,0.0,0.0,0.0,0.0
Sess02_script04_F016,anger,1.8,3.5,1,지금 계속 무슨 말을 하는 거야.,야,train,0.0,0.0,0.9,0.0,0.0,0.0,0.1
Sess02_script04_M020,anger,1.7,3.7,1,지금 니가 b/ 지금 니가 내한테 하는 짓이 더 이상해.,어,train,0.8,0.0,0.1,0.0,0.1,0.0,0.0
Sess02_script04_M021,anger,1.3,4.2,1,그게 날 망가트리려고 하는 것이라고.,라고,train,0.8,0.0,0.2,0.0,0.0,0.0,0.0
Sess02_script04_M021,anger,1.3,4.2,2,우리 미래가 달려있어 그러니까 b/ 너 입만 뻥끗해봐라 진짜 너 u/ 너도 똑같이 만들어버릴 테니까.,어 | 어라 | 니까,train,0.8,0.0,0.2,0.0,0.0,0.0,0.0
Sess02_script04_F017,anger,1.5,3.1,1,지섭씨 o/ 무서워.,어,train,0.0,0.0,1.0,0.0,0.0,0.0,0.0
Sess02_script04_M022,anger,1.5,3.9,1,진짜 무서운게 뭔지 보여줘?,어,train,0.8,0.0,0.2,0.0,0.0,0.0,0.0
Sess02_script04_M022,anger,1.5,3.9,2,b/ 오늘 있었던 일은 너랑만 너랑 나랑만 아는 거야.,야,train,0.8,0.0,0.2,0.0,0.0,0.0,0.0
Sess02_script04_M022,anger,1.5,3.9,3,n/ b/ 아무것도 못 봤어 우린.,어,train,0.8,0.0,0.2,0.0,0.0,0.0,0.0
Sess02_script04_M022,anger,1.5,3.9,4,그러니까 그냥 넌 입 닥치고 있어.,어,train,0.8,0.0,0.2,0.0,0.0,0.0,0.0
Sess02_script04_M022,anger,1.5,3.9,5,b/ 우린 오늘 고라니를 친 거야.,야,train,0.8,0.0,0.2,0.0,0.0,0.0,0.0
Sess02_script04_M022,anger,1.5,3.9,6,우린 고라니를 친 거고 b/ 어차피 죽었는지 살아있는지도 모르는 거고 그럼 아무 상관도 없어.,어,train,0.8,0.0,0.2,0.0,0.0,0.0,0.0
Sess02_script04_M023,anger,1.9,3.5,1,아 그리고 b/ 너 나 진짜 똑바로 생각해라.,어라,train,0.7,0.0,0.1,0.0,0.2,0.0,0.0
Sess02_script04_M024,anger,1.7,3.4,1,넌 차에서 내려서도 b/ 나중에 경찰에 전화해도 넌 죽는 거야.,야,train,0.9,0.0,0.1,0.0,0.0,0.0,0.0
Sess02_script04_M024,anger,1.7,3.4,2,알았어?,어,train,0.9,0.0,0.1,0.0,0.0,0.0,0.0
Sess02_script04_F018,anger,1.5,3.2,1,아 아 알았어.,어,train,0.0,0.0,1.0,0.0,0.0,0.0,0.0
Sess02_script04_M029,anger,1.6,4.0,1,뭐 뭐 뭐 뭔데.,ᆫ데,train,0.4,0.0,0.3,0.0,0.0,0.0,0.3
Sess02_script04_M032,anger,1.5,4.3,1,확실하게 끝내야지.,어야지,train,0.6,0.0,0.4,0.0,0.0,0.0,0.0
Sess02_script06_M008,anger,2.2,2.9,1,지나친건 아니라고 봅니다.,ᆸ니다,train,0.6,0.2,0.0,0.0,0.2,0.0,0.0
Sess02_script06_M008,anger,2.2,2.9,2,아이 오히려 지나친 건 소은씨 같은데요?,은데요,train,0.6,0.2,0.0,0.0,0.2,0.0,0.0
Sess02_script06_M008,anger,2.2,2.9,3,아니 곧 회의가 시작 될 거라는 걸 알면서도 저는 보고서를 다 파악해둬야 되는데 소은씨 덕분에 시간 뺐기고 있으니까.,으니까,train,0.6,0.2,0.0,0.0,0.2,0.0,0.0
Sess02_script06_M010,anger,2.0,3.3,1,아니 어디까지 발전이 되야 발전일까요?,ᆯ까요,train,0.6,0.2,0.0,0.0,0.2,0.0,0.0
Sess02_script06_M010,anger,2.0,3.3,2,b/ 아이디어를 내논 족족 채택되면 그게 발전인가?,ᆫ가,train,0.6,0.2,0.0,0.0,0.2,0.0,0.0
Sess02_script06_M010,anger,2.0,3.3,3,아니면 회사에서 무조건 인정해주는게 발전인가?,ᆫ가,train,0.6,0.2,0.0,0.0,0.2,0.0,0.0
Sess02_impro01_F007,sadness,3.6,3.0,1,아이 근데 괜찮아.,어,train,0.0,0.0,0.0,0.0,0.8,0.2,0.0
Sess02_impro01_F007,sadness,3.6,3.0,2,다 이제 약 바르고 했어 소독도 하고.,어,train,0.0,0.0,0.0,0.0,0.8,0.2,0.0
Sess02_impro01_M008,sadness,2.2,2.8,1,아이 그래도 밴드도 붙이고 해야지.,어야지,train,0.0,0.0,0.0,0.0,0.3,0.5,0.2
Sess02_impro01_M035,happiness,4.2,3.3,1,(뭐+사) 내일 재료 맛있는 거 사.,어,train,0.0,0.0,0.0,0.9,0.1,0.0,0.0
Sess02_impro01_F035,happiness,3.7,3.3,1,아 진짜 그니까 한번만 더 해주면은 내가 당신 먹고 싶은 거 다 해줄게.,ᆯ게,train,0.0,0.0,0.0,0.4,0.6,0.0,0.0
Sess02_impro02_M006,sadness,2.1,2.2,1,걔가 나보고 못 생겨서 일도 못 한다고.,ᆫ다고,train,0.2,0.1,0.0,0.0,0.1,0.6,0.0
Sess02_impro02_M007,anger,2.0,2.7,1,아니 오늘 그래서 마이크로 맞았다니까.,다니까,train,0.8,0.0,0.0,0.0,0.0,0.2,0.0
Sess02_impro02_F008,anger,2.1,3.1,1,허어 무슨 그런 사람이 다 있어 마이크로 때렸다고?,다고,train,0.1,0.1,0.0,0.0,0.0,0.0,0.8
Sess02_impro02_M008,anger,1.9,2.9,1,아이 지는 진짜 얼마나 잘났다고.,다고,train,0.7,0.0,0.0,0.0,0.1,0.2,0.0
Sess02_impro02_F009,anger,2.8,2.9,1,오늘 저녁 김치찌개 어때?,어,train,0.0,0.0,0.0,0.0,0.9,0.0,0.1
Sess02_impro02_M009,anger,1.8,3.4,1,아이 엄마 내 말 듣고 있어?,어,train,0.9,0.0,0.0,0.0,0.1,0.0,0.0
Sess02_impro02_M009,anger,1.8,3.4,2,나 마이크로 맞았다니까.,다니까,train,0.9,0.0,0.0,0.0,0.1,0.0,0.0
Sess02_impro02_F010,anger,2.6,2.4,1,아 듣고 있지 뭐 그런 인간이 다 있다니.,지 | 다니,train,0.1,0.1,0.0,0.0,0.7,0.0,0.1
Sess02_impro02_M010,anger,1.8,3.4,1,나 이해가 안 돼.,어,train,0.9,0.0,0.0,0.0,0.1,0.0,0.0
Sess02_impro02_M010,anger,1.8,3.4,2,"자기는 진짜 얼마나 잘났다고, 자기 여자친구 자랑만 하고 아니 심지어 선희 욕까지 하더라니까.",더라니까,train,0.9,0.0,0.0,0.0,0.1,0.0,0.0
Sess02_impro02_F011,anger,2.4,2.3,1,아웅 힘들겠네 아들.,네,train,0.0,0.1,0.0,0.0,0.8,0.1,0.0
Sess02_impro02_M011,anger,1.8,3.2,1,n/ 아우 짜증나 진짜.,어,train,0.8,0.0,0.0,0.0,0.2,0.0,0.0
Sess02_impro02_M011,anger,1.8,3.2,2,아 엄만 내 말 듣고 있어?,어,train,0.8,0.0,0.0,0.0,0.2,0.0,0.0
Sess02_impro02_M011,anger,1.8,3.2,3,n/ o/ 내 말 들었어?,어,train,0.8,0.0,0.0,0.0,0.2,0.0,0.0
Sess02_impro02_M011,anger,1.8,3.2,4,내가 방금 무슨 말 했는지 들었어?,어,train,0.8,0.0,0.0,0.0,0.2,0.0,0.0
Sess02_impro02_M012,anger,2.0,3.1,1,(듣지+아우) 아 엄마 내가 회사에서 치이고 여자친구한테 치이고 나 지금 외롭고 힘들어 어?,어,train,0.9,0.0,0.0,0.0,0.1,0.0,0.0
Sess02_impro02_M012,anger,2.0,3.1,2,내 말 좀 들어줬으면 좋겠는데 엄마까지 왜 그러냐?,냐,train,0.9,0.0,0.0,0.0,0.1,0.0,0.0
Sess02_impro02_M013,anger,1.9,2.7,1,b/ 아 됐어 씨 엄마랑도 말 안 할거야.,어 | 야,train,0.5,0.0,0.0,0.0,0.3,0.2,0.0
Sess02_impro02_M015,sadness,1.8,2.5,1,아 몰라 이유도 모르겠어 헤어질 거 같애.,어 | 애,train,0.1,0.0,0.0,0.0,0.1,0.8,0.0
Sess02_impro02_F017,sadness,3.1,2.7,1,b/ 근데 엄마가 생각했을 때는 n/ 원래 사람이라는게 그렇더라구 왔다가두 가구 너가 더 잡을려고 노력하면 안 잡히고 아빠랑도 그랬어 엄마가.,더라구 | 어,train,0.0,0.0,0.0,0.1,0.9,0.0,0.0
Sess02_impro02_M019,anger,2.0,3.3,1,아 진짜 엄마 선희에 대해서 함부로 말하지 마.,어,train,0.8,0.0,0.0,0.0,0.1,0.1,0.0
Sess02_impro02_M019,anger,2.0,3.3,2,엄만 사랑을 몰라.,어,train,0.8,0.0,0.0,0.0,0.1,0.1,0.0
Sess02_impro02_M020,anger,2.0,2.7,1,n/ 그게 무슨 말이야.,야,train,0.7,0.1,0.0,0.0,0.1,0.1,0.0
Sess02_impro02_F021,sadness,2.9,2.6,1,b/ 울고 싶으면 울어.,어,train,0.0,0.0,0.0,0.0,0.7,0.3,0.0
Sess02_impro02_F021,sadness,2.9,2.6,2,울어도 돼.,어,train,0.0,0.0,0.0,0.0,0.7,0.3,0.0
Sess02_impro02_F021,sadness,2.9,2.6,3,오늘 세상에서 제일 슬픈 거는 너니까 그리고 그래도 나이니까 b/ 응 너랑 헤어진 여자친구도 세상에서 제일 슬플거야.,야,train,0.0,0.0,0.0,0.0,0.7,0.3,0.0
Sess02_impro02_F021,sadness,2.9,2.6,4,n/ 응 괜찮아?,어,train,0.0,0.0,0.0,0.0,0.7,0.3,0.0
Sess02_impro02_F021,sadness,2.9,2.6,5,괜찮아?,어,train,0.0,0.0,0.0,0.0,0.7,0.3,0.0
Sess02_impro02_M021,sadness,1.8,2.4,1,b/ 아이 몰라.,어,train,0.0,0.0,0.0,0.0,0.1,0.9,0.0
Sess02_impro02_M021,sadness,1.8,2.4,2,아 b/ n/ 귀찮아.,어,train,0.0,0.0,0.0,0.0,0.1,0.9,0.0
Sess02_impro02_M024,sadness,2.2,2.4,1,미안해.,어,train,0.0,0.0,0.0,0.0,0.2,0.8,0.0
Sess02_impro03_M004,anger,2.0,2.8,1,o/ 페페로치니.,니,train,0.5,0.2,0.0,0.0,0.3,0.0,0.0
Sess02_impro03_M005,anger,1.9,3.1,1,"그거말고 지금 다른 향신료를 넣은 거 같은데, 확인해봤어요?",어요,train,0.5,0.3,0.0,0.0,0.2,0.0,0.0
Sess02_impro03_M005,anger,1.9,3.1,2,o/ u/ 밋밋해서 그런거야.,야,train,0.5,0.3,0.0,0.0,0.2,0.0,0.0
Sess02_impro03_M005,anger,1.9,3.1,3,마늘스톡을 넣어야지 지금 생물에다가 마늘 넣고 지금 그런 거 아니에요?,에요,train,0.5,0.3,0.0,0.0,0.2,0.0,0.0
Sess02_impro03_M006,anger,1.8,2.9,1,n/ 미진씨가 만든거에요?,에요,train,0.4,0.3,0.0,0.0,0.3,0.0,0.0
Sess02_impro04_M012,anger,2.3,3.2,1,b/ 아 맞네.,네,train,0.4,0.1,0.0,0.0,0.3,0.0,0.2
Sess02_impro04_M012,anger,2.3,3.2,2,부장님 혹시 부장님이랑 전무님이랑 u/ 둘이 짜고 치시는 건 아니시죠?,죠,train,0.4,0.1,0.0,0.0,0.3,0.0,0.2
Sess02_impro04_M016,anger,2.1,3.5,1,아니 그렇잖아요.,잖아요,train,0.7,0.1,0.0,0.0,0.2,0.0,0.0
Sess02_impro04_M016,anger,2.1,3.5,2,이게 전무님 아이디어로 전무님이 뒷돈을 빼돌릴려고 하니까 부장님이 그거 맡아서 지금 저 감봉시키고 짜를라고 하시는 거 (같은데+김대리) 회사도 알고 있는 거죠 이거?,죠,train,0.7,0.1,0.0,0.0,0.2,0.0,0.0
Sess02_impro04_M017,anger,1.8,3.5,1,아니 (부장님+말을) 아 나 어이가 없네.,네,train,0.8,0.2,0.0,0.0,0.0,0.0,0.0
Sess02_impro04_M017,anger,1.8,3.5,2,둘이가 짜고 치고 아 어쩐지 회사에서 말 많았어요.,어요,train,0.8,0.2,0.0,0.0,0.0,0.0,0.0
Sess02_impro04_M017,anger,1.8,3.5,3,o/ 아 이러시면 안 돼죠.,죠,train,0.8,0.2,0.0,0.0,0.0,0.0,0.0
Sess02_impro04_M018,anger,2.0,3.1,1,인정하시는 건가요?,ᆫ가요,train,0.4,0.4,0.0,0.0,0.2,0.0,0.0
Sess02_impro04_M019,anger,2.0,3.1,1,인정하시는 거 같은데 아 죄송한데 저 지금 이거 녹취되고 있거든요.,거든요,train,0.5,0.3,0.0,0.0,0.2,0.0,0.0
Sess02_impro04_M019,anger,2.0,3.1,2,"혹시나 o/ 몰라서 진짜 녹음기 키고 들어왔는데, 아 역시나 진짜 (아 맞네+김대리) 저 이거 인사과에다 다 말할 겁니다.",네 | ᆸ니다,train,0.5,0.3,0.0,0.0,0.2,0.0,0.0
Sess02_impro04_M020,anger,1.7,3.2,1,아 진짜 너무하십니다.,ᆸ니다,train,0.7,0.3,0.0,0.0,0.0,0.0,0.0
Sess02_impro04_M020,anger,1.7,3.2,2,전무님도 그렇고 부장님도 그렇고 진짜 다 너무하시는거에요.,에요,train,0.7,0.3,0.0,0.0,0.0,0.0,0.0
Sess02_impro04_M020,anger,1.7,3.2,3,저 모르겠으니까 저 가보겠습니다.,습니다,train,0.7,0.3,0.0,0.0,0.0,0.0,0.0
Sess02_impro04_M020,anger,1.7,3.2,4,예 분명히 넘길거에요.,에요,train,0.7,0.3,0.0,0.0,0.0,0.0,0.0
Sess16_script01_M024,sadness,2.8,2.4,1,여진아 너가 생각해도 젓가락 100개는 좀 심했지?,지,train,0.0,0.2,0.0,0.1,0.1,0.6,0.0
Sess16_script01_M024,sadness,2.8,2.4,2,미안해.,어,train,0.0,0.2,0.0,0.1,0.1,0.6,0.0
Sess16_script01_M032,happiness,4.3,3.9,1,여진아 사랑한다.,ᆫ다,train,0.0,0.0,0.0,0.9,0.1,0.0,0.0
Sess16_script01_M032,happiness,4.3,3.9,2,정말 사랑해.,어,train,0.0,0.0,0.0,0.9,0.1,0.0,0.0
Sess16_script02_M017,happiness,3.8,3.8,1,l/ 아이 잘하시 목소리가 너무 작아 근데.,어,train,0.0,0.0,0.0,0.8,0.2,0.0,0.0
Sess16_script02_M017,happiness,3.8,3.8,2,좀 더 크게 한번 해봐요.,어요,train,0.0,0.0,0.0,0.8,0.2,0.0,0.0
Sess16_script03_M010,anger,2.0,3.0,1,어디까지 되야 발전일까요?,ᆯ까요,train,0.5,0.3,0.0,0.0,0.2,0.0,0.0
Sess16_script03_M010,anger,2.0,3.0,2,아이디어를 내는 족족 채택되면 그게 발전입니까?,ᆸ니까,train,0.5,0.3,0.0,0.0,0.2,0.0,0.0
Sess16_script03_M010,anger,2.0,3.0,3,아니면 회사에서 무조건 인정해주면 그게 발전입니까?,ᆸ니까,train,0.5,0.3,0.0,0.0,0.2,0.0,0.0
Sess16_script04_M001,happiness,4.6,3.8,1,l/ 야 저거 봐봐 저거 야 저 개그맨 진짜 웃기다 저거 어?,어 | 야 | 다,train,0.0,0.0,0.0,0.8,0.2,0.0,0.0
Sess16_script04_F001,happiness,2.4,2.3,1,뭐가 그렇게 재밌어?,어,train,0.0,0.0,0.0,0.0,1.0,0.0,0.0
Sess16_script04_M002,happiness,4.5,3.4,1,l/ 야 웃기잖아.,잖아,train,0.0,0.0,0.0,0.7,0.3,0.0,0.0
Sess16_script04_M002,happiness,4.5,3.4,2,b/ 야 근데 바나나 진짜 맛있다.,다,train,0.0,0.0,0.0,0.7,0.3,0.0,0.0
Sess16_script04_M002,happiness,4.5,3.4,3,이거 어디서 산 거야?,야,train,0.0,0.0,0.0,0.7,0.3,0.0,0.0
Sess16_script05_M002,anger,1.2,4.8,1,아이씨 그러니까 내 내가 술 먹어서 운전 안 한다고 했잖아 내가 이씨.,잖아,train,0.9,0.0,0.0,0.0,0.0,0.0,0.1
Sess16_script05_F002,anger,1.9,3.4,1,지섭씨 일단 119에 신고하자.,자,train,0.0,0.0,0.1,0.0,0.5,0.0,0.4
Sess16_script05_M006,anger,1.4,4.5,1,아 그러니까 이 야밤에 돌아다니다가 내 차에 치이고 (난리야 씨+지섭씨),야,train,0.8,0.0,0.2,0.0,0.0,0.0,0.0
Sess16_script05_M009,anger,1.6,4.2,1,아무것도 없다니 그게 말이 돼?,어,train,0.5,0.0,0.1,0.0,0.2,0.0,0.2
Sess16_script05_M009,anger,1.6,4.2,2,틀림없이 사람을 쳤잖아 우리가 지금 너도 봤잖아.,잖아 | 잖아,train,0.5,0.0,0.1,0.0,0.2,0.0,0.2
Sess16_script05_M011,happiness,4.1,4.6,1,아 아이 그래 그래 맞아.,어,train,0.0,0.0,0.2,0.8,0.0,0.0,0.0
Sess16_script05_M011,happiness,4.1,4.6,2,고라니였나 보다 그치?,다,train,0.0,0.0,0.2,0.8,0.0,0.0,0.0
Sess16_script05_M011,happiness,4.1,4.6,3,고라니였어.,어,train,0.0,0.0,0.2,0.8,0.0,0.0,0.0
Sess16_script05_M011,happiness,4.1,4.6,4,그래 그래 너랑 나랑 술을 마셔가지고 그 고라니를 사람으로 u/ 착각한거야.,야,train,0.0,0.0,0.2,0.8,0.0,0.0,0.0
Sess16_script05_M012,anger,1.5,4.5,1,아 씨 아 뭐야 u/ 어떻게 된거야 이게 씨 사람은 쳤는데 그 사람이 없어졌다는게 (이게),야 | 야,train,0.6,0.0,0.4,0.0,0.0,0.0,0.0
Sess16_script05_M017,anger,1.4,4.3,1,너 내가 망가지길 바라는 거야?,야,train,1.0,0.0,0.0,0.0,0.0,0.0,0.0
Sess16_script05_M017,anger,1.4,4.3,2,내가 인생 바닥으로 떨어지길 원하는 거야?,야,train,1.0,0.0,0.0,0.0,0.0,0.0,0.0
Sess16_script05_F013,anger,1.9,3.9,1,지섭씨 사람 목숨이 달린거잖아 일단 찾아보자 어?,잖아 | 자,train,0.1,0.2,0.2,0.0,0.5,0.0,0.0
Sess16_script05_F013,anger,1.9,3.9,2,혹시 모르니까 경찰에 신고도 해보고 내가 전화할게.,ᆯ게,train,0.1,0.2,0.2,0.0,0.5,0.0,0.0
Sess16_script05_M018,anger,1.4,3.9,1,야 전화기 내려놔.,어,train,0.9,0.0,0.0,0.0,0.0,0.0,0.1
Sess16_script05_F014,anger,1.7,3.2,1,지섭씨 왜 그래?,어,train,0.0,0.0,0.7,0.0,0.1,0.0,0.2
Sess16_script05_M019,anger,1.8,3.7,1,자꾸 이러면 나도 더 이상 안 참아.,어,train,0.8,0.2,0.0,0.0,0.0,0.0,0.0
Sess16_script05_M020,anger,1.5,3.9,1,너도 사라지게 해줄까?,ᆯ까,train,0.8,0.2,0.0,0.0,0.0,0.0,0.0
Sess16_script05_F015,anger,1.9,2.8,1,지 지금 무슨 말이야.,야,train,0.0,0.0,1.0,0.0,0.0,0.0,0.0
Sess16_script05_M021,anger,1.4,4.1,1,지금 니가 나한테 하는 짓이 더 이상해.,어,train,0.9,0.1,0.0,0.0,0.0,0.0,0.0
Sess16_script05_M022,anger,1.4,4.1,1,날 지금 망가트리려고 작정했잖아.,잖아,train,0.9,0.1,0.0,0.0,0.0,0.0,0.0
Sess16_script05_M022,anger,1.4,4.1,2,우리 미래가 더 중요하다고.,다고,train,0.9,0.1,0.0,0.0,0.0,0.0,0.0
Sess16_script05_M022,anger,1.4,4.1,3,너 입만 뻥끗해봐 n/ 너로 똑같이 만들어줄테니까.,니까,train,0.9,0.1,0.0,0.0,0.0,0.0,0.0
Sess16_script05_F016,anger,1.7,2.7,1,o/ 지섭씨 (무서워),어,train,0.0,0.0,1.0,0.0,0.0,0.0,0.0
Sess16_script05_M023,anger,1.2,4.6,1,(무서워+진짜) 무서운게 뭔지 보여줘?,어 | 어,train,0.8,0.2,0.0,0.0,0.0,0.0,0.0
Sess16_script05_M023,anger,1.2,4.6,2,오늘 있었던 일은 너랑 나랑만 아는거야 아무도 못 봤어.,어,train,0.8,0.2,0.0,0.0,0.0,0.0,0.0
Sess16_script05_M023,anger,1.2,4.6,3,그러니까 넌 입 닥치고만 있어.,어,train,0.8,0.2,0.0,0.0,0.0,0.0,0.0
Sess16_script05_M023,anger,1.2,4.6,4,우린 오늘 고라니를 친거고 어차피 죽었는지 살았는지도 모르는데 알바 없잖아.,잖아,train,0.8,0.2,0.0,0.0,0.0,0.0,0.0
Sess16_script05_M024,anger,1.2,5.0,1,그리고 너도 똑바로 들어.,어,train,1.0,0.0,0.0,0.0,0.0,0.0,0.0
Sess16_script05_M025,anger,1.2,4.9,1,너 차에서 내려도 너 차에서 내려도 경찰에 전화해도 n/ 넌 죽어 넌 죽어 알았어?,어 | 어,train,1.0,0.0,0.0,0.0,0.0,0.0,0.0
Sess16_script05_F017,anger,1.5,2.7,1,알았어.,어,train,0.0,0.0,1.0,0.0,0.0,0.0,0.0
Sess16_script05_M027,happiness,4.1,4.6,1,l/ n/ 이대로 가면 돼.,어,train,0.0,0.0,0.3,0.7,0.0,0.0,0.0
Sess16_script05_M027,happiness,4.1,4.6,2,우리아무 일도 없던거야 우리 그 전처럼 u/ 돌아가서 u/  그 사람이 죽었든 살았든 우린 사람을 친 적이 없어.,야 | 어,train,0.0,0.0,0.3,0.7,0.0,0.0,0.0
Sess16_script05_M028,happiness,4.1,4.7,1,그냥 가면 돼 우리 우리 아무일도 없던 거라고.,어 | 라고,train,0.0,0.0,0.1,0.8,0.0,0.0,0.1
Sess16_script05_M028,happiness,4.1,4.7,2,그냥 가자.,자,train,0.0,0.0,0.1,0.8,0.0,0.0,0.1
Sess16_script05_M031,anger,1.7,3.9,1,b/ 뭘 어떡해.,어,train,0.4,0.2,0.1,0.0,0.3,0.0,0.0
Sess16_script05_M031,anger,1.7,3.9,2,이왕 이렇게 된거 확실하게 해야지.,어야지,train,0.4,0.2,0.1,0.0,0.3,0.0,0.0
Sess16_script05_M033,anger,1.5,4.2,1,이미 늦었어.,어,train,0.6,0.1,0.3,0.0,0.0,0.0,0.0
Sess16_script06_M005,anger,2.7,3.3,1,야이 씨 야 이거 10분이면 끝난다 조금만 기다려.,ᆫ다 | 어,train,0.5,0.1,0.0,0.0,0.4,0.0,0.0
Sess16_script06_M006,anger,2.3,3.5,1,아이 지금 하고 있으니까 끝나고 준다고.,ᆫ다고,train,0.6,0.1,0.0,0.0,0.3,0.0,0.0
Sess16_script06_M007,anger,3.0,3.5,1,(불쌍해+아 그) 멍멍이 소리 그만하고 보기나 해.,어 | 어,train,0.5,0.4,0.0,0.0,0.1,0.0,0.0
Sess16_script06_M008,happiness,3.8,3.5,1,오 야 시작한다.,ᆫ다,train,0.0,0.0,0.0,0.6,0.2,0.0,0.2
Sess16_script06_M008,happiness,3.8,3.5,2,n/ o/ 옳치 아싸 좋았어 그래 하나 맞았고.,어 | 어,train,0.0,0.0,0.0,0.6,0.2,0.0,0.2
Sess16_script06_M011,happiness,4.9,4.8,1,s/ 야 야 네 개 n/ 네 개 와 야이씨 진짜 (이거 어떻게 할 거야+진짜) 야.,야 | 야,train,0.0,0.0,0.0,0.5,0.0,0.0,0.5
Sess16_script06_F011,happiness,4.0,4.5,1,아 (어떡해),어,train,0.0,0.0,0.0,0.0,0.0,0.0,1.0
Sess16_script06_F012,happiness,4.2,4.4,1,여섯 개 다 맞는 거 아니야?,야,train,0.0,0.0,0.0,0.0,0.0,0.0,1.0
Sess16_script06_F012,happiness,4.2,4.4,2,1등이야 1등.,야,train,0.0,0.0,0.0,0.0,0.0,0.0,1.0
Sess16_impro02_M003,sadness,2.0,2.1,1,엄마 내가 그렇게 후진가?,ᆫ가,train,0.0,0.2,0.0,0.0,0.2,0.6,0.0
Sess16_impro02_M004,sadness,2.1,2.3,1,아니 b/ 아 내가 사파이어고 다이아몬드는 아니여도 내가 그렇게 후진 사람은 아니라고 생각했는데 아 나 진짜 미치겠다.,다,train,0.0,0.3,0.0,0.0,0.3,0.4,0.0
Sess16_impro02_F005,sadness,2.4,2.4,1,b/ 그래 뭐 세상이 다 그렇지 뭐.,지,train,0.0,0.0,0.0,0.0,0.9,0.1,0.0
Sess16_impro02_M005,anger,2.0,3.1,1,아 근데 그 김 부장 말이야.,야,train,0.8,0.1,0.0,0.0,0.0,0.1,0.0
Sess16_impro02_F006,anger,2.9,2.8,1,음 파를 잘못 사왔네.,네,train,0.0,0.0,0.0,0.0,1.0,0.0,0.0
Sess16_impro02_M006,anger,2.1,3.3,1,엄마 듣고 있어?,어,train,0.8,0.0,0.0,0.0,0.2,0.0,0.0
Sess16_impro02_F007,anger,2.5,2.9,1,그래 니가 맨날 얘기했잖아.,잖아,train,0.0,0.2,0.0,0.0,0.8,0.0,0.0
Sess16_impro02_F008,anger,3.0,2.7,1,(마담+환불이) 될런지 모르겠네.,네,train,0.0,0.0,0.0,0.0,1.0,0.0,0.0
Sess16_impro02_M008,anger,1.7,4.4,1,엄마 듣고 있냐고.,냐고,train,1.0,0.0,0.0,0.0,0.0,0.0,0.0
Sess16_impro02_F009,anger,2.4,2.7,1,어 듣고 있어.,어,train,0.1,0.0,0.0,0.0,0.5,0.0,0.4
Sess16_impro02_M009,anger,1.7,4.0,1,아 씨 내가 뭐 김 부장 때문에 김 부장 때문에 그러는 줄 알어?,어,train,0.6,0.0,0.0,0.0,0.1,0.3,0.0
Sess16_impro02_M009,anger,1.7,4.0,2,u/ 지연이랑도 헤어지고 걔랑 헤어지니까 아 이제 뭐 진짜 끝난 거 같아.,어,train,0.6,0.0,0.0,0.0,0.1,0.3,0.0
Sess16_impro02_M009,anger,1.7,4.0,3,아 나 걔 없으면 안되는데.,는데,train,0.6,0.0,0.0,0.0,0.1,0.3,0.0
Sess16_impro02_F010,sadness,2.4,2.3,1,엄마가 그것까진 몰랐네.,네,train,0.0,0.0,0.0,0.0,0.6,0.4,0.0
Sess16_impro02_F010,sadness,2.4,2.3,2,괜찮아?,어,train,0.0,0.0,0.0,0.0,0.6,0.4,0.0
Sess16_impro02_F012,sadness,3.1,2.2,1,다 너 나이땐 엄마도 그랬어 괜찮아.,어 | 어,train,0.0,0.0,0.0,0.0,0.6,0.4,0.0
Sess16_impro02_M015,sadness,2.1,2.6,1,그냥 투정을 부리고 싶었어.,어,train,0.0,0.0,0.0,0.0,0.2,0.8,0.0
Sess16_impro02_M015,sadness,2.1,2.6,2,뭐 어디가서 내말 들어주는 사람도 없고.,고,train,0.0,0.0,0.0,0.0,0.2,0.8,0.0
Sess16_impro03_M007,anger,3.0,4.1,1,내가 의산데 내가 그걸 모르나.,나,train,0.5,0.0,0.0,0.0,0.2,0.0,0.3
Sess16_impro03_M007,anger,3.0,4.1,2,빨리 약 상자 갖고 와.,어,train,0.5,0.0,0.0,0.0,0.2,0.0,0.3
Sess16_impro03_M028,anger,1.9,4.3,1,아이 그 뭐 또 재수없는 소리야 그게.,야,train,0.7,0.0,0.0,0.0,0.1,0.0,0.2
Sess16_impro03_M028,anger,1.9,4.3,2,당신 죽으면 내가 뭐 사 사나?,나,train,0.7,0.0,0.0,0.0,0.1,0.0,0.2
Sess16_impro03_M028,anger,1.9,4.3,3,윤서 아직 어리니까 시집 보내고 나도 따라 죽어야지 뭐.,어야지,train,0.7,0.0,0.0,0.0,0.1,0.0,0.2
Sess16_impro04_M006,anger,1.6,4.5,1,아니 저 지금 징계 받으면은 완전히 회사에서 나가린데.,ᆫ데,train,0.6,0.0,0.1,0.0,0.0,0.0,0.3
Sess16_impro04_M006,anger,1.6,4.5,2,부장님 저한테 지금 도대체 왜 그러시는 겁니까?,ᆸ니까,train,0.6,0.0,0.1,0.0,0.0,0.0,0.3
Sess16_impro04_F007,anger,2.0,2.6,1,그건 저한테 물어보시면 안 되죠.,죠,train,0.1,0.3,0.0,0.0,0.6,0.0,0.0
Sess16_impro04_M007,anger,1.4,4.5,1,o/ 일단 징계위원회 열리면 빼도박도 못 하고 n/ 적어도 감봉에 웬만하면 좌천인데 창창한 대리한테 도대체 왜 그러시는 거냐고요.,냐고,train,1.0,0.0,0.0,0.0,0.0,0.0,0.0
Sess16_impro04_M009,anger,1.3,4.1,1,b/ 하 지금 대 일개 대리라고 무시하는 겁니까?,ᆸ니까,train,1.0,0.0,0.0,0.0,0.0,0.0,0.0
Sess16_impro04_M011,anger,1.6,3.3,1,하 b/ 이게 다 전무님이랑 만든 그림입니까?,ᆸ니까,train,0.5,0.4,0.0,0.0,0.1,0.0,0.0
Sess16_impro04_F012,anger,1.9,3.2,1,무슨 그림을 말씀하시는진 잘 모르겠는데 그냥 회사의 방침입니다.,ᆸ니다,train,0.2,0.6,0.0,0.0,0.2,0.0,0.0
Sess16_impro04_M012,anger,1.4,4.6,1,이 프로젝트 자체가 원래 말도 안 되는 거였습니다.,습니다,train,0.8,0.1,0.0,0.0,0.1,0.0,0.0
Sess16_impro04_M012,anger,1.4,4.6,2,b/ 이걸 정상화 시킬라고 추가 비용이 발생할 수 밖에 없다고요.,다고,train,0.8,0.1,0.0,0.0,0.1,0.0,0.0
Sess16_impro04_M012,anger,1.4,4.6,3,그걸 부장님도 잘 아시잖아요.,잖아요,train,0.8,0.1,0.0,0.0,0.1,0.0,0.0
Sess16_impro04_M017,anger,1.8,3.2,1,무슨 말씀이신지 모른다고요?,ᆫ다고요,train,0.6,0.3,0.0,0.0,0.1,0.0,0.0
Sess16_impro04_M017,anger,1.8,3.2,2,이렇게 얘기하시면 아시겠습니까?,습니까,train,0.6,0.3,0.0,0.0,0.1,0.0,0.0
Sess16_impro04_M018,anger,1.4,4.2,1,그것도 모두 다 까발리겠습니다.,습니다,train,0.7,0.1,0.0,0.0,0.2,0.0,0.0
Sess16_impro04_F020,anger,2.0,3.6,1,뭘 얘기하고 있는진 모르겠지만 일단 가지고 있으면 가지고 와요.,어요,train,0.3,0.2,0.0,0.0,0.1,0.0,0.4
Sess16_impro04_M020,anger,1.7,3.6,1,네 제대로 한판 붙어봅시다.,ᆸ시다,train,0.8,0.2,0.0,0.0,0.0,0.0,0.0
Sess16_impro04_M020,anger,1.7,3.6,2,당신과 전무 두 사람이 회삿돈을 얼마나 빼돌렸는지 내가 징계위원회 그대로 다 까발려드릴게요.,ᆯ게요,train,0.8,0.2,0.0,0.0,0.0,0.0,0.0
Sess16_impro04_F021,anger,1.9,3.7,1,그러세요.,세요,train,0.1,0.4,0.3,0.0,0.1,0.0,0.1
Sess16_impro04_M021,anger,1.9,3.2,1,네 그럼 저는 가보겠습니다.,습니다,train,0.4,0.4,0.0,0.0,0.2,0.0,0.0
Sess11_script01_F004,anger,2.0,3.1,1,제발 좀 어디가서 친오빠라고 좀 하지마.,어,train,0.6,0.4,0.0,0.0,0.0,0.0,0.0
Sess11_script01_F004,anger,2.0,3.1,2,나한테 오빠는 BTS 오빠들 뿐이니까.,니까,train,0.6,0.4,0.0,0.0,0.0,0.0,0.0
Sess11_script01_M003,anger,2.1,2.8,1,o/ BTS가 오빠냐?,냐,train,0.1,0.9,0.0,0.0,0.0,0.0,0.0
Sess11_script01_M003,anger,2.1,2.8,2,야 너보다 6살은 어려 웃기고 있네.,네,train,0.1,0.9,0.0,0.0,0.0,0.0,0.0
Sess11_script01_F005,anger,2.3,3.0,1,아 됐고.,고,train,0.6,0.2,0.0,0.0,0.2,0.0,0.0
Sess11_script01_F005,anger,2.3,3.0,2,나 드라마 봐야 (돼),어,train,0.6,0.2,0.0,0.0,0.2,0.0,0.0
Sess11_script01_F007,anger,2.2,3.3,1,헐 그냥 인터넷으로 나중에 검색하라고.,라고,train,0.7,0.3,0.0,0.0,0.0,0.0,0.0
Sess11_script01_M020,happiness,3.6,3.7,1,이 사실을 누구한테도 o/ 얘기 하지마.,어,train,0.0,0.0,0.1,0.1,0.8,0.0,0.0
Sess11_script01_F018,happiness,4.9,4.9,1,알았어.,어,train,0.0,0.0,0.0,1.0,0.0,0.0,0.0
Sess11_script01_F018,happiness,4.9,4.9,2,u/ 걱정하지마 나 입 무겁잖아.,어 | 잖아,train,0.0,0.0,0.0,1.0,0.0,0.0,0.0
Sess11_script01_M021,happiness,3.1,3.5,1,(신상구두좀+로또 1등 된 사람) u/ 사람 쫓아다니면서 돈 뺐고 구걸하는 사람들 있다잖아 o/ (어떡해+혹시모르니깐) 이건 너랑 나랑 아 너랑 나랑만 아는 비밀이야?,다잖아 | 어 | 야,train,0.0,0.0,0.1,0.2,0.7,0.0,0.0
Sess11_script01_F019,happiness,5.0,5.0,1,아 나 걱정하지마.,어,train,0.0,0.0,0.0,0.8,0.0,0.0,0.2
Sess11_script01_F019,happiness,5.0,5.0,2,나 오빠 동생이야.,야,train,0.0,0.0,0.0,0.8,0.0,0.0,0.2
Sess11_script01_F019,happiness,5.0,5.0,3,나 몰라?,어,train,0.0,0.0,0.0,0.8,0.0,0.0,0.2
Sess11_script01_F019,happiness,5.0,5.0,4,나 못믿어?,어,train,0.0,0.0,0.0,0.8,0.0,0.0,0.2
Sess11_script01_M022,happiness,3.1,3.2,1,o/ 그럼 그럼 못 믿지.,지,train,0.0,0.5,0.0,0.0,0.5,0.0,0.0
Sess11_script01_F020,happiness,5.0,4.8,1,오빠아아앙 내가 진짜 오빠 잘 될줄 (알았다니까),다니까,train,0.0,0.0,0.0,1.0,0.0,0.0,0.0
Sess11_script01_M023,happiness,3.2,3.6,1,(알았다니까+아) 됐고.,고,train,0.0,0.6,0.0,0.1,0.3,0.0,0.0
Sess11_script01_F021,happiness,4.9,4.8,1,오빠 내 친구 은지랑 소개팅 하고 싶다고 했지?,지,train,0.0,0.0,0.0,1.0,0.0,0.0,0.0
Sess11_script01_F021,happiness,4.9,4.8,2,내가 바로 주선해볼게.,ᆯ게,train,0.0,0.0,0.0,1.0,0.0,0.0,0.0
Sess11_script01_M025,happiness,4.2,3.3,1,진작에 그럴 것이지.,지,train,0.0,0.0,0.0,0.2,0.8,0.0,0.0
Sess11_script01_M025,happiness,4.2,3.3,2,얼마 필요하냐?,냐,train,0.0,0.0,0.0,0.2,0.8,0.0,0.0
Sess11_script01_F023,happiness,5.0,4.9,1,진짜지?,지,train,0.0,0.0,0.0,1.0,0.0,0.0,0.0
Sess11_script01_F023,happiness,5.0,4.9,2,아 내 오빠가 짱이야 진짜 최고야.,야 | 야,train,0.0,0.0,0.0,1.0,0.0,0.0,0.0
Sess11_script01_F023,happiness,5.0,4.9,3,나한테는 역시 우리 오빠뿐이야.,야,train,0.0,0.0,0.0,1.0,0.0,0.0,0.0
Sess11_script01_M026,happiness,3.9,3.2,1,b/ 1억이라.,라,train,0.0,0.0,0.0,0.2,0.8,0.0,0.0
Sess11_script01_M026,happiness,3.9,3.2,2,음 b/ 좋아 뭐 돈 찾으면 바로 현금으로 줄게.,어 | ᆯ게,train,0.0,0.0,0.0,0.2,0.8,0.0,0.0
Sess11_script01_F024,happiness,4.8,4.6,1,b/ 오빠 나 생각만 해도 너무 좋아.,어,train,0.0,0.0,0.0,1.0,0.0,0.0,0.0
Sess11_script01_M027,happiness,4.1,3.9,1,아 진짜 나 나도 너무 놀라가지고 씨 이게 꿈인가?,ᆫ가,train,0.0,0.0,0.0,0.2,0.3,0.0,0.5
Sess11_script01_M027,happiness,4.1,3.9,2,생시인가?,ᆫ가,train,0.0,0.0,0.0,0.2,0.3,0.0,0.5
Sess11_script01_M027,happiness,4.1,3.9,3,싶다.,다,train,0.0,0.0,0.0,0.2,0.3,0.0,0.5
Sess11_script02_F006,anger,2.4,3.1,1,아 뭐야.,야,train,0.6,0.1,0.0,0.0,0.3,0.0,0.0
Sess11_script02_F006,anger,2.4,3.1,2,나 말 안해.,어,train,0.6,0.1,0.0,0.0,0.3,0.0,0.0
Sess11_script02_M007,happiness,3.9,3.3,1,우리 여진이는 꿈이 뭐야?,야,train,0.0,0.0,0.0,0.1,0.9,0.0,0.0
Sess11_script02_F007,happiness,3.8,3.6,1,궁금해?,어,train,0.0,0.0,0.0,0.6,0.4,0.0,0.0
Sess11_script02_M008,happiness,3.7,3.2,1,그럼 궁금하지.,지,train,0.0,0.0,0.0,0.1,0.9,0.0,0.0
Sess11_script02_M009,happiness,3.6,3.3,1,뭐라고?,라고,train,0.0,0.0,0.0,0.0,0.3,0.0,0.7
Sess11_script02_F010,happiness,4.3,4.3,1,어때 나 오빠 여잔데.,어 | ᆫ데,train,0.2,0.0,0.0,0.6,0.2,0.0,0.0
Sess11_script02_M015,happiness,3.6,2.7,1,o/ 어쨌든 아이 둘을 낳아서.,어서,train,0.0,0.0,0.0,0.4,0.6,0.0,0.0
Sess11_script02_F015,anger,2.0,3.2,1,뭐야.,야,train,0.7,0.1,0.0,0.0,0.2,0.0,0.0
Sess11_script02_F016,anger,1.9,3.4,1,나야말로 오빠랑 뭐 누가 결혼한대?,ᆫ대,train,0.6,0.2,0.0,0.0,0.2,0.0,0.0
Sess11_script02_M017,anger,2.6,3.3,1,방금 전엔 한다고 했잖아.,잖아,train,0.0,0.0,0.0,0.0,0.9,0.0,0.1
Sess11_script02_F017,anger,1.8,3.5,1,하도 불쌍하고 보잘것 없어 보여서 해준다고 한거지.,지,train,0.8,0.1,0.0,0.0,0.1,0.0,0.0
Sess11_script02_F017,anger,1.8,3.5,2,내가 당신 처럼 어리바리한 남자를 뭐가 좋다고 결혼을 해?,어,train,0.8,0.1,0.0,0.0,0.1,0.0,0.0
Sess11_script02_F018,anger,1.9,2.8,1,b/ 아 됐어.,어,train,0.9,0.1,0.0,0.0,0.0,0.0,0.0
Sess11_script02_M019,anger,3.6,3.2,1,여진아 이거 봐봐.,어,train,0.0,0.0,0.0,0.0,1.0,0.0,0.0
Sess11_script02_M019,anger,3.6,3.2,2,o/ 널 위해 선물을 준비했어.,어,train,0.0,0.0,0.0,0.0,1.0,0.0,0.0
Sess11_script02_F019,anger,2.3,2.7,1,게 뭔데?,ᆫ데,train,0.7,0.0,0.0,0.0,0.3,0.0,0.0
Sess11_script02_F023,happiness,3.6,4.2,1,l/ 아 오빠 너무 웃겨.,어,train,0.0,0.0,0.0,0.4,0.2,0.0,0.4
Sess11_script02_M024,happiness,3.6,3.2,1,o/ 미안해.,어,train,0.0,0.0,0.0,0.1,0.8,0.1,0.0
Sess11_script02_M024,happiness,3.6,3.2,2,하지만 다음 만날땐 내가 꼭 멋진 선물 사줄게.,ᆯ게,train,0.0,0.0,0.0,0.1,0.8,0.1,0.0
Sess11_script02_M024,happiness,3.6,3.2,3,내가 지금은 비록 중국집 배달부 밖에 안되지만 열심히 일하면 제주도 앞바다에 멋진 펜션을 짓고 우리도 멋있게 행복하게 살 수 있어.,어,train,0.0,0.0,0.0,0.1,0.8,0.1,0.0
Sess11_script02_F031,happiness,3.9,3.7,1,으이그 이 무능력한 남자야.,야,train,0.0,0.1,0.0,0.5,0.4,0.0,0.0
Sess11_script02_F031,happiness,3.9,3.7,2,여자인 내가 반지를 준비해야겠어?,어,train,0.0,0.1,0.0,0.5,0.4,0.0,0.0
Sess11_script02_F031,happiness,3.9,3.7,3,오빠가 당연히 준비해야지.,어야지,train,0.0,0.1,0.0,0.5,0.4,0.0,0.0
Sess11_script02_M030,happiness,3.7,3.4,1,이거 어떻게 샀어?,어,train,0.0,0.0,0.0,0.0,0.0,0.0,1.0
Sess11_script02_M030,happiness,3.7,3.4,2,너 돈 없잖아?,잖아,train,0.0,0.0,0.0,0.0,0.0,0.0,1.0
Sess11_script03_M008,anger,2.2,3.3,1,n/ b/ 아 제가 보기엔 10점도 안되는데.,는데,train,0.1,0.6,0.0,0.0,0.3,0.0,0.0
Sess11_script03_M009,anger,2.3,2.8,1,아이 뭐 패션이란게 주관적인거 아닌가요?,ᆫ가요,train,0.0,0.7,0.0,0.0,0.3,0.0,0.0
Sess11_script03_M009,anger,2.3,2.8,2,그 내가 보기엔 10점입니다.,ᆸ니다,train,0.0,0.7,0.0,0.0,0.3,0.0,0.0
Sess11_script03_M011,anger,2.2,2.5,1,o/ 아 그래서 옷이 그렇구나.,구나,train,0.0,0.7,0.0,0.0,0.3,0.0,0.0
Sess11_script03_M012,anger,2.4,2.8,1,(좀+아 됐고여) 그 취직 공부하느냐고 연애할 시간이 없던 거 맞죠?,죠,train,0.0,0.1,0.0,0.0,0.9,0.0,0.0
Sess11_script03_M012,anger,2.4,2.8,2,그럼 마지막으로 연애 한 게 언제에요?,에요,train,0.0,0.1,0.0,0.0,0.9,0.0,0.0
Sess11_script03_F012,anger,2.0,3.2,1,회사 다닐 때 했습니다.,습니다,train,0.5,0.1,0.0,0.0,0.4,0.0,0.0
Sess11_script03_M014,anger,3.4,3.3,1,l/ 아 설마가 사람 잡는다고 하잖아요.,잖아요,train,0.0,0.0,0.0,0.1,0.9,0.0,0.0
Sess11_script03_M014,anger,3.4,3.3,2,그 특기가 노래랑 춤이라며?,라며,train,0.0,0.0,0.0,0.1,0.9,0.0,0.0
Sess11_script03_M014,anger,3.4,3.3,3,보여줄 수 있어요?,어요,train,0.0,0.0,0.0,0.1,0.9,0.0,0.0
Sess11_script03_M014,anger,3.4,3.3,4,o/ 그 요즘 유행하는 노래 있잖아요.,잖아요,train,0.0,0.0,0.0,0.1,0.9,0.0,0.0
Sess11_script03_M014,anger,3.4,3.3,5,그 뭐지?,지,train,0.0,0.0,0.0,0.1,0.9,0.0,0.0
Sess11_script03_M014,anger,3.4,3.3,6,초등학생도 부르는 아 그 사랑을 했다?,다,train,0.0,0.0,0.0,0.1,0.9,0.0,0.0
Sess11_script03_M016,anger,2.1,2.8,1,못하겠어요?,어요,train,0.1,0.5,0.0,0.0,0.4,0.0,0.0
Sess11_script03_M016,anger,2.1,2.8,2,o/ 이력서에 적어논 걸 우린 확인 할 권한이 있어요.,어요,train,0.1,0.5,0.0,0.0,0.4,0.0,0.0
Sess11_script03_M016,anger,2.1,2.8,3,진짠지 가짠지 확인해봐야죠.,어야죠,train,0.1,0.5,0.0,0.0,0.4,0.0,0.0
Sess11_script03_M016,anger,2.1,2.8,4,아니면 적질 말든가.,든가,train,0.1,0.5,0.0,0.0,0.4,0.0,0.0
Sess11_script03_F016,anger,1.8,2.5,1,아니요 음 하겠습니다.,습니다,train,0.5,0.3,0.0,0.0,0.2,0.0,0.0
Sess11_script03_F016,anger,1.8,2.5,2,o/ 사랑을 했다 우리가 만나.,다 | 어,train,0.5,0.3,0.0,0.0,0.2,0.0,0.0
Sess11_script03_F017,anger,1.6,3.3,1,원래 면접을 이런 식으로 보세요?,세요,train,0.8,0.2,0.0,0.0,0.0,0.0,0.0
Sess11_script03_F018,anger,1.4,4.3,1,신성 좋아하고 있네.,네,train,0.9,0.1,0.0,0.0,0.0,0.0,0.0
Sess11_script03_F018,anger,1.4,4.3,2,이력서 한줄 채우려고 내가 특기를 좀 과장되게 썼지만 n/ 그렇다고 이걸 이런 식으로 엮는게 오히려 신성모독 아닌가?,ᆫ가,train,0.9,0.1,0.0,0.0,0.0,0.0,0.0
Sess11_script03_F018,anger,1.4,4.3,3,당신들 습관인 거 같은데 가뜩이나 취직 안 돼서 괴로워 죽겠는데 사람을 갖고 놀아?,어,train,0.9,0.1,0.0,0.0,0.0,0.0,0.0
Sess11_script04_F003,sadness,2.1,2.9,1,조금 섭섭해서 찾아왔어요.,어요,train,0.1,0.0,0.0,0.0,0.4,0.5,0.0
Sess11_script04_F003,sadness,2.1,2.9,2,이번 환경 단체 프로젝트에서 저를 빼고 다른 분하고 파트너 짜셨다면서요.,다면서요,train,0.1,0.0,0.0,0.0,0.4,0.5,0.0
Sess11_script04_F009,anger,2.2,3.3,1,팀장님 말씀이 좀 지나치시것 같은데.,은데,train,0.5,0.4,0.0,0.0,0.1,0.0,0.0
Sess11_script04_F010,anger,2.1,2.8,1,b/ (있으니깐요+알겠습니다) 그럼 하나만 묻고 싶어서요.,으니깐요 | 습니다 | 어서요,train,0.5,0.1,0.0,0.0,0.4,0.0,0.0
Sess11_script04_F010,anger,2.1,2.8,2,저 아이디어는 왜 발탁이 안된건가요?,ᆫ가,train,0.5,0.1,0.0,0.0,0.4,0.0,0.0
Sess11_script04_F010,anger,2.1,2.8,3,남의 아이디어가 더 뛰어나서 그랬다 뭐 이런 식의 뻔한 답변은 안 해주실거라고 믿습니다.,다 | 습니다,train,0.5,0.1,0.0,0.0,0.4,0.0,0.0
Sess11_script04_F012,anger,2.1,3.3,1,너무 공격적으로 생각하시는 것 아닌가요?,ᆫ가요,train,0.4,0.3,0.0,0.0,0.3,0.0,0.0
Sess11_script04_F012,anger,2.1,3.3,2,저도 고민하고 심사숙고해서 낸 아이디어인데 뭐가 문제였는지 뭐가 부족했는지 물어볼 순 있지 않나요?,나요,train,0.4,0.3,0.0,0.0,0.3,0.0,0.0
Sess11_script04_M011,anger,2.3,2.5,1,좋은 질문이군요.,군요,train,0.0,0.7,0.0,0.0,0.3,0.0,0.0
Sess11_script04_M011,anger,2.3,2.5,2,음 솔직히 소은씨 아이디어가 가장 훌륭했고 가장 높은 점수인거 u/ 가장 높은점수를 받았습니다.,습니다,train,0.0,0.7,0.0,0.0,0.3,0.0,0.0
Sess11_script04_M011,anger,2.3,2.5,3,b/ 하지만 저는 소은씨 같은 스타일을 싫어합니다.,ᆸ니다,train,0.0,0.7,0.0,0.0,0.3,0.0,0.0
Sess11_script04_M012,anger,1.9,2.1,1,아뇨 기본이 부족해서 싫고 이 뜻은 심사위원 모두가 공감했습니다.,습니다,train,0.1,0.5,0.0,0.0,0.4,0.0,0.0
Sess11_script04_M012,anger,1.9,2.1,2,제가 말씀 드리면 소은씨는 발전하는게 아니라 퇴보하실 거에요.,에요,train,0.1,0.5,0.0,0.0,0.4,0.0,0.0
Sess11_script04_M012,anger,1.9,2.1,3,발전이란 바탕이 있어야 되 바탕이 있어야 높아지는데 잔인한 이야기지만 b/ 소은씨 바탕이 부족합니다.,ᆸ니다,train,0.1,0.5,0.0,0.0,0.4,0.0,0.0
Sess11_script04_M012,anger,1.9,2.1,4,작성 후 작성 후 읽어는 보셨나요?,나요,train,0.1,0.5,0.0,0.0,0.4,0.0,0.0
Sess11_script04_M012,anger,1.9,2.1,5,페이지 하나 하나 마다 오타가 하나씩 있습니다 그리고.,습니다,train,0.1,0.5,0.0,0.0,0.4,0.0,0.0
Sess11_script04_F014,anger,1.7,3.7,1,아니 그면 오타 때문에 아이디어를 탈락 시켰다구요?,다구요,train,0.5,0.0,0.0,0.0,0.1,0.0,0.4
Sess11_script05_M005,anger,1.8,2.8,1,죽었으면 어떡하지?,지,train,0.0,0.0,0.6,0.0,0.1,0.0,0.3
Sess11_script05_M005,anger,1.8,2.8,2,죽었으면 어떡하지?,지,train,0.0,0.0,0.6,0.0,0.1,0.0,0.3
Sess11_script05_M005,anger,1.8,2.8,3,난 술도 마셨는데 신고해야되나?,나,train,0.0,0.0,0.6,0.0,0.1,0.0,0.3
Sess11_script05_M005,anger,1.8,2.8,4,u/ o/ 나중에 일이 더 커질거야 어떡하지.,야 | 지,train,0.0,0.0,0.6,0.0,0.1,0.0,0.3
Sess11_script05_F009,anger,1.4,3.9,1,지금 무슨 소릴 하는거야.,야,train,0.7,0.1,0.0,0.0,0.0,0.0,0.2
Sess11_script05_F009,anger,1.4,3.9,2,지금 어딘가에 있을거야 우리가 사람을 쳤는데 당연히 찾아서 병원에 (데려가야지),야 | 어야지,train,0.7,0.1,0.0,0.0,0.0,0.0,0.2
Sess11_script05_F012,anger,1.3,4.0,1,이건 사람이면 사람이면 이러면 안되잖아 당신 이런 사람 아니잖아 왜이러는건데.,잖아 | 잖아 | ᆫ데,train,0.4,0.3,0.1,0.0,0.0,0.0,0.2
Sess11_script06_F006,sadness,1.7,1.9,1,잘 들어.,어,train,0.0,0.0,0.0,0.0,0.1,0.9,0.0
Sess11_script06_F006,sadness,1.7,1.9,2,나 폐에 종양이 생겼대.,대,train,0.0,0.0,0.0,0.0,0.1,0.9,0.0
Sess11_script06_F007,sadness,1.8,2.0,1,당신 나 없이도 꿋꿋하게 애들 키우며 살아야 돼.,어,train,0.0,0.0,0.0,0.0,0.2,0.8,0.0
Sess11_script06_M009,sadness,1.9,2.6,1,자기 지금 무슨 소리야.,야,train,0.0,0.0,0.0,0.0,0.2,0.0,0.8
Sess11_script06_M009,sadness,1.9,2.6,2,농담이지?,지,train,0.0,0.0,0.0,0.0,0.2,0.0,0.8
Sess11_script06_F008,sadness,1.4,1.8,1,b/ 악성이래.,래,train,0.0,0.0,0.0,0.0,0.1,0.9,0.0
Sess11_script06_F008,sadness,1.4,1.8,2,이미 왼쪽에 70프로 정도 퍼져있구 정확한 건 가슴을 열어봐야 알겠지만 림프절과 늑막에까지 전이가 됐대.,대,train,0.0,0.0,0.0,0.0,0.1,0.9,0.0
Sess11_script06_M010,sadness,1.8,3.6,1,장난이지?,지,train,0.0,0.0,0.0,0.0,0.1,0.0,0.9
Sess11_script06_M010,sadness,1.8,3.6,2,농담하는 거지?,지,train,0.0,0.0,0.0,0.0,0.1,0.0,0.9
Sess11_script06_M010,sadness,1.8,3.6,3,지금이라도 빨리 병원 가자.,자,train,0.0,0.0,0.0,0.0,0.1,0.0,0.9
Sess11_script06_F009,sadness,1.3,1.7,1,이미 늦었어.,어,train,0.0,0.0,0.0,0.0,0.2,0.8,0.0
Sess11_script06_M011,sadness,2.1,2.8,1,수술하면 되는 거 아니야?,야,train,0.0,0.0,0.1,0.0,0.5,0.1,0.3
Sess11_script06_F014,sadness,1.8,2.0,1,여보 우리 아빠 기억해?,어,train,0.0,0.0,0.0,0.0,0.4,0.6,0.0
Sess11_script06_F015,sadness,1.7,1.8,1,사실 우리 아빠도 나랑 같은 병이었어.,어,train,0.0,0.0,0.1,0.0,0.4,0.5,0.0
Sess11_script06_F016,sadness,1.3,2.0,1,미안해 아빠는 3년 동안 폐암으로 병원에 계시다가 돌아가셨어.,어 | 어,train,0.0,0.0,0.0,0.0,0.0,1.0,0.0
Sess11_script06_M018,sadness,2.9,2.8,1,n/ 미숙아 어 그 그게 중요한게 아냐.,냐,train,0.0,0.0,0.2,0.0,0.4,0.4,0.0
Sess11_script06_M018,sadness,2.9,2.8,2,그런거 중요한게 아니잖아.,잖아,train,0.0,0.0,0.2,0.0,0.4,0.4,0.0
Sess11_script06_M018,sadness,2.9,2.8,3,일단 입원 치료하고 수술 받자.,자,train,0.0,0.0,0.2,0.0,0.4,0.4,0.0
Sess11_script06_M018,sadness,2.9,2.8,4,그럼 살 수 있어.,어,train,0.0,0.0,0.2,0.0,0.4,0.4,0.0
Sess11_impro01_F010,anger,2.3,3.0,1,그 제가 제 요리에 자신이 있고 여기에 대해서 한 번도 저는 뭔가 부끄러운 짓을 한 적이 없고 객관적으로 많은 사람들이 되게 좋다고 했었는데 왜 거기에 대해서 지금 이렇게 얘기하시는지 모르겠거든요.,거든요,train,0.5,0.3,0.0,0.0,0.2,0.0,0.0
Sess11_impro01_F011,anger,1.9,3.7,1,o/ 수준 이하라고요?,라고요,train,0.8,0.0,0.0,0.0,0.0,0.0,0.2
Sess11_impro01_M011,anger,2.1,2.7,1,네 수준 이하요.,요,train,0.1,0.7,0.0,0.0,0.2,0.0,0.0
Sess11_impro01_M011,anger,2.1,2.7,2,뭔 말인지 아시겠죠?,죠,train,0.1,0.7,0.0,0.0,0.2,0.0,0.0
Sess11_impro01_F012,anger,1.8,3.3,1,아이 그럼 주방장님이 해놓으신 건 어떤게 있는데요?,는데요,train,0.6,0.3,0.0,0.0,0.1,0.0,0.0
Sess11_impro01_F012,anger,1.8,3.3,2,(네+저) 주방장님 요리가 그렇게 맛있는지 모르겠더라구요.,더라구요,train,0.6,0.3,0.0,0.0,0.1,0.0,0.0
Sess11_impro01_M014,anger,2.1,2.6,1,미윤 씨 어디서 배웠어요 요리?,어요,train,0.0,0.5,0.0,0.0,0.5,0.0,0.0
Sess11_impro01_F015,anger,1.9,3.1,1,저도 오랫동안 경력 쌓아서 u/ 식당에서 잘 배웠거든요?,거든요,train,0.9,0.1,0.0,0.0,0.0,0.0,0.0
Sess11_impro01_F017,anger,2.0,2.9,1,저는 그냥 객 그냥 주관적이든 뭐든 지금 이 요리에 대한 얘기만 해주면 될 거 같아요.,어요,train,0.4,0.4,0.0,0.0,0.2,0.0,0.0
Sess11_impro01_M020,anger,1.9,3.3,1,b/ 제가 느꼈을 때는 그냥 뭐 고깃덩어리 갖다가 튀긴 거 같던데.,던데,train,0.2,0.6,0.0,0.0,0.2,0.0,0.0
Sess11_impro01_M020,anger,1.9,3.3,2,고기 결도 살아있지 않고 뭐 튀김옷이 살아있는 것도 아니고 그냥 그냥 그건요 튀김이라서 맛있는 거예요.,예요,train,0.2,0.6,0.0,0.0,0.2,0.0,0.0
Sess11_impro01_M020,anger,1.9,3.3,3,뭔말인지 아시겠어요?,어요,train,0.2,0.6,0.0,0.0,0.2,0.0,0.0
Sess11_impro01_F020,anger,1.6,3.2,1,아 주방장님이 뭐 탕수육 드셔보시기나 하셨어요?,어요,train,0.5,0.5,0.0,0.0,0.0,0.0,0.0
Sess11_impro01_F021,anger,1.5,4.1,1,진짜 불합리하다고 생각하구요.,구요,train,0.9,0.1,0.0,0.0,0.0,0.0,0.0
Sess11_impro01_F021,anger,1.5,4.1,2,(저 나갈게요+저기 미윤씨 미윤씨) 네 싫으시면 나갈게요.,ᆯ게요 | ᆯ게요,train,0.9,0.1,0.0,0.0,0.0,0.0,0.0
Sess11_impro01_F021,anger,1.5,4.1,3,됐죠?,죠,train,0.9,0.1,0.0,0.0,0.0,0.0,0.0
Sess11_impro01_F022,anger,1.6,3.3,1,제가 주방장님 짬뽕 먹고 맛있고 인정을 하면 여기서 일할게요.,ᆯ게요,train,0.7,0.3,0.0,0.0,0.0,0.0,0.0
Sess11_impro01_F022,anger,1.6,3.3,2,개처럼 배워서 일하면 될 거 아니에요.,에요,train,0.7,0.3,0.0,0.0,0.0,0.0,0.0
Sess11_impro01_F022,anger,1.6,3.3,3,근데 지금 제꺼 다시 드셔보시고 맛있으면 전 나가요.,어요,train,0.7,0.3,0.0,0.0,0.0,0.0,0.0
Sess11_impro02_F001,happiness,3.8,3.1,1,어 아들 왔어?,어,train,0.0,0.0,0.0,0.6,0.4,0.0,0.0
Sess11_impro02_F001,happiness,3.8,3.1,2,o/ 장보고 왔으니까 엄마가 맛있는 거 해줄게.,ᆯ게,train,0.0,0.0,0.0,0.6,0.4,0.0,0.0
Sess11_impro03_F002,happiness,3.7,3.1,1,아 요번에 분위기도 좋고 음 너무 좋은 거 같애 고마워요.,애 | 어요,train,0.0,0.0,0.0,0.7,0.3,0.0,0.0
Sess11_impro03_F016,anger,1.7,3.8,1,무슨 말을 하는 거에요?,에요,train,0.5,0.0,0.0,0.0,0.0,0.0,0.5
Sess11_impro03_F024,anger,1.4,4.4,1,하씨 n/ 진짜 미치겠네.,네,train,0.5,0.0,0.4,0.0,0.0,0.0,0.1
Sess11_impro03_F024,anger,1.4,4.4,2,나더러 어떻게 하라는 거야 지금 아 진짜 독박쓰게 생겼네.,야 | 네,train,0.5,0.0,0.4,0.0,0.0,0.0,0.1
Sess11_impro04_F001,happiness,3.9,3.2,1,어 여보 어서와 피곤하지?,지,train,0.0,0.0,0.0,0.6,0.4,0.0,0.0
Sess11_impro04_M006,happiness,2.6,3.0,1,하아 안되겠네 약통 어딨어?,네 | 어,train,0.1,0.0,0.0,0.0,0.7,0.0,0.2
Sess11_impro04_M007,happiness,2.9,3.5,1,아 남편이 의산데 무슨 신경을 안 써 내가 발라줄게.,어 | ᆯ게,train,0.2,0.0,0.0,0.0,0.6,0.0,0.2
Sess11_impro04_M007,happiness,2.9,3.5,2,어딨다고?,다고,train,0.2,0.0,0.0,0.0,0.6,0.0,0.2
Sess11_impro04_M008,happiness,3.3,3.3,1,일루와서 앉아봐.,어,train,0.2,0.0,0.0,0.0,0.7,0.0,0.1
Sess11_impro04_M008,happiness,3.3,3.3,2,u/ 뭐야.,야,train,0.2,0.0,0.0,0.0,0.7,0.0,0.1
Sess11_impro04_M013,happiness,2.9,3.1,1,아휴 여기도 심하네.,네,train,0.0,0.0,0.0,0.0,0.9,0.0,0.1
Sess11_impro04_F014,happiness,4.3,3.6,1,당신 기억나?,어,train,0.0,0.0,0.0,0.8,0.2,0.0,0.0
Sess11_impro04_F016,happiness,4.5,4.1,1,o/ 아니 그때 응급실에서 내 손 잡고 아주 막 난리 났잖아.,잖아,train,0.0,0.0,0.0,1.0,0.0,0.0,0.0
Sess11_impro04_F017,happiness,4.7,3.9,1,의사 어딨냐고 나도 의산데 어?,ᆫ데,train,0.0,0.0,0.0,1.0,0.0,0.0,0.0
Sess11_impro04_M017,happiness,3.8,4.1,1,그때는 내가 당신 맹장인 줄 알았으면 안 그랬지.,지,train,0.0,0.1,0.0,0.2,0.6,0.0,0.1
Sess11_impro04_M017,happiness,3.8,4.1,2,그때 온 아프다고 난리 치니까 내가 그런 거 아니야.,야,train,0.0,0.1,0.0,0.2,0.6,0.0,0.1
Sess11_impro04_F018,happiness,4.7,4.2,1,아 저도 의사여서 살려주세요 상미 (살려주세요),세요 | 세요,train,0.0,0.0,0.0,1.0,0.0,0.0,0.0
Sess11_impro04_M018,happiness,3.9,3.8,1,(살려주세요+아니라고) 아 그 내가 그때 인턴이였어.,세요 | 라고 | 어,train,0.0,0.0,0.0,0.3,0.6,0.0,0.1
Sess11_impro04_M018,happiness,3.9,3.8,2,인턴 인턴 인턴이였어.,어,train,0.0,0.0,0.0,0.3,0.6,0.0,0.1
Sess11_impro04_F019,happiness,4.6,3.9,1,내가 죽을까 봐 그랬지?,지,train,0.0,0.0,0.0,1.0,0.0,0.0,0.0
Sess11_impro04_M019,happiness,3.7,3.6,1,아이 뭐 그 그럴수도 있다 생각을 한 거지.,다 | 지,train,0.0,0.0,0.0,0.4,0.6,0.0,0.0
Sess11_impro04_M020,happiness,3.7,3.3,1,b/ 옛날 얘기하고 그래.,어,train,0.0,0.0,0.0,0.5,0.5,0.0,0.0
Sess11_impro04_M021,happiness,3.6,3.3,1,뭐어?,어,train,0.0,0.1,0.0,0.3,0.3,0.0,0.3
Sess11_impro04_F021,happiness,4.0,3.7,1,왜 애기해봐.,어,train,0.0,0.0,0.0,0.9,0.1,0.0,0.0
Sess11_impro04_F025,happiness,4.4,3.5,1,l/ 아 무슨 옆구리 찔러 절 받기네.,네,train,0.0,0.0,0.0,1.0,0.0,0.0,0.0
Sess11_impro04_M026,happiness,3.7,3.2,1,나 이제 수술 있어서 자겠습니다.,습니다,train,0.0,0.0,0.0,0.3,0.7,0.0,0.0
Sess11_impro04_M026,happiness,3.7,3.2,2,예 먼저 주무 잘게요.,ᆯ게요,train,0.0,0.0,0.0,0.3,0.7,0.0,0.0
Sess11_impro04_M029,happiness,2.6,3.0,1,아이 b/ 너가 없으면 내가 어떻게 사니 그러면 뭐 그냥 뭐 대충 유 대충 뭐 윤서 시집보내고 당신 따라 죽어야지 뭐 어떡해.,어야지 | 어,train,0.0,0.0,0.0,0.0,0.6,0.4,0.0
Sess11_impro04_F029,happiness,4.9,4.3,1,에휴 내 남편 이렇게 말도 잘 대답도 잘하니.,니,train,0.0,0.0,0.0,1.0,0.0,0.0,0.0
Sess11_impro04_M030,happiness,3.3,2.9,1,o/ N/ 그걸 물어봐.,어,train,0.0,0.0,0.0,0.1,0.8,0.1,0.0
Sess11_impro04_F030,happiness,4.8,4.1,1,b/ 아휴 너무 좋다 이대론 못 재우겠다.,다,train,0.0,0.0,0.0,1.0,0.0,0.0,0.0
Sess11_impro04_M031,happiness,3.9,3.0,1,에 아 아니야 나 잠잘게.,ᆯ게,train,0.0,0.0,0.4,0.2,0.3,0.0,0.1
Sess11_impro04_M034,happiness,4.2,3.2,1,어 그렇긴 한데 일단 일단은 지금은 수술도 중요해.,어,train,0.0,0.0,0.0,0.4,0.6,0.0,0.0
Sess11_impro04_M034,happiness,4.2,3.2,2,그러니까 여보 자께 미안해 나 먼저 잔다.,어 | ᆫ다,train,0.0,0.0,0.0,0.4,0.6,0.0,0.0
Sess11_impro04_M035,happiness,3.6,3.4,1,아 무슨 u/ 사랑병 걸렸나 사랑한다야 했잖아.,잖아,train,0.0,0.1,0.0,0.4,0.4,0.0,0.1
Sess11_impro04_M035,happiness,3.6,3.4,2,아까 했잖아.,잖아,train,0.0,0.1,0.0,0.4,0.4,0.0,0.1
Sess11_impro04_M035,happiness,3.6,3.4,3,아까 했잖아.,잖아,train,0.0,0.1,0.0,0.4,0.4,0.0,0.1
Sess11_impro04_M035,happiness,3.6,3.4,4,아까 했잖아.,잖아,train,0.0,0.1,0.0,0.4,0.4,0.0,0.1
Sess11_impro04_F035,happiness,4.4,3.4,1,b/ 아니 제대로 얘길해줘 봐.,어,train,0.0,0.0,0.0,0.9,0.1,0.0,0.0
Sess11_impro04_F035,happiness,4.4,3.4,2,연애할 때처럼 그렇게 하면 내가 재워줄게.,ᆯ게,train,0.0,0.0,0.0,0.9,0.1,0.0,0.0
Sess11_impro04_F036,happiness,4.2,3.6,1,뭐 남사스러워 응?,어,train,0.0,0.0,0.0,0.8,0.2,0.0,0.0
Sess11_impro04_F036,happiness,4.2,3.6,2,우리 연애할 때처럼 한 번만 얘기해주면 내가 진짜 자는 거 허락해줄게.,ᆯ게,train,0.0,0.0,0.0,0.8,0.2,0.0,0.0
Sess05_script01_F004,happiness,3.4,3.1,1,제발 좀 어디가서 친오빠라고 하지 마.,어,train,0.0,0.2,0.0,0.6,0.2,0.0,0.0
Sess05_script01_F004,happiness,3.4,3.1,2,나한테 오빠는 BTS 오빠들 뿐이니까.,니까,train,0.0,0.2,0.0,0.6,0.2,0.0,0.0
Sess05_script01_F006,anger,2.2,3.4,1,(몰라+아) 모르겠고 드라마 할 시간이니까 리모콘이나 주시지?,어 | 지,train,0.5,0.3,0.0,0.0,0.2,0.0,0.0
Sess05_script01_M005,anger,2.8,3.2,1,아 이거 10분이면 끝나.,어,train,0.0,0.0,0.0,0.0,0.8,0.0,0.2
Sess05_script01_M005,anger,2.8,3.2,2,아 조금만 기다려.,어,train,0.0,0.0,0.0,0.0,0.8,0.0,0.2
Sess05_script01_F007,anger,2.0,3.4,1,l/ 아 그냥 인터넷으로 나중에 검색 하라고.,라고,train,0.7,0.2,0.0,0.0,0.1,0.0,0.0
Sess05_script01_F019,happiness,4.7,4.6,1,o/ N/ 어떡해.,어,train,0.0,0.0,0.0,0.7,0.0,0.0,0.3
Sess05_script01_F019,happiness,4.7,4.6,2,오빠 (오빠 오빠 u/ 오빠 오빠 오빠+야 야 어떡하냐 나 심장 뛰는 거 봐 어 미칠 거 같아) 오빠 나 잊지마.,냐 | 어 | 어 | 어,train,0.0,0.0,0.0,0.7,0.0,0.0,0.3
Sess05_script01_F019,happiness,4.7,4.6,3,나 잊으면 안돼.,어,train,0.0,0.0,0.0,0.7,0.0,0.0,0.3
Sess05_script01_M022,happiness,2.7,3.4,1,이 사실 누구한테도 이야기 하지마.,어,train,0.1,0.0,0.2,0.0,0.7,0.0,0.0
Sess05_script01_F021,happiness,4.7,4.3,1,아 알았어 걱정하지마.,어 | 어,train,0.0,0.0,0.0,0.8,0.2,0.0,0.0
Sess05_script01_F021,happiness,4.7,4.3,2,내가 입이 무겁잖아.,잖아,train,0.0,0.0,0.0,0.8,0.2,0.0,0.0
Sess05_script01_F021,happiness,4.7,4.3,3,그러니가 나 신상 (구두 어),어,train,0.0,0.0,0.0,0.8,0.2,0.0,0.0
Sess05_script01_M023,happiness,2.3,3.9,1,(구두 어+로또 1등) 된 사람만 쫓아다니면서 돈 뺐고 구걸하는 사람이 o/ 있다잖아 혹시 모르니까 이건 너랑 나만 아는 비밀이야 o/ 알았어?,다잖아 | 야 | 어,train,0.0,0.0,0.3,0.0,0.7,0.0,0.0
Sess05_script01_M025,happiness,3.2,3.9,1,아 됐고.,고,train,0.1,0.0,0.0,0.4,0.5,0.0,0.0
Sess05_script01_F027,happiness,4.8,4.7,1,지 진짜지?,지,train,0.0,0.0,0.0,0.7,0.1,0.0,0.2
Sess05_script01_F027,happiness,4.8,4.7,2,s/ l/ 오빠 아 정말 오빠가 짱이야 최고야.,야 | 야,train,0.0,0.0,0.0,0.7,0.1,0.0,0.2
Sess05_script01_F027,happiness,4.8,4.7,3,b/ 나한텐 역시 나한텐 역시 우리 오빠야.,야,train,0.0,0.0,0.0,0.7,0.1,0.0,0.2
Sess05_script01_M029,happiness,3.5,3.5,1,1억이라.,라,train,0.0,0.0,0.0,0.2,0.8,0.0,0.0
Sess05_script01_F028,happiness,4.7,4.2,1,o/ 얼마 안되잖아.,잖아,train,0.0,0.0,0.0,0.9,0.1,0.0,0.0
Sess05_script01_M030,happiness,3.9,3.5,1,좋아.,어,train,0.0,0.0,0.0,0.3,0.7,0.0,0.0
Sess05_script01_M030,happiness,3.9,3.5,2,돈 찾으면 바로 o/ 현금으로 줄게.,ᆯ게,train,0.0,0.0,0.0,0.3,0.7,0.0,0.0
Sess05_script02_F012,anger,2.1,3.1,1,너무 공격적으로 생각하신 거 아닌가요?,ᆫ가요,train,0.5,0.0,0.0,0.0,0.4,0.1,0.0
Sess05_script02_F012,anger,2.1,3.1,2,저도 고민하고 심사숙고해서 낸 아이디언데 뭐가 문제였는지 뭐가 부족했는지 물어볼 순 있지 않나요?,나요,train,0.5,0.0,0.0,0.0,0.4,0.1,0.0
Sess05_script02_M012,anger,2.2,2.9,1,기본이 부족해서 싫고 이 뜻은 심사위원 모두 공감했습니다.,습니다,train,0.0,0.3,0.0,0.0,0.7,0.0,0.0
Sess05_script02_M012,anger,2.2,2.9,2,제가 말씀드리면 소은씨는 발전하는게 아니라 퇴보하게 될 거에요.,에요,train,0.0,0.3,0.0,0.0,0.7,0.0,0.0
Sess05_script02_M012,anger,2.2,2.9,3,발전이란 바탕이 있어야 높아지는데 잔인한 이야기이지만 소은씨는 바탕이 부족합니다.,ᆸ니다,train,0.0,0.3,0.0,0.0,0.7,0.0,0.0
Sess05_script02_M012,anger,2.2,2.9,4,작성 후 읽어는 보셨나요?,나요,train,0.0,0.3,0.0,0.0,0.7,0.0,0.0
Sess05_script02_M012,anger,2.2,2.9,5,페이지 하나 하나 마다 오타가 하나씩 있습니다.,습니다,train,0.0,0.3,0.0,0.0,0.7,0.0,0.0
Sess05_script02_F014,anger,1.9,3.5,1,(그리고+아니) 아니 오타 때문에 아이디어를 탈락시켰다구요?,다구요,train,0.9,0.0,0.0,0.0,0.1,0.0,0.0
Sess05_script02_M015,anger,2.2,2.9,1,이제 제 이야기는 끝난 거 같군요.,군요,train,0.1,0.2,0.0,0.0,0.7,0.0,0.0
Sess05_script02_M015,anger,2.2,2.9,2,o/ 회의시작 10분 전입니다.,ᆸ니다,train,0.1,0.2,0.0,0.0,0.7,0.0,0.0
Sess05_script02_M015,anger,2.2,2.9,3,저는 소은씨에게 5분을 드렸고 소은씨는 어느정도 이해한 것 같군요.,군요,train,0.1,0.2,0.0,0.0,0.7,0.0,0.0
Sess05_script02_M015,anger,2.2,2.9,4,버려진 5분만큼 본인을 발전시키고 나중에 만납시다.,ᆸ시다,train,0.1,0.2,0.0,0.0,0.7,0.0,0.0
Sess05_script02_M015,anger,2.2,2.9,5,그럼 나가주시죠.,죠,train,0.1,0.2,0.0,0.0,0.7,0.0,0.0
Sess05_script03_F001,happiness,4.2,3.1,1,음 으 맛있다.,다,train,0.0,0.0,0.0,0.7,0.3,0.0,0.0
Sess05_script03_F001,happiness,4.2,3.1,2,근데 자긴 안 먹어?,어,train,0.0,0.0,0.0,0.7,0.3,0.0,0.0
Sess05_script03_M001,happiness,3.8,3.0,1,천천히 먹어.,어,train,0.0,0.0,0.0,0.1,0.9,0.0,0.0
Sess05_script03_M001,happiness,3.8,3.0,2,햄버거 어디 안 도망가.,어,train,0.0,0.0,0.0,0.1,0.9,0.0,0.0
Sess05_script03_M001,happiness,3.8,3.0,3,콜라도 좀 먹고.,고,train,0.0,0.0,0.0,0.1,0.9,0.0,0.0
Sess05_script03_M003,happiness,3.0,3.3,1,아 글쎄 근데 왜 물어보는데?,는데,train,0.0,0.0,0.1,0.0,0.5,0.0,0.4
Sess05_script03_F006,anger,2.0,3.3,1,아 뭐야 나 말 안 해.,야 | 어,train,0.6,0.0,0.0,0.1,0.3,0.0,0.0
Sess05_script03_M006,anger,3.5,3.5,1,아 아 아니 내 뜻은 그게 아니라 l/ 아 갑자기 물어보니까 당황해서 그랬지.,지,train,0.0,0.0,0.0,0.0,0.5,0.0,0.5
Sess05_script03_M009,happiness,3.9,4.2,1,o/ 쉬 쉬 쉿 b/ 야 뭐 이렇게 야 크게 말해.,어,train,0.0,0.0,0.0,0.1,0.0,0.0,0.9
Sess05_script03_F009,happiness,4.3,3.4,1,(부끄럽게+어때) 난 오빠 여잔데.,어 | ᆫ데,train,0.0,0.0,0.0,0.6,0.4,0.0,0.0
Sess05_script03_F012,happiness,4.1,3.7,1,바비큐 맛있겠다.,다,train,0.0,0.0,0.0,0.8,0.2,0.0,0.0
Sess05_script03_F013,happiness,4.0,3.4,1,(아이 둘을 낳아서+에이 u/) 무슨 셋은 낳아야지.,어야지,train,0.0,0.0,0.0,0.6,0.4,0.0,0.0
Sess05_script03_F014,anger,2.1,3.1,1,아 뭐야.,야,train,0.5,0.0,0.0,0.0,0.3,0.1,0.1
Sess05_script03_F015,anger,2.2,3.0,1,치 나야말로 오빠랑 누가 결혼한대?,ᆫ대,train,0.6,0.1,0.0,0.0,0.3,0.0,0.0
Sess05_script03_F028,happiness,4.4,3.7,1,b/ 대신에 같이 살아야겠어.,어,train,0.0,0.0,0.0,0.9,0.1,0.0,0.0
Sess05_script03_F029,happiness,4.5,3.5,1,오빠는 나한테 젓가락을 줬지만 나는 좋은 거 줄게.,ᆯ게,train,0.0,0.0,0.0,0.8,0.2,0.0,0.0
Sess05_script03_M029,happiness,3.3,3.6,1,야 이 이게 뭔데?,ᆫ데,train,0.0,0.0,0.0,0.0,0.1,0.0,0.9
Sess05_script03_F031,happiness,4.2,3.9,1,에휴 이 무능력한 남자야.,야,train,0.0,0.0,0.0,0.7,0.3,0.0,0.0
Sess05_script03_F031,happiness,4.2,3.9,2,여자인 내가 반지를 준비 해야겠어?,어,train,0.0,0.0,0.0,0.7,0.3,0.0,0.0
Sess05_script03_F031,happiness,4.2,3.9,3,오빠가 당연히 준비 해야지.,어야지,train,0.0,0.0,0.0,0.7,0.3,0.0,0.0
Sess05_script03_F032,happiness,4.3,3.6,1,미장원에서 삼푸하면서 동네 아줌마들이 주는 팁좀 모았어.,어,train,0.0,0.0,0.0,0.6,0.4,0.0,0.0
Sess05_script03_F032,happiness,4.3,3.6,2,으휴 오빠는 돈 걱정 하지마 내가 먹여 살릴게.,어 | ᆯ게,train,0.0,0.0,0.0,0.6,0.4,0.0,0.0
Sess05_script03_F033,happiness,4.5,3.8,1,누가 선물하고 누가 프로포즈 하면 어때.,어,train,0.0,0.0,0.0,0.8,0.2,0.0,0.0
Sess05_script03_F033,happiness,4.5,3.8,2,n/ 난 오빠를 사랑하구 지금이 행복해.,어,train,0.0,0.0,0.0,0.8,0.2,0.0,0.0
Sess05_script03_F033,happiness,4.5,3.8,3,우리 둘이 함께 한다는 게 중요하잖아.,잖아,train,0.0,0.0,0.0,0.8,0.2,0.0,0.0
Sess05_script04_F003,anger,1.6,4.1,1,(해보자고 u/+아 지금 생각할 게) 뭐가 있어.,어,train,0.4,0.0,0.3,0.0,0.0,0.0,0.3
Sess05_script04_F003,anger,1.6,4.1,2,지섭씬 여기 있어.,어,train,0.4,0.0,0.3,0.0,0.0,0.0,0.3
Sess05_script04_F003,anger,1.6,4.1,3,일단 내가 가서 보고 올테니까.,니까,train,0.4,0.0,0.3,0.0,0.0,0.0,0.3
Sess05_script05_F014,anger,2.0,3.0,1,사랑을 했다요?,다,train,0.4,0.2,0.0,0.0,0.2,0.0,0.2
Sess05_script05_F017,anger,1.6,4.1,1,원래 아니 면접을 이런 식으로 봐요?,어요,train,1.0,0.0,0.0,0.0,0.0,0.0,0.0
Sess05_script05_F018,anger,1.4,4.5,1,신성 좋아하고 있네.,네,train,1.0,0.0,0.0,0.0,0.0,0.0,0.0
Sess05_script05_F018,anger,1.4,4.5,2,이력서 한 줄 채우려고 내가 특기를 좀 과장되게 썼지만 그렇다고 이걸 이런 식으로 엮는게 오히려 신성모독 아닌가?,ᆫ가,train,1.0,0.0,0.0,0.0,0.0,0.0,0.0
Sess05_script05_F018,anger,1.4,4.5,3,당신들 습관인 거 같은데 가뜩이나 취직 안 돼서 괴로워 죽겠는데 사람을 갖고 놀아?,어,train,1.0,0.0,0.0,0.0,0.0,0.0,0.0
Sess05_script05_F019,anger,1.4,4.4,1,아무리 약자라도 기본적이고 인간적인 대우를 해줘야 될 거 아니야.,야,train,1.0,0.0,0.0,0.0,0.0,0.0,0.0
Sess05_script05_F019,anger,1.4,4.4,2,시간 때우려고 니들 심심풀이로 땅콩으로 니들 심심풀이 땅콩으로 채우려고 지원자 갖고 놀지 말라고.,라고,train,1.0,0.0,0.0,0.0,0.0,0.0,0.0
Sess05_script06_F006,sadness,1.9,2.5,1,잘 들어.,어,train,0.0,0.0,0.0,0.0,0.2,0.8,0.0
Sess05_script06_F006,sadness,1.9,2.5,2,b/ 나 폐에 종양이 생겼대.,대,train,0.0,0.0,0.0,0.0,0.2,0.8,0.0
Sess05_script06_F007,sadness,1.8,2.7,1,b/ 당신 나 없이도 꿋꿋하게 애들 키우며 살아야 돼.?,어,train,0.0,0.0,0.0,0.0,0.2,0.8,0.0
Sess05_script06_M009,sadness,2.4,3.5,1,자기 지금 무슨 소리야.,야,train,0.1,0.0,0.0,0.0,0.0,0.0,0.9
Sess05_script06_M009,sadness,2.4,3.5,2,그 u/ 농담이지?,지,train,0.1,0.0,0.0,0.0,0.0,0.0,0.9
Sess05_script06_F008,sadness,1.8,2.9,1,b/ 악성이래.,래,train,0.0,0.0,0.0,0.0,0.2,0.8,0.0
Sess05_script06_F008,sadness,1.8,2.9,2,이미 왼쪽에 70프로 정도 퍼져있고 정확한 건 가슴을 열어봐야 알겠지만 림프절과 늑막에까지 전이가 됐대.,대,train,0.0,0.0,0.0,0.0,0.2,0.8,0.0
Sess05_script06_M010,sadness,2.2,4.0,1,장난이지?,지,train,0.0,0.0,0.0,0.0,0.0,0.1,0.9
Sess05_script06_M010,sadness,2.2,4.0,2,농담하는 거지?,지,train,0.0,0.0,0.0,0.0,0.0,0.1,0.9
Sess05_script06_M010,sadness,2.2,4.0,3,어 지금이라도 빨리 병원 가자 어?,자,train,0.0,0.0,0.0,0.0,0.0,0.1,0.9
Sess05_script06_F009,sadness,1.4,2.7,1,이미 늦었어.,어,train,0.0,0.0,0.0,0.0,0.2,0.8,0.0
Sess05_script06_M017,sadness,1.7,3.3,1,당신 어릴 적에 사고로 돌아가셨다고 했잖아.,잖아,train,0.2,0.0,0.0,0.0,0.0,0.1,0.7
Sess05_script06_M017,sadness,1.7,3.3,2,날 속인 거야?,야,train,0.2,0.0,0.0,0.0,0.0,0.1,0.7
Sess05_impro02_M007,anger,2.1,2.7,1,(다들 좋아했던 네+아 언론 언론에 주목 받으면은) 괜찮은 거에요?,에요,train,0.2,0.4,0.0,0.0,0.4,0.0,0.0
Sess05_impro02_M007,anger,2.1,2.7,2,그럼 무조건 맛있는 건가?,ᆫ가,train,0.2,0.4,0.0,0.0,0.4,0.0,0.0
Sess05_impro02_M007,anger,2.1,2.7,3,o/ 아닌 거 같은데?,은데,train,0.2,0.4,0.0,0.0,0.4,0.0,0.0
Sess05_impro02_M007,anger,2.1,2.7,4,내가 볼 때는 이거 길바닥에 파는 거 아니 길바닥이 아니고 진짜 동네 어디가도 이거 보다 더 나아요.,어요,train,0.2,0.4,0.0,0.0,0.4,0.0,0.0
Sess05_impro02_F007,anger,2.2,3.0,1,좀 말씀이 심하신 거 아니에요.,에요,train,0.6,0.0,0.0,0.0,0.3,0.0,0.1
Sess05_impro02_M008,anger,1.8,3.0,1,오히려 비율이 중요해요.,어요,train,0.1,0.4,0.0,0.0,0.5,0.0,0.0
Sess05_impro02_M008,anger,1.8,3.0,2,비율이 진짜 얼마 안 되잖아요.,잖아요,train,0.1,0.4,0.0,0.0,0.5,0.0,0.0
Sess05_impro02_M008,anger,1.8,3.0,3,정말 그 조절이 잘못하면 맛이 느끼하고 정말 싼 티 난다고 지금 민지 씨 짬뽕 맛이 그래.,어,train,0.1,0.4,0.0,0.0,0.5,0.0,0.0
Sess05_impro02_F008,anger,2.0,3.5,1,아니 지금 지금 말씀하신 게 잘 이해가 안 되는데요.,는데요,train,0.7,0.0,0.0,0.0,0.2,0.0,0.1
Sess05_impro02_F009,anger,2.0,3.8,1,아 솔직히 그렇게 억지를 부리시면 안되죠 제가 한 음식에.,죠,train,0.7,0.0,0.0,0.0,0.2,0.0,0.1
Sess05_impro02_M009,anger,1.8,2.9,1,먹어보고 얘길 해봐요.,어요,train,0.1,0.4,0.0,0.0,0.5,0.0,0.0
Sess05_impro02_M009,anger,1.8,2.9,2,(먹어봐),어,train,0.1,0.4,0.0,0.0,0.5,0.0,0.0
Sess05_impro02_F010,anger,1.9,3.8,1,(먹어봐+아이 지금까) 아 저 솔직히 아 (그래+셰프님) 오시기 전에 제가 이 레스토랑에 주방장이었고요.,어,train,0.7,0.0,0.0,0.0,0.2,0.0,0.1
Sess05_impro02_M010,anger,1.8,3.1,1,그럼 더 문제가 있는 거지.,지,train,0.1,0.4,0.0,0.0,0.5,0.0,0.0
Sess05_impro02_M010,anger,1.8,3.1,2,그리고 이거 탕수육 이거 뭐 아 뭐 다 죽어가는 돼지고기 진짜 말라터 말라비틀어진 거에 그 튀김옷만 입혀놨네?,네,train,0.1,0.4,0.0,0.0,0.5,0.0,0.0
Sess05_impro02_M010,anger,1.8,3.1,3,야 이거 돼 비싸 이거.,어 | 어,train,0.1,0.4,0.0,0.0,0.5,0.0,0.0
Sess05_impro02_M010,anger,1.8,3.1,4,o/ 이것도 야 이게 무슨 삼만 얼마 야 이게 말이 돼 이게.,야 | 어,train,0.1,0.4,0.0,0.0,0.5,0.0,0.0
Sess05_impro02_M011,anger,2.0,3.0,1,아니 o/ 무슨 야 이거 (튀김옷을 u/ 파는 거야),야,train,0.0,0.4,0.0,0.0,0.6,0.0,0.0
Sess05_impro02_F012,anger,1.5,4.3,1,(튀김옷을 u/ 파는 거야+저기요 저기요) 그래 저도 알아요.,야 | 어요,train,1.0,0.0,0.0,0.0,0.0,0.0,0.0
Sess05_impro02_F012,anger,1.5,4.3,2,네 선생님 뭐 수상 수상 경력도 화려하시고 인기도 많으시겠죠.,죠,train,1.0,0.0,0.0,0.0,0.0,0.0,0.0
Sess05_impro02_F012,anger,1.5,4.3,3,그렇다고 어떻게 제가 만든 요리를 바닥에 밟고 지근지근 밟고 씹어서 먹어버릴 수가 있어요.,어요,train,1.0,0.0,0.0,0.0,0.0,0.0,0.0
Sess05_impro02_M012,anger,2.2,2.9,1,요리가 쓰레긴데 그럼 요리사가 요리가 쓰레긴데 u/ 요리로 평가해야지.,어야지,train,0.0,0.4,0.0,0.0,0.6,0.0,0.0
Sess05_impro02_F013,anger,1.5,4.0,1,아 아니 이건 그래도 너무한 거 아닌가요?,ᆫ가요,train,1.0,0.0,0.0,0.0,0.0,0.0,0.0
Sess05_impro02_M013,anger,2.2,2.9,1,억울해?,어,train,0.1,0.3,0.0,0.0,0.6,0.0,0.0
Sess05_impro02_M013,anger,2.2,2.9,2,o/ 억울하면 잘 하면 되지.,지,train,0.1,0.3,0.0,0.0,0.6,0.0,0.0
Sess05_impro02_F014,anger,1.5,4.2,1,저 여기서 일 못 하겠어요.,어요,train,1.0,0.0,0.0,0.0,0.0,0.0,0.0
Sess05_impro02_M014,anger,2.4,2.8,1,어 잘 됐네.,네,train,0.1,0.3,0.0,0.1,0.5,0.0,0.0
Sess05_impro02_M014,anger,2.4,2.8,2,(그래),어,train,0.1,0.3,0.0,0.1,0.5,0.0,0.0
Sess05_impro02_F015,anger,1.4,4.5,1,(그래+그렇게) 잘하시면 직접하세요 요리를.,세요,train,1.0,0.0,0.0,0.0,0.0,0.0,0.0
Sess05_impro02_F015,anger,1.4,4.5,2,요릴 직접하세요.,세요,train,1.0,0.0,0.0,0.0,0.0,0.0,0.0
Sess05_impro02_F015,anger,1.4,4.5,3,얼마나 잘하는지 제가 먹어버러 먹어볼게요.,ᆯ게요,train,1.0,0.0,0.0,0.0,0.0,0.0,0.0
Sess05_impro02_F016,anger,1.4,4.2,1,(승+제가) 평가해볼게요.,ᆯ게요,train,1.0,0.0,0.0,0.0,0.0,0.0,0.0
Sess05_impro02_M016,anger,2.4,3.0,1,그 성질로 요리했으면은 야 제대로 작품 하나 나왔겠네.,네,train,0.0,0.4,0.0,0.0,0.6,0.0,0.0
Sess05_impro02_F017,anger,1.5,4.2,1,제가 맛볼게요.,ᆯ게요,train,1.0,0.0,0.0,0.0,0.0,0.0,0.0
Sess05_impro02_F017,anger,1.5,4.2,2,그래서 맛없으면 당신이 나가.,어,train,1.0,0.0,0.0,0.0,0.0,0.0,0.0
Sess05_impro02_F017,anger,1.5,4.2,3,당신이 뭔데 갑자기 들어와서 난테 이래라 저래라야?,야,train,1.0,0.0,0.0,0.0,0.0,0.0,0.0
Sess05_impro02_M018,anger,2.3,2.9,1,그 성질이면은 작품 하나 만들겠다.,다,train,0.0,0.5,0.0,0.0,0.5,0.0,0.0
Sess05_impro02_M018,anger,2.3,2.9,2,o/ 자기 요리에 대한 자부심 그 자부심 만큼 그만큼만 요리를 하면 음식을 만드는 게 아니라 요리를 하면 되겠어.,어,train,0.0,0.5,0.0,0.0,0.5,0.0,0.0
Sess05_impro02_F019,anger,1.4,4.5,1,아 지금 무슨 소리를 하고 있는지 나는 이해가 하나도 안 가서 모르겠네.,네,train,1.0,0.0,0.0,0.0,0.0,0.0,0.0
Sess05_impro02_M019,anger,2.0,2.8,1,l/ 지금 민지 씨가 만든 요리는 인기만 있는 거예요.,예요,train,0.2,0.3,0.0,0.0,0.5,0.0,0.0
Sess05_impro02_M019,anger,2.0,2.8,2,인기만 많아 인기 있는 것만 쫓아다녀 방송 탔으니까 많이 오겠지.,지,train,0.2,0.3,0.0,0.0,0.5,0.0,0.0
Sess05_impro02_F020,anger,1.4,4.3,1,그렇게 요리를 잘하면 당신이 해보시던가.,던가,train,0.9,0.1,0.0,0.0,0.0,0.0,0.0
Sess05_impro02_F020,anger,1.4,4.3,2,해 봐.,어,train,0.9,0.1,0.0,0.0,0.0,0.0,0.0
Sess05_impro02_M020,anger,2.3,2.9,1,그래요 그럼 내가 한번 만들어볼게 짬뽕하나 만들어볼 테니까 그럼 당신이 뭐 어떡할래요?,어요 | ᆯ게 | ᆯ래요,train,0.1,0.3,0.0,0.0,0.6,0.0,0.0
Sess05_impro02_F021,anger,1.5,4.2,1,내가 그걸 먹어보고 맛이 없으면 당신이 나가.,어,train,0.9,0.1,0.0,0.0,0.0,0.0,0.0
Sess05_impro02_M021,anger,2.6,2.9,1,감탄할 정도로 맛있으면 어떡할래?,ᆯ래,train,0.0,0.4,0.0,0.0,0.6,0.0,0.0
Sess05_impro02_F022,anger,1.7,4.2,1,내가 나갈게.,ᆯ게,train,0.9,0.1,0.0,0.0,0.0,0.0,0.0
Sess05_impro02_M022,anger,2.6,2.7,1,한 말로 한 입으로 두말하지 말고.,고,train,0.0,0.5,0.0,0.0,0.5,0.0,0.0
Sess05_impro02_M022,anger,2.6,2.7,2,o/ 진짜 제대로 된 요리사 이번 기회에 한번 맛 보고 난 됐으면 좋겠네.,네,train,0.0,0.5,0.0,0.0,0.5,0.0,0.0
Sess05_impro02_M022,anger,2.6,2.7,3,b/ 난 이해가 안 돼.,어,train,0.0,0.5,0.0,0.0,0.5,0.0,0.0
Sess05_impro02_M022,anger,2.6,2.7,4,b/ 어쩜 그렇게 b/ 야 이런 쓰레기를 만들어놓고도 쓰레기를 버리고도 당당할까.,ᆯ까,train,0.0,0.5,0.0,0.0,0.5,0.0,0.0
Sess05_impro02_M022,anger,2.6,2.7,5,기다려요 내가 내 올 테니까.,어요 | 니까,train,0.0,0.5,0.0,0.0,0.5,0.0,0.0
Sess05_impro03_F017,anger,1.7,3.9,1,각오 단단히 해야할 거야.,야,train,0.9,0.0,0.0,0.0,0.1,0.0,0.0
Sess05_impro03_F022,anger,1.5,4.1,1,저 혼자 해결하라구요?,라구요,train,0.4,0.0,0.4,0.0,0.1,0.0,0.1
Sess05_impro04_M013,happiness,2.7,2.9,1,뭘 당신이 같이 o/ 타주고 그래.,어,train,0.3,0.0,0.0,0.0,0.6,0.1,0.0
Sess05_impro04_F013,happiness,4.2,3.2,1,b/ 여보 고마워.,어,train,0.0,0.0,0.0,0.9,0.1,0.0,0.0
Sess05_impro04_M015,happiness,2.9,2.7,1,뭐가 좋다고 그렇게 웃냐.,냐,train,0.1,0.0,0.0,0.1,0.8,0.0,0.0
Sess05_impro04_M016,happiness,3.1,2.7,1,o/ 뭐 연애할 때 뭔 뭔 일이 있었는데.,는데,train,0.0,0.0,0.0,0.1,0.7,0.0,0.2
Sess05_impro04_F016,happiness,4.5,3.7,1,아니 나 일 다닐 때 나 한창 아파서 일 못하 못 나가고 있었을 때 l/ 그때 자기가 병원에 와가지고 민지 살려내라고 어 그렇게 소리 소리 쳤잖아.,잖아,train,0.0,0.0,0.0,0.9,0.1,0.0,0.0
Sess05_impro04_F016,happiness,4.5,3.7,2,민지 죽으면 안돼요.,어요,train,0.0,0.0,0.0,0.9,0.1,0.0,0.0
Sess05_impro04_F016,happiness,4.5,3.7,3,살려주세요.,세요,train,0.0,0.0,0.0,0.9,0.1,0.0,0.0
Sess05_impro04_F016,happiness,4.5,3.7,4,의사선생님 빨리 와주세요.,세요,train,0.0,0.0,0.0,0.9,0.1,0.0,0.0
Sess05_impro04_F016,happiness,4.5,3.7,5,저 의사에요.,에요,train,0.0,0.0,0.0,0.9,0.1,0.0,0.0
Sess05_impro04_F016,happiness,4.5,3.7,6,(이렇게 했잖아),잖아,train,0.0,0.0,0.0,0.9,0.1,0.0,0.0
Sess05_impro04_M017,happiness,3.1,3.5,1,(이렇게 했잖아+에이) 에헤이 거 o/ N/ (거+기억 안 나) 거 참 쓸데없는 거까지 기억하고.,잖아 | 어,train,0.1,0.0,0.0,0.0,0.6,0.0,0.3
Sess05_impro04_M017,happiness,3.1,3.5,2,아 아 근데 그때 상황이 당신 생각을 해 봐.,어,train,0.1,0.0,0.0,0.0,0.6,0.0,0.3
Sess05_impro04_M017,happiness,3.1,3.5,3,응급실에 이러 이러고 누워갖고 그리고 눈 딱 감고 있는데 아이 누가 봐도 이거는 u/ o/ 그때 내가 맹장인 줄 알았으면은 내 그걸 그 자리에서 이러고 내가 안 했다 o/ 내가 싹싹 빌고 안 했다.,다 | 다,train,0.1,0.0,0.0,0.0,0.6,0.0,0.3
Sess05_impro04_M017,happiness,3.1,3.5,4,나 진짜 그때 정말 큰일 나서 죽는 줄 알았단 말이야.,야,train,0.1,0.0,0.0,0.0,0.6,0.0,0.3
Sess05_impro04_F017,happiness,4.5,3.6,1,그래서 내가 그 모습 보고 결혼하고 싶었었잖아.,잖아,train,0.0,0.0,0.0,1.0,0.0,0.0,0.0
Sess05_impro04_F017,happiness,4.5,3.6,2,자기가 나 엄청 좋아해 주는 거 알고.,고,train,0.0,0.0,0.0,1.0,0.0,0.0,0.0
Sess05_impro04_F018,happiness,4.4,3.4,1,지금도 봐봐.,어,train,0.0,0.0,0.0,1.0,0.0,0.0,0.0
Sess05_impro04_F018,happiness,4.4,3.4,2,(이렇게 조금 다친 거+호 호들갑은) 가지고.,고,train,0.0,0.0,0.0,1.0,0.0,0.0,0.0
Sess05_impro04_M019,happiness,3.4,3.2,1,아 아 그 자기 마누라 다쳤다는데 그러면은 그 걱정 안 할 사람이 어딨냐?,냐,train,0.0,0.0,0.0,0.2,0.8,0.0,0.0
Sess05_impro04_M019,happiness,3.4,3.2,2,o/ 다 똑같은 거지 그.,지,train,0.0,0.0,0.0,0.2,0.8,0.0,0.0
Sess05_impro04_F019,happiness,4.4,3.3,1,자기야.,야,train,0.0,0.0,0.0,0.8,0.2,0.0,0.0
Sess05_impro04_F019,happiness,4.4,3.3,2,o/ 진짜 고마워.,어,train,0.0,0.0,0.0,0.8,0.2,0.0,0.0
Sess05_impro04_M020,happiness,3.6,3.0,1,왜 그래 징그럽게.,어 | 게,train,0.0,0.0,0.0,0.5,0.5,0.0,0.0
Sess05_impro04_F021,happiness,4.6,3.6,1,자기 다음 생에도 나랑 결혼할 거야?,야,train,0.0,0.0,0.0,0.8,0.2,0.0,0.0
Sess05_impro04_M023,happiness,3.6,3.2,1,아 뭐 뭘 벌써 다음생까지 생각을 해.,어,train,0.0,0.0,0.0,0.4,0.5,0.0,0.1
Sess05_impro04_M024,happiness,3.9,3.2,1,해야지.,어야지,train,0.0,0.0,0.0,0.4,0.6,0.0,0.0
Sess05_impro04_M024,happiness,3.9,3.2,2,o/ N/ 아 진짜 해야지.,어야지,train,0.0,0.0,0.0,0.4,0.6,0.0,0.0
Sess05_impro04_M025,happiness,3.9,3.5,1,(같은데+아니야) 진짜 진 야 당신 없으면 어떻게 사냐.,야 | 냐,train,0.0,0.0,0.0,0.4,0.5,0.0,0.1
Sess05_impro04_M025,happiness,3.9,3.5,2,o/ 당신이 당신이 있어서 지금 내가 있는 거야.,야,train,0.0,0.0,0.0,0.4,0.5,0.0,0.1
Sess05_impro04_M025,happiness,3.9,3.5,3,인간 조형철이 당신 때문에 성민지 때문에 인간 조형철이 있는 거야.,야,train,0.0,0.0,0.0,0.4,0.5,0.0,0.1
Sess05_impro04_M025,happiness,3.9,3.5,4,o/(하 진짜로+그럼) 당신을 만나서 내가 지 그래도 사람처럼 사는 거란 말이야.,야,train,0.0,0.0,0.0,0.4,0.5,0.0,0.1
Sess05_impro04_F028,happiness,4.4,3.2,1,그럼 사랑한다고 해 줘.,어,train,0.0,0.0,0.0,0.9,0.1,0.0,0.0
Sess05_impro04_F029,happiness,4.3,3.3,1,사랑한다고.,ᆫ다고,train,0.0,0.0,0.0,0.9,0.1,0.0,0.0
Sess05_impro04_F030,happiness,4.3,3.4,1,해 봐.,어,train,0.0,0.0,0.0,0.7,0.3,0.0,0.0
Sess05_impro04_F030,happiness,4.3,3.4,2,잘했었잖아 연애할 때.,잖아,train,0.0,0.0,0.0,0.7,0.3,0.0,0.0
Sess05_impro04_F031,happiness,4.2,3.3,1,으 뭐라고 하는지 안들려.,어,train,0.0,0.0,0.0,0.6,0.4,0.0,0.0
Sess05_impro04_M033,happiness,3.9,3.2,1,사랑해.,어,train,0.1,0.0,0.0,0.2,0.7,0.0,0.0
Sess05_impro04_F033,happiness,4.6,3.9,1,내가 내일 맛있는 거 해줄게.,ᆯ게,train,0.0,0.0,0.0,1.0,0.0,0.0,0.0
Sess05_impro04_F033,happiness,4.6,3.9,2,나도 자기 사랑해.,어,train,0.0,0.0,0.0,1.0,0.0,0.0,0.0
Sess03_script06_M017,surprise,4.8,4.9,1,-; -,; ,train,0.0,0.0,0.0,0.2,0.0,0.0,0.8
Sess10_script02_M017,surprise,4.8,4.8,1,-; -,; ,train,0.0,0.0,0.0,0.3,0.1,0.0,0.6
Sess12_script06_F012,surprise,4.3,4.8,1,-; -,; ,train,0.0,0.0,0.0,0.0,0.1,0.0,0.9
Sess13_script06_F013,surprise,3.9,4.1,1,-; -,; ,train,0.0,0.0,0.0,0.0,0.1,0.0,0.9
Sess02_script03_F013,surprise,4.8,4.7,1,-; -,; ,train,0.0,0.0,0.0,0.3,0.0,0.0,0.7
Sess03_script06_M017,surprise,4.8,4.9,1,-; -,; ,train,0.0,0.0,0.0,0.2,0.0,0.0,0.8
Sess11_script01_F012,surprise,4.6,4.7,1,-; -,; ,train,0.0,0.0,0.0,0.0,0.0,0.0,1.0
Sess14_script02_M011,surprise,4.4,4.7,1,-; -,; ,train,0.0,0.0,0.0,0.4,0.0,0.0,0.6
Sess15_script03_M030,surprise,2.1,4.4,1,-; -,; ,train,0.0,0.0,0.0,0.0,0.0,0.0,1.0
Sess16_script06_F013,surprise,4.3,4.7,1,-; -,; ,train,0.0,0.0,0.0,0.2,0.2,0.0,0.6
Sess07_script01_F013,surprise,3.9,4.3,1,-; -; -,; ; ?,train,0.0,0.0,0.0,0.0,0.1,0.0,0.9
Sess13_script02_F005,surprise,1.8,3.9,1,-; -; -ݾ,; ; ݾ,train,0.0,0.0,0.7,0.0,0.0,0.0,0.3
Sess14_script02_F012,surprise,4.0,4.3,1,-,,train,0.0,0.0,0.0,0.0,0.0,0.0,1.0
Sess18_script03_F010,surprise,3.9,4.1,1,-; -; -,; ; ,val,0.0,0.0,0.0,0.0,0.0,0.0,1.0
Sess18_script03_M011,surprise,4.4,4.6,1,-; -,; ,val,0.0,0.0,0.0,0.2,0.0,0.0,0.8
Sess18_script03_M012,surprise,4.4,4.6,1,-; -,; ,val,0.0,0.0,0.0,0.1,0.0,0.0,0.9
Sess19_script03_F012,surprise,3.7,4.6,1,-; -,; ,val,0.4,0.0,0.0,0.0,0.1,0.0,0.5
Sess20_script06_M007,surprise,1.5,4.6,1,-; -,; ,val,0.0,0.0,0.0,0.0,0.0,0.0,1.0
Sess16_script05_F020,fear,1.3,4.7,1,-,,train,0.0,0.0,0.7,0.0,0.0,0.0,0.3
Sess03_script06_F014,surprise,3.9,4.5,1,-; -,; ,train,0.3,0.0,0.0,0.1,0.1,0.0,0.5
Sess05_script01_F013,surprise,4.2,4.5,1,-; -,; ,train,0.0,0.0,0.0,0.0,0.0,0.0,1.0
Sess05_script04_M029,surprise,1.5,4.5,1,-,,train,0.0,0.0,0.1,0.0,0.0,0.0,0.9
Sess07_script01_F012,surprise,4.2,4.4,1,-; -; -,; ; ,train,0.0,0.0,0.0,0.0,0.0,0.0,1.0
Sess07_script05_M029,surprise,1.3,4.5,1,-,,train,0.0,0.0,0.0,0.0,0.0,0.0,1.0
Sess10_script02_M017,surprise,4.8,4.8,1,-; -,; ,train,0.0,0.0,0.0,0.3,0.1,0.0,0.6
Sess11_script01_M011,surprise,4.5,4.5,1,-; -,; ,train,0.0,0.0,0.0,0.2,0.0,0.0,0.8
Sess19_script03_F012,surprise,3.7,4.6,1,-; -,; ,val,0.4,0.0,0.0,0.0,0.1,0.0,0.5
Sess20_script06_M029,surprise,1.6,4.5,1,-,,val,0.1,0.2,0.1,0.0,0.0,0.0,0.6
Sess01_script06_F011,surprise,3.8,4.3,1,-; -,; ,train,0.0,0.0,0.0,0.0,0.0,0.0,1.0
Sess01_script06_F012,surprise,3.3,4.4,1,-; -,; ,train,0.1,0.0,0.0,0.0,0.2,0.0,0.7
Sess04_script06_F013,surprise,3.5,4.3,1,-; -,; ,train,0.3,0.0,0.1,0.0,0.0,0.0,0.6
Sess05_script01_F013,surprise,4.2,4.5,1,-; -,; ,train,0.0,0.0,0.0,0.0,0.0,0.0,1.0
Sess07_script01_F012,surprise,4.2,4.4,1,-; -; -,; ; ,train,0.0,0.0,0.0,0.0,0.0,0.0,1.0
Sess10_script01_F022,surprise,1.2,4.2,1,-; -,; ,train,0.0,0.0,0.6,0.0,0.0,0.1,0.3
Sess13_script02_F004,surprise,2.0,2.3,1,-; -,; ,train,0.0,0.0,0.8,0.0,0.0,0.0,0.2
Sess13_script02_M007,surprise,1.6,4.4,1,-; -,; ,train,0.0,0.0,0.3,0.0,0.0,0.0,0.7
Sess13_script02_M029,surprise,1.7,4.4,1,-,,train,0.1,0.0,0.2,0.0,0.0,0.0,0.7
Sess15_script03_M030,surprise,2.1,4.4,1,-; -,; ,train,0.0,0.0,0.0,0.0,0.0,0.0,1.0
Sess16_script06_F013,surprise,4.3,4.7,1,-; -,; ,train,0.0,0.0,0.0,0.2,0.2,0.0,0.6
Sess18_script03_F011,surprise,4.0,3.9,1,-; -,; ,val,0.1,0.0,0.0,0.0,0.0,0.0,0.9
Sess19_script03_M011,surprise,4.4,4.4,1,-; -,; ,val,0.0,0.0,0.0,0.4,0.1,0.0,0.5
Sess20_script06_M029,surprise,1.6,4.5,1,-,,val,0.1,0.2,0.1,0.0,0.0,0.0,0.6
Sess10_script01_M033,fear,1.8,4.0,1,-,,train,0.1,0.0,0.5,0.0,0.4,0.0,0.0
Sess01_script06_F011,surprise,3.8,4.3,1,-; -,; ,train,0.0,0.0,0.0,0.0,0.0,0.0,1.0
Sess02_script03_F013,surprise,4.8,4.7,1,-; -,; ,train,0.0,0.0,0.0,0.3,0.0,0.0,0.7
Sess02_script03_F014,surprise,4.2,4.3,1,-; -; -,; ; ?,train,0.2,0.0,0.0,0.0,0.2,0.0,0.6
Sess04_script06_F013,surprise,3.5,4.3,1,-; -,; ,train,0.3,0.0,0.1,0.0,0.0,0.0,0.6
Sess05_script01_F014,surprise,4.1,4.3,1,-,,train,0.0,0.0,0.0,0.0,0.2,0.0,0.8
Sess05_script01_F015,surprise,4.0,4.0,1,-,,train,0.0,0.0,0.0,0.0,0.2,0.0,0.8
Sess05_script01_F017,surprise,4.0,4.3,1,-; -,; ,train,0.2,0.0,0.0,0.0,0.2,0.0,0.6
Sess06_script02_F011,surprise,3.9,4.1,1,-; -,; ,train,0.0,0.0,0.0,0.0,0.0,0.0,1.0
Sess06_script04_M029,surprise,1.7,4.2,1,-,,train,0.0,0.0,0.0,0.0,0.0,0.0,1.0
Sess07_script01_F013,surprise,3.9,4.3,1,-; -; -,; ; ?,train,0.0,0.0,0.0,0.0,0.1,0.0,0.9
Sess07_script05_F005,surprise,1.5,4.3,1,-,,train,0.0,0.0,0.4,0.0,0.0,0.0,0.6
Sess07_script05_M029,surprise,1.3,4.5,1,-,,train,0.0,0.0,0.0,0.0,0.0,0.0,1.0
Sess10_script01_M030,surprise,1.4,4.3,1,-; -,; ,train,0.0,0.0,0.1,0.0,0.0,0.0,0.9
Sess12_script01_M029,surprise,1.9,4.3,1,-,,train,0.0,0.0,0.3,0.0,0.1,0.0,0.6
Sess12_script06_F012,surprise,4.3,4.8,1,-; -,; ,train,0.0,0.0,0.0,0.0,0.1,0.0,0.9
Sess13_script02_M001,surprise,1.8,4.3,1,-,,train,0.0,0.0,0.0,0.0,0.0,0.0,1.0
Sess14_script02_F012,surprise,4.0,4.3,1,-,,train,0.0,0.0,0.0,0.0,0.0,0.0,1.0
Sess14_script02_F013,surprise,4.0,4.3,1,-; -,; ,train,0.0,0.0,0.0,0.0,0.1,0.0,0.9
Sess15_script02_F012,surprise,4.0,4.3,1,-; -,; ,train,0.1,0.0,0.0,0.0,0.2,0.0,0.7
Sess19_script05_F006,surprise,1.7,4.3,1,-; -ݾ,; ݾ,val,0.3,0.0,0.5,0.0,0.0,0.0,0.2
Sess12_script01_F006,fear,1.6,4.5,1,-; -,; ,train,0.1,0.0,0.8,0.0,0.0,0.0,0.1
Sess07_script05_M030,fear,1.4,4.4,1,-; -,; ,train,0.1,0.0,0.5,0.0,0.0,0.0,0.4
Sess20_script06_F020,fear,1.5,4.4,1,-; -,; ,val,0.0,0.0,0.6,0.0,0.0,0.0,0.4
Sess01_script01_M029,surprise,1.9,4.0,1,-,,train,0.0,0.0,0.0,0.0,0.0,0.0,1.0
Sess03_script01_F009,surprise,1.6,4.2,1,-,,train,0.4,0.0,0.1,0.0,0.0,0.0,0.5
Sess05_script01_F014,surprise,4.1,4.3,1,-,,train,0.0,0.0,0.0,0.0,0.2,0.0,0.8
Sess05_script04_M006,surprise,1.4,4.2,1,-; -,; ,train,0.3,0.0,0.4,0.0,0.0,0.0,0.3
Sess06_script02_F012,surprise,3.6,4.0,1,-; -,; ,train,0.3,0.0,0.0,0.0,0.2,0.0,0.5
Sess06_script04_M007,surprise,1.6,4.2,1,-; -,; ,train,0.1,0.0,0.1,0.0,0.0,0.0,0.8
Sess06_script04_M029,surprise,1.7,4.2,1,-,,train,0.0,0.0,0.0,0.0,0.0,0.0,1.0
Sess08_script05_M016,surprise,4.0,4.1,1,-,,train,0.0,0.0,0.1,0.1,0.3,0.0,0.5
Sess13_script02_M029,surprise,1.7,4.4,1,-,,train,0.1,0.0,0.2,0.0,0.0,0.0,0.7
Sess14_script04_M007,surprise,2.0,4.2,1,-; -,; ,train,0.0,0.0,0.2,0.0,0.1,0.0,0.7
Sess15_script02_F012,surprise,4.0,4.3,1,-; -,; ,train,0.1,0.0,0.0,0.0,0.2,0.0,0.7
Sess19_impro02_F022,surprise,2.5,4.2,1,-,,val,0.2,0.1,0.0,0.0,0.1,0.0,0.6
Sess19_script05_F009,surprise,2.3,4.2,1,-; -,; ,val,0.2,0.1,0.0,0.0,0.1,0.0,0.6
Sess19_script05_M007,surprise,2.1,4.2,1,-; -,; ,val,0.0,0.0,0.2,0.0,0.0,0.0,0.8
Sess20_script06_F020,surprise,1.5,4.4,1,-; -,; ,val,0.0,0.0,0.6,0.0,0.0,0.0,0.4
Sess01_script01_F020,fear,1.3,4.3,1,-,,train,0.0,0.0,0.9,0.0,0.0,0.0,0.1
Sess09_script02_F022,fear,1.3,4.3,1,-,,train,0.0,0.0,0.6,0.0,0.0,0.1,0.3
Sess05_script04_F005,fear,1.4,4.3,1,-; -ݾ; -,; ݾ; ,train,0.0,0.0,1.0,0.0,0.0,0.0,0.0
Sess06_impro04_F017,fear,1.4,4.3,1,-; -,; ,train,0.1,0.0,0.6,0.0,0.0,0.1,0.2
Sess10_script01_F022,fear,1.2,4.2,1,-; -,; ,train,0.0,0.0,0.6,0.0,0.0,0.1,0.3
Sess05_impro03_F021,fear,1.5,4.3,1,-,,train,0.0,0.0,0.9,0.0,0.0,0.0,0.1
Sess16_script05_F019,fear,1.5,4.3,1,-,,train,0.0,0.0,0.6,0.0,0.0,0.0,0.4
Sess01_script01_M007,surprise,1.5,4.1,1,-; -,; ,train,0.0,0.0,0.1,0.0,0.0,0.0,0.9
Sess02_script01_F020,surprise,2.7,4.1,1,-,,train,0.0,0.1,0.0,0.0,0.0,0.0,0.9
Sess04_impro04_F022,surprise,1.5,4.1,1,-; -,; ,train,0.0,0.0,0.3,0.0,0.0,0.0,0.7
Sess05_script03_M026,surprise,2.0,4.1,1,-,,train,0.0,0.0,0.0,0.0,0.0,0.0,1.0
Sess06_script02_F011,surprise,3.9,4.1,1,-; -,; ,train,0.0,0.0,0.0,0.0,0.0,0.0,1.0
Sess06_script02_M011,surprise,4.2,4.1,1,-; -,; ,train,0.0,0.0,0.0,0.0,0.0,0.0,1.0
Sess08_script03_M030,surprise,1.8,3.7,1,-,,train,0.0,0.0,0.1,0.0,0.0,0.0,0.9
Sess08_script05_F014,surprise,3.9,4.1,1,-; -,; ,train,0.2,0.0,0.0,0.1,0.2,0.0,0.5
Sess08_script05_M016,surprise,4.0,4.1,1,-,,train,0.0,0.0,0.1,0.1,0.3,0.0,0.5
Sess09_script01_M029,surprise,1.7,4.1,1,-,,train,0.0,0.0,0.0,0.0,0.0,0.0,1.0
Sess09_script02_M007,surprise,1.6,4.1,1,-; -,; ,train,0.0,0.0,0.0,0.0,0.0,0.0,1.0
Sess09_script06_F013,surprise,3.9,4.1,1,-; -,; ,train,0.0,0.0,0.0,0.1,0.3,0.0,0.6
Sess09_script06_F013,surprise,3.9,4.1,1,-; -,; ,train,0.0,0.0,0.0,0.1,0.3,0.0,0.6
Sess10_script02_F013,surprise,4.1,4.1,1,-; -,; ,train,0.0,0.0,0.0,0.0,0.3,0.0,0.7
Sess11_script01_F012,surprise,4.6,4.7,1,-; -,; ,train,0.0,0.0,0.0,0.0,0.0,0.0,1.0
Sess13_script06_F013,surprise,3.9,4.1,1,-; -,; ,train,0.0,0.0,0.0,0.0,0.1,0.0,0.9
Sess14_script02_F013,surprise,4.0,4.3,1,-; -,; ,train,0.0,0.0,0.0,0.0,0.1,0.0,0.9
Sess15_script03_F005,surprise,2.2,3.5,1,-; -,; ,train,0.0,0.0,0.9,0.0,0.0,0.0,0.1
Sess17_script01_F012,surprise,4.2,4.1,1,-; -,; ,val,0.0,0.0,0.0,0.1,0.0,0.0,0.9
Sess17_script05_F008,surprise,2.0,4.1,1,-; -,; ,val,0.3,0.0,0.3,0.0,0.0,0.0,0.4
Sess17_script05_M007,surprise,1.6,4.1,1,-; -,; ,val,0.0,0.0,0.2,0.0,0.2,0.0,0.6
Sess18_script03_F010,surprise,3.9,4.1,1,-; -; -,; ; ,val,0.0,0.0,0.0,0.0,0.0,0.0,1.0
Sess19_script05_M001,surprise,2.2,4.1,1,-,,val,0.0,0.0,0.1,0.0,0.0,0.0,0.9
Sess03_script01_F020,fear,1.3,4.2,1,-,,train,0.0,0.0,0.7,0.0,0.0,0.0,0.3
Sess05_script04_F019,fear,1.3,4.2,1,-,,train,0.0,0.0,0.6,0.0,0.0,0.0,0.4
Sess18_script05_M029,fear,1.8,3.9,1,-,,val,0.0,0.0,0.4,0.0,0.0,0.0,0.6
Sess03_script01_F006,fear,1.4,4.2,1,-; -,; ,train,0.0,0.0,0.8,0.0,0.0,0.0,0.2
Sess04_script04_M033,fear,1.4,4.2,1,-; -,; ,train,0.4,0.0,0.6,0.0,0.0,0.0,0.0
Sess05_script04_M006,fear,1.4,4.2,1,-; -,; ,train,0.3,0.0,0.4,0.0,0.0,0.0,0.3
Sess06_script04_F020,fear,1.4,4.2,1,-,,train,0.0,0.0,0.5,0.0,0.0,0.1,0.4
Sess07_script05_M011,fear,1.4,4.2,1,-; -,; ,train,0.4,0.0,0.6,0.0,0.0,0.0,0.0
Sess10_script01_M015,fear,1.7,4.3,1,-; -ݾ; -,; ݾ; ,train,0.4,0.0,0.5,0.0,0.0,0.1,0.0
Sess01_script01_M001,surprise,1.7,4.0,1,-,,train,0.0,0.0,0.1,0.0,0.0,0.0,0.9
Sess01_script01_M029,surprise,1.9,4.0,1,-,,train,0.0,0.0,0.0,0.0,0.0,0.0,1.0
Sess02_script03_M012,surprise,4.3,4.0,1,-,,train,0.0,0.0,0.0,0.1,0.0,0.0,0.9
Sess05_script01_F015,surprise,4.0,4.0,1,-,,train,0.0,0.0,0.0,0.0,0.2,0.0,0.8
Sess05_script04_F005,surprise,1.4,4.3,1,-; -; -ݾ,; ; ݾ,train,0.0,0.0,1.0,0.0,0.0,0.0,0.0
Sess06_script02_F012,surprise,3.6,4.0,1,-; -,; ,train,0.3,0.0,0.0,0.0,0.2,0.0,0.5
Sess06_script04_F009,surprise,1.6,4.0,1,-; -,; ,train,0.3,0.0,0.2,0.0,0.0,0.0,0.5
Sess07_script05_F008,surprise,1.7,4.0,1,-; -,; ,train,0.1,0.0,0.3,0.0,0.0,0.1,0.5
Sess14_script04_F019,surprise,1.9,3.9,1,-; -,; ,train,0.0,0.0,0.3,0.0,0.0,0.0,0.7
Sess14_script04_M007,surprise,2.0,4.2,1,-; -,; ,train,0.0,0.0,0.2,0.0,0.1,0.0,0.7
Sess14_script04_M029,surprise,2.0,4.0,1,-,,train,0.0,0.0,0.1,0.0,0.0,0.0,0.9
Sess16_impro03_M006,surprise,2.8,4.0,1,-; -,; ,train,0.2,0.0,0.0,0.0,0.2,0.0,0.6
Sess17_script05_M007,surprise,1.6,4.1,1,-; -,; ,val,0.0,0.0,0.2,0.0,0.2,0.0,0.6
Sess19_script05_M029,surprise,1.9,4.0,1,-,,val,0.2,0.0,0.3,0.0,0.0,0.0,0.5
Sess01_script01_M030,fear,1.5,3.8,1,-; -,; ,train,0.1,0.0,0.4,0.0,0.2,0.0,0.3
Sess03_script01_F019,fear,1.3,4.1,1,-,,train,0.0,0.0,0.6,0.0,0.0,0.0,0.4
Sess01_script01_F003,fear,1.4,4.1,1,-; -ϱ,; ϱ,train,0.4,0.0,0.5,0.0,0.1,0.0,0.0
Sess04_script04_F023,fear,1.4,4.1,1,-,,train,0.0,0.0,0.5,0.0,0.0,0.1,0.4
Sess02_script04_F021,fear,1.2,4.0,1,-,,train,0.0,0.0,0.7,0.0,0.0,0.0,0.3
Sess03_script01_F003,fear,1.7,4.2,1,-,,train,0.1,0.0,0.7,0.0,0.0,0.0,0.2
Sess04_script04_F008,fear,1.7,4.2,1,-; -,; ,train,0.0,0.0,0.6,0.0,0.0,0.0,0.4
Sess03_script01_M008,fear,1.5,3.8,1,-; -ݾ,; ݾ,train,0.1,0.0,0.4,0.0,0.0,0.0,0.5
Sess02_script01_M025,surprise,1.9,3.9,1,-,,train,0.0,0.0,0.0,0.0,0.0,0.0,1.0
Sess02_script04_F010,surprise,1.9,3.9,1,-; -,; ,train,0.3,0.0,0.1,0.0,0.1,0.0,0.5
Sess04_script04_F008,surprise,1.7,4.2,1,-; -,; ,train,0.0,0.0,0.6,0.0,0.0,0.0,0.4
Sess04_script04_M032,surprise,1.6,3.9,1,-,,train,0.0,0.0,0.3,0.0,0.0,0.0,0.7
Sess05_script01_F017,surprise,4.0,4.3,1,-; -,; ,train,0.2,0.0,0.0,0.0,0.2,0.0,0.6
Sess05_script04_F008,surprise,1.6,3.9,1,-; -,; ,train,0.2,0.0,0.2,0.0,0.0,0.0,0.6
Sess06_script04_F005,surprise,1.7,3.7,1,-; -,; ,train,0.0,0.0,0.9,0.0,0.0,0.0,0.1
Sess10_script01_F007,surprise,1.9,3.9,1,-; -,; ,train,0.3,0.0,0.3,0.0,0.0,0.0,0.4
Sess10_script02_F013,surprise,4.1,4.1,1,-; -,; ,train,0.0,0.0,0.0,0.0,0.3,0.0,0.7
Sess12_script01_M007,surprise,2.1,3.8,1,-; -,; ,train,0.0,0.0,0.3,0.0,0.0,0.0,0.7
Sess12_script04_M017,surprise,1.9,3.9,1,-; -ݾ,; ݾ,train,0.1,0.1,0.0,0.0,0.1,0.2,0.5
Sess14_script04_F019,surprise,1.9,3.9,1,-; -,; ,train,0.0,0.0,0.3,0.0,0.0,0.0,0.7
Sess18_script03_F011,surprise,4.0,3.9,1,-; -,; ,val,0.1,0.0,0.0,0.0,0.0,0.0,0.9
Sess18_script05_F006,surprise,2.0,4.2,1,-,,val,0.2,0.0,0.7,0.0,0.0,0.0,0.1
Sess18_script05_M029,surprise,1.8,3.9,1,-,,val,0.0,0.0,0.4,0.0,0.0,0.0,0.6
Sess19_script04_M026,surprise,2.2,3.9,1,-,,val,0.2,0.0,0.0,0.0,0.1,0.0,0.7
Sess05_script04_F020,fear,1.3,4.0,1,-,,train,0.0,0.0,0.8,0.0,0.0,0.0,0.2
Sess07_script05_M032,fear,1.3,4.0,1,-,,train,0.1,0.0,0.5,0.0,0.2,0.0,0.2
Sess02_script04_M031,fear,1.6,4.1,1,-; -,; ,train,0.4,0.0,0.5,0.0,0.0,0.0,0.1
Sess06_script04_F006,fear,1.6,4.1,1,-; -,; ,train,0.0,0.0,1.0,0.0,0.0,0.0,0.0
Sess20_script06_F006,fear,1.9,4.2,1,-,,val,0.1,0.0,0.8,0.0,0.0,0.0,0.1
Sess01_script01_F006,fear,1.4,4.0,1,-; -,; ,train,0.1,0.0,0.7,0.0,0.0,0.0,0.2
Sess03_script01_F005,fear,1.4,4.0,1,-; -,; ,train,0.0,0.0,0.8,0.0,0.0,0.0,0.2
Sess04_script04_M035,fear,1.6,3.9,1,-,,train,0.3,0.0,0.4,0.0,0.3,0.0,0.0
Sess07_script05_M007,fear,1.4,4.0,1,-,,train,0.0,0.0,0.5,0.0,0.1,0.0,0.4
Sess07_script05_M014,fear,1.4,4.0,1,-; -,; ,train,0.1,0.0,0.6,0.0,0.2,0.1,0.0
Sess07_script05_M015,fear,1.4,4.0,1,-; -,; ,train,0.1,0.0,0.7,0.0,0.1,0.0,0.1
Sess08_script03_F006,fear,1.4,4.0,1,-; -,; ,train,0.1,0.0,0.7,0.0,0.1,0.0,0.1
Sess09_script02_F022,fear,1.3,4.3,1,-,,train,0.0,0.0,0.6,0.0,0.0,0.1,0.3
Sess19_script05_F006,fear,1.7,4.3,1,-ݾ; -,ݾ; ,val,0.3,0.0,0.5,0.0,0.0,0.0,0.2
Sess05_script04_M013,fear,1.7,4.1,1,-; -,; ,train,0.2,0.0,0.5,0.0,0.2,0.1,0.0
Sess11_script05_F006,fear,1.7,4.1,1,-; -,; ,train,0.0,0.0,0.6,0.0,0.0,0.0,0.4
Sess09_impro04_F026,fear,1.5,4.2,1,-ݾ; -,ݾ; ,train,0.3,0.0,0.6,0.0,0.0,0.1,0.0
Sess12_script01_F013,fear,1.8,4.3,1,-ݾ; -,ݾ; ,train,0.0,0.0,0.6,0.0,0.2,0.0,0.2
Sess03_impro03_F027,surprise,2.4,3.8,1,-,,train,0.0,0.0,0.2,0.0,0.3,0.0,0.5
Sess03_script01_M007,surprise,1.9,3.8,1,-; -,; ,train,0.1,0.0,0.3,0.0,0.0,0.0,0.6
Sess03_script01_M029,surprise,1.5,3.8,1,-,,train,0.0,0.0,0.4,0.0,0.0,0.0,0.6
Sess05_script04_M001,surprise,1.8,3.8,1,-,,train,0.0,0.0,0.3,0.0,0.0,0.0,0.7
Sess05_script04_M001,surprise,1.8,3.8,1,-,,train,0.0,0.0,0.3,0.0,0.0,0.0,0.7
Sess07_script05_F005,surprise,1.5,4.3,1,-,,train,0.0,0.0,0.4,0.0,0.0,0.0,0.6
Sess12_script01_M001,surprise,2.1,3.8,1,-,,train,0.0,0.0,0.2,0.0,0.0,0.0,0.8
Sess12_script01_M007,surprise,2.1,3.8,1,-; -,; ,train,0.0,0.0,0.3,0.0,0.0,0.0,0.7
Sess12_script01_M029,surprise,1.9,4.3,1,-,,train,0.0,0.0,0.3,0.0,0.1,0.0,0.6
Sess13_impro03_M006,surprise,2.2,3.8,1,-,,train,0.1,0.0,0.0,0.0,0.0,0.0,0.9
Sess14_impro01_M008,surprise,2.2,3.8,1,-,,train,0.2,0.0,0.0,0.0,0.1,0.0,0.7
Sess14_script04_M001,surprise,2.1,3.7,1,-,,train,0.0,0.0,0.1,0.0,0.1,0.0,0.8
Sess14_script04_M005,surprise,1.9,3.3,1,-,,train,0.0,0.1,0.6,0.0,0.2,0.0,0.1
Sess16_impro03_F006,surprise,2.6,3.1,1,-; -,; ?,train,0.0,0.2,0.0,0.0,0.7,0.0,0.1
Sess17_script05_F004,surprise,2.1,3.6,1,-; -,; ,val,0.0,0.0,0.8,0.0,0.0,0.0,0.2
Sess17_script05_M001,surprise,1.9,3.8,1,-,,val,0.0,0.0,0.2,0.0,0.0,0.0,0.8
Sess18_script02_M017,surprise,2.0,3.8,1,-; -ݾ,; ݾ,val,0.2,0.3,0.0,0.0,0.1,0.0,0.4
Sess05_impro03_F020,fear,1.8,4.1,1,-,,train,0.0,0.0,0.7,0.0,0.2,0.0,0.1
Sess17_script05_M034,fear,1.5,3.2,1,-,,val,0.3,0.4,0.2,0.0,0.1,0.0,0.0
Sess04_impro04_F024,fear,1.4,4.1,1,-ݾ; -,ݾ; ,train,0.1,0.0,0.6,0.0,0.1,0.1,0.1
Sess03_script01_M030,fear,1.4,3.9,1,-; -,; ,train,0.2,0.0,0.6,0.0,0.0,0.0,0.2
Sess05_script04_F004,fear,1.4,3.9,1,-,,train,0.0,0.0,0.7,0.0,0.0,0.0,0.3
Sess06_script04_M014,fear,1.4,3.9,1,-; -,; ,train,0.2,0.0,0.5,0.0,0.1,0.1,0.1
Sess02_script04_F006,fear,1.7,4.0,1,-; -,; ,train,0.0,0.0,0.6,0.0,0.0,0.0,0.4
Sess10_script01_M030,fear,1.4,4.3,1,-; -,; ,train,0.0,0.0,0.1,0.0,0.0,0.0,0.9
Sess07_script05_F010,fear,1.4,3.7,1,-,,train,0.0,0.0,0.9,0.0,0.0,0.0,0.1
Sess03_script01_F006,surprise,1.4,4.2,1,-; -,; ,train,0.0,0.0,0.8,0.0,0.0,0.0,0.2
Sess05_script03_F002,surprise,3.9,3.2,1,-; -,; ,train,0.0,0.0,0.0,0.3,0.3,0.0,0.4
Sess06_script02_M008,surprise,3.7,3.7,1,-,,train,0.0,0.0,0.0,0.1,0.4,0.0,0.5
Sess07_impro03_F011,surprise,1.8,2.8,1,-,,train,0.2,0.2,0.0,0.0,0.5,0.0,0.1
Sess07_script03_F021,surprise,2.6,3.7,1,-,,train,0.0,0.1,0.0,0.0,0.1,0.0,0.8
Sess07_script05_M001,surprise,1.9,3.7,1,-,,train,0.0,0.0,0.3,0.0,0.0,0.0,0.7
Sess08_script03_M030,surprise,1.8,3.7,1,-,,train,0.0,0.0,0.1,0.0,0.0,0.0,0.9
Sess08_script05_F014,surprise,3.9,4.1,1,-; -,; ,train,0.2,0.0,0.0,0.1,0.2,0.0,0.5
Sess10_script01_F007,surprise,1.9,3.9,1,-; -,; ,train,0.3,0.0,0.3,0.0,0.0,0.0,0.4
Sess14_script04_M001,surprise,2.1,3.7,1,-,,train,0.0,0.0,0.1,0.0,0.1,0.0,0.8
Sess15_script03_F006,surprise,1.8,4.4,1,-,,train,0.1,0.0,0.6,0.0,0.0,0.0,0.3
Sess16_impro03_F005,surprise,3.0,2.9,1,-,,train,0.0,0.0,0.0,0.0,1.0,0.0,0.0
Sess17_script01_F012,surprise,4.2,4.1,1,-; -,; ,val,0.0,0.0,0.0,0.1,0.0,0.0,0.9
Sess18_impro01_F010,surprise,3.5,3.4,1,-,,val,0.0,0.2,0.0,0.2,0.6,0.0,0.0
Sess20_script06_M001,surprise,1.9,3.7,1,-,,val,0.1,0.0,0.2,0.0,0.0,0.0,0.7
Sess05_script04_M030,fear,1.4,3.7,1,-; -,; ,train,0.3,0.0,0.5,0.0,0.1,0.0,0.1
Sess10_script01_M033,fear,1.8,4.0,1,-,,train,0.1,0.0,0.5,0.0,0.4,0.0,0.0
Sess11_script05_M032,fear,1.7,2.8,1,-,,train,0.2,0.3,0.2,0.0,0.3,0.0,0.0
Sess19_script05_F007,fear,1.8,4.0,1,-ݾ; -,ݾ; ,val,0.1,0.3,0.3,0.0,0.2,0.0,0.1
Sess04_script04_M035,fear,1.6,3.9,1,-,,train,0.3,0.0,0.4,0.0,0.3,0.0,0.0
Sess03_script01_F012,fear,1.4,4.0,1,-ݾ,ݾ,train,0.1,0.0,0.9,0.0,0.0,0.0,0.0
Sess07_script05_F011,fear,1.4,4.0,1,-ݾ,ݾ,train,0.1,0.0,0.7,0.0,0.0,0.1,0.1
Sess03_script01_M010,fear,1.9,4.0,1,-; -,; ,train,0.0,0.0,0.5,0.1,0.2,0.0,0.2
Sess06_script04_M026,fear,2.6,4.2,1,-; -,; ,train,0.2,0.0,0.5,0.2,0.1,0.0,0.0
Sess08_script03_M033,fear,1.6,3.2,1,-,,train,0.3,0.0,0.0,0.0,0.7,0.0,0.0
Sess16_script05_F006,fear,1.9,4.0,1,-; -,; ,train,0.2,0.0,0.6,0.0,0.0,0.0,0.2
Sess01_script01_M030,fear,1.5,3.8,1,-; -,; ,train,0.1,0.0,0.4,0.0,0.2,0.0,0.3
Sess05_script04_F002,fear,1.8,4.0,1,-,,train,0.0,0.0,0.7,0.0,0.1,0.0,0.2
Sess03_script01_F005,surprise,1.4,4.0,1,-; -,; ,train,0.0,0.0,0.8,0.0,0.0,0.0,0.2
Sess03_script01_M012,surprise,1.9,3.2,1,-; -ݾ,; ݾ,train,0.0,0.0,0.5,0.0,0.5,0.0,0.0
Sess04_script04_M001,surprise,1.9,3.6,1,-,,train,0.0,0.0,0.3,0.0,0.0,0.0,0.7
Sess06_script04_F006,surprise,1.6,4.1,1,-; -,; ,train,0.0,0.0,1.0,0.0,0.0,0.0,0.0
Sess06_script04_M001,surprise,2.0,3.6,1,-,,train,0.0,0.0,0.1,0.0,0.0,0.0,0.9
Sess08_script03_F006,surprise,1.4,4.0,1,-; -,; ,train,0.1,0.0,0.7,0.0,0.1,0.0,0.1
Sess08_script03_F009,surprise,1.7,3.6,1,-; -,; ,train,0.0,0.2,0.1,0.0,0.1,0.1,0.5
Sess09_impro02_M006,surprise,2.7,3.6,1,-; -,; ,train,0.0,0.0,0.0,0.0,0.1,0.0,0.9
Sess11_impro04_M005,surprise,2.3,3.6,1,-,,train,0.0,0.0,0.0,0.0,0.1,0.1,0.8
Sess12_script01_F006,surprise,1.6,4.5,1,-; -,; ,train,0.1,0.0,0.8,0.0,0.0,0.0,0.1
Sess14_script04_F006,surprise,1.9,4.0,1,-,,train,0.0,0.0,0.6,0.0,0.1,0.0,0.3
Sess15_script01_F014,surprise,2.5,3.6,1,-,,train,0.3,0.2,0.0,0.0,0.1,0.0,0.4
Sess15_script03_M001,surprise,1.6,3.6,1,-,,train,0.0,0.0,0.2,0.0,0.0,0.0,0.8
Sess16_script05_M001,surprise,1.9,3.5,1,-,,train,0.0,0.0,0.2,0.0,0.1,0.0,0.7
Sess17_script05_M001,surprise,1.9,3.8,1,-,,val,0.0,0.0,0.2,0.0,0.0,0.0,0.8
Sess18_script03_M012,surprise,4.4,4.6,1,-; -,; ,val,0.0,0.0,0.0,0.1,0.0,0.0,0.9
Sess18_script05_M001,surprise,2.2,2.7,1,-,,val,0.0,0.0,0.2,0.0,0.1,0.0,0.7
Sess20_impro01_F006,surprise,3.6,3.0,1,-; -,; ,val,0.0,0.1,0.0,0.0,0.9,0.0,0.0
Sess05_script04_F010,fear,1.3,3.7,1,-,,train,0.0,0.0,1.0,0.0,0.0,0.0,0.0
Sess05_script04_M004,fear,1.8,3.9,1,-,,train,0.0,0.0,0.6,0.0,0.3,0.0,0.1
Sess06_script04_F003,fear,1.8,3.9,1,-; -ϱ,; ϱ,train,0.1,0.0,0.6,0.0,0.0,0.0,0.3
Sess13_script02_F005,fear,1.8,3.9,1,-; -ݾ; -,; ݾ; ,train,0.0,0.0,0.7,0.0,0.0,0.0,0.3
Sess05_script04_M013,fear,1.7,4.1,1,-; -,; ,train,0.2,0.0,0.5,0.0,0.2,0.1,0.0
Sess08_script03_F020,fear,1.6,3.8,1,-,,train,0.0,0.0,0.7,0.0,0.0,0.0,0.3
Sess12_script01_M030,fear,2.0,3.9,1,-; -,; ,train,0.3,0.1,0.5,0.0,0.1,0.0,0.0
Sess16_script05_M016,fear,1.6,3.8,1,-; -ݾ,; ݾ,train,0.2,0.1,0.5,0.0,0.2,0.0,0.0
Sess05_script04_M030,fear,1.4,3.7,1,-; -,; ,train,0.3,0.0,0.5,0.0,0.1,0.0,0.1
Sess07_script05_F010,fear,1.4,3.7,1,-,,train,0.0,0.0,0.9,0.0,0.0,0.0,0.1
Sess07_script05_M027,fear,2.4,4.1,1,-; -,; ,train,0.1,0.0,0.5,0.0,0.4,0.0,0.0
Sess16_script05_M015,fear,1.9,3.9,1,-; -,; ,train,0.1,0.0,0.6,0.0,0.3,0.0,0.0
Sess15_script03_F006,fear,1.8,4.4,1,-,,train,0.1,0.0,0.6,0.0,0.0,0.0,0.3
Sess06_script04_M005,fear,1.7,3.8,1,-; -,; ,train,0.2,0.0,0.6,0.0,0.1,0.1,0.0
Sess06_script04_M014,fear,1.4,3.9,1,-; -,; ,train,0.2,0.0,0.5,0.0,0.1,0.1,0.1
Sess07_script05_M014,fear,1.4,4.0,1,-; -,; ,train,0.1,0.0,0.6,0.0,0.2,0.1,0.0
Sess12_script01_F007,fear,2.0,3.9,1,-,,train,0.0,0.1,0.6,0.0,0.1,0.0,0.2
Sess12_script01_M030,fear,2.0,3.9,1,-; -,; ,train,0.3,0.1,0.5,0.0,0.1,0.0,0.0
Sess20_script06_M007,fear,1.5,4.6,1,-; -,; ,val,0.0,0.0,0.0,0.0,0.0,0.0,1.0
Sess05_script04_F011,fear,1.3,3.8,1,-ݾ,ݾ,train,0.1,0.0,0.8,0.0,0.0,0.1,0.0
Sess10_script01_F013,fear,1.3,3.8,1,-ݾ,ݾ,train,0.0,0.0,0.7,0.0,0.0,0.2,0.1
Sess01_script01_M001,surprise,1.7,4.0,1,-,,train,0.0,0.0,0.1,0.0,0.0,0.0,0.9
Sess01_script02_M026,surprise,2.1,3.5,1,-,,train,0.0,0.0,0.0,0.0,0.1,0.0,0.9
Sess03_script01_M001,surprise,1.8,3.5,1,-,,train,0.0,0.0,0.1,0.0,0.0,0.0,0.9
Sess07_impro03_F013,surprise,2.1,2.9,1,-; -; -,; ; ,train,0.1,0.2,0.0,0.0,0.7,0.0,0.0
Sess08_script03_F005,surprise,1.6,3.5,1,-; -,; ,train,0.0,0.0,0.3,0.0,0.1,0.0,0.6
Sess09_script02_M001,surprise,2.0,3.3,1,-,,train,0.0,0.0,0.0,0.0,0.1,0.0,0.9
Sess10_impro04_F004,surprise,3.5,2.8,1,-; -; -,; ; ?,train,0.0,0.0,0.0,0.1,0.9,0.0,0.0
Sess10_script01_M001,surprise,2.0,3.5,1,-,,train,0.0,0.0,0.2,0.0,0.0,0.0,0.8
Sess10_script01_M007,surprise,1.9,3.5,1,-; -,; ,train,0.0,0.0,0.1,0.0,0.2,0.0,0.7
Sess10_script01_M007,surprise,1.9,3.5,1,-; -,; ,train,0.0,0.0,0.1,0.0,0.2,0.0,0.7
Sess13_impro03_F005,surprise,3.3,3.0,1,-,,train,0.0,0.0,0.0,0.0,1.0,0.0,0.0
Sess14_script01_M025,surprise,2.0,3.5,1,-,,train,0.0,0.0,0.0,0.0,0.0,0.1,0.9
Sess16_script01_F019,surprise,2.7,3.5,1,-; -ݾ,; ݾ,train,0.0,0.3,0.0,0.0,0.2,0.0,0.5
Sess16_script05_M001,surprise,1.9,3.5,1,-,,train,0.0,0.0,0.2,0.0,0.1,0.0,0.7
Sess17_script06_F030,surprise,4.0,3.5,1,-; -; -,; ; ?,val,0.2,0.1,0.0,0.3,0.4,0.0,0.0
Sess18_script02_M009,surprise,2.1,3.5,1,-,,val,0.0,0.0,0.0,0.0,0.0,0.0,1.0
Sess19_script02_M009,surprise,2.6,3.5,1,-,,val,0.0,0.0,0.1,0.0,0.2,0.0,0.7
Sess19_script02_M017,surprise,2.0,3.5,1,-; -ݾ,; ݾ,val,0.1,0.1,0.0,0.0,0.0,0.1,0.7
Sess20_script03_F020,surprise,3.0,3.5,1,-; -ݾ,; ݾ,val,0.0,0.0,0.0,0.0,0.4,0.0,0.6
Sess20_script03_F021,surprise,3.1,3.5,1,-,,val,0.0,0.0,0.0,0.0,0.4,0.0,0.6
Sess04_script04_M008,fear,1.8,3.8,1,-; -,; ,train,0.1,0.0,0.5,0.0,0.0,0.0,0.4
Sess05_script04_M014,fear,1.8,3.8,1,-; -ݾ; -,; ݾ; ,train,0.3,0.0,0.5,0.0,0.2,0.0,0.0
Sess05_script04_M026,fear,2.8,3.9,1,-; -,; ,train,0.2,0.0,0.5,0.2,0.1,0.0,0.0
Sess07_script05_F011,fear,1.4,4.0,1,-ݾ,ݾ,train,0.1,0.0,0.7,0.0,0.0,0.1,0.1
Sess02_script04_F005,fear,1.6,3.7,1,-; -ݾ,; ݾ,train,0.0,0.0,0.6,0.0,0.1,0.0,0.3
Sess02_script04_M031,fear,1.6,4.1,1,-; -,; ,train,0.4,0.0,0.5,0.0,0.0,0.0,0.1
Sess03_script01_M007,fear,1.9,3.8,1,-; -,; ,train,0.1,0.0,0.3,0.0,0.0,0.0,0.6
Sess06_script04_M008,fear,1.6,3.7,1,-; -ݾ,; ݾ,train,0.0,0.0,0.2,0.0,0.0,0.0,0.8
Sess01_script01_F012,fear,1.4,3.8,1,-ݾ,ݾ,train,0.1,0.0,0.6,0.0,0.1,0.2,0.0
Sess07_script05_M032,fear,1.3,4.0,1,-,,train,0.1,0.0,0.5,0.0,0.2,0.0,0.2
Sess05_script04_M029,fear,1.5,4.5,1,-,,train,0.0,0.0,0.1,0.0,0.0,0.0,0.9
Sess03_script01_F001,fear,1.7,3.7,1,-,,train,0.0,0.0,0.6,0.0,0.0,0.0,0.4
Sess05_script04_M004,fear,1.8,3.9,1,-,,train,0.0,0.0,0.6,0.0,0.3,0.0,0.1
Sess06_script04_F005,fear,1.7,3.7,1,-; -,; ,train,0.0,0.0,0.9,0.0,0.0,0.0,0.1
Sess16_script05_F011,fear,1.7,3.7,1,-,,train,0.0,0.2,0.8,0.0,0.0,0.0,0.0
Sess16_script05_M007,fear,1.7,3.4,1,-,,train,0.0,0.0,0.5,0.0,0.3,0.0,0.2
Sess01_script01_F001,fear,1.5,3.6,1,-,,train,0.0,0.0,0.7,0.0,0.1,0.0,0.2
Sess07_script05_F006,fear,1.4,3.4,1,-,,train,0.2,0.0,0.4,0.0,0.2,0.0,0.2
Sess09_script02_M014,fear,1.8,3.6,1,-; -,; ,train,0.3,0.0,0.4,0.0,0.2,0.1,0.0
Sess01_script01_F009,fear,1.4,4.1,1,-; -,; ,train,0.4,0.0,0.5,0.0,0.0,0.1,0.0
Sess07_script05_M004,fear,1.8,3.7,1,-,,train,0.0,0.0,0.4,0.0,0.3,0.0,0.3
Sess05_script04_F002,fear,1.8,4.0,1,-,,train,0.0,0.0,0.7,0.0,0.1,0.0,0.2
Sess01_impro03_F024,fear,1.6,3.6,1,-,,train,0.0,0.0,0.8,0.0,0.0,0.0,0.2
Sess01_script01_M004,fear,1.5,3.5,1,-,,train,0.0,0.0,0.5,0.0,0.2,0.1,0.2
Sess02_script04_F003,fear,1.6,3.6,1,-; -ϱ,; ϱ,train,0.1,0.0,0.7,0.0,0.1,0.0,0.1
Sess12_script01_M004,fear,2.0,3.3,1,-; -,; ,train,0.0,0.0,0.1,0.0,0.7,0.0,0.2
Sess12_script01_M032,fear,2.0,3.5,1,-,,train,0.3,0.1,0.3,0.0,0.3,0.0,0.0
Sess17_script05_M015,fear,1.9,3.7,1,-; -,; ,val,0.2,0.0,0.4,0.0,0.4,0.0,0.0
Sess20_script06_M014,fear,1.8,3.7,1,-,,val,0.4,0.0,0.2,0.0,0.4,0.0,0.0
Sess03_script01_M029,fear,1.5,3.8,1,-,,train,0.0,0.0,0.4,0.0,0.0,0.0,0.6
Sess04_script04_M006,fear,1.5,4.1,1,-; -; -,; ; ,train,0.0,0.0,0.8,0.0,0.0,0.0,0.2
Sess09_script02_M030,fear,1.4,3.9,1,-,,train,0.0,0.0,0.5,0.0,0.0,0.0,0.5
Sess06_script04_M012,fear,1.9,3.9,1,-ݾ; -,ݾ; ,train,0.2,0.0,0.5,0.0,0.3,0.0,0.0
Sess15_script03_F003,fear,2.1,4.4,1,-; -ϱ,; ϱ,train,0.3,0.0,0.1,0.0,0.2,0.0,0.4
Sess01_script01_M010,fear,2.8,4.0,1,-; -,; ,train,0.0,0.0,0.4,0.3,0.3,0.0,0.0
Sess05_script04_M007,fear,1.6,4.1,1,-; -ݾ,; ݾ,train,0.0,0.0,0.3,0.0,0.0,0.0,0.7
Sess05_script04_M024,fear,2.8,3.5,1,-; -,; ,train,0.4,0.0,0.2,0.0,0.4,0.0,0.0
Sess05_script04_M025,fear,3.3,4.2,1,-; -,; ,train,0.2,0.0,0.5,0.3,0.0,0.0,0.0
Sess07_script05_M026,fear,2.5,4.0,1,-; -,; ,train,0.2,0.0,0.5,0.1,0.2,0.0,0.0
Sess05_script04_F011,fear,1.3,3.8,1,-ݾ,ݾ,train,0.1,0.0,0.8,0.0,0.0,0.1,0.0
Sess02_script04_F022,fear,1.3,3.9,1,-,,train,0.0,0.0,0.5,0.0,0.0,0.0,0.5
Sess03_script01_M005,fear,1.7,3.6,1,-; -; -; -,; ; ; ,train,0.0,0.0,0.6,0.0,0.1,0.1,0.2
Sess05_script04_F010,fear,1.3,3.7,1,-,,train,0.0,0.0,1.0,0.0,0.0,0.0,0.0
Sess07_impro03_F016,fear,2.2,3.0,1,-; -ݾ,; ݾ,train,0.2,0.1,0.0,0.0,0.7,0.0,0.0
Sess08_script03_M031,fear,1.7,3.6,1,-; -,; ,train,0.1,0.0,0.4,0.0,0.2,0.0,0.3
Sess03_script01_F002,fear,1.9,3.6,1,-,,train,0.0,0.0,0.7,0.0,0.0,0.0,0.3
Sess12_script01_M012,fear,2.2,3.0,1,-ݾ,ݾ,train,0.0,0.0,0.2,0.0,0.8,0.0,0.0
Sess01_script01_F005,fear,1.5,3.5,1,-; -,; ,train,0.0,0.0,0.7,0.0,0.0,0.0,0.3
Sess01_script01_M004,fear,1.5,3.5,1,-,,train,0.0,0.0,0.5,0.0,0.2,0.1,0.2
Sess07_script05_M011,fear,1.4,4.2,1,-; -,; ,train,0.4,0.0,0.6,0.0,0.0,0.0,0.0
Sess12_script01_F002,fear,2.0,4.0,1,-,,train,0.0,0.0,0.5,0.0,0.1,0.0,0.4
Sess15_script02_F011,surprise,4.2,4.3,1,-; -,; ,train,0.0,0.0,0.0,0.1,0.0,0.0,0.9
Sess02_script04_M006,fear,1.8,3.6,1,-,,train,0.0,0.0,0.4,0.0,0.3,0.0,0.3
Sess04_script04_F004,fear,1.8,3.6,1,-; -ϱ,; ϱ,train,0.2,0.0,0.4,0.0,0.1,0.0,0.3
Sess04_script04_F004,fear,1.8,3.6,1,-; -ϱ,; ϱ,train,0.2,0.0,0.4,0.0,0.1,0.0,0.3
Sess09_script02_M004,fear,2.0,4.0,1,-,,train,0.0,0.0,0.1,0.0,0.2,0.0,0.7
Sess09_script02_M014,fear,1.8,3.6,1,-; -,; ,train,0.3,0.0,0.4,0.0,0.2,0.1,0.0
Sess09_script02_M015,fear,1.8,3.6,1,-; -ݾ; -,; ݾ; ,train,0.1,0.1,0.4,0.0,0.2,0.2,0.0
Sess09_script02_M005,fear,1.7,4.1,1,-; -; -,; ; ,train,0.0,0.0,0.6,0.0,0.1,0.0,0.3
Sess12_script01_M008,fear,2.0,3.9,1,-; -ݾ,; ݾ,train,0.0,0.0,0.2,0.0,0.0,0.0,0.8
Sess03_script01_F011,fear,1.6,3.5,1,-,,train,0.0,0.0,0.9,0.0,0.1,0.0,0.0
Sess04_script04_M028,fear,2.2,3.3,1,-; -,; ,train,0.4,0.0,0.1,0.0,0.5,0.0,0.0
Sess01_script01_F002,fear,1.6,3.7,1,-,,train,0.0,0.0,0.8,0.0,0.0,0.0,0.2
Sess07_script05_M005,fear,1.5,4.0,1,-; -; -,; ; ,train,0.0,0.0,0.6,0.0,0.1,0.0,0.3
Sess18_script05_F006,fear,2.0,4.2,1,-,,val,0.2,0.0,0.7,0.0,0.0,0.0,0.1
Sess14_script04_F005,fear,1.9,3.6,1,-,,train,0.0,0.0,0.8,0.0,0.0,0.0,0.2
Sess14_script04_M004,fear,2.0,4.1,1,-,,train,0.0,0.0,0.3,0.0,0.6,0.0,0.1
Sess15_script03_F002,fear,2.6,3.5,1,-,,train,0.0,0.0,0.2,0.0,0.4,0.0,0.4
Sess01_script01_F006,fear,1.4,4.0,1,-; -,; ,train,0.1,0.0,0.7,0.0,0.0,0.0,0.2
Sess07_script05_M015,fear,1.4,4.0,1,-; -,; ,train,0.1,0.0,0.7,0.0,0.1,0.0,0.1
Sess08_script03_M011,fear,3.2,3.8,1,-; -,; ,train,0.1,0.0,0.2,0.3,0.3,0.0,0.1
Sess04_script04_F002,fear,2.2,3.2,1,-,,train,0.0,0.0,0.2,0.0,0.3,0.0,0.5
Sess04_script04_F007,fear,2.0,2.9,1,-,,train,0.0,0.0,0.3,0.0,0.1,0.0,0.6
Sess07_script05_M004,fear,1.8,3.7,1,-,,train,0.0,0.0,0.4,0.0,0.3,0.0,0.3
Sess14_script04_M008,fear,2.0,4.0,1,-; -ݾ,; ݾ,train,0.1,0.0,0.2,0.0,0.0,0.0,0.7
Sess20_script02_M014,surprise,4.8,4.3,1,-,,val,0.0,0.0,0.0,0.2,0.2,0.0,0.6
Sess02_script04_M007,fear,1.9,3.2,1,-; -ݾ,; ݾ,train,0.0,0.0,0.3,0.0,0.0,0.0,0.7
Sess03_script01_M010,fear,1.9,4.0,1,-; -,; ,train,0.0,0.0,0.5,0.1,0.2,0.0,0.2
Sess06_script04_M010,fear,3.0,4.3,1,-; -; -,; ; ,train,0.0,0.0,0.5,0.3,0.1,0.0,0.1
Sess10_script01_F012,fear,1.4,3.3,1,-,,train,0.0,0.0,0.8,0.0,0.0,0.2,0.0
Sess20_script06_M005,fear,1.7,4.0,1,-; -; -,; ; ,val,0.2,0.1,0.6,0.0,0.0,0.0,0.1
Sess05_script04_M011,fear,2.1,3.8,1,-ݾ,ݾ,train,0.0,0.0,0.7,0.0,0.3,0.0,0.0
Sess17_script05_M013,fear,2.6,3.7,1,-ݾ; -,ݾ; ,val,0.1,0.1,0.1,0.0,0.7,0.0,0.0
Sess12_script01_F005,fear,2.1,3.6,1,-; -,; ,train,0.0,0.0,0.6,0.0,0.0,0.0,0.4
Sess17_script05_F004,fear,2.1,3.6,1,-; -,; ,val,0.0,0.0,0.8,0.0,0.0,0.0,0.2
Sess01_script01_F002,fear,1.6,3.7,1,-,,train,0.0,0.0,0.8,0.0,0.0,0.0,0.2
Sess10_script01_F013,fear,1.3,3.8,1,-ݾ,ݾ,train,0.0,0.0,0.7,0.0,0.0,0.2,0.1
Sess11_script05_F007,fear,1.9,3.7,1,-ݾ,ݾ,train,0.2,0.2,0.4,0.0,0.1,0.0,0.1
Sess07_script05_M012,fear,2.2,3.8,1,-ݾ,ݾ,train,0.0,0.0,0.7,0.0,0.3,0.0,0.0
Sess17_script05_M009,fear,1.9,3.9,1,-; -ݾ,; ݾ,val,0.1,0.0,0.2,0.0,0.2,0.0,0.5
Sess05_script04_M005,fear,1.6,3.9,1,-; -; -,; ; ,train,0.0,0.0,0.7,0.0,0.1,0.0,0.2
Sess07_script05_M012,fear,2.2,3.8,1,-ݾ,ݾ,train,0.0,0.0,0.7,0.0,0.3,0.0,0.0
Sess08_script03_F012,fear,1.5,3.5,1,-ݾ,ݾ,train,0.1,0.0,0.6,0.0,0.2,0.0,0.1
Sess14_script04_F006,fear,1.9,4.0,1,-,,train,0.0,0.0,0.6,0.0,0.1,0.0,0.3
Sess13_script06_M014,surprise,4.4,4.8,1,-,,train,0.0,0.0,0.0,0.0,0.0,0.0,1.0
Sess03_script01_F007,fear,1.8,3.4,1,-ݾ,ݾ,train,0.0,0.0,0.8,0.0,0.1,0.0,0.1
Sess06_script04_M005,fear,1.7,3.8,1,-; -,; ,train,0.2,0.0,0.6,0.0,0.1,0.1,0.0
Sess09_script02_F007,fear,1.8,3.9,1,-,,train,0.2,0.0,0.6,0.0,0.0,0.0,0.2
Sess15_script03_F005,fear,2.2,3.5,1,-; -,; ,train,0.0,0.0,0.9,0.0,0.0,0.0,0.1
Sess12_script01_M009,fear,2.0,3.5,1,-,,train,0.2,0.0,0.5,0.0,0.1,0.0,0.2
Sess11_script01_M015,surprise,4.1,4.1,1,-,,train,0.0,0.0,0.0,0.1,0.3,0.0,0.6
Sess06_script04_M012,fear,1.9,3.9,1,-ݾ; -,ݾ; ,train,0.2,0.0,0.5,0.0,0.3,0.0,0.0
Sess12_script01_F012,fear,1.8,3.5,1,-ݾ,ݾ,train,0.1,0.3,0.5,0.0,0.0,0.0,0.1
Sess09_script02_F002,fear,1.8,3.6,1,-,,train,0.0,0.0,0.5,0.0,0.1,0.0,0.4
Sess10_script01_F008,fear,1.9,3.4,1,-ݾ,ݾ,train,0.0,0.0,0.6,0.0,0.1,0.0,0.3
Sess02_script04_M030,fear,1.6,3.7,1,-,,train,0.0,0.0,0.6,0.0,0.1,0.0,0.3
Sess03_script01_F002,fear,1.9,3.6,1,-,,train,0.0,0.0,0.7,0.0,0.0,0.0,0.3
Sess04_script04_F006,fear,1.8,3.0,1,-,,train,0.0,0.0,0.2,0.0,0.2,0.0,0.6
Sess02_script04_M030,fear,1.6,3.7,1,-,,train,0.0,0.0,0.6,0.0,0.1,0.0,0.3
Sess05_script04_M005,fear,1.6,3.9,1,-; -; -,; ; ,train,0.0,0.0,0.7,0.0,0.1,0.0,0.2
Sess17_script05_M005,fear,1.6,3.7,1,-; -; -,; ; ,val,0.0,0.0,0.9,0.0,0.1,0.0,0.0
Sess13_script02_F006,fear,2.0,3.5,1,-ݾ,ݾ,train,0.1,0.2,0.4,0.0,0.0,0.0,0.3
Sess16_script06_M015,surprise,3.5,4.1,1,-,,train,0.0,0.0,0.0,0.0,0.0,0.0,1.0
Sess04_script04_M032,fear,1.6,3.9,1,-,,train,0.0,0.0,0.3,0.0,0.0,0.0,0.7
Sess08_script03_M005,fear,1.5,3.6,1,-; -; -,; ; ,train,0.1,0.0,0.6,0.0,0.2,0.0,0.1
Sess16_script05_M005,fear,1.6,3.6,1,-; -; -,; ; ,train,0.0,0.0,0.7,0.0,0.2,0.1,0.0
Sess05_script04_F008,fear,1.6,3.9,1,-; -,; ,train,0.2,0.0,0.2,0.0,0.0,0.0,0.6
Sess10_script01_M005,fear,1.9,3.7,1,-; -,; ,train,0.0,0.0,0.7,0.0,0.1,0.0,0.2
Sess04_script06_F014,surprise,3.8,4.3,1,-; -,; ?,train,0.2,0.0,0.1,0.0,0.2,0.0,0.5
Sess07_script01_M014,surprise,4.2,4.5,1,-,,train,0.0,0.0,0.0,0.1,0.3,0.0,0.6
Sess07_script01_M015,surprise,4.0,4.5,1,-,,train,0.0,0.0,0.1,0.0,0.2,0.0,0.7
Sess12_script06_M014,surprise,4.3,4.5,1,-,,train,0.0,0.0,0.1,0.2,0.0,0.0,0.7
Sess06_script04_F009,fear,1.6,4.0,1,-; -,; ,train,0.3,0.0,0.2,0.0,0.0,0.0,0.5
Sess07_script05_F008,fear,1.7,4.0,1,-; -,; ,train,0.1,0.0,0.3,0.0,0.0,0.1,0.5
Sess19_script05_M005,fear,1.9,3.6,1,-; -; -,; ; ,val,0.0,0.0,0.8,0.0,0.0,0.0,0.2
Sess08_script05_F012,surprise,3.9,4.4,1,-,,train,0.0,0.0,0.0,0.1,0.1,0.0,0.8
Sess19_script03_M015,surprise,4.7,4.4,1,-,,val,0.0,0.0,0.0,0.4,0.0,0.0,0.6
Sess08_script03_M005,fear,1.5,3.6,1,-; -; -,; ; ,train,0.1,0.0,0.6,0.0,0.2,0.0,0.1
Sess14_script04_M029,fear,2.0,4.0,1,-,,train,0.0,0.0,0.1,0.0,0.0,0.0,0.9
Sess14_script02_M012,surprise,4.6,5.0,1,-,,train,0.0,0.0,0.0,0.1,0.0,0.0,0.9
Sess15_script03_F020,surprise,1.3,5.0,1,-,,train,0.0,0.0,0.3,0.0,0.0,0.0,0.7
Sess13_script02_M005,fear,1.8,3.5,1,-; -; -,; ; ,train,0.0,0.0,0.9,0.0,0.1,0.0,0.0
Sess15_script03_M005,fear,1.8,3.5,1,-; -; -,; ; ,train,0.0,0.0,0.6,0.0,0.1,0.0,0.3
Sess04_script06_F014,surprise,3.8,4.3,1,-; -,; ?,train,0.2,0.0,0.1,0.0,0.2,0.0,0.5
Sess10_script02_F012,surprise,4.2,4.3,1,-,,train,0.0,0.0,0.0,0.1,0.0,0.0,0.9
Sess12_script06_M015,surprise,4.3,4.3,1,-,,train,0.0,0.0,0.1,0.2,0.1,0.0,0.6
Sess12_script06_M015,surprise,4.3,4.3,1,-,,train,0.0,0.0,0.1,0.2,0.1,0.0,0.6
Sess14_script02_M016,surprise,4.4,4.3,1,-,,train,0.0,0.0,0.0,0.4,0.0,0.0,0.6
Sess15_script02_F011,surprise,4.2,4.3,1,-; -,; ,train,0.0,0.0,0.0,0.1,0.0,0.0,0.9
Sess15_script02_M015,surprise,4.3,3.9,1,-,,train,0.0,0.0,0.0,0.0,0.0,0.0,1.0
Sess16_script06_M014,surprise,4.1,3.6,1,-,,train,0.0,0.0,0.0,0.1,0.0,0.0,0.9
Sess19_script03_M014,surprise,4.1,4.3,1,-,,val,0.0,0.0,0.0,0.0,0.0,0.0,1.0
Sess20_script02_M014,surprise,4.8,4.3,1,-,,val,0.0,0.0,0.0,0.2,0.2,0.0,0.6
Sess10_script01_F010,fear,2.2,3.5,1,-,,train,0.0,0.0,0.4,0.0,0.2,0.1,0.3
Sess12_script01_M009,fear,2.0,3.5,1,-,,train,0.2,0.0,0.5,0.0,0.1,0.0,0.2
Sess19_script05_M029,fear,1.9,4.0,1,-,,val,0.2,0.0,0.3,0.0,0.0,0.0,0.5
Sess16_script06_M012,surprise,4.7,4.9,1,-,,train,0.0,0.0,0.0,0.3,0.0,0.0,0.7
Sess01_script01_M005,fear,1.3,3.8,1,-; -,; ,train,0.0,0.0,0.8,0.0,0.1,0.0,0.1
Sess04_script06_M015,surprise,3.9,4.2,1,-,,train,0.0,0.0,0.0,0.1,0.1,0.0,0.8
Sess07_script01_M014,surprise,4.2,4.5,1,-,,train,0.0,0.0,0.0,0.1,0.3,0.0,0.6
Sess09_script06_M013,surprise,4.0,4.2,1,-; -,; ,train,0.0,0.0,0.0,0.2,0.1,0.0,0.7
Sess10_script01_F010,fear,2.2,3.5,1,-,,train,0.0,0.0,0.4,0.0,0.2,0.1,0.3
Sess13_script06_M015,surprise,4.4,4.8,1,-,,train,0.0,0.0,0.0,0.0,0.0,0.0,1.0
Sess06_script02_M015,surprise,3.8,4.1,1,-,,train,0.0,0.0,0.1,0.0,0.0,0.0,0.9
Sess08_script05_F012,surprise,3.9,4.4,1,-,,train,0.0,0.0,0.0,0.1,0.1,0.0,0.8
Sess08_script05_M017,surprise,3.8,3.6,1,-,,train,0.0,0.0,0.0,0.1,0.3,0.0,0.6
Sess09_script06_M014,surprise,3.5,4.1,1,-,,train,0.0,0.0,0.0,0.0,0.0,0.0,1.0
Sess10_script02_F012,surprise,4.2,4.3,1,-,,train,0.0,0.0,0.0,0.1,0.0,0.0,0.9
Sess10_script02_M016,surprise,3.9,3.9,1,-,,train,0.0,0.0,0.0,0.0,0.2,0.0,0.8
Sess11_script01_M015,surprise,4.1,4.1,1,-,,train,0.0,0.0,0.0,0.1,0.3,0.0,0.6
Sess14_script02_M015,surprise,4.4,4.1,1,-,,train,0.0,0.0,0.0,0.2,0.3,0.0,0.5
Sess14_script02_M015,surprise,4.4,4.1,1,-,,train,0.0,0.0,0.0,0.2,0.3,0.0,0.5
Sess14_script02_M016,surprise,4.4,4.3,1,-,,train,0.0,0.0,0.0,0.4,0.0,0.0,0.6
Sess15_script02_M014,surprise,4.3,4.1,1,-,,train,0.0,0.0,0.0,0.0,0.0,0.0,1.0
Sess15_script02_M014,surprise,4.3,4.1,1,-,,train,0.0,0.0,0.0,0.0,0.0,0.0,1.0
Sess16_script06_M015,surprise,3.5,4.1,1,-,,train,0.0,0.0,0.0,0.0,0.0,0.0,1.0
Sess17_script01_M015,surprise,4.0,3.6,1,-,,val,0.0,0.0,0.0,0.0,0.3,0.0,0.7
Sess15_script03_F019,surprise,1.3,4.7,1,-,,train,0.0,0.0,0.0,0.0,0.0,0.0,1.0
Sess12_script06_F008,disgust,1.3,4.2,1,-,,train,0.4,0.5,0.0,0.0,0.1,0.0,0.0
Sess03_script06_M014,surprise,3.7,3.9,1,-,,train,0.0,0.0,0.0,0.0,0.3,0.0,0.7
Sess03_script06_M015,surprise,3.7,3.7,1,-,,train,0.0,0.0,0.0,0.0,0.3,0.0,0.7
Sess06_script02_M014,surprise,4.0,4.0,1,-,,train,0.0,0.0,0.0,0.0,0.1,0.0,0.9
Sess07_script01_M015,surprise,4.0,4.5,1,-,,train,0.0,0.0,0.1,0.0,0.2,0.0,0.7
Sess09_script06_M013,surprise,4.0,4.2,1,-; -,; ,train,0.0,0.0,0.0,0.2,0.1,0.0,0.7
Sess10_script02_M015,surprise,3.6,4.0,1,-,,train,0.0,0.0,0.0,0.0,0.1,0.0,0.9
Sess11_script01_M014,surprise,3.8,4.0,1,-,,train,0.0,0.0,0.0,0.0,0.2,0.0,0.8
Sess17_script01_M014,surprise,4.0,3.6,1,-,,val,0.0,0.0,0.0,0.0,0.2,0.0,0.8
Sess19_script03_M015,surprise,4.7,4.4,1,-,,val,0.0,0.0,0.0,0.4,0.0,0.0,0.6
Sess01_script01_M005,fear,1.3,3.8,1,-; -,; ,train,0.0,0.0,0.8,0.0,0.1,0.0,0.1
Sess15_script03_F021,surprise,1.4,4.6,1,-,,train,0.0,0.0,0.2,0.0,0.0,0.0,0.8
Sess18_script05_F019,surprise,1.4,4.6,1,-,,val,0.0,0.0,0.4,0.0,0.0,0.0,0.6
Sess19_script05_M008,surprise,2.1,4.6,1,-; -ݾ,; ݾ,val,0.0,0.0,0.1,0.0,0.1,0.0,0.8
Sess03_script06_M014,surprise,3.7,3.9,1,-,,train,0.0,0.0,0.0,0.0,0.3,0.0,0.7
Sess05_script01_M018,surprise,4.0,3.9,1,-,,train,0.0,0.0,0.0,0.0,0.0,0.0,1.0
Sess05_script01_M018,surprise,4.0,3.9,1,-,,train,0.0,0.0,0.0,0.0,0.0,0.0,1.0
Sess10_script02_M016,surprise,3.9,3.9,1,-,,train,0.0,0.0,0.0,0.0,0.2,0.0,0.8
Sess15_script02_M015,surprise,4.3,3.9,1,-,,train,0.0,0.0,0.0,0.0,0.0,0.0,1.0
Sess18_script05_M028,surprise,1.8,4.3,1,-,?,val,0.4,0.0,0.0,0.0,0.0,0.0,0.6
Sess16_impro04_F022,fear,1.6,4.4,1,-,,train,0.1,0.0,0.6,0.0,0.1,0.0,0.2
Sess17_impro04_F025,fear,1.6,4.4,1,-,,val,0.0,0.0,0.5,0.0,0.1,0.0,0.4
Sess07_script01_M012,surprise,4.6,4.5,1,-,,train,0.0,0.0,0.0,0.4,0.1,0.0,0.5
Sess12_script06_F011,surprise,4.5,4.5,1,-,,train,0.0,0.0,0.0,0.1,0.0,0.0,0.9
Sess13_script02_M008,surprise,1.8,4.5,1,-; -ݾ,; ݾ,train,0.2,0.0,0.2,0.0,0.0,0.0,0.6
Sess16_script06_M012,surprise,4.7,4.9,1,-,,train,0.0,0.0,0.0,0.3,0.0,0.0,0.7
Sess20_script02_M015,surprise,4.8,4.5,1,-,,val,0.0,0.0,0.0,0.3,0.1,0.0,0.6
Sess20_script06_F019,surprise,1.5,4.5,1,-,,val,0.0,0.0,0.4,0.0,0.0,0.0,0.6
Sess14_impro02_F030,fear,1.7,4.4,1,-,,train,0.1,0.0,0.6,0.0,0.0,0.0,0.3
Sess18_impro03_M010,disgust,2.1,3.6,1,-,,val,0.4,0.5,0.0,0.0,0.1,0.0,0.0
Sess18_script03_F008,disgust,1.8,4.2,1,-; -,; ,val,0.3,0.6,0.0,0.0,0.1,0.0,0.0
Sess04_script06_M015,surprise,3.9,4.2,1,-,,train,0.0,0.0,0.0,0.1,0.1,0.0,0.8
Sess08_script05_M018,surprise,3.8,3.8,1,-,,train,0.0,0.0,0.1,0.0,0.3,0.0,0.6
Sess08_script05_M018,surprise,3.8,3.8,1,-,,train,0.0,0.0,0.1,0.0,0.3,0.0,0.6
Sess13_script06_M014,surprise,4.4,4.8,1,-,,train,0.0,0.0,0.0,0.0,0.0,0.0,1.0
Sess19_script03_M014,surprise,4.1,4.3,1,-,,val,0.0,0.0,0.0,0.0,0.0,0.0,1.0
Sess02_script03_M013,surprise,4.4,4.4,1,-,,train,0.0,0.0,0.0,0.2,0.0,0.0,0.8
Sess05_script01_M014,surprise,4.1,4.4,1,-,,train,0.0,0.0,0.0,0.0,0.0,0.0,1.0
Sess07_script05_F019,surprise,1.4,4.4,1,-,,train,0.0,0.0,0.3,0.0,0.0,0.0,0.7
Sess07_script05_M030,surprise,1.4,4.4,1,-; -,; ,train,0.1,0.0,0.5,0.0,0.0,0.0,0.4
Sess12_script01_F003,surprise,1.6,4.4,1,-,,train,0.4,0.0,0.1,0.0,0.0,0.0,0.5
Sess12_script06_F011,surprise,4.5,4.5,1,-,,train,0.0,0.0,0.0,0.1,0.0,0.0,0.9
Sess13_script02_F001,surprise,2.1,2.4,1,-,,train,0.0,0.0,0.5,0.0,0.0,0.0,0.5
Sess13_script02_F019,surprise,1.9,4.2,1,-,,train,0.0,0.0,0.5,0.0,0.0,0.0,0.5
Sess15_script03_F003,surprise,2.1,4.4,1,-,,train,0.3,0.0,0.1,0.0,0.2,0.0,0.4
Sess15_script03_F020,surprise,1.3,5.0,1,-,,train,0.0,0.0,0.3,0.0,0.0,0.0,0.7
Sess19_script05_F019,surprise,1.9,4.4,1,-,,val,0.0,0.0,0.2,0.0,0.0,0.0,0.8
Sess03_script06_M015,surprise,3.7,3.7,1,-,,train,0.0,0.0,0.0,0.0,0.3,0.0,0.7
Sess06_script02_M014,surprise,4.0,4.0,1,-,,train,0.0,0.0,0.0,0.0,0.1,0.0,0.9
Sess10_script01_F023,fear,1.3,4.1,1,-,,train,0.1,0.0,0.4,0.0,0.0,0.0,0.5
Sess20_script06_M028,surprise,2.1,3.9,1,-,?,val,0.0,0.0,0.1,0.0,0.1,0.0,0.8
Sess10_script01_M031,fear,1.5,4.5,1,-,,train,0.2,0.0,0.3,0.0,0.0,0.0,0.5
Sess01_script01_F019,surprise,1.4,4.3,1,-,,train,0.0,0.0,0.2,0.0,0.0,0.0,0.8
Sess03_script06_F013,surprise,4.2,4.3,1,-,,train,0.0,0.0,0.1,0.1,0.2,0.0,0.6
Sess04_script06_M026,surprise,4.0,3.5,1,-,,train,0.0,0.0,0.0,0.4,0.6,0.0,0.0
Sess06_script02_M012,surprise,4.3,4.3,1,-,,train,0.0,0.0,0.0,0.0,0.0,0.0,1.0
Sess06_script04_F019,surprise,1.6,4.3,1,-,,train,0.0,0.0,0.3,0.0,0.0,0.0,0.7
Sess07_script05_F019,surprise,1.4,4.4,1,-,,train,0.0,0.0,0.3,0.0,0.0,0.0,0.7
Sess08_script03_F019,surprise,1.4,4.3,1,-,,train,0.0,0.0,0.2,0.0,0.0,0.0,0.8
Sess15_script03_F021,surprise,1.4,4.6,1,-,,train,0.0,0.0,0.2,0.0,0.0,0.0,0.8
Sess17_script01_F013,surprise,4.3,4.3,1,-; -,; ?,val,0.1,0.2,0.0,0.1,0.2,0.0,0.4
Sess18_script03_M014,surprise,4.5,4.3,1,-,,val,0.0,0.0,0.0,0.3,0.0,0.0,0.7
Sess07_script05_F018,surprise,1.4,4.4,1,-ݾ,ݾ,train,0.0,0.0,0.2,0.0,0.0,0.0,0.8
Sess08_script05_M017,surprise,3.8,3.6,1,-,,train,0.0,0.0,0.0,0.1,0.3,0.0,0.6
Sess16_script06_M014,surprise,4.1,3.6,1,-,,train,0.0,0.0,0.0,0.1,0.0,0.0,0.9
Sess17_script01_M014,surprise,4.0,3.6,1,-,,val,0.0,0.0,0.0,0.0,0.2,0.0,0.8
Sess17_script01_M015,surprise,4.0,3.6,1,-,,val,0.0,0.0,0.0,0.0,0.3,0.0,0.7
Sess13_script02_M028,surprise,1.9,4.4,1,-,?,train,0.0,0.0,0.0,0.0,0.0,0.0,1.0
Sess15_script03_M029,surprise,2.3,4.3,1,-,?,train,0.0,0.0,0.0,0.0,0.0,0.0,1.0
Sess05_script01_M014,surprise,4.1,4.4,1,-,,train,0.0,0.0,0.0,0.0,0.0,0.0,1.0
Sess07_script03_M010,surprise,4.1,4.2,1,-,,train,0.0,0.0,0.0,0.1,0.0,0.0,0.9
Sess08_script05_F010,surprise,3.7,4.1,1,-,,train,0.0,0.0,0.0,0.0,0.0,0.0,1.0
Sess08_script05_F011,surprise,3.7,4.1,1,-,,train,0.0,0.0,0.0,0.0,0.0,0.0,1.0
Sess08_script05_M012,surprise,4.4,4.2,1,-,,train,0.0,0.0,0.0,0.3,0.1,0.0,0.6
Sess20_script02_M015,surprise,4.8,4.5,1,-,,val,0.0,0.0,0.0,0.3,0.1,0.0,0.6
Sess07_script05_F018,surprise,1.4,4.4,1,-ݾ,ݾ,train,0.0,0.0,0.2,0.0,0.0,0.0,0.8
Sess17_script01_F008,disgust,1.8,3.9,1,-,,val,0.3,0.6,0.0,0.0,0.1,0.0,0.0
Sess08_script03_M013,surprise,2.3,3.5,1,-; -ݾ,; ݾ,train,0.1,0.0,0.5,0.0,0.4,0.0,0.0
Sess07_script05_M028,surprise,1.6,4.3,1,-,?,train,0.0,0.0,0.0,0.0,0.0,0.0,1.0
Sess07_script05_M028,surprise,1.6,4.3,1,-,?,train,0.0,0.0,0.0,0.0,0.0,0.0,1.0
Sess13_script02_M028,surprise,1.9,4.4,1,-,?,train,0.0,0.0,0.0,0.0,0.0,0.0,1.0
Sess15_script03_M029,surprise,2.3,4.3,1,-,?,train,0.0,0.0,0.0,0.0,0.0,0.0,1.0
Sess18_script05_M028,surprise,1.8,4.3,1,-,?,val,0.4,0.0,0.0,0.0,0.0,0.0,0.6
Sess13_script06_F008,disgust,1.9,4.1,1,-,,train,0.2,0.7,0.0,0.0,0.1,0.0,0.0
Sess05_script04_F018,surprise,1.3,4.1,1,-,,train,0.0,0.0,0.3,0.0,0.0,0.0,0.7
Sess05_script04_M007,surprise,1.6,4.1,1,-; -ݾ,; ݾ,train,0.0,0.0,0.3,0.0,0.0,0.0,0.7
Sess06_script02_M009,surprise,4.1,4.1,1,-,,train,0.0,0.0,0.0,0.1,0.1,0.0,0.8
Sess06_script04_F020,surprise,1.4,4.2,1,-,,train,0.0,0.0,0.5,0.0,0.0,0.1,0.4
Sess08_script05_F010,surprise,3.7,4.1,1,-,,train,0.0,0.0,0.0,0.0,0.0,0.0,1.0
Sess08_script05_F011,surprise,3.7,4.1,1,-,,train,0.0,0.0,0.0,0.0,0.0,0.0,1.0
Sess09_script02_F021,surprise,1.4,4.1,1,-,,train,0.0,0.0,0.4,0.0,0.0,0.0,0.6
Sess12_script01_M014,surprise,2.1,3.3,1,-,,train,0.0,0.0,0.5,0.0,0.5,0.0,0.0
Sess14_script04_F020,surprise,1.9,3.9,1,-,,train,0.0,0.0,0.5,0.0,0.0,0.0,0.5
Sess16_script05_F019,surprise,1.5,4.3,1,-,,train,0.0,0.0,0.6,0.0,0.0,0.0,0.4
Sess18_script03_M014,surprise,4.5,4.3,1,-,,val,0.0,0.0,0.0,0.3,0.0,0.0,0.7
Sess19_script05_F001,surprise,1.9,3.2,1,-,,val,0.0,0.0,0.3,0.0,0.0,0.0,0.7
Sess19_script05_F019,surprise,1.9,4.4,1,-,,val,0.0,0.0,0.2,0.0,0.0,0.0,0.8
Sess01_script01_M031,fear,1.6,3.3,1,-,,train,0.2,0.0,0.2,0.0,0.6,0.0,0.0
Sess01_script01_M028,surprise,2.2,3.7,1,-,?,train,0.0,0.0,0.1,0.0,0.0,0.0,0.9
Sess06_script02_F013,surprise,3.4,4.2,1,-,?,train,0.3,0.0,0.0,0.0,0.3,0.0,0.4
Sess06_script04_M028,surprise,2.0,3.5,1,-,?,train,0.0,0.0,0.4,0.0,0.1,0.1,0.4
Sess16_script05_M029,surprise,1.8,4.2,1,-,?,train,0.0,0.0,0.1,0.0,0.0,0.0,0.9
Sess19_script05_M028,surprise,1.9,3.9,1,-,?,val,0.0,0.0,0.1,0.0,0.0,0.0,0.9
Sess04_script04_M034,fear,1.6,4.0,1,-,,train,0.4,0.0,0.5,0.0,0.1,0.0,0.0
Sess18_script05_M009,fear,1.8,3.8,1,-,,val,0.0,0.0,0.2,0.0,0.0,0.0,0.8
Sess03_script06_F013,surprise,4.2,4.3,1,-,,train,0.0,0.0,0.1,0.1,0.2,0.0,0.6
Sess04_script04_F023,surprise,1.4,4.1,1,-,,train,0.0,0.0,0.5,0.0,0.0,0.1,0.4
Sess04_script04_M033,surprise,1.4,4.2,1,-; -,; ,train,0.4,0.0,0.6,0.0,0.0,0.0,0.0
Sess05_script04_F020,surprise,1.3,4.0,1,-,,train,0.0,0.0,0.8,0.0,0.0,0.0,0.2
Sess07_script05_M008,surprise,1.4,4.0,1,-; -ݾ,; ݾ,train,0.1,0.0,0.2,0.0,0.1,0.0,0.6
Sess09_script02_F003,surprise,1.6,4.0,1,-,,train,0.2,0.0,0.3,0.0,0.0,0.0,0.5
Sess09_script02_M004,surprise,2.0,4.0,1,-,,train,0.0,0.0,0.1,0.0,0.2,0.0,0.7
Sess13_impro01_F026,surprise,1.7,4.0,1,-,,train,0.1,0.0,0.2,0.0,0.0,0.0,0.7
Sess13_script03_M029,surprise,3.7,4.0,1,-; -ݾ,; ݾ,train,0.0,0.0,0.0,0.4,0.0,0.0,0.6
Sess13_script06_M015,surprise,4.4,4.8,1,-,,train,0.0,0.0,0.0,0.0,0.0,0.0,1.0
Sess14_script01_M009,surprise,3.5,4.0,1,-,,train,0.0,0.0,0.0,0.0,0.0,0.0,1.0
Sess14_script04_F005,surprise,1.9,3.6,1,-,,train,0.0,0.0,0.8,0.0,0.0,0.0,0.2
Sess14_script04_M008,surprise,2.0,4.0,1,-; -ݾ,; ݾ,train,0.1,0.0,0.2,0.0,0.0,0.0,0.7
Sess15_script03_M007,surprise,1.7,4.0,1,-,,train,0.0,0.0,0.5,0.0,0.0,0.0,0.5
Sess16_script01_M025,surprise,2.0,4.0,1,-,,train,0.0,0.0,0.0,0.0,0.0,0.0,1.0
Sess16_script01_M029,surprise,3.3,4.0,1,-; -ݾ,; ݾ,train,0.0,0.0,0.0,0.0,0.0,0.0,1.0
Sess17_script05_F001,surprise,2.5,3.4,1,-,,val,0.0,0.0,0.2,0.0,0.0,0.0,0.8
Sess18_script05_F005,surprise,1.9,3.4,1,-,,val,0.0,0.0,0.8,0.0,0.0,0.0,0.2
Sess20_script06_F005,surprise,1.9,3.3,1,-,,val,0.0,0.0,0.6,0.0,0.0,0.0,0.4
Sess11_script05_F022,fear,1.2,3.8,1,-,,train,0.0,0.0,0.8,0.0,0.0,0.0,0.2
Sess04_script04_M011,fear,1.9,3.7,1,-,,train,0.0,0.0,0.6,0.0,0.1,0.0,0.3
Sess06_impro04_F015,fear,1.8,3.9,1,-,,train,0.0,0.0,0.6,0.0,0.1,0.0,0.3
Sess15_script03_M009,fear,2.2,3.8,1,-,,train,0.0,0.0,0.4,0.0,0.2,0.0,0.4
Sess05_script04_M028,surprise,1.8,3.4,1,-,?,train,0.0,0.0,0.2,0.0,0.0,0.0,0.8
Sess08_script03_M029,surprise,1.9,3.8,1,-,?,train,0.0,0.0,0.2,0.0,0.1,0.0,0.7
Sess09_script02_M029,surprise,1.9,3.7,1,-,?,train,0.0,0.1,0.4,0.0,0.0,0.0,0.5
Sess07_script05_M009,fear,1.6,3.8,1,-,,train,0.0,0.0,0.6,0.0,0.2,0.0,0.2
Sess17_impro02_M007,disgust,1.8,3.6,1,-,,val,0.4,0.6,0.0,0.0,0.0,0.0,0.0
Sess01_script01_F001,surprise,1.5,3.6,1,-,,train,0.0,0.0,0.7,0.0,0.1,0.0,0.2
Sess01_script01_F019,surprise,1.4,4.3,1,-,,train,0.0,0.0,0.2,0.0,0.0,0.0,0.8
Sess01_script01_F020,surprise,1.3,4.3,1,-,,train,0.0,0.0,0.9,0.0,0.0,0.0,0.1
Sess04_impro02_F010,surprise,2.8,3.9,1,-,,train,0.0,0.1,0.0,0.0,0.1,0.0,0.8
Sess04_script01_F022,surprise,3.4,3.9,1,-,,train,0.0,0.0,0.0,0.0,0.0,0.0,1.0
Sess04_script04_M010,surprise,1.8,3.9,1,-; -ݾ,; ݾ,train,0.1,0.0,0.1,0.0,0.0,0.0,0.8
Sess07_script03_M030,surprise,3.4,3.9,1,-; -ݾ,; ݾ,train,0.0,0.0,0.0,0.1,0.3,0.1,0.5
Sess12_script01_M008,surprise,2.0,3.9,1,-; -ݾ,; ݾ,train,0.0,0.0,0.2,0.0,0.0,0.0,0.8
Sess13_script02_M004,surprise,1.9,3.9,1,-,,train,0.0,0.0,0.2,0.0,0.3,0.0,0.5
Sess14_script01_M024,surprise,2.1,3.9,1,-,,train,0.0,0.0,0.0,0.0,0.0,0.0,1.0
Sess17_script05_M009,surprise,1.9,3.9,1,-; -ݾ,; ݾ,val,0.1,0.0,0.2,0.0,0.2,0.0,0.5
Sess18_impro01_M010,surprise,2.3,3.9,1,-; -,; ?,val,0.3,0.0,0.0,0.0,0.1,0.0,0.6
Sess20_script06_F019,surprise,1.5,4.5,1,-,,val,0.0,0.0,0.4,0.0,0.0,0.0,0.6
Sess17_impro02_F007,disgust,2.1,3.0,1,-,,val,0.4,0.1,0.0,0.0,0.4,0.0,0.1
Sess10_script01_M031,surprise,1.5,4.5,1,-,,train,0.2,0.0,0.3,0.0,0.0,0.0,0.5
Sess01_script01_M009,fear,1.7,3.4,1,-,,train,0.0,0.0,0.6,0.0,0.2,0.0,0.2
Sess05_script04_M008,fear,1.5,3.7,1,-,,train,0.0,0.0,0.9,0.0,0.0,0.0,0.1
Sess05_script04_M008,fear,1.5,3.7,1,-,,train,0.0,0.0,0.9,0.0,0.0,0.0,0.1
Sess20_script06_M009,fear,2.0,3.1,1,-,,val,0.0,0.0,0.3,0.0,0.5,0.0,0.2
Sess20_impro03_F027,disgust,2.3,4.1,1,-,,val,0.0,0.2,0.3,0.0,0.0,0.0,0.5
Sess05_impro03_F018,surprise,2.1,4.0,1,-,?,train,0.0,0.0,0.0,0.0,0.2,0.0,0.8
Sess06_script02_F013,surprise,3.4,4.2,1,-,?,train,0.3,0.0,0.0,0.0,0.3,0.0,0.4
Sess09_script06_F014,surprise,3.9,4.0,1,-,?,train,0.1,0.0,0.0,0.1,0.3,0.0,0.5
Sess14_script04_M028,surprise,2.2,4.0,1,-,?,train,0.0,0.0,0.0,0.0,0.0,0.0,1.0
Sess17_impro02_M006,disgust,1.8,3.5,1,-; -,; ,val,0.4,0.6,0.0,0.0,0.0,0.0,0.0
Sess16_script05_M010,fear,1.9,3.1,1,-,,train,0.0,0.0,0.5,0.0,0.3,0.0,0.2
Sess02_script03_M013,surprise,4.4,4.4,1,-,,train,0.0,0.0,0.0,0.2,0.0,0.0,0.8
Sess03_script01_M008,surprise,1.5,3.8,1,-; -ݾ,; ݾ,train,0.1,0.0,0.4,0.0,0.0,0.0,0.5
Sess05_script03_F027,surprise,2.0,3.2,1,-,,train,0.2,0.3,0.0,0.0,0.5,0.0,0.0
Sess05_script04_F001,surprise,1.6,3.8,1,-,,train,0.0,0.0,0.5,0.0,0.0,0.0,0.5
Sess06_script01_M029,surprise,3.4,3.8,1,-; -ݾ,; ݾ,train,0.0,0.0,0.0,0.0,0.1,0.0,0.9
Sess06_script04_F001,surprise,2.0,3.3,1,-,,train,0.0,0.0,0.6,0.0,0.0,0.0,0.4
Sess06_script04_F019,surprise,1.6,4.3,1,-,,train,0.0,0.0,0.3,0.0,0.0,0.0,0.7
Sess07_script05_F001,surprise,1.8,3.7,1,-,,train,0.0,0.0,0.5,0.0,0.0,0.0,0.5
Sess07_script05_F004,surprise,1.6,3.8,1,-; -ݾ,; ݾ,train,0.0,0.0,0.2,0.0,0.1,0.0,0.7
Sess07_script05_M007,surprise,1.4,4.0,1,-,,train,0.0,0.0,0.5,0.0,0.1,0.0,0.4
Sess08_script03_F019,surprise,1.4,4.3,1,-,,train,0.0,0.0,0.2,0.0,0.0,0.0,0.8
Sess11_script05_F003,surprise,1.7,3.8,1,-,,train,0.3,0.0,0.1,0.0,0.1,0.0,0.5
Sess12_script01_F001,surprise,2.0,3.8,1,-,,train,0.0,0.0,0.4,0.0,0.0,0.0,0.6
Sess12_script01_F019,surprise,1.6,3.8,1,-,,train,0.0,0.0,0.4,0.0,0.0,0.0,0.6
Sess12_script01_F019,surprise,1.6,3.8,1,-,,train,0.0,0.0,0.4,0.0,0.0,0.0,0.6
Sess12_script01_F020,surprise,1.5,4.4,1,-,,train,0.0,0.0,0.5,0.0,0.0,0.0,0.5
Sess18_script05_F019,surprise,1.4,4.6,1,-,,val,0.0,0.0,0.4,0.0,0.0,0.0,0.6
Sess19_script04_F027,surprise,2.0,3.5,1,-,,val,0.2,0.2,0.0,0.0,0.6,0.0,0.0
Sess19_script05_F005,surprise,2.7,3.3,1,-,,val,0.0,0.0,0.8,0.0,0.1,0.0,0.1
Sess20_script06_F001,surprise,2.0,3.4,1,-,,val,0.0,0.0,0.3,0.0,0.0,0.0,0.7
Sess20_script06_M008,surprise,1.9,3.8,1,-; -ݾ,; ݾ,val,0.2,0.0,0.0,0.0,0.1,0.0,0.7
Sess03_script01_M009,fear,1.9,3.5,1,-,,train,0.0,0.0,0.6,0.0,0.1,0.0,0.3
Sess06_script04_M009,fear,1.8,3.8,1,-,,train,0.0,0.0,0.3,0.0,0.1,0.0,0.6
Sess17_script05_M010,fear,2.3,3.2,1,-,,val,0.0,0.0,0.6,0.0,0.0,0.0,0.4
Sess18_impro03_M011,disgust,1.9,3.5,1,-; -Կ,; ?Կ,val,0.4,0.5,0.0,0.0,0.1,0.0,0.0
Sess20_impro02_M003,disgust,1.9,3.5,1,-,,val,0.1,0.7,0.0,0.0,0.2,0.0,0.0
Sess15_script03_M008,surprise,2.1,3.9,1,-ݾ,ݾ,train,0.0,0.0,0.2,0.0,0.0,0.0,0.8
Sess07_script05_M009,fear,1.6,3.8,1,-,,train,0.0,0.0,0.6,0.0,0.2,0.0,0.2
Sess10_script01_M009,fear,2.0,3.8,1,-,,train,0.0,0.0,0.8,0.0,0.0,0.0,0.2
Sess09_script02_M009,fear,1.8,3.7,1,-,,train,0.0,0.0,0.5,0.0,0.2,0.0,0.3
Sess09_script06_F014,surprise,3.9,4.0,1,-,?,train,0.1,0.0,0.0,0.1,0.3,0.0,0.5
Sess12_script01_M028,surprise,2.4,3.9,1,-,?,train,0.0,0.0,0.2,0.0,0.0,0.0,0.8
Sess16_script05_M029,surprise,1.8,4.2,1,-,?,train,0.0,0.0,0.1,0.0,0.0,0.0,0.9
Sess19_script05_M028,surprise,1.9,3.9,1,-,?,val,0.0,0.0,0.1,0.0,0.0,0.0,0.9
Sess20_script06_M028,surprise,2.1,3.9,1,-,?,val,0.0,0.0,0.1,0.0,0.1,0.0,0.8
Sess04_script04_M011,fear,1.9,3.7,1,-,,train,0.0,0.0,0.6,0.0,0.1,0.0,0.3
Sess04_script01_F009,surprise,3.8,3.9,1,-; -,; ?,train,0.0,0.0,0.0,0.4,0.4,0.1,0.1
Sess05_script03_M025,surprise,2.1,3.7,1,-,,train,0.0,0.0,0.0,0.0,0.0,0.0,1.0
Sess06_script04_M008,surprise,1.6,3.7,1,-; -ݾ,; ݾ,train,0.0,0.0,0.2,0.0,0.0,0.0,0.8
Sess07_impro03_M009,surprise,2.6,3.7,1,-,,train,0.0,0.0,0.0,0.0,0.3,0.0,0.7
Sess07_script03_M026,surprise,2.3,3.7,1,-,,train,0.0,0.0,0.0,0.0,0.1,0.0,0.9
Sess07_script05_M008,surprise,1.4,4.0,1,-; -ݾ,; ݾ,train,0.1,0.0,0.2,0.0,0.1,0.0,0.6
Sess08_script03_M009,surprise,1.7,3.7,1,-; -ݾ,; ݾ,train,0.0,0.0,0.0,0.0,0.1,0.0,0.9
Sess09_impro02_F006,surprise,3.3,3.0,1,-,,train,0.0,0.0,0.0,0.0,0.9,0.1,0.0
Sess09_script01_F030,surprise,1.9,2.9,1,-,,train,0.4,0.2,0.0,0.0,0.4,0.0,0.0
Sess09_script01_M028,surprise,1.9,3.7,1,-,,train,0.0,0.0,0.0,0.0,0.0,0.0,1.0
Sess09_script02_F021,surprise,1.4,4.1,1,-,,train,0.0,0.0,0.4,0.0,0.0,0.0,0.6
Sess10_impro04_M004,surprise,2.6,3.7,1,-,,train,0.0,0.0,0.0,0.0,0.0,0.0,1.0
Sess10_script01_F003,surprise,1.9,3.7,1,-,,train,0.3,0.0,0.0,0.0,0.2,0.0,0.5
Sess10_script01_M008,surprise,1.8,3.7,1,-; -ݾ,; ݾ,train,0.0,0.0,0.0,0.0,0.0,0.0,1.0
Sess13_script03_M025,surprise,2.3,3.7,1,-,,train,0.0,0.0,0.0,0.0,0.0,0.0,1.0
Sess14_script01_F020,surprise,3.5,3.7,1,-,,train,0.0,0.1,0.0,0.1,0.1,0.0,0.7
Sess14_script04_F001,surprise,2.0,3.7,1,-,,train,0.0,0.0,0.4,0.0,0.0,0.0,0.6
Sess14_script04_F001,surprise,2.0,3.7,1,-,,train,0.0,0.0,0.4,0.0,0.0,0.0,0.6
Sess17_impro03_M027,surprise,2.8,3.7,1,-,,val,0.1,0.2,0.0,0.0,0.2,0.0,0.5
Sess17_script05_F020,surprise,2.0,3.7,1,-,,val,0.0,0.0,0.4,0.0,0.0,0.0,0.6
Sess17_script05_F020,surprise,2.0,3.7,1,-,,val,0.0,0.0,0.4,0.0,0.0,0.0,0.6
Sess18_script05_F018,surprise,1.6,4.8,1,-,,val,0.0,0.0,0.5,0.0,0.0,0.0,0.5
Sess19_script05_M004,surprise,2.1,4.0,1,-,,val,0.1,0.0,0.2,0.0,0.6,0.0,0.1
Sess07_impro03_F019,fear,2.2,2.8,1,-,,train,0.1,0.1,0.0,0.0,0.7,0.1,0.0
Sess04_script04_M034,surprise,1.6,4.0,1,-,,train,0.4,0.0,0.5,0.0,0.1,0.0,0.0
Sess08_script03_M010,fear,1.8,3.5,1,-,,train,0.0,0.0,0.1,0.0,0.3,0.0,0.6
Sess10_script01_M009,fear,2.0,3.8,1,-,,train,0.0,0.0,0.8,0.0,0.0,0.0,0.2
Sess09_script02_M009,fear,1.8,3.7,1,-,,train,0.0,0.0,0.5,0.0,0.2,0.0,0.3
Sess04_script04_M031,surprise,2.1,3.6,1,-,?,train,0.0,0.0,0.3,0.0,0.0,0.0,0.7
Sess08_script03_M029,surprise,1.9,3.8,1,-,?,train,0.0,0.0,0.2,0.0,0.1,0.0,0.7
Sess16_script05_M032,fear,1.5,3.8,1,-,,train,0.3,0.5,0.1,0.0,0.1,0.0,0.0
Sess11_impro01_M008,disgust,1.9,3.5,1,-; -,; ,train,0.2,0.7,0.0,0.0,0.0,0.0,0.1
Sess01_script01_M008,surprise,1.5,3.6,1,-; -ݾ,; ݾ,train,0.2,0.0,0.0,0.0,0.0,0.0,0.8
Sess02_script01_M029,surprise,3.1,3.6,1,-; -ݾ,; ݾ,train,0.0,0.0,0.0,0.0,0.0,0.0,1.0
Sess02_script04_M006,surprise,1.8,3.6,1,-,,train,0.0,0.0,0.4,0.0,0.3,0.0,0.3
Sess03_script02_M025,surprise,2.0,3.6,1,-,,train,0.0,0.0,0.0,0.0,0.0,0.0,1.0
Sess04_script04_F001,surprise,1.8,3.1,1,-,,train,0.0,0.0,0.2,0.0,0.0,0.0,0.8
Sess04_script04_F022,surprise,1.5,3.5,1,-,,train,0.0,0.0,0.5,0.0,0.0,0.0,0.5
Sess05_script04_F004,surprise,1.4,3.9,1,-,,train,0.0,0.0,0.7,0.0,0.0,0.0,0.3
Sess06_script01_F029,surprise,3.7,3.3,1,-,,train,0.0,0.0,0.0,0.2,0.8,0.0,0.0
Sess07_script03_F022,surprise,2.2,3.6,1,-,,train,0.1,0.2,0.0,0.0,0.1,0.0,0.6
Sess07_script03_F029,surprise,3.9,3.2,1,-,,train,0.0,0.0,0.0,0.5,0.5,0.0,0.0
Sess08_script03_F020,surprise,1.6,3.8,1,-,,train,0.0,0.0,0.7,0.0,0.0,0.0,0.3
Sess09_script01_F031,surprise,1.7,2.8,1,-,,train,0.2,0.2,0.0,0.0,0.6,0.0,0.0
Sess09_script02_F001,surprise,1.8,3.6,1,-,,train,0.0,0.0,0.3,0.0,0.0,0.0,0.7
Sess09_script02_F001,surprise,1.8,3.6,1,-,,train,0.0,0.0,0.3,0.0,0.0,0.0,0.7
Sess09_script02_F003,surprise,1.6,4.0,1,-,,train,0.2,0.0,0.3,0.0,0.0,0.0,0.5
Sess09_script02_M008,surprise,1.7,3.6,1,-; -ݾ,; ݾ,train,0.0,0.0,0.2,0.0,0.0,0.0,0.8
Sess10_script01_F021,surprise,1.5,3.9,1,-,,train,0.0,0.0,0.5,0.0,0.0,0.0,0.5
Sess11_impro04_F010,surprise,3.6,3.6,1,-,,train,0.0,0.0,0.0,0.0,0.2,0.1,0.7
Sess11_impro04_M010,surprise,3.1,3.2,1,-,,train,0.0,0.0,0.0,0.0,0.8,0.1,0.1
Sess11_script05_M008,surprise,1.7,3.6,1,-; -ݾ,; ݾ,train,0.3,0.0,0.3,0.0,0.0,0.0,0.4
Sess12_script01_F001,surprise,2.0,3.8,1,-,,train,0.0,0.0,0.4,0.0,0.0,0.0,0.6
Sess12_script05_M026,surprise,2.1,3.6,1,-,,train,0.0,0.0,0.0,0.0,0.1,0.0,0.9
Sess13_impro01_F012,surprise,2.1,2.6,1,-,,train,0.0,0.0,0.0,0.0,1.0,0.0,0.0
Sess13_impro03_M004,surprise,2.5,3.6,1,-,,train,0.0,0.0,0.0,0.0,0.0,0.0,1.0
Sess15_script03_F001,surprise,2.2,3.0,1,-,,train,0.0,0.0,0.3,0.0,0.1,0.0,0.6
Sess15_script03_M004,surprise,1.8,4.0,1,-,,train,0.0,0.0,0.4,0.0,0.2,0.0,0.4
Sess17_impro03_M003,surprise,2.8,3.6,1,-,,val,0.0,0.0,0.0,0.0,0.3,0.0,0.7
Sess17_script05_F019,surprise,2.0,2.9,1,-,,val,0.0,0.0,0.2,0.0,0.0,0.0,0.8
Sess18_impro01_F015,surprise,3.4,3.6,1,-,,val,0.1,0.0,0.0,0.1,0.3,0.1,0.4
Sess19_script04_M025,surprise,2.1,3.6,1,-,,val,0.0,0.0,0.0,0.0,0.1,0.0,0.9
Sess20_script06_F006,surprise,1.9,4.2,1,-,,val,0.1,0.0,0.8,0.0,0.0,0.0,0.1
Sess14_script04_M009,fear,2.0,3.3,1,-,,train,0.0,0.0,0.4,0.0,0.4,0.0,0.2
Sess01_script01_M028,surprise,2.2,3.7,1,-,?,train,0.0,0.0,0.1,0.0,0.0,0.0,0.9
Sess09_impro02_M007,surprise,2.7,3.7,1,-,?,train,0.0,0.0,0.0,0.0,0.4,0.0,0.6
Sess09_script02_M029,surprise,1.9,3.7,1,-,?,train,0.0,0.1,0.4,0.0,0.0,0.0,0.5
Sess14_script04_M028,surprise,2.2,4.0,1,-,?,train,0.0,0.0,0.0,0.0,0.0,0.0,1.0
Sess15_impro03_M009,disgust,2.1,3.5,1,-ϱ,?ϱ,train,0.2,0.5,0.0,0.0,0.3,0.0,0.0
Sess03_script01_M009,fear,1.9,3.5,1,-,,train,0.0,0.0,0.6,0.0,0.1,0.0,0.3
Sess03_script01_F001,surprise,1.7,3.7,1,-,,train,0.0,0.0,0.6,0.0,0.0,0.0,0.4
Sess03_script01_M014,surprise,1.7,3.3,1,-,,train,0.4,0.0,0.6,0.0,0.0,0.0,0.0
Sess04_script04_M017,surprise,2.2,3.4,1,-,,train,0.3,0.0,0.4,0.0,0.3,0.0,0.0
Sess05_script03_M030,surprise,2.9,3.5,1,-; -ݾ,; ݾ,train,0.0,0.0,0.0,0.0,0.1,0.1,0.8
Sess05_script04_F018,surprise,1.3,4.1,1,-,,train,0.0,0.0,0.3,0.0,0.0,0.0,0.7
Sess05_script04_F019,surprise,1.3,4.2,1,-,,train,0.0,0.0,0.6,0.0,0.0,0.0,0.4
Sess06_script04_M004,surprise,1.8,3.7,1,-,,train,0.2,0.0,0.1,0.0,0.4,0.0,0.3
Sess07_impro03_M010,surprise,2.6,3.5,1,-,,train,0.0,0.0,0.0,0.0,0.4,0.0,0.6
Sess08_script03_M009,surprise,1.7,3.7,1,-; -ݾ,; ݾ,train,0.0,0.0,0.0,0.0,0.1,0.0,0.9
Sess08_script05_M012,surprise,4.4,4.2,1,-,,train,0.0,0.0,0.0,0.3,0.1,0.0,0.6
Sess09_impro02_M029,surprise,2.7,3.5,1,-,,train,0.3,0.0,0.0,0.0,0.1,0.0,0.6
Sess09_script02_F005,surprise,2.0,3.0,1,-,,train,0.0,0.0,0.4,0.0,0.1,0.0,0.5
Sess10_script01_F001,surprise,2.0,3.0,1,-,,train,0.0,0.0,0.2,0.0,0.1,0.0,0.7
Sess10_script01_F004,surprise,2.1,3.5,1,-,,train,0.1,0.0,0.2,0.0,0.1,0.0,0.6
Sess10_script06_M029,surprise,3.2,3.5,1,-; -ݾ,; ݾ,train,0.0,0.0,0.0,0.0,0.3,0.0,0.7
Sess12_script05_F022,surprise,2.7,3.5,1,-,,train,0.0,0.1,0.0,0.0,0.2,0.0,0.7
Sess13_script03_F027,surprise,2.0,2.5,1,-,,train,0.0,0.4,0.0,0.0,0.6,0.0,0.0
Sess14_script02_M008,surprise,3.7,3.5,1,-,,train,0.0,0.0,0.0,0.2,0.3,0.0,0.5
Sess14_script02_M012,surprise,4.6,5.0,1,-,,train,0.0,0.0,0.0,0.1,0.0,0.0,0.9
Sess16_script05_F001,surprise,1.9,3.1,1,-,,train,0.0,0.0,0.6,0.0,0.0,0.0,0.4
Sess17_script01_F013,surprise,4.3,4.3,1,-; -,; ?,val,0.1,0.2,0.0,0.1,0.2,0.0,0.4
Sess17_script06_F021,surprise,3.6,3.5,1,-,,val,0.0,0.0,0.0,0.0,0.3,0.0,0.7
Sess18_impro01_F016,surprise,2.5,3.5,1,-,,val,0.1,0.2,0.0,0.0,0.2,0.2,0.3
Sess20_impro01_M006,surprise,2.6,3.5,1,-,,val,0.0,0.1,0.0,0.0,0.1,0.0,0.8
Sess19_impro04_M005,surprise,3.1,3.6,1,-ݾ,ݾ,val,0.1,0.1,0.0,0.0,0.3,0.0,0.5
Sess10_script01_F023,surprise,1.3,4.1,1,-,,train,0.1,0.0,0.4,0.0,0.0,0.0,0.5
Sess04_script04_M031,surprise,2.1,3.6,1,-,?,train,0.0,0.0,0.3,0.0,0.0,0.0,0.7
Sess10_script01_M029,surprise,2.2,3.2,1,-,?,train,0.0,0.0,0.1,0.0,0.0,0.0,0.9
Sess12_script01_M028,surprise,2.4,3.9,1,-,?,train,0.0,0.0,0.2,0.0,0.0,0.0,0.8
Sess15_script01_M027,surprise,3.7,3.5,1,-,?,train,0.0,0.0,0.0,0.0,0.2,0.0,0.8
Sess13_impro02_M008,disgust,2.0,3.6,1,-,,train,0.2,0.7,0.0,0.0,0.1,0.0,0.0
Sess12_script06_F004,disgust,2.1,3.7,1,-ϱ,ϱ,train,0.2,0.6,0.0,0.0,0.2,0.0,0.0
Sess15_script01_F013,surprise,2.7,3.8,1,-,,train,0.1,0.0,0.0,0.0,0.4,0.0,0.5
